# File generated by CMD 3.9 (http://stev.oapd.inaf.it/cmd) on Fri Feb 13 03:00:15 UTC 2026
# isochrones based on PARSEC release v2.0 
# Basic references: Costa et al. 2019a,2019b for the code, Nguyen et al. 2022,2025 for the tracks.
# Rotating tracks computed with omega_i=0.00, except for lower masses (see paper)
# Thermal pulse cycles included 
# LPV periods and growth rates added cf. Trabucchi et al. (2019)
# but fundamental-mode LPV periods + transition are from Trabucchi et al. (2021)
# Photometric system: Gaia EDR3 (all Vegamags, Gaia passbands from ESA/Gaia website)
# Using YBC version of bolometric corrections as in Chen et al. (2019)
# O-rich circumstellar dust ignored
# C-rich circumstellar AMCSIC15 dust from Groenewegen (2006)
# IMF: Kroupa (2001, 2002) + Kroupa et al. (2013) canonical two-part-power law IMF corrected for unresolved binaries 
# Kind of output: isochrone tables
# Zini     MH   logAge Mini        int_IMF         Mass   logL    logTe  logg  label   McoreTP C_O  period0  period1  period2  period3  period4  pmode  Mloss  tau1m   X   Y   Xc  Xn  Xo  Cexcess  Z  Teff0 omega angvel vtaneq angmom Rpol Req	 mbolmag  G_fSBmag  G_BP_fSBmag  G_RP_fSBmag G_fSB G_f0 G_fk G_i00 G_i05 G_i10 G_i15 G_i20 G_i25 G_i30 G_i35 G_i40 G_i45 G_i50 G_i55 G_i60 G_i65 G_i70 G_i75 G_i80 G_i85 G_i90 G_BP_fSB G_BP_f0 G_BP_fk G_BP_i00 G_BP_i05 G_BP_i10 G_BP_i15 G_BP_i20 G_BP_i25 G_BP_i30 G_BP_i35 G_BP_i40 G_BP_i45 G_BP_i50 G_BP_i55 G_BP_i60 G_BP_i65 G_BP_i70 G_BP_i75 G_BP_i80 G_BP_i85 G_BP_i90 G_RP_fSB G_RP_f0 G_RP_fk G_RP_i00 G_RP_i05 G_RP_i10 G_RP_i15 G_RP_i20 G_RP_i25 G_RP_i30 G_RP_i35 G_RP_i40 G_RP_i45 G_RP_i50 G_RP_i55 G_RP_i60 G_RP_i65 G_RP_i70 G_RP_i75 G_RP_i80 G_RP_i85 G_RP_i90
0.03 0.33631 9.00000 0.1000000015 1.1711064122    0.100 -3.264  3.3691  5.130    0  0.000  0.545     0.00     0.00     0.00     0.00     0.00 -1    -1e-30      0.00 6.679e-01 3.021e-01 5.394e-03 1.455e-03 1.320e-02 -1.000 3.000e-02       2339          0          0          0          0     0.1426     0.1426 12.929 15.102 17.922 13.602 15.102 15.102 15.102 15.102 15.102 15.102 15.102 15.102 15.102 15.102 15.102 15.102 15.102 15.102 15.102 15.102 15.102 15.102 15.102 15.102 15.102 15.102 17.922 17.922 17.922 17.922 17.922 17.922 17.922 17.922 17.922 17.922 17.922 17.922 17.922 17.922 17.922 17.922 17.922 17.922 17.922 17.922 17.922 17.922 13.602 13.602 13.602 13.602 13.602 13.602 13.602 13.602 13.602 13.602 13.602 13.602 13.602 13.602 13.602 13.602 13.602 13.602 13.602 13.602 13.602 13.602
0.03 0.33631 9.00000 0.1002796516 1.1734381850    0.100 -3.260  3.3694  5.129    0  0.000  0.545     0.00     0.00     0.00     0.00     0.00 -1    -1e-30      0.00 6.679e-01 3.021e-01 5.394e-03 1.455e-03 1.320e-02 -1.000 3.000e-02       2341          0          0          0          0     0.1429     0.1429 12.921 15.094 17.914 13.594 15.094 15.094 15.094 15.094 15.094 15.094 15.094 15.094 15.094 15.094 15.094 15.094 15.094 15.094 15.094 15.094 15.094 15.094 15.094 15.094 15.094 15.094 17.914 17.914 17.914 17.914 17.914 17.914 17.914 17.914 17.914 17.914 17.914 17.914 17.914 17.914 17.914 17.914 17.914 17.914 17.914 17.914 17.914 17.914 13.594 13.594 13.594 13.594 13.594 13.594 13.594 13.594 13.594 13.594 13.594 13.594 13.594 13.594 13.594 13.594 13.594 13.594 13.594 13.594 13.594 13.594
0.03 0.33631 9.00000 0.1046248972 1.2086179820    0.104 -3.212  3.3752  5.122    0  0.000  0.545     0.00     0.00     0.00     0.00     0.00 -1    -1e-30      0.00 6.679e-01 3.021e-01 5.394e-03 1.455e-03 1.320e-02 -1.000 3.000e-02       2373          0          0          0          0     0.1474     0.1474 12.800 14.974 17.790 13.474 14.974 14.974 14.974 14.974 14.974 14.974 14.974 14.974 14.974 14.974 14.974 14.974 14.974 14.974 14.974 14.974 14.974 14.974 14.974 14.974 14.974 14.974 17.790 17.790 17.790 17.790 17.790 17.790 17.790 17.790 17.790 17.790 17.790 17.790 17.790 17.790 17.790 17.790 17.790 17.790 17.790 17.790 17.790 17.790 13.474 13.474 13.474 13.474 13.474 13.474 13.474 13.474 13.474 13.474 13.474 13.474 13.474 13.474 13.474 13.474 13.474 13.474 13.474 13.474 13.474 13.474
0.03 0.33631 9.00000 0.1090475321 1.2425257744    0.109 -3.165  3.3809  5.114    0  0.000  0.545     0.00     0.00     0.00     0.00     0.00 -1    -1e-30      0.00 6.679e-01 3.021e-01 5.394e-03 1.455e-03 1.320e-02 -1.000 3.000e-02       2405          0          0          0          0     0.1517     0.1517 12.682 14.854 17.668 13.355 14.854 14.854 14.854 14.854 14.854 14.854 14.854 14.854 14.854 14.854 14.854 14.854 14.854 14.854 14.854 14.854 14.854 14.854 14.854 14.854 14.854 14.854 17.668 17.668 17.668 17.668 17.668 17.668 17.668 17.668 17.668 17.668 17.668 17.668 17.668 17.668 17.668 17.668 17.668 17.668 17.668 17.668 17.668 17.668 13.355 13.355 13.355 13.355 13.355 13.355 13.355 13.355 13.355 13.355 13.355 13.355 13.355 13.355 13.355 13.355 13.355 13.355 13.355 13.355 13.355 13.355
0.03 0.33631 9.00000 0.1098591536 1.2485544031    0.109 -3.156  3.3820  5.112    0  0.000  0.545     0.00     0.00     0.00     0.00     0.00 -1    -1e-30      0.00 6.679e-01 3.021e-01 5.394e-03 1.455e-03 1.320e-02 -1.000 3.000e-02       2411          0          0          0          0     0.1526     0.1526 12.659 14.832 17.645 13.333 14.832 14.832 14.832 14.832 14.832 14.832 14.832 14.832 14.832 14.832 14.832 14.832 14.832 14.832 14.832 14.832 14.832 14.832 14.832 14.832 14.832 14.832 17.645 17.645 17.645 17.645 17.645 17.645 17.645 17.645 17.645 17.645 17.645 17.645 17.645 17.645 17.645 17.645 17.645 17.645 17.645 17.645 17.645 17.645 13.333 13.333 13.333 13.333 13.333 13.333 13.333 13.333 13.333 13.333 13.333 13.333 13.333 13.333 13.333 13.333 13.333 13.333 13.333 13.333 13.333 13.333
0.03 0.33631 9.00000 0.1137103364 1.2763912979    0.113 -3.116  3.3866  5.106    0  0.000  0.545     0.00     0.00     0.00     0.00     0.00 -1    -1e-30      0.00 6.679e-01 3.021e-01 5.394e-03 1.455e-03 1.320e-02 -1.000 3.000e-02       2437          0          0          0          0     0.1565     0.1565 12.560 14.732 17.542 13.233 14.732 14.732 14.732 14.732 14.732 14.732 14.732 14.732 14.732 14.732 14.732 14.732 14.732 14.732 14.732 14.732 14.732 14.732 14.732 14.732 14.732 14.732 17.542 17.542 17.542 17.542 17.542 17.542 17.542 17.542 17.542 17.542 17.542 17.542 17.542 17.542 17.542 17.542 17.542 17.542 17.542 17.542 17.542 17.542 13.233 13.233 13.233 13.233 13.233 13.233 13.233 13.233 13.233 13.233 13.233 13.233 13.233 13.233 13.233 13.233 13.233 13.233 13.233 13.233 13.233 13.233
0.03 0.33631 9.00000 0.1234207377 1.3414513025    0.123 -3.021  3.3977  5.091    0  0.000  0.545     0.00     0.00     0.00     0.00     0.00 -1    -1e-30      0.00 6.678e-01 3.022e-01 5.394e-03 1.455e-03 1.320e-02 -1.000 3.000e-02       2500          0          0          0          0     0.1659     0.1659 12.322 14.494 17.299 12.995 14.494 14.494 14.494 14.494 14.494 14.494 14.494 14.494 14.494 14.494 14.494 14.494 14.494 14.494 14.494 14.494 14.494 14.494 14.494 14.494 14.494 14.494 17.299 17.299 17.299 17.299 17.299 17.299 17.299 17.299 17.299 17.299 17.299 17.299 17.299 17.299 17.299 17.299 17.299 17.299 17.299 17.299 17.299 17.299 12.995 12.995 12.995 12.995 12.995 12.995 12.995 12.995 12.995 12.995 12.995 12.995 12.995 12.995 12.995 12.995 12.995 12.995 12.995 12.995 12.995 12.995
0.03 0.33631 9.00000 0.1283764392 1.3721430490    0.128 -2.973  3.4031  5.083    0  0.000  0.545     0.00     0.00     0.00     0.00     0.00 -1    -1e-30      0.00 6.678e-01 3.022e-01 5.394e-03 1.455e-03 1.320e-02 -1.000 3.000e-02       2530          0          0          0          0     0.1706     0.1706 12.203 14.375 17.178 12.877 14.375 14.375 14.375 14.375 14.375 14.375 14.375 14.375 14.375 14.375 14.375 14.375 14.375 14.375 14.375 14.375 14.375 14.375 14.375 14.375 14.375 14.375 17.178 17.178 17.178 17.178 17.178 17.178 17.178 17.178 17.178 17.178 17.178 17.178 17.178 17.178 17.178 17.178 17.178 17.178 17.178 17.178 17.178 17.178 12.877 12.877 12.877 12.877 12.877 12.877 12.877 12.877 12.877 12.877 12.877 12.877 12.877 12.877 12.877 12.877 12.877 12.877 12.877 12.877 12.877 12.877
0.03 0.33631 9.00000 0.1295774579 1.3793499485    0.129 -2.962  3.4044  5.081    0  0.000  0.545     0.00     0.00     0.00     0.00     0.00 -1    -1e-30      0.00 6.678e-01 3.022e-01 5.394e-03 1.455e-03 1.320e-02 -1.000 3.000e-02       2538          0          0          0          0     0.1717     0.1717 12.175 14.347 17.149 12.848 14.347 14.347 14.347 14.347 14.347 14.347 14.347 14.347 14.347 14.347 14.347 14.347 14.347 14.347 14.347 14.347 14.347 14.347 14.347 14.347 14.347 14.347 17.149 17.149 17.149 17.149 17.149 17.149 17.149 17.149 17.149 17.149 17.149 17.149 17.149 17.149 17.149 17.149 17.149 17.149 17.149 17.149 17.149 17.149 12.848 12.848 12.848 12.848 12.848 12.848 12.848 12.848 12.848 12.848 12.848 12.848 12.848 12.848 12.848 12.848 12.848 12.848 12.848 12.848 12.848 12.848
0.03 0.33631 9.00000 0.1343530566 1.4071701922    0.134 -2.922  3.4085  5.073    0  0.000  0.545     0.00     0.00     0.00     0.00     0.00 -1    -1e-30      0.00 6.678e-01 3.022e-01 5.394e-03 1.455e-03 1.320e-02 -1.000 3.000e-02       2562          0          0          0          0     0.1766     0.1766 12.076 14.247 17.047 12.749 14.247 14.247 14.247 14.247 14.247 14.247 14.247 14.247 14.247 14.247 14.247 14.247 14.247 14.247 14.247 14.247 14.247 14.247 14.247 14.247 14.247 14.247 17.047 17.047 17.047 17.047 17.047 17.047 17.047 17.047 17.047 17.047 17.047 17.047 17.047 17.047 17.047 17.047 17.047 17.047 17.047 17.047 17.047 17.047 12.749 12.749 12.749 12.749 12.749 12.749 12.749 12.749 12.749 12.749 12.749 12.749 12.749 12.749 12.749 12.749 12.749 12.749 12.749 12.749 12.749 12.749
0.03 0.33631 9.00000 0.1478231847 1.4791793244    0.147 -2.818  3.4194  5.054    0  0.000  0.545     0.00     0.00     0.00     0.00     0.00 -1    -1e-30      0.00 6.677e-01 3.023e-01 5.394e-03 1.455e-03 1.320e-02 -1.000 3.000e-02       2626          0          0          0          0     0.1892     0.1892 11.815 13.914 16.621 12.433 13.914 13.914 13.914 13.914 13.914 13.914 13.914 13.914 13.914 13.914 13.914 13.914 13.914 13.914 13.914 13.914 13.914 13.914 13.914 13.914 13.914 13.914 16.621 16.621 16.621 16.621 16.621 16.621 16.621 16.621 16.621 16.621 16.621 16.621 16.621 16.621 16.621 16.621 16.621 16.621 16.621 16.621 16.621 16.621 12.433 12.433 12.433 12.433 12.433 12.433 12.433 12.433 12.433 12.433 12.433 12.433 12.433 12.433 12.433 12.433 12.433 12.433 12.433 12.433 12.433 12.433
0.03 0.33631 9.00000 0.1492957771 1.4865325367    0.149 -2.807  3.4205  5.052    0  0.000  0.545     0.00     0.00     0.00     0.00     0.00 -1    -1e-30      0.00 6.677e-01 3.023e-01 5.394e-03 1.455e-03 1.320e-02 -1.000 3.000e-02       2633          0          0          0          0     0.1905     0.1905 11.788 13.875 16.567 12.396 13.875 13.875 13.875 13.875 13.875 13.875 13.875 13.875 13.875 13.875 13.875 13.875 13.875 13.875 13.875 13.875 13.875 13.875 13.875 13.875 13.875 13.875 16.567 16.567 16.567 16.567 16.567 16.567 16.567 16.567 16.567 16.567 16.567 16.567 16.567 16.567 16.567 16.567 16.567 16.567 16.567 16.567 16.567 16.567 12.396 12.396 12.396 12.396 12.396 12.396 12.396 12.396 12.396 12.396 12.396 12.396 12.396 12.396 12.396 12.396 12.396 12.396 12.396 12.396 12.396 12.396
0.03 0.33631 9.00000 0.1690140814 1.5767301719    0.168 -2.682  3.4330  5.030    1  0.000  0.545     0.00     0.00     0.00     0.00     0.00 -1    -1e-30      0.00 6.677e-01 3.023e-01 5.394e-03 1.455e-03 1.320e-02 -1.000 3.000e-02       2711          0          0          0          0      0.208      0.208 11.474 13.376 15.839 11.939 13.376 13.376 13.376 13.376 13.376 13.376 13.376 13.376 13.376 13.376 13.376 13.376 13.376 13.376 13.376 13.376 13.376 13.376 13.376 13.376 13.376 13.376 15.839 15.839 15.839 15.839 15.839 15.839 15.839 15.839 15.839 15.839 15.839 15.839 15.839 15.839 15.839 15.839 15.839 15.839 15.839 15.839 15.839 15.839 11.939 11.939 11.939 11.939 11.939 11.939 11.939 11.939 11.939 11.939 11.939 11.939 11.939 11.939 11.939 11.939 11.939 11.939 11.939 11.939 11.939 11.939
0.03 0.33631 9.00000 0.2084507048 1.7217854091    0.208 -2.474  3.4532  4.994    0  0.000  0.545     0.00     0.00     0.00     0.00     0.00 -1    -1e-30      0.00 6.676e-01 3.024e-01 5.394e-03 1.455e-03 1.320e-02 -1.000 3.000e-02       2839          0          0          0          0     0.2407     0.2407 10.955 12.589 14.747 11.217 12.589 12.589 12.589 12.589 12.589 12.589 12.589 12.589 12.589 12.589 12.589 12.589 12.589 12.589 12.589 12.589 12.589 12.589 12.589 12.589 12.589 12.589 14.747 14.747 14.747 14.747 14.747 14.747 14.747 14.747 14.747 14.747 14.747 14.747 14.747 14.747 14.747 14.747 14.747 14.747 14.747 14.747 14.747 14.747 11.217 11.217 11.217 11.217 11.217 11.217 11.217 11.217 11.217 11.217 11.217 11.217 11.217 11.217 11.217 11.217 11.217 11.217 11.217 11.217 11.217 11.217
0.03 0.33631 9.00000 0.2518537939 1.8450086767    0.251 -2.304  3.4669  4.962    1  0.000  0.545     0.00     0.00     0.00     0.00     0.00 -1    -1e-30      0.00 6.675e-01 3.025e-01 5.394e-03 1.455e-03 1.320e-02 -1.000 3.000e-02       2930          0          0          0          0     0.2748     0.2748 10.531 12.000 13.967 10.672 12.000 12.000 12.000 12.000 12.000 12.000 12.000 12.000 12.000 12.000 12.000 12.000 12.000 12.000 12.000 12.000 12.000 12.000 12.000 12.000 12.000 12.000 13.967 13.967 13.967 13.967 13.967 13.967 13.967 13.967 13.967 13.967 13.967 13.967 13.967 13.967 13.967 13.967 13.967 13.967 13.967 13.967 13.967 13.967 10.672 10.672 10.672 10.672 10.672 10.672 10.672 10.672 10.672 10.672 10.672 10.672 10.672 10.672 10.672 10.672 10.672 10.672 10.672 10.672 10.672 10.672
0.03 0.33631 9.00000 0.2577464879 1.8596016234    0.257 -2.284  3.4685  4.958    1  0.000  0.545     0.00     0.00     0.00     0.00     0.00 -1    -1e-30      0.00 6.675e-01 3.025e-01 5.394e-03 1.455e-03 1.320e-02 -1.000 3.000e-02       2941          0          0          0          0      0.279      0.279 10.479 11.929 13.875 10.606 11.929 11.929 11.929 11.929 11.929 11.929 11.929 11.929 11.929 11.929 11.929 11.929 11.929 11.929 11.929 11.929 11.929 11.929 11.929 11.929 11.929 11.929 13.875 13.875 13.875 13.875 13.875 13.875 13.875 13.875 13.875 13.875 13.875 13.875 13.875 13.875 13.875 13.875 13.875 13.875 13.875 13.875 13.875 13.875 10.606 10.606 10.606 10.606 10.606 10.606 10.606 10.606 10.606 10.606 10.606 10.606 10.606 10.606 10.606 10.606 10.606 10.606 10.606 10.606 10.606 10.606
0.03 0.33631 9.00000 0.3081594408 1.9689713590    0.308 -2.121  3.4809  4.923    0  0.000  0.545     0.00     0.00     0.00     0.00     0.00 -1    -1e-30      0.00 6.677e-01 3.023e-01 5.394e-03 1.455e-03 1.320e-02 -1.000 3.000e-02       3026          0          0          0          0     0.3179     0.3179 10.073 11.388 13.182 10.104 11.388 11.388 11.388 11.388 11.388 11.388 11.388 11.388 11.388 11.388 11.388 11.388 11.388 11.388 11.388 11.388 11.388 11.388 11.388 11.388 11.388 11.388 13.182 13.182 13.182 13.182 13.182 13.182 13.182 13.182 13.182 13.182 13.182 13.182 13.182 13.182 13.182 13.182 13.182 13.182 13.182 13.182 13.182 13.182 10.104 10.104 10.104 10.104 10.104 10.104 10.104 10.104 10.104 10.104 10.104 10.104 10.104 10.104 10.104 10.104 10.104 10.104 10.104 10.104 10.104 10.104
0.03 0.33631 9.00000 0.3139415979 1.9800194720    0.313 -2.101  3.4822  4.915    0  0.000  0.545     0.00     0.00     0.00     0.00     0.00 -1    -1e-30      0.00 6.678e-01 3.022e-01 5.394e-03 1.455e-03 1.320e-02 -1.000 3.000e-02       3035          0          0          0          0     0.3239     0.3239 10.021 11.324 13.102 10.044 11.324 11.324 11.324 11.324 11.324 11.324 11.324 11.324 11.324 11.324 11.324 11.324 11.324 11.324 11.324 11.324 11.324 11.324 11.324 11.324 11.324 11.324 13.102 13.102 13.102 13.102 13.102 13.102 13.102 13.102 13.102 13.102 13.102 13.102 13.102 13.102 13.102 13.102 13.102 13.102 13.102 13.102 13.102 13.102 10.044 10.044 10.044 10.044 10.044 10.044 10.044 10.044 10.044 10.044 10.044 10.044 10.044 10.044 10.044 10.044 10.044 10.044 10.044 10.044 10.044 10.044
0.03 0.33631 9.00000 0.3170516193 1.9858530533    0.316 -2.090  3.4829  4.912    0  0.000  0.545     0.00     0.00     0.00     0.00     0.00 -1    -1e-30      0.00 6.678e-01 3.022e-01 5.394e-03 1.455e-03 1.320e-02 -1.000 3.000e-02       3040          0          0          0          0     0.3269     0.3269 9.995 11.290 13.059 10.012 11.290 11.290 11.290 11.290 11.290 11.290 11.290 11.290 11.290 11.290 11.290 11.290 11.290 11.290 11.290 11.290 11.290 11.290 11.290 11.290 11.290 11.290 13.059 13.059 13.059 13.059 13.059 13.059 13.059 13.059 13.059 13.059 13.059 13.059 13.059 13.059 13.059 13.059 13.059 13.059 13.059 13.059 13.059 13.059 10.012 10.012 10.012 10.012 10.012 10.012 10.012 10.012 10.012 10.012 10.012 10.012 10.012 10.012 10.012 10.012 10.012 10.012 10.012 10.012 10.012 10.012
0.03 0.33631 9.00000 0.3203635514 1.9919841318    0.320 -2.079  3.4836  4.908    0  0.000  0.545     0.00     0.00     0.00     0.00     0.00 -1    -1e-30      0.00 6.679e-01 3.021e-01 5.394e-03 1.455e-03 1.320e-02 -1.000 3.000e-02       3045          0          0          0          0       0.33       0.33 9.967 11.254 13.015 9.979 11.254 11.254 11.254 11.254 11.254 11.254 11.254 11.254 11.254 11.254 11.254 11.254 11.254 11.254 11.254 11.254 11.254 11.254 11.254 11.254 11.254 11.254 13.015 13.015 13.015 13.015 13.015 13.015 13.015 13.015 13.015 13.015 13.015 13.015 13.015 13.015 13.015 13.015 13.015 13.015 13.015 13.015 13.015 13.015 9.979 9.979 9.979 9.979 9.979 9.979 9.979 9.979 9.979 9.979 9.979 9.979 9.979 9.979 9.979 9.979 9.979 9.979 9.979 9.979 9.979 9.979
0.03 0.33631 9.00000 0.3239350319 1.9985040227    0.323 -2.067  3.4844  4.905    0  0.000  0.545     0.00     0.00     0.00     0.00     0.00 -1    -1e-30      0.00 6.679e-01 3.021e-01 5.394e-03 1.455e-03 1.320e-02 -1.000 3.000e-02       3051          0          0          0          0     0.3332     0.3332 9.939 11.217 12.968 9.945 11.217 11.217 11.217 11.217 11.217 11.217 11.217 11.217 11.217 11.217 11.217 11.217 11.217 11.217 11.217 11.217 11.217 11.217 11.217 11.217 11.217 11.217 12.968 12.968 12.968 12.968 12.968 12.968 12.968 12.968 12.968 12.968 12.968 12.968 12.968 12.968 12.968 12.968 12.968 12.968 12.968 12.968 12.968 12.968 9.945 9.945 9.945 9.945 9.945 9.945 9.945 9.945 9.945 9.945 9.945 9.945 9.945 9.945 9.945 9.945 9.945 9.945 9.945 9.945 9.945 9.945
0.03 0.33631 9.00000 0.3278418779 2.0055299578    0.327 -2.055  3.4853  4.902    0  0.000  0.545     0.00     0.00     0.00     0.00     0.00 -1    -1e-30      0.00 6.679e-01 3.021e-01 5.394e-03 1.455e-03 1.320e-02 -1.000 3.000e-02       3057          0          0          0          0     0.3365     0.3365 9.908 11.177 12.917 9.908 11.177 11.177 11.177 11.177 11.177 11.177 11.177 11.177 11.177 11.177 11.177 11.177 11.177 11.177 11.177 11.177 11.177 11.177 11.177 11.177 11.177 11.177 12.917 12.917 12.917 12.917 12.917 12.917 12.917 12.917 12.917 12.917 12.917 12.917 12.917 12.917 12.917 12.917 12.917 12.917 12.917 12.917 12.917 12.917 9.908 9.908 9.908 9.908 9.908 9.908 9.908 9.908 9.908 9.908 9.908 9.908 9.908 9.908 9.908 9.908 9.908 9.908 9.908 9.908 9.908 9.908
0.03 0.33631 9.00000 0.3321854472 2.0132146125    0.332 -2.042  3.4863  4.898    0  0.000  0.545     0.00     0.00     0.00     0.00     0.00 -1    -1e-30      0.00 6.679e-01 3.021e-01 5.394e-03 1.455e-03 1.320e-02 -1.000 3.000e-02       3064          0          0          0          0     0.3401     0.3401 9.875 11.134 12.862 9.868 11.134 11.134 11.134 11.134 11.134 11.134 11.134 11.134 11.134 11.134 11.134 11.134 11.134 11.134 11.134 11.134 11.134 11.134 11.134 11.134 11.134 11.134 12.862 12.862 12.862 12.862 12.862 12.862 12.862 12.862 12.862 12.862 12.862 12.862 12.862 12.862 12.862 12.862 12.862 12.862 12.862 12.862 12.862 12.862 9.868 9.868 9.868 9.868 9.868 9.868 9.868 9.868 9.868 9.868 9.868 9.868 9.868 9.868 9.868 9.868 9.868 9.868 9.868 9.868 9.868 9.868
0.03 0.33631 9.00000 0.3371045291 2.0217612611    0.337 -2.027  3.4875  4.895    0  0.000  0.545     0.00     0.00     0.00     0.00     0.00 -1    -1e-30      0.00 6.679e-01 3.021e-01 5.394e-03 1.455e-03 1.320e-02 -1.000 3.000e-02       3072          0          0          0          0      0.344      0.344 9.839 11.086 12.800 9.823 11.086 11.086 11.086 11.086 11.086 11.086 11.086 11.086 11.086 11.086 11.086 11.086 11.086 11.086 11.086 11.086 11.086 11.086 11.086 11.086 11.086 11.086 12.800 12.800 12.800 12.800 12.800 12.800 12.800 12.800 12.800 12.800 12.800 12.800 12.800 12.800 12.800 12.800 12.800 12.800 12.800 12.800 12.800 12.800 9.823 9.823 9.823 9.823 9.823 9.823 9.823 9.823 9.823 9.823 9.823 9.823 9.823 9.823 9.823 9.823 9.823 9.823 9.823 9.823 9.823 9.823
0.03 0.33631 9.00000 0.3427940309 2.0314465094    0.342 -2.011  3.4888  4.890    0  0.000  0.545     0.00     0.00     0.00     0.00     0.00 -1    -1e-30      0.00 6.679e-01 3.021e-01 5.394e-03 1.455e-03 1.320e-02 -1.000 3.000e-02       3081          0          0          0          0     0.3484     0.3484 9.797 11.031 12.730 9.773 11.031 11.031 11.031 11.031 11.031 11.031 11.031 11.031 11.031 11.031 11.031 11.031 11.031 11.031 11.031 11.031 11.031 11.031 11.031 11.031 11.031 11.031 12.730 12.730 12.730 12.730 12.730 12.730 12.730 12.730 12.730 12.730 12.730 12.730 12.730 12.730 12.730 12.730 12.730 12.730 12.730 12.730 12.730 12.730 9.773 9.773 9.773 9.773 9.773 9.773 9.773 9.773 9.773 9.773 9.773 9.773 9.773 9.773 9.773 9.773 9.773 9.773 9.773 9.773 9.773 9.773
0.03 0.33631 9.00000 0.3495353162 2.0426552131    0.349 -1.992  3.4903  4.886    0  0.000  0.545     0.00     0.00     0.00     0.00     0.00 -1    -1e-30      0.00 6.679e-01 3.021e-01 5.394e-03 1.455e-03 1.320e-02 -1.000 3.000e-02       3092          0          0          0          0     0.3534     0.3534 9.749 10.967 12.649 9.714 10.967 10.967 10.967 10.967 10.967 10.967 10.967 10.967 10.967 10.967 10.967 10.967 10.967 10.967 10.967 10.967 10.967 10.967 10.967 10.967 10.967 10.967 12.649 12.649 12.649 12.649 12.649 12.649 12.649 12.649 12.649 12.649 12.649 12.649 12.649 12.649 12.649 12.649 12.649 12.649 12.649 12.649 12.649 12.649 9.714 9.714 9.714 9.714 9.714 9.714 9.714 9.714 9.714 9.714 9.714 9.714 9.714 9.714 9.714 9.714 9.714 9.714 9.714 9.714 9.714 9.714
0.03 0.33631 9.00000 0.3563380241 2.0536847133    0.356 -1.973  3.4918  4.882    0  0.000  0.545     0.00     0.00     0.00     0.00     0.00 -1    -1e-30      0.00 6.679e-01 3.021e-01 5.394e-03 1.455e-03 1.320e-02 -1.000 3.000e-02       3103          0          0          0          0     0.3583     0.3583 9.702 10.907 12.575 9.658 10.907 10.907 10.907 10.907 10.907 10.907 10.907 10.907 10.907 10.907 10.907 10.907 10.907 10.907 10.907 10.907 10.907 10.907 10.907 10.907 10.907 10.907 12.575 12.575 12.575 12.575 12.575 12.575 12.575 12.575 12.575 12.575 12.575 12.575 12.575 12.575 12.575 12.575 12.575 12.575 12.575 12.575 12.575 12.575 9.658 9.658 9.658 9.658 9.658 9.658 9.658 9.658 9.658 9.658 9.658 9.658 9.658 9.658 9.658 9.658 9.658 9.658 9.658 9.658 9.658 9.658
0.03 0.33631 9.00000 0.3856064677 2.0981941957    0.385 -1.887  3.4988  4.858    0  0.000  0.545     0.00     0.00     0.00     0.00     0.00 -1    -1e-30      0.00 6.680e-01 3.020e-01 5.394e-03 1.455e-03 1.320e-02 -1.000 3.000e-02       3153          0          0          0          0     0.3837     0.3837 9.486 10.633 12.237 9.403 10.633 10.633 10.633 10.633 10.633 10.633 10.633 10.633 10.633 10.633 10.633 10.633 10.633 10.633 10.633 10.633 10.633 10.633 10.633 10.633 10.633 10.633 12.237 12.237 12.237 12.237 12.237 12.237 12.237 12.237 12.237 12.237 12.237 12.237 12.237 12.237 12.237 12.237 12.237 12.237 12.237 12.237 12.237 12.237 9.403 9.403 9.403 9.403 9.403 9.403 9.403 9.403 9.403 9.403 9.403 9.403 9.403 9.403 9.403 9.403 9.403 9.403 9.403 9.403 9.403 9.403
0.03 0.33631 9.00000 0.4056338072 2.1261943081    0.405 -1.832  3.5033  4.842    0  0.000  0.545     0.00     0.00     0.00     0.00     0.00 -1    -1e-30      0.00 6.680e-01 3.020e-01 5.394e-03 1.455e-03 1.320e-02 -1.000 3.000e-02       3186          0          0          0          0     0.3998     0.3998 9.349 10.460 12.025 9.242 10.460 10.460 10.460 10.460 10.460 10.460 10.460 10.460 10.460 10.460 10.460 10.460 10.460 10.460 10.460 10.460 10.460 10.460 10.460 10.460 10.460 10.460 12.025 12.025 12.025 12.025 12.025 12.025 12.025 12.025 12.025 12.025 12.025 12.025 12.025 12.025 12.025 12.025 12.025 12.025 12.025 12.025 12.025 12.025 9.242 9.242 9.242 9.242 9.242 9.242 9.242 9.242 9.242 9.242 9.242 9.242 9.242 9.242 9.242 9.242 9.242 9.242 9.242 9.242 9.242 9.242
0.03 0.33631 9.00000 0.4147708416 2.1383784313    0.414 -1.804  3.5058  4.834    0  0.000  0.545     0.00     0.00     0.00     0.00     0.00 -1    -1e-30      0.00 6.680e-01 3.020e-01 5.394e-03 1.455e-03 1.320e-02 -1.000 3.000e-02       3205          0          0          0          0     0.4086     0.4086 9.279 10.370 11.913 9.159 10.370 10.370 10.370 10.370 10.370 10.370 10.370 10.370 10.370 10.370 10.370 10.370 10.370 10.370 10.370 10.370 10.370 10.370 10.370 10.370 10.370 10.370 11.913 11.913 11.913 11.913 11.913 11.913 11.913 11.913 11.913 11.913 11.913 11.913 11.913 11.913 11.913 11.913 11.913 11.913 11.913 11.913 11.913 11.913 9.159 9.159 9.159 9.159 9.159 9.159 9.159 9.159 9.159 9.159 9.159 9.159 9.159 9.159 9.159 9.159 9.159 9.159 9.159 9.159 9.159 9.159
0.03 0.33631 9.00000 0.4241376817 2.1505120355    0.424 -1.776  3.5083  4.826    0  0.000  0.545     0.00     0.00     0.00     0.00     0.00 -1    -1e-30      0.00 6.680e-01 3.020e-01 5.394e-03 1.455e-03 1.320e-02 -1.000 3.000e-02       3223          0          0          0          0     0.4173     0.4173 9.209 10.280 11.802 9.076 10.280 10.280 10.280 10.280 10.280 10.280 10.280 10.280 10.280 10.280 10.280 10.280 10.280 10.280 10.280 10.280 10.280 10.280 10.280 10.280 10.280 10.280 11.802 11.802 11.802 11.802 11.802 11.802 11.802 11.802 11.802 11.802 11.802 11.802 11.802 11.802 11.802 11.802 11.802 11.802 11.802 11.802 11.802 11.802 9.076 9.076 9.076 9.076 9.076 9.076 9.076 9.076 9.076 9.076 9.076 9.076 9.076 9.076 9.076 9.076 9.076 9.076 9.076 9.076 9.076 9.076
0.03 0.33631 9.00000 0.4326063097 2.1611860191    0.432 -1.751  3.5105  4.818    0  0.000  0.545     0.00     0.00     0.00     0.00     0.00 -1    -1e-30      0.00 6.680e-01 3.020e-01 5.394e-03 1.455e-03 1.320e-02 -1.000 3.000e-02       3240          0          0          0          0      0.425      0.425 9.147 10.201 11.705 9.003 10.201 10.201 10.201 10.201 10.201 10.201 10.201 10.201 10.201 10.201 10.201 10.201 10.201 10.201 10.201 10.201 10.201 10.201 10.201 10.201 10.201 10.201 11.705 11.705 11.705 11.705 11.705 11.705 11.705 11.705 11.705 11.705 11.705 11.705 11.705 11.705 11.705 11.705 11.705 11.705 11.705 11.705 11.705 11.705 9.003 9.003 9.003 9.003 9.003 9.003 9.003 9.003 9.003 9.003 9.003 9.003 9.003 9.003 9.003 9.003 9.003 9.003 9.003 9.003 9.003 9.003
0.03 0.33631 9.00000 0.4404075146 2.1707811352    0.440 -1.729  3.5125  4.812    0  0.000  0.545     0.00     0.00     0.00     0.00     0.00 -1    -1e-30      0.00 6.680e-01 3.020e-01 5.394e-03 1.455e-03 1.320e-02 -1.000 3.000e-02       3254          0          0          0          0     0.4319     0.4319 9.091 10.130 11.617 8.937 10.130 10.130 10.130 10.130 10.130 10.130 10.130 10.130 10.130 10.130 10.130 10.130 10.130 10.130 10.130 10.130 10.130 10.130 10.130 10.130 10.130 10.130 11.617 11.617 11.617 11.617 11.617 11.617 11.617 11.617 11.617 11.617 11.617 11.617 11.617 11.617 11.617 11.617 11.617 11.617 11.617 11.617 11.617 11.617 8.937 8.937 8.937 8.937 8.937 8.937 8.937 8.937 8.937 8.937 8.937 8.937 8.937 8.937 8.937 8.937 8.937 8.937 8.937 8.937 8.937 8.937
0.03 0.33631 9.00000 0.4477128386 2.1795681120    0.447 -1.708  3.5143  4.806    0  0.000  0.545     0.00     0.00     0.00     0.00     0.00 -1    -1e-30      0.00 6.680e-01 3.020e-01 5.394e-03 1.455e-03 1.320e-02 -1.000 3.000e-02       3268          0          0          0          0     0.4383     0.4383 9.040 10.066 11.538 8.878 10.066 10.066 10.066 10.066 10.066 10.066 10.066 10.066 10.066 10.066 10.066 10.066 10.066 10.066 10.066 10.066 10.066 10.066 10.066 10.066 10.066 10.066 11.538 11.538 11.538 11.538 11.538 11.538 11.538 11.538 11.538 11.538 11.538 11.538 11.538 11.538 11.538 11.538 11.538 11.538 11.538 11.538 11.538 11.538 8.878 8.878 8.878 8.878 8.878 8.878 8.878 8.878 8.878 8.878 8.878 8.878 8.878 8.878 8.878 8.878 8.878 8.878 8.878 8.878 8.878 8.878
0.03 0.33631 9.00000 0.4546511769 2.1877427906    0.454 -1.689  3.5160  4.800    0  0.000  0.545     0.00     0.00     0.00     0.00     0.00 -1    -1e-30      0.00 6.680e-01 3.020e-01 5.394e-03 1.455e-03 1.320e-02 -1.000 3.000e-02       3281          0          0          0          0     0.4443     0.4443 8.993 10.005 11.463 8.822 10.005 10.005 10.005 10.005 10.005 10.005 10.005 10.005 10.005 10.005 10.005 10.005 10.005 10.005 10.005 10.005 10.005 10.005 10.005 10.005 10.005 10.005 11.463 11.463 11.463 11.463 11.463 11.463 11.463 11.463 11.463 11.463 11.463 11.463 11.463 11.463 11.463 11.463 11.463 11.463 11.463 11.463 11.463 11.463 8.822 8.822 8.822 8.822 8.822 8.822 8.822 8.822 8.822 8.822 8.822 8.822 8.822 8.822 8.822 8.822 8.822 8.822 8.822 8.822 8.822 8.822
0.03 0.33631 9.00000 0.4637449980 2.1982147334    0.463 -1.661  3.5186  4.792    0  0.000  0.545     0.00     0.00     0.00     0.00     0.00 -1    -1e-30      0.00 6.680e-01 3.020e-01 5.394e-03 1.455e-03 1.320e-02 -1.000 3.000e-02       3301          0          0          0          0     0.4535     0.4535 8.924 9.916 11.353 8.740 9.916 9.916 9.916 9.916 9.916 9.916 9.916 9.916 9.916 9.916 9.916 9.916 9.916 9.916 9.916 9.916 9.916 9.916 9.916 9.916 9.916 9.916 11.353 11.353 11.353 11.353 11.353 11.353 11.353 11.353 11.353 11.353 11.353 11.353 11.353 11.353 11.353 11.353 11.353 11.353 11.353 11.353 11.353 11.353 8.740 8.740 8.740 8.740 8.740 8.740 8.740 8.740 8.740 8.740 8.740 8.740 8.740 8.740 8.740 8.740 8.740 8.740 8.740 8.740 8.740 8.740
0.03 0.33631 9.00000 0.4799132645 2.2161896362    0.479 -1.614  3.5231  4.777    0  0.000  0.545     0.00     0.00     0.00     0.00     0.00 -1    -1e-30      0.00 6.681e-01 3.019e-01 5.393e-03 1.455e-03 1.320e-02 -1.000 2.999e-02       3335          0          0          0          0     0.4696     0.4696 8.804 9.766 11.171 8.601 9.766 9.766 9.766 9.766 9.766 9.766 9.766 9.766 9.766 9.766 9.766 9.766 9.766 9.766 9.766 9.766 9.766 9.766 9.766 9.766 9.766 9.766 11.171 11.171 11.171 11.171 11.171 11.171 11.171 11.171 11.171 11.171 11.171 11.171 11.171 11.171 11.171 11.171 11.171 11.171 11.171 11.171 11.171 11.171 8.601 8.601 8.601 8.601 8.601 8.601 8.601 8.601 8.601 8.601 8.601 8.601 8.601 8.601 8.601 8.601 8.601 8.601 8.601 8.601 8.601 8.601
0.03 0.33631 9.00000 0.4990790784 2.2365036557    0.499 -1.559  3.5283  4.760    0  0.000  0.545     0.00     0.00     0.00     0.00     0.00 -1    -1e-30      0.00 6.681e-01 3.019e-01 5.392e-03 1.455e-03 1.320e-02 -1.000 2.999e-02       3375          0          0          0          0     0.4879     0.4879 8.667 9.596 10.968 8.444 9.596 9.596 9.596 9.596 9.596 9.596 9.596 9.596 9.596 9.596 9.596 9.596 9.596 9.596 9.596 9.596 9.596 9.596 9.596 9.596 9.596 9.596 10.968 10.968 10.968 10.968 10.968 10.968 10.968 10.968 10.968 10.968 10.968 10.968 10.968 10.968 10.968 10.968 10.968 10.968 10.968 10.968 10.968 10.968 8.444 8.444 8.444 8.444 8.444 8.444 8.444 8.444 8.444 8.444 8.444 8.444 8.444 8.444 8.444 8.444 8.444 8.444 8.444 8.444 8.444 8.444
0.03 0.33631 9.00000 0.5042253733 2.2417679705    0.504 -1.544  3.5297  4.756    0  0.000  0.545     0.00     0.00     0.00     0.00     0.00 -1    -1e-30      0.00 6.681e-01 3.019e-01 5.392e-03 1.454e-03 1.320e-02 -1.000 2.999e-02       3386          0          0          0          0     0.4927     0.4927 8.631 9.552 10.915 8.402 9.552 9.552 9.552 9.552 9.552 9.552 9.552 9.552 9.552 9.552 9.552 9.552 9.552 9.552 9.552 9.552 9.552 9.552 9.552 9.552 9.552 9.552 10.915 10.915 10.915 10.915 10.915 10.915 10.915 10.915 10.915 10.915 10.915 10.915 10.915 10.915 10.915 10.915 10.915 10.915 10.915 10.915 10.915 10.915 8.402 8.402 8.402 8.402 8.402 8.402 8.402 8.402 8.402 8.402 8.402 8.402 8.402 8.402 8.402 8.402 8.402 8.402 8.402 8.402 8.402 8.402
0.03 0.33631 9.00000 0.5075445771 2.2450987850    0.507 -1.534  3.5308  4.753    0  0.000  0.545     0.00     0.00     0.00     0.00     0.00 -1    -1e-30      0.00 6.682e-01 3.018e-01 5.390e-03 1.454e-03 1.319e-02 -1.000 2.997e-02       3394          0          0          0          0     0.4962     0.4962 8.605 9.519 10.875 8.372 9.519 9.519 9.519 9.519 9.519 9.519 9.519 9.519 9.519 9.519 9.519 9.519 9.519 9.519 9.519 9.519 9.519 9.519 9.519 9.519 9.519 9.519 10.875 10.875 10.875 10.875 10.875 10.875 10.875 10.875 10.875 10.875 10.875 10.875 10.875 10.875 10.875 10.875 10.875 10.875 10.875 10.875 10.875 10.875 8.372 8.372 8.372 8.372 8.372 8.372 8.372 8.372 8.372 8.372 8.372 8.372 8.372 8.372 8.372 8.372 8.372 8.372 8.372 8.372 8.372 8.372
0.03 0.33631 9.00000 0.5170118213 2.2543295287    0.517 -1.505  3.5339  4.744    0  0.000  0.545     0.00     0.00     0.00     0.00     0.00 -1    -1e-30      0.00 6.686e-01 3.015e-01 5.385e-03 1.453e-03 1.318e-02 -1.000 2.996e-02       3419          0          0          0          0     0.5061     0.5061 8.532 9.427 10.763 8.288 9.427 9.427 9.427 9.427 9.427 9.427 9.427 9.427 9.427 9.427 9.427 9.427 9.427 9.427 9.427 9.427 9.427 9.427 9.427 9.427 9.427 9.427 10.763 10.763 10.763 10.763 10.763 10.763 10.763 10.763 10.763 10.763 10.763 10.763 10.763 10.763 10.763 10.763 10.763 10.763 10.763 10.763 10.763 10.763 8.288 8.288 8.288 8.288 8.288 8.288 8.288 8.288 8.288 8.288 8.288 8.288 8.288 8.288 8.288 8.288 8.288 8.288 8.288 8.288 8.288 8.288
0.03 0.33631 9.00000 0.5251730680 2.2619804886    0.525 -1.480  3.5366  4.736    0  0.000  0.545     0.00     0.00     0.00     0.00     0.00 -1    -1e-30      0.00 6.689e-01 3.012e-01 5.381e-03 1.451e-03 1.317e-02 -1.000 2.992e-02       3440          0          0          0          0     0.5145     0.5145 8.471 9.349 10.668 8.216 9.349 9.349 9.349 9.349 9.349 9.349 9.349 9.349 9.349 9.349 9.349 9.349 9.349 9.349 9.349 9.349 9.349 9.349 9.349 9.349 9.349 9.349 10.668 10.668 10.668 10.668 10.668 10.668 10.668 10.668 10.668 10.668 10.668 10.668 10.668 10.668 10.668 10.668 10.668 10.668 10.668 10.668 10.668 10.668 8.216 8.216 8.216 8.216 8.216 8.216 8.216 8.216 8.216 8.216 8.216 8.216 8.216 8.216 8.216 8.216 8.216 8.216 8.216 8.216 8.216 8.216
0.03 0.33631 9.00000 0.5320119858 2.2681843451    0.532 -1.460  3.5387  4.730    0  0.000  0.545     0.00     0.00     0.00     0.00     0.00 -1    -1e-30      0.00 6.692e-01 3.010e-01 5.376e-03 1.450e-03 1.316e-02 -1.000 2.988e-02       3457          0          0          0          0     0.5214     0.5214 8.420 9.285 10.591 8.157 9.285 9.285 9.285 9.285 9.285 9.285 9.285 9.285 9.285 9.285 9.285 9.285 9.285 9.285 9.285 9.285 9.285 9.285 9.285 9.285 9.285 9.285 10.591 10.591 10.591 10.591 10.591 10.591 10.591 10.591 10.591 10.591 10.591 10.591 10.591 10.591 10.591 10.591 10.591 10.591 10.591 10.591 10.591 10.591 8.157 8.157 8.157 8.157 8.157 8.157 8.157 8.157 8.157 8.157 8.157 8.157 8.157 8.157 8.157 8.157 8.157 8.157 8.157 8.157 8.157 8.157
0.03 0.33631 9.00000 0.5379211903 2.2733989832    0.537 -1.443  3.5406  4.725    0  0.000  0.545     0.00     0.00     0.00     0.00     0.00 -1    -1e-30      0.00 6.694e-01 3.007e-01 5.372e-03 1.449e-03 1.315e-02 -1.000 2.985e-02       3472          0          0          0          0     0.5273     0.5273 8.376 9.230 10.525 8.107 9.230 9.230 9.230 9.230 9.230 9.230 9.230 9.230 9.230 9.230 9.230 9.230 9.230 9.230 9.230 9.230 9.230 9.230 9.230 9.230 9.230 9.230 10.525 10.525 10.525 10.525 10.525 10.525 10.525 10.525 10.525 10.525 10.525 10.525 10.525 10.525 10.525 10.525 10.525 10.525 10.525 10.525 10.525 10.525 8.107 8.107 8.107 8.107 8.107 8.107 8.107 8.107 8.107 8.107 8.107 8.107 8.107 8.107 8.107 8.107 8.107 8.107 8.107 8.107 8.107 8.107
0.03 0.33631 9.00000 0.5431393385 2.2778954655    0.542 -1.427  3.5422  4.721    0  0.000  0.545     0.00     0.00     0.00     0.00     0.00 -1    -1e-30      0.00 6.697e-01 3.005e-01 5.367e-03 1.448e-03 1.314e-02 -1.000 2.983e-02       3485          0          0          0          0     0.5325     0.5325 8.338 9.182 10.467 8.063 9.182 9.182 9.182 9.182 9.182 9.182 9.182 9.182 9.182 9.182 9.182 9.182 9.182 9.182 9.182 9.182 9.182 9.182 9.182 9.182 9.182 9.182 10.467 10.467 10.467 10.467 10.467 10.467 10.467 10.467 10.467 10.467 10.467 10.467 10.467 10.467 10.467 10.467 10.467 10.467 10.467 10.467 10.467 10.467 8.063 8.063 8.063 8.063 8.063 8.063 8.063 8.063 8.063 8.063 8.063 8.063 8.063 8.063 8.063 8.063 8.063 8.063 8.063 8.063 8.063 8.063
0.03 0.33631 9.00000 0.5478220582 2.2818468147    0.547 -1.414  3.5436  4.716    0  0.000  0.545     0.00     0.00     0.00     0.00     0.00 -1    -1e-30      0.00 6.699e-01 3.002e-01 5.363e-03 1.447e-03 1.312e-02 -1.000 2.981e-02       3496          0          0          0          0     0.5371     0.5371 8.305 9.140 10.415 8.024 9.140 9.140 9.140 9.140 9.140 9.140 9.140 9.140 9.140 9.140 9.140 9.140 9.140 9.140 9.140 9.140 9.140 9.140 9.140 9.140 9.140 9.140 10.415 10.415 10.415 10.415 10.415 10.415 10.415 10.415 10.415 10.415 10.415 10.415 10.415 10.415 10.415 10.415 10.415 10.415 10.415 10.415 10.415 10.415 8.024 8.024 8.024 8.024 8.024 8.024 8.024 8.024 8.024 8.024 8.024 8.024 8.024 8.024 8.024 8.024 8.024 8.024 8.024 8.024 8.024 8.024
0.03 0.33631 9.00000 0.5599223375 2.2917061734    0.559 -1.377  3.5481  4.707    0  0.000  0.545     0.00     0.00     0.00     0.00     0.00 -1    -1e-30      0.00 6.704e-01 2.998e-01 5.356e-03 1.445e-03 1.311e-02 -1.000 2.977e-02       3533          0          0          0          0     0.5489     0.5489 8.213 9.020 10.267 7.915 9.020 9.020 9.020 9.020 9.020 9.020 9.020 9.020 9.020 9.020 9.020 9.020 9.020 9.020 9.020 9.020 9.020 9.020 9.020 9.020 9.020 9.020 10.267 10.267 10.267 10.267 10.267 10.267 10.267 10.267 10.267 10.267 10.267 10.267 10.267 10.267 10.267 10.267 10.267 10.267 10.267 10.267 10.267 10.267 7.915 7.915 7.915 7.915 7.915 7.915 7.915 7.915 7.915 7.915 7.915 7.915 7.915 7.915 7.915 7.915 7.915 7.915 7.915 7.915 7.915 7.915
0.03 0.33631 9.00000 0.5650592446 2.2957452066    0.564 -1.361  3.5503  4.704    0  0.000  0.545     0.00     0.00     0.00     0.00     0.00 -1    -1e-30      0.00 6.705e-01 2.998e-01 5.355e-03 1.445e-03 1.311e-02 -1.000 2.977e-02       3551          0          0          0          0     0.5538     0.5538 8.172 8.965 10.198 7.867 8.965 8.965 8.965 8.965 8.965 8.965 8.965 8.965 8.965 8.965 8.965 8.965 8.965 8.965 8.965 8.965 8.965 8.965 8.965 8.965 8.965 8.965 10.198 10.198 10.198 10.198 10.198 10.198 10.198 10.198 10.198 10.198 10.198 10.198 10.198 10.198 10.198 10.198 10.198 10.198 10.198 10.198 10.198 10.198 7.867 7.867 7.867 7.867 7.867 7.867 7.867 7.867 7.867 7.867 7.867 7.867 7.867 7.867 7.867 7.867 7.867 7.867 7.867 7.867 7.867 7.867
0.03 0.33631 9.00000 0.5706915855 2.3000778216    0.570 -1.343  3.5526  4.700    0  0.000  0.545     0.00     0.00     0.00     0.00     0.00 -1    -1e-30      0.00 6.705e-01 2.997e-01 5.354e-03 1.444e-03 1.310e-02 -1.000 2.976e-02       3570          0          0          0          0     0.5591     0.5591 8.128 8.905 10.122 7.814 8.905 8.905 8.905 8.905 8.905 8.905 8.905 8.905 8.905 8.905 8.905 8.905 8.905 8.905 8.905 8.905 8.905 8.905 8.905 8.905 8.905 8.905 10.122 10.122 10.122 10.122 10.122 10.122 10.122 10.122 10.122 10.122 10.122 10.122 10.122 10.122 10.122 10.122 10.122 10.122 10.122 10.122 10.122 10.122 7.814 7.814 7.814 7.814 7.814 7.814 7.814 7.814 7.814 7.814 7.814 7.814 7.814 7.814 7.814 7.814 7.814 7.814 7.814 7.814 7.814 7.814
0.03 0.33631 9.00000 0.5769151449 2.3047522617    0.576 -1.324  3.5552  4.696    0  0.000  0.545     0.00     0.00     0.00     0.00     0.00 -1    -1e-30      0.00 6.706e-01 2.996e-01 5.354e-03 1.444e-03 1.310e-02 -1.000 2.975e-02       3591          0          0          0          0     0.5649     0.5649 8.081 8.840 10.040 7.756 8.840 8.840 8.840 8.840 8.840 8.840 8.840 8.840 8.840 8.840 8.840 8.840 8.840 8.840 8.840 8.840 8.840 8.840 8.840 8.840 8.840 8.840 10.040 10.040 10.040 10.040 10.040 10.040 10.040 10.040 10.040 10.040 10.040 10.040 10.040 10.040 10.040 10.040 10.040 10.040 10.040 10.040 10.040 10.040 7.756 7.756 7.756 7.756 7.756 7.756 7.756 7.756 7.756 7.756 7.756 7.756 7.756 7.756 7.756 7.756 7.756 7.756 7.756 7.756 7.756 7.756
0.03 0.33631 9.00000 0.5838490725 2.3098255131    0.583 -1.303  3.5580  4.691    0  0.000  0.545     0.00     0.00     0.00     0.00     0.00 -1    -1e-30      0.00 6.706e-01 2.996e-01 5.353e-03 1.444e-03 1.310e-02 -1.000 2.976e-02       3615          0          0          0          0     0.5713     0.5713 8.028 8.768 9.949 7.692 8.768 8.768 8.768 8.768 8.768 8.768 8.768 8.768 8.768 8.768 8.768 8.768 8.768 8.768 8.768 8.768 8.768 8.768 8.768 8.768 8.768 8.768 9.949 9.949 9.949 9.949 9.949 9.949 9.949 9.949 9.949 9.949 9.949 9.949 9.949 9.949 9.949 9.949 9.949 9.949 9.949 9.949 9.949 9.949 7.692 7.692 7.692 7.692 7.692 7.692 7.692 7.692 7.692 7.692 7.692 7.692 7.692 7.692 7.692 7.692 7.692 7.692 7.692 7.692 7.692 7.692
0.03 0.33631 9.00000 0.5916364789 2.3153604909    0.591 -1.280  3.5611  4.686    0  0.000  0.545     0.00     0.00     0.00     0.00     0.00 -1    -1e-30      0.00 6.707e-01 2.996e-01 5.353e-03 1.444e-03 1.310e-02 -1.000 2.974e-02       3640          0          0          0          0     0.5784     0.5784 7.970 8.689 9.848 7.622 8.689 8.689 8.689 8.689 8.689 8.689 8.689 8.689 8.689 8.689 8.689 8.689 8.689 8.689 8.689 8.689 8.689 8.689 8.689 8.689 8.689 8.689 9.848 9.848 9.848 9.848 9.848 9.848 9.848 9.848 9.848 9.848 9.848 9.848 9.848 9.848 9.848 9.848 9.848 9.848 9.848 9.848 9.848 9.848 7.622 7.622 7.622 7.622 7.622 7.622 7.622 7.622 7.622 7.622 7.622 7.622 7.622 7.622 7.622 7.622 7.622 7.622 7.622 7.622 7.622 7.622
0.03 0.33631 9.00000 0.6006291509 2.3215472151    0.600 -1.253  3.5646  4.680    0  0.000  0.545     0.00     0.00     0.00     0.00     0.00 -1    -1e-30      0.00 6.707e-01 2.996e-01 5.353e-03 1.444e-03 1.310e-02 -1.000 2.973e-02       3669          0          0          0          0     0.5864     0.5864 7.903 8.597 9.732 7.542 8.597 8.597 8.597 8.597 8.597 8.597 8.597 8.597 8.597 8.597 8.597 8.597 8.597 8.597 8.597 8.597 8.597 8.597 8.597 8.597 8.597 8.597 9.732 9.732 9.732 9.732 9.732 9.732 9.732 9.732 9.732 9.732 9.732 9.732 9.732 9.732 9.732 9.732 9.732 9.732 9.732 9.732 9.732 9.732 7.542 7.542 7.542 7.542 7.542 7.542 7.542 7.542 7.542 7.542 7.542 7.542 7.542 7.542 7.542 7.542 7.542 7.542 7.542 7.542 7.542 7.542
0.03 0.33631 9.00000 0.6028168797 2.3230202492    0.602 -1.247  3.5655  4.679    0  0.000  0.545     0.00     0.00     0.00     0.00     0.00 -1    -1e-30      0.00 6.707e-01 2.996e-01 5.353e-03 1.444e-03 1.309e-02 -1.000 2.974e-02       3676          0          0          0          0     0.5884     0.5884 7.887 8.575 9.704 7.523 8.575 8.575 8.575 8.575 8.575 8.575 8.575 8.575 8.575 8.575 8.575 8.575 8.575 8.575 8.575 8.575 8.575 8.575 8.575 8.575 8.575 8.575 9.704 9.704 9.704 9.704 9.704 9.704 9.704 9.704 9.704 9.704 9.704 9.704 9.704 9.704 9.704 9.704 9.704 9.704 9.704 9.704 9.704 9.704 7.523 7.523 7.523 7.523 7.523 7.523 7.523 7.523 7.523 7.523 7.523 7.523 7.523 7.523 7.523 7.523 7.523 7.523 7.523 7.523 7.523 7.523
0.03 0.33631 9.00000 0.6040275693 2.3238301541    0.604 -1.243  3.5661  4.678    0  0.000  0.545     0.00     0.00     0.00     0.00     0.00 -1    -1e-30      0.00 6.707e-01 2.996e-01 5.352e-03 1.444e-03 1.309e-02 -1.000 2.973e-02       3682          0          0          0          0     0.5893     0.5893 7.878 8.561 9.685 7.510 8.561 8.561 8.561 8.561 8.561 8.561 8.561 8.561 8.561 8.561 8.561 8.561 8.561 8.561 8.561 8.561 8.561 8.561 8.561 8.561 8.561 8.561 9.685 9.685 9.685 9.685 9.685 9.685 9.685 9.685 9.685 9.685 9.685 9.685 9.685 9.685 9.685 9.685 9.685 9.685 9.685 9.685 9.685 9.685 7.510 7.510 7.510 7.510 7.510 7.510 7.510 7.510 7.510 7.510 7.510 7.510 7.510 7.510 7.510 7.510 7.510 7.510 7.510 7.510 7.510 7.510
0.03 0.33631 9.00000 0.6132531762 2.3298811448    0.613 -1.214  3.5709  4.674    0  0.000  0.545     0.00     0.00     0.00     0.00     0.00 -1    -1e-30      0.00 6.708e-01 2.995e-01 5.352e-03 1.444e-03 1.310e-02 -1.000 2.973e-02       3723          0          0          0          0     0.5966     0.5966 7.804 8.452 9.543 7.418 8.452 8.452 8.452 8.452 8.452 8.452 8.452 8.452 8.452 8.452 8.452 8.452 8.452 8.452 8.452 8.452 8.452 8.452 8.452 8.452 8.452 8.452 9.543 9.543 9.543 9.543 9.543 9.543 9.543 9.543 9.543 9.543 9.543 9.543 9.543 9.543 9.543 9.543 9.543 9.543 9.543 9.543 9.543 9.543 7.418 7.418 7.418 7.418 7.418 7.418 7.418 7.418 7.418 7.418 7.418 7.418 7.418 7.418 7.418 7.418 7.418 7.418 7.418 7.418 7.418 7.418
0.03 0.33631 9.00000 0.6222619414 2.3355912306    0.622 -1.185  3.5754  4.671    0  0.000  0.545     0.00     0.00     0.00     0.00     0.00 -1    -1e-30      0.00 6.708e-01 2.995e-01 5.351e-03 1.444e-03 1.310e-02 -1.000 2.974e-02       3763          0          0          0          0     0.6036     0.6036 7.733 8.351 9.413 7.331 8.351 8.351 8.351 8.351 8.351 8.351 8.351 8.351 8.351 8.351 8.351 8.351 8.351 8.351 8.351 8.351 8.351 8.351 8.351 8.351 8.351 8.351 9.413 9.413 9.413 9.413 9.413 9.413 9.413 9.413 9.413 9.413 9.413 9.413 9.413 9.413 9.413 9.413 9.413 9.413 9.413 9.413 9.413 9.413 7.331 7.331 7.331 7.331 7.331 7.331 7.331 7.331 7.331 7.331 7.331 7.331 7.331 7.331 7.331 7.331 7.331 7.331 7.331 7.331 7.331 7.331
0.03 0.33631 9.00000 0.6313487887 2.3411613768    0.631 -1.157  3.5800  4.667    0  0.000  0.545     0.00     0.00     0.00     0.00     0.00 -1    -1e-30      0.00 6.709e-01 2.994e-01 5.350e-03 1.443e-03 1.309e-02 -1.000 2.976e-02       3803          0          0          0          0     0.6105     0.6105 7.663 8.251 9.285 7.245 8.251 8.251 8.251 8.251 8.251 8.251 8.251 8.251 8.251 8.251 8.251 8.251 8.251 8.251 8.251 8.251 8.251 8.251 8.251 8.251 8.251 8.251 9.285 9.285 9.285 9.285 9.285 9.285 9.285 9.285 9.285 9.285 9.285 9.285 9.285 9.285 9.285 9.285 9.285 9.285 9.285 9.285 9.285 9.285 7.245 7.245 7.245 7.245 7.245 7.245 7.245 7.245 7.245 7.245 7.245 7.245 7.245 7.245 7.245 7.245 7.245 7.245 7.245 7.245 7.245 7.245
0.03 0.33631 9.00000 0.6403911114 2.3465241619    0.640 -1.129  3.5845  4.664    0  0.000  0.545     0.00     0.00     0.00     0.00     0.00 -1    -1e-30      0.00 6.709e-01 2.993e-01 5.349e-03 1.443e-03 1.309e-02 -1.000 2.978e-02       3842          0          0          0          0     0.6173     0.6173 7.593 8.152 9.158 7.160 8.152 8.152 8.152 8.152 8.152 8.152 8.152 8.152 8.152 8.152 8.152 8.152 8.152 8.152 8.152 8.152 8.152 8.152 8.152 8.152 8.152 8.152 9.158 9.158 9.158 9.158 9.158 9.158 9.158 9.158 9.158 9.158 9.158 9.158 9.158 9.158 9.158 9.158 9.158 9.158 9.158 9.158 9.158 9.158 7.160 7.160 7.160 7.160 7.160 7.160 7.160 7.160 7.160 7.160 7.160 7.160 7.160 7.160 7.160 7.160 7.160 7.160 7.160 7.160 7.160 7.160
0.03 0.33631 9.00000 0.6493277550 2.3516558577    0.649 -1.102  3.5889  4.660    0  0.000  0.545     0.00     0.00     0.00     0.00     0.00 -1    -1e-30      0.00 6.710e-01 2.993e-01 5.348e-03 1.443e-03 1.309e-02 -1.000 2.972e-02       3880          0          0          0          0      0.624      0.624 7.526 8.056 9.035 7.078 8.056 8.056 8.056 8.056 8.056 8.056 8.056 8.056 8.056 8.056 8.056 8.056 8.056 8.056 8.056 8.056 8.056 8.056 8.056 8.056 8.056 8.056 9.035 9.035 9.035 9.035 9.035 9.035 9.035 9.035 9.035 9.035 9.035 9.035 9.035 9.035 9.035 9.035 9.035 9.035 9.035 9.035 9.035 9.035 7.078 7.078 7.078 7.078 7.078 7.078 7.078 7.078 7.078 7.078 7.078 7.078 7.078 7.078 7.078 7.078 7.078 7.078 7.078 7.078 7.078 7.078
0.03 0.33631 9.00000 0.6521126032 2.3532219845    0.652 -1.094  3.5902  4.659    0  0.000  0.545     0.00     0.00     0.00     0.00     0.00 -1    -1e-30      0.00 6.710e-01 2.993e-01 5.348e-03 1.443e-03 1.309e-02 -1.000 2.971e-02       3892          0          0          0          0      0.626      0.626 7.505 8.026 8.997 7.052 8.026 8.026 8.026 8.026 8.026 8.026 8.026 8.026 8.026 8.026 8.026 8.026 8.026 8.026 8.026 8.026 8.026 8.026 8.026 8.026 8.026 8.026 8.997 8.997 8.997 8.997 8.997 8.997 8.997 8.997 8.997 8.997 8.997 8.997 8.997 8.997 8.997 8.997 8.997 8.997 8.997 8.997 8.997 8.997 7.052 7.052 7.052 7.052 7.052 7.052 7.052 7.052 7.052 7.052 7.052 7.052 7.052 7.052 7.052 7.052 7.052 7.052 7.052 7.052 7.052 7.052
0.03 0.33631 9.00000 0.6558724642 2.3553121883    0.656 -1.082  3.5923  4.658    0  0.000  0.545     0.00     0.00     0.00     0.00     0.00 -1    -1e-30      0.00 6.710e-01 2.993e-01 5.348e-03 1.443e-03 1.309e-02 -1.000 2.971e-02       3911          0          0          0          0     0.6286     0.6286 7.476 7.984 8.943 7.016 7.984 7.984 7.984 7.984 7.984 7.984 7.984 7.984 7.984 7.984 7.984 7.984 7.984 7.984 7.984 7.984 7.984 7.984 7.984 7.984 7.984 7.984 8.943 8.943 8.943 8.943 8.943 8.943 8.943 8.943 8.943 8.943 8.943 8.943 8.943 8.943 8.943 8.943 8.943 8.943 8.943 8.943 8.943 8.943 7.016 7.016 7.016 7.016 7.016 7.016 7.016 7.016 7.016 7.016 7.016 7.016 7.016 7.016 7.016 7.016 7.016 7.016 7.016 7.016 7.016 7.016
0.03 0.33631 9.00000 0.6612204909 2.3582382505    0.661 -1.066  3.5952  4.657    0  0.000  0.545     0.00     0.00     0.00     0.00     0.00 -1    -1e-30      0.00 6.711e-01 2.992e-01 5.347e-03 1.442e-03 1.308e-02 -1.000 2.972e-02       3938          0          0          0          0     0.6321     0.6321 7.434 7.924 8.866 6.965 7.924 7.924 7.924 7.924 7.924 7.924 7.924 7.924 7.924 7.924 7.924 7.924 7.924 7.924 7.924 7.924 7.924 7.924 7.924 7.924 7.924 7.924 8.866 8.866 8.866 8.866 8.866 8.866 8.866 8.866 8.866 8.866 8.866 8.866 8.866 8.866 8.866 8.866 8.866 8.866 8.866 8.866 8.866 8.866 6.965 6.965 6.965 6.965 6.965 6.965 6.965 6.965 6.965 6.965 6.965 6.965 6.965 6.965 6.965 6.965 6.965 6.965 6.965 6.965 6.965 6.965
0.03 0.33631 9.00000 0.6663848758 2.3610126368    0.666 -1.050  3.5980  4.656    0  0.000  0.545     0.00     0.00     0.00     0.00     0.00 -1    -1e-30      0.00 6.711e-01 2.991e-01 5.346e-03 1.442e-03 1.308e-02 -1.000 2.973e-02       3964          0          0          0          0     0.6356     0.6356 7.395 7.866 8.793 6.917 7.866 7.866 7.866 7.866 7.866 7.866 7.866 7.866 7.866 7.866 7.866 7.866 7.866 7.866 7.866 7.866 7.866 7.866 7.866 7.866 7.866 7.866 8.793 8.793 8.793 8.793 8.793 8.793 8.793 8.793 8.793 8.793 8.793 8.793 8.793 8.793 8.793 8.793 8.793 8.793 8.793 8.793 8.793 8.793 6.917 6.917 6.917 6.917 6.917 6.917 6.917 6.917 6.917 6.917 6.917 6.917 6.917 6.917 6.917 6.917 6.917 6.917 6.917 6.917 6.917 6.917
0.03 0.33631 9.00000 0.6762989163 2.3662023067    0.676 -1.020  3.6033  4.653    0  0.000  0.545     0.00     0.00     0.00     0.00     0.00 -1    -1e-30      0.00 6.712e-01 2.991e-01 5.345e-03 1.442e-03 1.308e-02 -1.000 2.975e-02       4013          0          0          0          0     0.6421     0.6421 7.319 7.758 8.656 6.825 7.758 7.758 7.758 7.758 7.758 7.758 7.758 7.758 7.758 7.758 7.758 7.758 7.758 7.758 7.758 7.758 7.758 7.758 7.758 7.758 7.758 7.758 8.656 8.656 8.656 8.656 8.656 8.656 8.656 8.656 8.656 8.656 8.656 8.656 8.656 8.656 8.656 8.656 8.656 8.656 8.656 8.656 8.656 8.656 6.825 6.825 6.825 6.825 6.825 6.825 6.825 6.825 6.825 6.825 6.825 6.825 6.825 6.825 6.825 6.825 6.825 6.825 6.825 6.825 6.825 6.825
0.03 0.33631 9.00000 0.7014084458 2.3785948017    0.701 -0.945  3.6166  4.648    0  0.000  0.545     0.00     0.00     0.00     0.00     0.00 -1 -1.09e-30      0.00 6.713e-01 2.990e-01 5.344e-03 1.442e-03 1.308e-02 -1.000 2.975e-02       4136          0          0          0          0     0.6578     0.6578 7.133 7.492 8.322 6.600 7.492 7.492 7.492 7.492 7.492 7.492 7.492 7.492 7.492 7.492 7.492 7.492 7.492 7.492 7.492 7.492 7.492 7.492 7.492 7.492 7.492 7.492 8.322 8.322 8.322 8.322 8.322 8.322 8.322 8.322 8.322 8.322 8.322 8.322 8.322 8.322 8.322 8.322 8.322 8.322 8.322 8.322 8.322 8.322 6.600 6.600 6.600 6.600 6.600 6.600 6.600 6.600 6.600 6.600 6.600 6.600 6.600 6.600 6.600 6.600 6.600 6.600 6.600 6.600 6.600 6.600
0.03 0.33631 9.00000 0.7973554730 2.4177960588    0.797 -0.674  3.6676  4.635    1  0.000  0.545     0.00     0.00     0.00     0.00     0.00 -1 -6.09e-15      0.00 6.738e-01 2.967e-01 5.303e-03 1.431e-03 1.298e-02 -1.000 2.948e-02       4651          0          0          0          0     0.7113     0.7113 6.454 6.545 7.147 5.804 6.545 6.545 6.545 6.545 6.545 6.545 6.545 6.545 6.545 6.545 6.545 6.545 6.545 6.545 6.545 6.545 6.545 6.545 6.545 6.545 6.545 6.545 7.147 7.147 7.147 7.147 7.147 7.147 7.147 7.147 7.147 7.147 7.147 7.147 7.147 7.147 7.147 7.147 7.147 7.147 7.147 7.147 7.147 7.147 5.804 5.804 5.804 5.804 5.804 5.804 5.804 5.804 5.804 5.804 5.804 5.804 5.804 5.804 5.804 5.804 5.804 5.804 5.804 5.804 5.804 5.804
0.03 0.33631 9.00000 0.8000000119 2.4187244405    0.800 -0.667  3.6695  4.638    1  0.000  0.545     0.00     0.00     0.00     0.00     0.00 -1 -1.36e-22      0.00 6.728e-01 2.976e-01 5.320e-03 1.435e-03 1.302e-02 -1.000 2.957e-02       4671          0          0          0          0     0.7105     0.7105 6.438 6.520 7.116 5.784 6.520 6.520 6.520 6.520 6.520 6.520 6.520 6.520 6.520 6.520 6.520 6.520 6.520 6.520 6.520 6.520 6.520 6.520 6.520 6.520 6.520 6.520 7.116 7.116 7.116 7.116 7.116 7.116 7.116 7.116 7.116 7.116 7.116 7.116 7.116 7.116 7.116 7.116 7.116 7.116 7.116 7.116 7.116 7.116 5.784 5.784 5.784 5.784 5.784 5.784 5.784 5.784 5.784 5.784 5.784 5.784 5.784 5.784 5.784 5.784 5.784 5.784 5.784 5.784 5.784 5.784
0.03 0.33631 9.00000 0.8199999928 2.4255231658    0.820 -0.619  3.6770  4.630    0  0.000  0.545     0.00     0.00     0.00     0.00     0.00 -1 -2.93e-26      0.00 6.723e-01 2.981e-01 5.329e-03 1.438e-03 1.304e-02 -1.000 2.963e-02       4753          0          0          0          0     0.7257     0.7257 6.316 6.369 6.938 5.654 6.369 6.369 6.369 6.369 6.369 6.369 6.369 6.369 6.369 6.369 6.369 6.369 6.369 6.369 6.369 6.369 6.369 6.369 6.369 6.369 6.369 6.369 6.938 6.938 6.938 6.938 6.938 6.938 6.938 6.938 6.938 6.938 6.938 6.938 6.938 6.938 6.938 6.938 6.938 6.938 6.938 6.938 6.938 6.938 5.654 5.654 5.654 5.654 5.654 5.654 5.654 5.654 5.654 5.654 5.654 5.654 5.654 5.654 5.654 5.654 5.654 5.654 5.654 5.654 5.654 5.654
0.03 0.33631 9.00000 0.8399999738 2.4319509231    0.839 -0.570  3.6842  4.621    0  0.000  0.545     0.00     0.00     0.00     0.00     0.00 -1 -5.17e-26      0.00 6.723e-01 2.980e-01 5.329e-03 1.438e-03 1.304e-02 -1.000 2.963e-02       4832          0          0          0          0     0.7421     0.7421 6.196 6.222 6.768 5.526 6.222 6.222 6.222 6.222 6.222 6.222 6.222 6.222 6.222 6.222 6.222 6.222 6.222 6.222 6.222 6.222 6.222 6.222 6.222 6.222 6.222 6.222 6.768 6.768 6.768 6.768 6.768 6.768 6.768 6.768 6.768 6.768 6.768 6.768 6.768 6.768 6.768 6.768 6.768 6.768 6.768 6.768 6.768 6.768 5.526 5.526 5.526 5.526 5.526 5.526 5.526 5.526 5.526 5.526 5.526 5.526 5.526 5.526 5.526 5.526 5.526 5.526 5.526 5.526 5.526 5.526
0.03 0.33631 9.00000 0.8600000143 2.4380360988    0.859 -0.520  3.6906  4.607    1  0.000  0.545     0.00     0.00     0.00     0.00     0.00 -1 -2.15e-14      0.00 6.737e-01 2.968e-01 5.307e-03 1.432e-03 1.299e-02 -1.000 2.950e-02       4904          0          0          0          0     0.7632     0.7632 6.071 6.076 6.601 5.396 6.076 6.076 6.076 6.076 6.076 6.076 6.076 6.076 6.076 6.076 6.076 6.076 6.076 6.076 6.076 6.076 6.076 6.076 6.076 6.076 6.076 6.076 6.601 6.601 6.601 6.601 6.601 6.601 6.601 6.601 6.601 6.601 6.601 6.601 6.601 6.601 6.601 6.601 6.601 6.601 6.601 6.601 6.601 6.601 5.396 5.396 5.396 5.396 5.396 5.396 5.396 5.396 5.396 5.396 5.396 5.396 5.396 5.396 5.396 5.396 5.396 5.396 5.396 5.396 5.396 5.396
0.03 0.33631 9.00000 0.8799999952 2.4438042628    0.879 -0.476  3.6980  4.602    0  0.000  0.545     0.00     0.00     0.00     0.00     0.00 -1 -2.65e-24      0.00 6.726e-01 2.978e-01 5.326e-03 1.437e-03 1.303e-02 -1.000 2.961e-02       4988          0          0          0          0     0.7764     0.7764 5.960 5.943 6.447 5.282 5.943 5.943 5.943 5.943 5.943 5.943 5.943 5.943 5.943 5.943 5.943 5.943 5.943 5.943 5.943 5.943 5.943 5.943 5.943 5.943 5.943 5.943 6.447 6.447 6.447 6.447 6.447 6.447 6.447 6.447 6.447 6.447 6.447 6.447 6.447 6.447 6.447 6.447 6.447 6.447 6.447 6.447 6.447 6.447 5.282 5.282 5.282 5.282 5.282 5.282 5.282 5.282 5.282 5.282 5.282 5.282 5.282 5.282 5.282 5.282 5.282 5.282 5.282 5.282 5.282 5.282
0.03 0.33631 9.00000 0.8999999762 2.4492786016    0.899 -0.430  3.7044  4.592    1  0.000  0.545     0.00     0.00     0.00     0.00     0.00 -1 -6.85e-24      0.00 6.728e-01 2.976e-01 5.323e-03 1.436e-03 1.303e-02 -1.000 2.960e-02       5062          0          0          0          0     0.7944     0.7944 5.846 5.811 6.297 5.166 5.811 5.811 5.811 5.811 5.811 5.811 5.811 5.811 5.811 5.811 5.811 5.811 5.811 5.811 5.811 5.811 5.811 5.811 5.811 5.811 5.811 5.811 6.297 6.297 6.297 6.297 6.297 6.297 6.297 6.297 6.297 6.297 6.297 6.297 6.297 6.297 6.297 6.297 6.297 6.297 6.297 6.297 6.297 6.297 5.166 5.166 5.166 5.166 5.166 5.166 5.166 5.166 5.166 5.166 5.166 5.166 5.166 5.166 5.166 5.166 5.166 5.166 5.166 5.166 5.166 5.166
0.03 0.33631 9.00000 0.9200000167 2.4544801393    0.919 -0.380  3.7110  4.578    1  0.000  0.545     0.00     0.00     0.00     0.00     0.00 -1 -2.96e-14      0.00 6.738e-01 2.967e-01 5.307e-03 1.432e-03 1.299e-02 -1.000 2.951e-02       5140          0          0          0          0     0.8162     0.8162 5.721 5.670 6.136 5.041 5.670 5.670 5.670 5.670 5.670 5.670 5.670 5.670 5.670 5.670 5.670 5.670 5.670 5.670 5.670 5.670 5.670 5.670 5.670 5.670 5.670 5.670 6.136 6.136 6.136 6.136 6.136 6.136 6.136 6.136 6.136 6.136 6.136 6.136 6.136 6.136 6.136 6.136 6.136 6.136 6.136 6.136 6.136 6.136 5.041 5.041 5.041 5.041 5.041 5.041 5.041 5.041 5.041 5.041 5.041 5.041 5.041 5.041 5.041 5.041 5.041 5.041 5.041 5.041 5.041 5.041
0.03 0.33631 9.00000 0.9399999976 2.4594279382    0.939 -0.341  3.7169  4.571    0  0.000  0.545     0.00     0.00     0.00     0.00     0.00 -1 -1.98e-22      0.00 6.731e-01 2.973e-01 5.319e-03 1.435e-03 1.302e-02 -1.000 2.958e-02       5211          0          0          0          0     0.8315     0.8315 5.622 5.559 6.002 4.950 5.559 5.559 5.562 5.559 5.559 5.559 5.559 5.559 5.559 5.559 5.559 5.559 5.559 5.559 5.559 5.559 5.559 5.559 5.559 5.559 5.559 5.559 6.002 6.002 6.006 6.002 6.002 6.002 6.002 6.002 6.002 6.002 6.002 6.002 6.002 6.002 6.002 6.002 6.002 6.002 6.002 6.002 6.002 6.002 4.950 4.951 4.953 4.951 4.951 4.951 4.951 4.951 4.951 4.951 4.951 4.951 4.951 4.951 4.951 4.951 4.951 4.951 4.951 4.951 4.951 4.951
0.03 0.33631 9.00000 0.9599999785 2.4641394025    0.959 -0.294  3.7230  4.558    1  0.000  0.545     0.00     0.00     0.00     0.00     0.00 -1 -5.62e-22      0.00 6.736e-01 2.969e-01 5.312e-03 1.433e-03 1.300e-02 -1.000 2.954e-02       5284          0          0          0          0     0.8529     0.8529 5.505 5.432 5.853 4.843 5.432 5.432 5.437 5.432 5.432 5.432 5.432 5.432 5.432 5.432 5.432 5.432 5.432 5.432 5.432 5.432 5.432 5.432 5.432 5.432 5.432 5.432 5.853 5.853 5.859 5.853 5.853 5.853 5.853 5.853 5.853 5.853 5.853 5.853 5.853 5.853 5.853 5.853 5.853 5.853 5.853 5.853 5.853 5.853 4.843 4.844 4.847 4.844 4.844 4.844 4.844 4.844 4.844 4.844 4.844 4.844 4.844 4.844 4.844 4.844 4.844 4.844 4.844 4.844 4.844 4.844
0.03 0.33631 9.00000 0.9800000191 2.4686304123    0.980 -0.249  3.7292  4.547    1  0.000  0.545     0.00     0.00     0.00     0.00     0.00 -1 -2.35e-21      0.00 6.740e-01 2.965e-01 5.306e-03 1.432e-03 1.299e-02 -1.000 2.951e-02       5360          0          0          0          0     0.8735     0.8735 5.392 5.308 5.708 4.739 5.308 5.308 5.315 5.308 5.308 5.308 5.308 5.308 5.308 5.308 5.308 5.308 5.308 5.308 5.308 5.308 5.308 5.308 5.308 5.308 5.308 5.308 5.708 5.708 5.716 5.708 5.708 5.708 5.708 5.708 5.708 5.708 5.708 5.708 5.708 5.708 5.708 5.708 5.708 5.708 5.708 5.708 5.708 5.708 4.739 4.739 4.745 4.739 4.739 4.739 4.739 4.739 4.739 4.739 4.739 4.739 4.739 4.739 4.739 4.739 4.739 4.739 4.739 4.739 4.739 4.739
0.03 0.33631 9.00000 1.0000000000 2.4729154477    1.000 -0.207  3.7345  4.535    0  0.000  0.545     0.00     0.00     0.00     0.00     0.00 -1 -1.24e-22      0.00 6.740e-01 2.965e-01 5.307e-03 1.432e-03 1.299e-02 -1.000 2.952e-02       5426          0          0          0          0      0.895      0.895 5.287 5.193 5.580 4.636 5.193 5.193 5.200 5.193 5.193 5.193 5.193 5.193 5.193 5.193 5.193 5.193 5.193 5.193 5.193 5.193 5.193 5.193 5.193 5.193 5.193 5.193 5.580 5.580 5.589 5.580 5.580 5.580 5.580 5.580 5.580 5.580 5.580 5.580 5.580 5.580 5.580 5.580 5.580 5.580 5.580 5.580 5.580 5.580 4.636 4.636 4.641 4.636 4.636 4.636 4.636 4.636 4.636 4.636 4.636 4.636 4.636 4.636 4.636 4.636 4.636 4.636 4.636 4.636 4.636 4.636
0.03 0.33631 9.00000 1.0199999809 2.4770078094    1.020 -0.163  3.7403  4.522    1  0.000  0.545     0.00     0.00     0.00     0.00     0.00 -1 -1.19e-20      0.00 6.743e-01 2.962e-01 5.302e-03 1.431e-03 1.298e-02 -1.000 2.949e-02       5498          0          0          0          0     0.9165     0.9165 5.177 5.073 5.447 4.528 5.073 5.072 5.079 5.072 5.072 5.072 5.072 5.072 5.072 5.072 5.072 5.072 5.072 5.072 5.072 5.072 5.072 5.072 5.072 5.072 5.072 5.072 5.447 5.446 5.455 5.446 5.446 5.446 5.446 5.446 5.446 5.446 5.446 5.446 5.446 5.446 5.446 5.446 5.446 5.446 5.446 5.446 5.446 5.446 4.528 4.527 4.533 4.527 4.527 4.527 4.527 4.527 4.527 4.527 4.527 4.527 4.527 4.527 4.527 4.527 4.527 4.527 4.527 4.527 4.527 4.527
0.03 0.33631 9.00000 1.0399999619 2.4809196893    1.039 -0.120  3.7457  4.510    1  0.000  0.545     0.00     0.00     0.00     0.00     0.00 -1 -9.53e-20      0.00 6.747e-01 2.958e-01 5.296e-03 1.429e-03 1.297e-02 -1.000 2.946e-02       5568          0          0          0          0     0.9387     0.9387 5.070 4.960 5.323 4.426 4.960 4.959 4.966 4.959 4.959 4.959 4.959 4.959 4.959 4.959 4.959 4.959 4.959 4.959 4.959 4.959 4.959 4.959 4.959 4.959 4.959 4.959 5.323 5.322 5.331 5.322 5.322 5.322 5.322 5.322 5.322 5.322 5.322 5.322 5.322 5.322 5.322 5.322 5.322 5.322 5.322 5.322 5.322 5.322 4.426 4.426 4.431 4.426 4.426 4.426 4.426 4.426 4.426 4.426 4.426 4.426 4.426 4.426 4.426 4.426 4.426 4.426 4.426 4.426 4.426 4.426
0.03 0.33631 9.00000 1.0599999428 2.4846622926    1.059 -0.079  3.7504  4.496    1  0.000  0.545     0.00     0.00     0.00     0.00     0.00 -1 -8.76e-21      0.00 6.749e-01 2.956e-01 5.294e-03 1.429e-03 1.296e-02 -1.000 2.945e-02       5628          0          0          0          0     0.9633     0.9633 4.968 4.853 5.207 4.330 4.853 4.853 4.860 4.853 4.853 4.853 4.853 4.853 4.853 4.853 4.853 4.853 4.853 4.853 4.853 4.853 4.853 4.853 4.853 4.853 4.853 4.853 5.207 5.207 5.215 5.207 5.207 5.207 5.207 5.207 5.207 5.207 5.207 5.207 5.207 5.207 5.207 5.207 5.207 5.207 5.207 5.207 5.207 5.207 4.330 4.329 4.335 4.329 4.329 4.329 4.329 4.329 4.329 4.329 4.329 4.329 4.329 4.329 4.329 4.329 4.329 4.329 4.329 4.329 4.329 4.329
0.03 0.33631 9.00000 1.0800000429 2.4882459559    1.079 -0.039  3.7551  4.482    1  0.000  0.545     0.00     0.00     0.00     0.00     0.00 -1 -1.56e-22      0.00 6.753e-01 2.953e-01 5.290e-03 1.427e-03 1.295e-02 -1.000 2.943e-02       5689          0          0          0          0     0.9883     0.9883 4.867 4.747 5.091 4.233 4.747 4.747 4.753 4.747 4.747 4.747 4.747 4.747 4.747 4.747 4.747 4.747 4.747 4.747 4.747 4.747 4.747 4.747 4.747 4.747 4.747 4.747 5.091 5.091 5.099 5.091 5.091 5.091 5.091 5.091 5.091 5.091 5.091 5.091 5.091 5.091 5.091 5.091 5.091 5.091 5.091 5.091 5.091 5.091 4.233 4.233 4.238 4.233 4.233 4.233 4.233 4.233 4.233 4.233 4.233 4.233 4.233 4.233 4.233 4.233 4.233 4.233 4.233 4.233 4.233 4.233
0.03 0.33631 9.00000 1.1000000238 2.4916801480    1.099  0.003  3.7602  4.468    1  0.000  0.545     0.00     0.00     0.00     0.00     0.00 -1 -7.44e-14      0.00 6.760e-01 2.947e-01 5.280e-03 1.425e-03 1.293e-02 -1.000 2.937e-02       5756          0          0          0          0      1.013      1.013 4.762 4.637 4.971 4.133 4.637 4.636 4.643 4.636 4.636 4.636 4.636 4.636 4.636 4.636 4.636 4.636 4.636 4.636 4.636 4.636 4.636 4.636 4.636 4.636 4.636 4.636 4.971 4.970 4.978 4.970 4.970 4.970 4.970 4.970 4.970 4.970 4.970 4.970 4.970 4.970 4.970 4.970 4.970 4.970 4.970 4.970 4.970 4.970 4.133 4.133 4.138 4.133 4.133 4.133 4.133 4.133 4.133 4.133 4.133 4.133 4.133 4.133 4.133 4.133 4.133 4.133 4.133 4.133 4.133 4.133
0.03 0.33631 9.00000 1.1200000048 2.4949736735    1.119  0.043  3.7648  4.455    1  0.000  0.545     0.00     0.00     0.00     0.00     0.00 -1 -5.26e-17      0.00 6.764e-01 2.942e-01 5.273e-03 1.423e-03 1.291e-02 -1.000 2.934e-02       5817          0          0          0          0      1.038      1.038 4.662 4.534 4.859 4.040 4.534 4.533 4.540 4.533 4.533 4.533 4.533 4.533 4.533 4.533 4.533 4.533 4.533 4.533 4.533 4.533 4.533 4.533 4.533 4.533 4.533 4.533 4.859 4.858 4.867 4.858 4.858 4.858 4.858 4.858 4.858 4.858 4.858 4.858 4.858 4.858 4.858 4.858 4.858 4.858 4.858 4.858 4.858 4.858 4.040 4.040 4.045 4.040 4.040 4.040 4.040 4.040 4.040 4.040 4.040 4.040 4.040 4.040 4.040 4.040 4.040 4.040 4.040 4.040 4.040 4.040
0.03 0.33631 9.00000 1.1399999857 2.4981346548    1.139  0.082  3.7689  4.439    1  0.000  0.545     0.00     0.00     0.00     0.00     0.00 -1  -3.8e-19      0.00 6.770e-01 2.937e-01 5.265e-03 1.421e-03 1.289e-02 -1.000 2.930e-02       5872          0          0          0          0      1.066      1.066 4.564 4.433 4.750 3.948 4.433 4.433 4.439 4.433 4.433 4.433 4.433 4.433 4.433 4.433 4.433 4.433 4.433 4.433 4.433 4.433 4.433 4.433 4.433 4.433 4.433 4.433 4.750 4.750 4.758 4.750 4.750 4.750 4.750 4.750 4.750 4.750 4.750 4.750 4.750 4.750 4.750 4.750 4.750 4.750 4.750 4.750 4.750 4.750 3.948 3.948 3.953 3.948 3.948 3.948 3.948 3.948 3.948 3.948 3.948 3.948 3.948 3.948 3.948 3.948 3.948 3.948 3.948 3.948 3.948 3.948
0.03 0.33631 9.00000 1.1599999666 2.5011706133    1.159  0.122  3.7732  4.425    1  0.000  0.544     0.00     0.00     0.00     0.00     0.00 -1 -7.52e-15      0.00 6.779e-01 2.929e-01 5.253e-03 1.418e-03 1.286e-02 -1.000 2.923e-02       5931          0          0          0          0      1.094      1.094 4.465 4.332 4.641 3.856 4.332 4.331 4.338 4.331 4.331 4.331 4.331 4.331 4.331 4.331 4.331 4.331 4.331 4.331 4.331 4.331 4.331 4.331 4.331 4.331 4.331 4.331 4.641 4.640 4.648 4.640 4.640 4.640 4.640 4.640 4.640 4.640 4.640 4.640 4.640 4.640 4.640 4.640 4.640 4.640 4.640 4.640 4.640 4.640 3.856 3.856 3.860 3.856 3.856 3.856 3.856 3.856 3.856 3.856 3.856 3.856 3.856 3.856 3.856 3.856 3.856 3.856 3.856 3.856 3.856 3.856
0.03 0.33631 9.00000 1.1799999475 2.5040885241    1.179  0.160  3.7771  4.410    1  0.000  0.544     0.00     0.00     0.00     0.00     0.00 -1  -1.1e-13      0.00 6.787e-01 2.921e-01 5.242e-03 1.415e-03 1.284e-02 -1.000 2.918e-02       5984          0          0          0          0      1.123      1.123 4.370 4.234 4.535 3.766 4.234 4.233 4.240 4.233 4.233 4.233 4.233 4.233 4.233 4.233 4.233 4.233 4.233 4.233 4.233 4.233 4.233 4.233 4.233 4.233 4.233 4.233 4.535 4.535 4.543 4.535 4.535 4.535 4.535 4.535 4.535 4.535 4.535 4.535 4.535 4.535 4.535 4.535 4.535 4.535 4.535 4.535 4.535 4.535 3.766 3.766 3.771 3.766 3.766 3.766 3.766 3.766 3.766 3.766 3.766 3.766 3.766 3.766 3.766 3.766 3.766 3.766 3.766 3.766 3.766 3.766
0.03 0.33631 9.00000 1.2000000477 2.5068948796    1.199  0.197  3.7808  4.395    1  0.000  0.544     0.00     0.00     0.00     0.00     0.00 -1 -1.21e-13      0.00 6.797e-01 2.912e-01 5.229e-03 1.411e-03 1.281e-02 -1.000 2.911e-02       6036          0          0          0          0      1.152      1.152 4.277 4.139 4.433 3.679 4.139 4.139 4.145 4.139 4.139 4.139 4.139 4.139 4.139 4.139 4.139 4.139 4.139 4.139 4.139 4.139 4.139 4.139 4.139 4.139 4.139 4.139 4.433 4.433 4.441 4.433 4.433 4.433 4.433 4.433 4.433 4.433 4.433 4.433 4.433 4.433 4.433 4.433 4.433 4.433 4.433 4.433 4.433 4.433 3.679 3.679 3.684 3.679 3.679 3.679 3.679 3.679 3.679 3.679 3.679 3.679 3.679 3.679 3.679 3.679 3.679 3.679 3.679 3.679 3.679 3.679
0.03 0.33631 9.00000 1.2200000286 2.5095956673    1.219  0.235  3.7849  4.381    1  0.000  0.544     0.00     0.00     0.00     0.00     0.00 -1 -1.33e-13      0.00 6.810e-01 2.900e-01 5.210e-03 1.406e-03 1.276e-02 -1.000 2.901e-02       6092          0          0          0          0       1.18       1.18 4.183 4.043 4.331 3.592 4.043 4.044 4.050 4.044 4.044 4.044 4.044 4.044 4.044 4.044 4.044 4.044 4.044 4.044 4.044 4.044 4.044 4.044 4.044 4.044 4.044 4.044 4.331 4.331 4.338 4.331 4.331 4.331 4.331 4.331 4.331 4.331 4.331 4.331 4.331 4.331 4.331 4.331 4.331 4.331 4.331 4.331 4.331 4.331 3.592 3.593 3.597 3.593 3.593 3.593 3.593 3.593 3.593 3.593 3.593 3.593 3.593 3.593 3.593 3.593 3.593 3.593 3.593 3.593 3.593 3.593
0.03 0.33631 9.00000 1.2400000095 2.5121965087    1.239  0.272  3.7889  4.367    1  0.000  0.544     0.00     0.00     0.00     0.00     0.00 -1 -1.46e-13      0.00 6.826e-01 2.885e-01 5.189e-03 1.401e-03 1.271e-02 -1.000 2.890e-02       6149          0          0          0          0      1.209      1.209 4.090 3.949 4.229 3.507 3.949 3.950 3.956 3.950 3.950 3.950 3.950 3.950 3.950 3.950 3.950 3.950 3.950 3.950 3.950 3.950 3.950 3.950 3.950 3.950 3.950 3.950 4.229 4.229 4.237 4.229 4.229 4.229 4.229 4.229 4.229 4.229 4.229 4.229 4.229 4.229 4.229 4.229 4.229 4.229 4.229 4.229 4.229 4.229 3.507 3.508 3.512 3.508 3.508 3.508 3.508 3.508 3.508 3.508 3.508 3.508 3.508 3.508 3.508 3.508 3.508 3.508 3.508 3.508 3.508 3.508
0.03 0.33631 9.00000 1.2599999905 2.5147026262    1.259  0.307  3.7923  4.352    1  0.000  0.544     0.00     0.00     0.00     0.00     0.00 -1  -1.6e-13      0.00 6.843e-01 2.869e-01 5.165e-03 1.394e-03 1.265e-02 -1.000 2.877e-02       6198          0          0          0          0       1.24       1.24 4.002 3.860 4.133 3.425 3.860 3.861 3.867 3.861 3.861 3.861 3.861 3.861 3.861 3.861 3.861 3.861 3.861 3.861 3.861 3.861 3.861 3.861 3.861 3.861 3.861 3.861 4.133 4.134 4.141 4.134 4.134 4.134 4.134 4.134 4.134 4.134 4.134 4.134 4.134 4.134 4.134 4.134 4.134 4.134 4.134 4.134 4.134 4.134 3.425 3.426 3.430 3.426 3.426 3.426 3.426 3.426 3.426 3.426 3.426 3.426 3.426 3.426 3.426 3.426 3.426 3.426 3.426 3.426 3.426 3.426
0.03 0.33631 9.00000 1.2938244343 2.5187389536    1.294  0.378  3.7969  4.312    1  0.000  0.544     0.00     0.00     0.00     0.00     0.00 -1 -1.94e-13      0.00 6.930e-01 2.788e-01 5.050e-03 1.362e-03 1.238e-02 -1.000 2.815e-02       6264          0          0          0          0      1.317      1.317 3.826 3.683 3.947 3.258 3.683 3.684 3.689 3.684 3.684 3.684 3.684 3.684 3.684 3.684 3.684 3.684 3.684 3.684 3.684 3.684 3.684 3.684 3.684 3.684 3.684 3.684 3.947 3.948 3.955 3.948 3.948 3.948 3.948 3.948 3.948 3.948 3.948 3.948 3.948 3.948 3.948 3.948 3.948 3.948 3.948 3.948 3.948 3.948 3.258 3.259 3.263 3.259 3.259 3.259 3.259 3.259 3.259 3.259 3.259 3.259 3.259 3.259 3.259 3.259 3.259 3.259 3.259 3.259 3.259 3.259
0.03 0.33631 9.00000 1.2960209846 2.5189927062    1.296  0.385  3.7976  4.308    1  0.000  0.544     0.00     0.00     0.00     0.00     0.00 -1 -1.99e-13      0.00 6.938e-01 2.781e-01 5.039e-03 1.359e-03 1.236e-02 -1.000 2.810e-02       6274          0          0          0          0      1.324      1.324 3.807 3.663 3.927 3.240 3.663 3.665 3.670 3.665 3.665 3.665 3.665 3.665 3.665 3.665 3.665 3.665 3.665 3.665 3.665 3.665 3.665 3.665 3.665 3.665 3.665 3.665 3.927 3.928 3.935 3.928 3.928 3.928 3.928 3.928 3.928 3.928 3.928 3.928 3.928 3.928 3.928 3.928 3.928 3.928 3.928 3.928 3.928 3.928 3.240 3.242 3.246 3.242 3.242 3.242 3.242 3.242 3.242 3.242 3.242 3.242 3.242 3.242 3.242 3.242 3.242 3.242 3.242 3.242 3.242 3.242
0.03 0.33631 9.00000 1.2974640131 2.5191588718    1.297  0.388  3.7978  4.306    0  0.000  0.544     0.00     0.00     0.00     0.00     0.00 -1    -2e-13      0.00 6.952e-01 2.769e-01 5.019e-03 1.354e-03 1.231e-02 -1.000 2.799e-02       6277          0          0          0          0      1.326      1.326 3.800 3.656 3.919 3.233 3.656 3.657 3.663 3.657 3.657 3.657 3.657 3.657 3.657 3.657 3.657 3.657 3.657 3.657 3.657 3.657 3.657 3.657 3.657 3.657 3.657 3.657 3.919 3.920 3.927 3.920 3.920 3.920 3.920 3.920 3.920 3.920 3.920 3.920 3.920 3.920 3.920 3.920 3.920 3.920 3.920 3.920 3.920 3.920 3.233 3.235 3.239 3.235 3.235 3.235 3.235 3.235 3.235 3.235 3.235 3.235 3.235 3.235 3.235 3.235 3.235 3.235 3.235 3.235 3.235 3.235
0.03 0.33631 9.00000 1.2990947962 2.5193461466    1.299  0.377  3.7974  4.317    0  0.000  0.544     0.00     0.00     0.00     0.00     0.00 -1 -8.11e-15      0.00 6.908e-01 2.809e-01 5.079e-03 1.370e-03 1.245e-02 -1.000 2.831e-02       6272          0          0          0          0      1.312      1.312 3.828 3.685 3.948 3.261 3.685 3.686 3.692 3.686 3.686 3.686 3.686 3.686 3.686 3.686 3.686 3.686 3.686 3.686 3.686 3.686 3.686 3.686 3.686 3.686 3.686 3.686 3.948 3.949 3.957 3.949 3.949 3.949 3.949 3.949 3.949 3.949 3.949 3.949 3.949 3.949 3.949 3.949 3.949 3.949 3.949 3.949 3.949 3.949 3.261 3.262 3.267 3.262 3.262 3.262 3.262 3.262 3.262 3.262 3.262 3.262 3.262 3.262 3.262 3.262 3.262 3.262 3.262 3.262 3.262 3.262
0.03 0.33631 9.00000 1.2999805212 2.5194476345    1.300  0.373  3.7974  4.321    0  0.000  0.544     0.00     0.00     0.00     0.00     0.00 -1 -2.42e-15      0.00 6.888e-01 2.827e-01 5.106e-03 1.378e-03 1.251e-02 -1.000 2.846e-02       6271          0          0          0          0      1.306      1.306 3.838 3.695 3.959 3.272 3.695 3.696 3.702 3.696 3.696 3.696 3.696 3.696 3.696 3.696 3.696 3.696 3.696 3.696 3.696 3.696 3.696 3.696 3.696 3.696 3.696 3.696 3.959 3.960 3.967 3.960 3.960 3.960 3.960 3.960 3.960 3.960 3.960 3.960 3.960 3.960 3.960 3.960 3.960 3.960 3.960 3.960 3.960 3.960 3.272 3.273 3.277 3.273 3.273 3.273 3.273 3.273 3.273 3.273 3.273 3.273 3.273 3.273 3.273 3.273 3.273 3.273 3.273 3.273 3.273 3.273
0.03 0.33631 9.00000 1.2999999523 2.5194498592    1.300  0.373  3.7974  4.321    0  0.000  0.544     0.00     0.00     0.00     0.00     0.00 -1 -2.36e-15      0.00 6.888e-01 2.828e-01 5.107e-03 1.378e-03 1.252e-02 -1.000 2.846e-02       6271          0          0          0          0      1.305      1.305 3.839 3.695 3.959 3.272 3.695 3.696 3.702 3.696 3.696 3.696 3.696 3.696 3.696 3.696 3.696 3.696 3.696 3.696 3.696 3.696 3.696 3.696 3.696 3.696 3.696 3.696 3.959 3.960 3.967 3.960 3.960 3.960 3.960 3.960 3.960 3.960 3.960 3.960 3.960 3.960 3.960 3.960 3.960 3.960 3.960 3.960 3.960 3.960 3.272 3.273 3.277 3.273 3.273 3.273 3.273 3.273 3.273 3.273 3.273 3.273 3.273 3.273 3.273 3.273 3.273 3.273 3.273 3.273 3.273 3.273
0.03 0.33631 9.00000 1.3023592234 2.5197194049    1.302  0.395  3.7987  4.304    0  0.000  0.544     0.00     0.00     0.00     0.00     0.00 -1 -1.85e-13      0.00 6.950e-01 2.770e-01 5.022e-03 1.354e-03 1.231e-02 -1.000 2.800e-02       6290          0          0          0          0      1.331      1.331 3.782 3.638 3.900 3.218 3.638 3.639 3.645 3.639 3.639 3.639 3.639 3.639 3.639 3.639 3.639 3.639 3.639 3.639 3.639 3.639 3.639 3.639 3.639 3.639 3.639 3.639 3.900 3.901 3.908 3.901 3.901 3.901 3.901 3.901 3.901 3.901 3.901 3.901 3.901 3.901 3.901 3.901 3.901 3.901 3.901 3.901 3.901 3.901 3.218 3.219 3.223 3.219 3.219 3.219 3.219 3.219 3.219 3.219 3.219 3.219 3.219 3.219 3.219 3.219 3.219 3.219 3.219 3.219 3.219 3.219
0.03 0.33631 9.00000 1.3024386168 2.5197284560    1.302  0.397  3.7988  4.303    0  0.000  0.544     0.00     0.00     0.00     0.00     0.00 -1 -2.04e-13      0.00 6.953e-01 2.768e-01 5.018e-03 1.353e-03 1.230e-02 -1.000 2.798e-02       6291          0          0          0          0      1.333      1.333 3.779 3.635 3.896 3.214 3.635 3.636 3.642 3.636 3.636 3.636 3.636 3.636 3.636 3.636 3.636 3.636 3.636 3.636 3.636 3.636 3.636 3.636 3.636 3.636 3.636 3.636 3.896 3.897 3.904 3.897 3.897 3.897 3.897 3.897 3.897 3.897 3.897 3.897 3.897 3.897 3.897 3.897 3.897 3.897 3.897 3.897 3.897 3.897 3.214 3.216 3.220 3.216 3.216 3.216 3.216 3.216 3.216 3.216 3.216 3.216 3.216 3.216 3.216 3.216 3.216 3.216 3.216 3.216 3.216 3.216
0.03 0.33631 9.00000 1.3038070202 2.5198842597    1.304  0.398  3.7990  4.303    1  0.000  0.544     0.00     0.00     0.00     0.00     0.00 -1 -2.05e-13      0.00 6.941e-01 2.779e-01 5.036e-03 1.358e-03 1.235e-02 -1.000 2.808e-02       6294          0          0          0          0      1.334      1.334 3.775 3.631 3.892 3.211 3.631 3.632 3.638 3.632 3.632 3.632 3.632 3.632 3.632 3.632 3.632 3.632 3.632 3.632 3.632 3.632 3.632 3.632 3.632 3.632 3.632 3.632 3.892 3.893 3.900 3.893 3.893 3.893 3.893 3.893 3.893 3.893 3.893 3.893 3.893 3.893 3.893 3.893 3.893 3.893 3.893 3.893 3.893 3.893 3.211 3.212 3.216 3.212 3.212 3.212 3.212 3.212 3.212 3.212 3.212 3.212 3.212 3.212 3.212 3.212 3.212 3.212 3.212 3.212 3.212 3.212
0.03 0.33631 9.00000 1.3058621883 2.5201175517    1.306  0.398  3.7988  4.304    1  0.000  0.544     0.00     0.00     0.00     0.00     0.00 -1 -2.05e-13      0.00 6.936e-01 2.783e-01 5.042e-03 1.360e-03 1.236e-02 -1.000 2.811e-02       6292          0          0          0          0      1.335      1.335 3.776 3.632 3.893 3.212 3.632 3.633 3.639 3.633 3.633 3.633 3.633 3.633 3.633 3.633 3.633 3.633 3.633 3.633 3.633 3.633 3.633 3.633 3.633 3.633 3.633 3.633 3.893 3.895 3.902 3.895 3.895 3.895 3.895 3.895 3.895 3.895 3.895 3.895 3.895 3.895 3.895 3.895 3.895 3.895 3.895 3.895 3.895 3.895 3.212 3.213 3.217 3.213 3.213 3.213 3.213 3.213 3.213 3.213 3.213 3.213 3.213 3.213 3.213 3.213 3.213 3.213 3.213 3.213 3.213 3.213
0.03 0.33631 9.00000 1.3200000525 2.5216997940    1.320  0.409  3.8017  4.308    1  0.000  0.544     0.00     0.00     0.00     0.00     0.00 -1 -2.08e-13      0.00 6.916e-01 2.801e-01 5.070e-03 1.370e-03 1.243e-02 -1.000 2.828e-02       6334          0          0          0          0      1.335      1.335 3.748 3.603 3.859 3.189 3.603 3.605 3.610 3.605 3.605 3.605 3.605 3.605 3.605 3.605 3.605 3.605 3.605 3.605 3.605 3.605 3.605 3.605 3.605 3.605 3.605 3.605 3.859 3.861 3.868 3.861 3.861 3.861 3.861 3.861 3.861 3.861 3.861 3.861 3.861 3.861 3.861 3.861 3.861 3.861 3.861 3.861 3.861 3.861 3.189 3.191 3.195 3.191 3.191 3.191 3.191 3.191 3.191 3.191 3.191 3.191 3.191 3.191 3.191 3.191 3.191 3.191 3.191 3.191 3.191 3.191
0.03 0.33631 9.00000 1.3400000334 2.5238726531    1.340  0.442  3.8045  4.294    1  0.000  0.543     0.00     0.00     0.00     0.00     0.00 -1 -2.26e-13      0.00 6.947e-01 2.772e-01 5.031e-03 1.359e-03 1.234e-02 -1.000 2.808e-02       6375          0          0          0          0      1.368      1.368 3.666 3.521 3.772 3.113 3.521 3.523 3.529 3.523 3.523 3.523 3.523 3.523 3.523 3.523 3.523 3.523 3.523 3.523 3.523 3.523 3.523 3.523 3.523 3.523 3.523 3.523 3.772 3.774 3.781 3.774 3.774 3.774 3.774 3.774 3.774 3.774 3.774 3.774 3.774 3.774 3.774 3.774 3.774 3.774 3.774 3.774 3.774 3.774 3.113 3.115 3.119 3.115 3.115 3.115 3.115 3.115 3.115 3.115 3.115 3.115 3.115 3.115 3.115 3.115 3.115 3.115 3.115 3.115 3.115 3.115
0.03 0.33631 9.00000 1.3696091175 2.5269558695    1.370  0.494  3.8079  4.264    1  0.000  0.543     0.00     0.00     0.00     0.00     0.00 -1 -2.61e-13      0.00 7.022e-01 2.702e-01 4.938e-03 1.335e-03 1.213e-02 -1.000 2.760e-02       6424          0          0          0          0      1.433      1.433 3.535 3.389 3.634 2.989 3.389 3.391 3.397 3.391 3.391 3.391 3.391 3.391 3.391 3.391 3.391 3.391 3.391 3.391 3.391 3.391 3.391 3.391 3.391 3.391 3.391 3.391 3.634 3.636 3.643 3.636 3.636 3.636 3.636 3.636 3.636 3.636 3.636 3.636 3.636 3.636 3.636 3.636 3.636 3.636 3.636 3.636 3.636 3.636 2.989 2.991 2.995 2.991 2.991 2.991 2.991 2.991 2.991 2.991 2.991 2.991 2.991 2.991 2.991 2.991 2.991 2.991 2.991 2.991 2.991 2.991
0.03 0.33631 9.00000 1.3788787127 2.5278898761    1.379  0.512  3.8102  4.258    0  0.000  0.542     0.00     0.00     0.00     0.00     0.00 -1 -2.73e-13      0.00 7.083e-01 2.644e-01 4.863e-03 1.315e-03 1.195e-02 -1.000 2.721e-02       6459          0          0          0          0      1.445      1.445 3.489 3.344 3.585 2.949 3.344 3.346 3.351 3.346 3.346 3.346 3.346 3.346 3.346 3.346 3.346 3.346 3.346 3.346 3.346 3.346 3.346 3.346 3.346 3.346 3.346 3.346 3.585 3.586 3.593 3.586 3.586 3.586 3.586 3.586 3.586 3.586 3.586 3.586 3.586 3.586 3.586 3.586 3.586 3.586 3.586 3.586 3.586 3.586 2.949 2.951 2.955 2.951 2.951 2.951 2.951 2.951 2.951 2.951 2.951 2.951 2.951 2.951 2.951 2.951 2.951 2.951 2.951 2.951 2.951 2.951
0.03 0.33631 9.00000 1.3790832758 2.5279103252    1.379  0.511  3.8103  4.260    0  0.000  0.542     0.00     0.00     0.00     0.00     0.00 -1 -2.36e-13      0.00 7.075e-01 2.653e-01 4.874e-03 1.318e-03 1.198e-02 -1.000 2.727e-02       6460          0          0          0          0      1.442      1.442 3.493 3.347 3.588 2.952 3.347 3.349 3.355 3.349 3.349 3.349 3.349 3.349 3.349 3.349 3.349 3.349 3.349 3.349 3.349 3.349 3.349 3.349 3.349 3.349 3.349 3.349 3.588 3.590 3.597 3.590 3.590 3.590 3.590 3.590 3.590 3.590 3.590 3.590 3.590 3.590 3.590 3.590 3.590 3.590 3.590 3.590 3.590 3.590 2.952 2.954 2.958 2.954 2.954 2.954 2.954 2.954 2.954 2.954 2.954 2.954 2.954 2.954 2.954 2.954 2.954 2.954 2.954 2.954 2.954 2.954
0.03 0.33631 9.00000 1.3799999952 2.5280018789    1.380  0.506  3.8107  4.267    0  0.000  0.543     0.00     0.00     0.00     0.00     0.00 -1 -2.67e-13      0.00 7.038e-01 2.687e-01 4.922e-03 1.331e-03 1.209e-02 -1.000 2.752e-02       6465          0          0          0          0      1.432      1.432 3.505 3.360 3.600 2.966 3.360 3.362 3.368 3.362 3.362 3.362 3.362 3.362 3.362 3.362 3.362 3.362 3.362 3.362 3.362 3.362 3.362 3.362 3.362 3.362 3.362 3.362 3.600 3.602 3.609 3.602 3.602 3.602 3.602 3.602 3.602 3.602 3.602 3.602 3.602 3.602 3.602 3.602 3.602 3.602 3.602 3.602 3.602 3.602 2.966 2.968 2.972 2.968 2.968 2.968 2.968 2.968 2.968 2.968 2.968 2.968 2.968 2.968 2.968 2.968 2.968 2.968 2.968 2.968 2.968 2.968
0.03 0.33631 9.00000 1.3810747862 2.5281090415    1.381  0.516  3.8106  4.257    0  0.000  0.542     0.00     0.00     0.00     0.00     0.00 -1 -2.76e-13      0.00 7.084e-01 2.644e-01 4.862e-03 1.315e-03 1.195e-02 -1.000 2.720e-02       6465          0          0          0          0      1.448      1.448 3.481 3.335 3.576 2.941 3.335 3.337 3.343 3.337 3.337 3.337 3.337 3.337 3.337 3.337 3.337 3.337 3.337 3.337 3.337 3.337 3.337 3.337 3.337 3.337 3.337 3.337 3.576 3.577 3.584 3.577 3.577 3.577 3.577 3.577 3.577 3.577 3.577 3.577 3.577 3.577 3.577 3.577 3.577 3.577 3.577 3.577 3.577 3.577 2.941 2.943 2.947 2.943 2.943 2.943 2.943 2.943 2.943 2.943 2.943 2.943 2.943 2.943 2.943 2.943 2.943 2.943 2.943 2.943 2.943 2.943
0.03 0.33631 9.00000 1.3892953396 2.5289223732    1.389  0.526  3.8109  4.251    1  0.000  0.542     0.00     0.00     0.00     0.00     0.00 -1 -2.83e-13      0.00 7.055e-01 2.671e-01 4.900e-03 1.325e-03 1.205e-02 -1.000 2.741e-02       6469          0          0          0          0      1.464      1.464 3.456 3.311 3.550 2.917 3.311 3.313 3.318 3.313 3.313 3.313 3.313 3.313 3.313 3.313 3.313 3.313 3.313 3.313 3.313 3.313 3.313 3.313 3.313 3.313 3.313 3.313 3.550 3.552 3.559 3.552 3.552 3.552 3.552 3.552 3.552 3.552 3.552 3.552 3.552 3.552 3.552 3.552 3.552 3.552 3.552 3.552 3.552 3.552 2.917 2.919 2.923 2.919 2.919 2.919 2.919 2.919 2.919 2.919 2.919 2.919 2.919 2.919 2.919 2.919 2.919 2.919 2.919 2.919 2.919 2.919
0.03 0.33631 9.00000 1.4111002684 2.5310270340    1.411  0.558  3.8131  4.233    0  0.000  0.542     0.00     0.00     0.00     0.00     0.00 -1  -3.1e-13      0.00 7.083e-01 2.644e-01 4.875e-03 1.319e-03 1.199e-02 -1.000 2.730e-02       6501          0          0          0          0      1.507      1.507 3.374 3.228 3.464 2.840 3.228 3.230 3.236 3.230 3.230 3.230 3.230 3.230 3.230 3.230 3.230 3.230 3.230 3.230 3.230 3.230 3.230 3.230 3.230 3.230 3.230 3.230 3.464 3.466 3.473 3.466 3.466 3.466 3.466 3.466 3.466 3.466 3.466 3.466 3.466 3.466 3.466 3.466 3.466 3.466 3.466 3.466 3.466 3.466 2.840 2.842 2.846 2.842 2.842 2.842 2.842 2.842 2.842 2.842 2.842 2.842 2.842 2.842 2.842 2.842 2.842 2.842 2.842 2.842 2.842 2.842
0.03 0.33631 9.00000 1.4190479517 2.5317756903    1.419  0.573  3.8154  4.231    0  0.000  0.541     0.00     0.00     0.00     0.00     0.00 -1  -3.2e-13      0.00 7.147e-01 2.583e-01 4.813e-03 1.303e-03 1.186e-02 -1.000 2.701e-02       6537          0          0          0          0      1.513      1.513 3.337 3.192 3.424 2.809 3.192 3.194 3.200 3.194 3.194 3.194 3.194 3.194 3.194 3.194 3.194 3.194 3.194 3.194 3.194 3.194 3.194 3.194 3.194 3.194 3.194 3.194 3.424 3.426 3.433 3.426 3.426 3.426 3.426 3.426 3.426 3.426 3.426 3.426 3.426 3.426 3.426 3.426 3.426 3.426 3.426 3.426 3.426 3.426 2.809 2.811 2.815 2.811 2.811 2.811 2.811 2.811 2.811 2.811 2.811 2.811 2.811 2.811 2.811 2.811 2.811 2.811 2.811 2.811 2.811 2.811
0.03 0.33631 9.00000 1.4199999571 2.5318647212    1.420  0.567  3.8163  4.240    0  0.000  0.542     0.00     0.00     0.00     0.00     0.00 -1 -3.12e-13      0.00 7.114e-01 2.614e-01 4.853e-03 1.314e-03 1.195e-02 -1.000 2.721e-02       6550          0          0          0          0      1.497      1.497 3.351 3.206 3.436 2.825 3.206 3.208 3.214 3.208 3.208 3.208 3.208 3.208 3.208 3.208 3.208 3.208 3.208 3.208 3.208 3.208 3.208 3.208 3.208 3.208 3.208 3.208 3.436 3.438 3.445 3.438 3.438 3.438 3.438 3.438 3.438 3.438 3.438 3.438 3.438 3.438 3.438 3.438 3.438 3.438 3.438 3.438 3.438 3.438 2.825 2.827 2.831 2.827 2.827 2.827 2.827 2.827 2.827 2.827 2.827 2.827 2.827 2.827 2.827 2.827 2.827 2.827 2.827 2.827 2.827 2.827
0.03 0.33631 9.00000 1.4209163189 2.5319502892    1.421  0.576  3.8157  4.230    0  0.000  0.541     0.00     0.00     0.00     0.00     0.00 -1 -3.22e-13      0.00 7.147e-01 2.583e-01 4.812e-03 1.303e-03 1.186e-02 -1.000 2.700e-02       6541          0          0          0          0      1.515      1.515 3.330 3.185 3.416 2.803 3.185 3.187 3.193 3.187 3.187 3.187 3.187 3.187 3.187 3.187 3.187 3.187 3.187 3.187 3.187 3.187 3.187 3.187 3.187 3.187 3.187 3.187 3.416 3.418 3.425 3.418 3.418 3.418 3.418 3.418 3.418 3.418 3.418 3.418 3.418 3.418 3.418 3.418 3.418 3.418 3.418 3.418 3.418 3.418 2.803 2.805 2.809 2.805 2.805 2.805 2.805 2.805 2.805 2.805 2.805 2.805 2.805 2.805 2.805 2.805 2.805 2.805 2.805 2.805 2.805 2.805
0.03 0.33631 9.00000 1.4244920015 2.5322829687    1.425  0.580  3.8153  4.225    0  0.000  0.541     0.00     0.00     0.00     0.00     0.00 -1 -3.28e-13      0.00 7.120e-01 2.608e-01 4.841e-03 1.310e-03 1.192e-02 -1.000 2.714e-02       6536          0          0          0          0      1.527      1.527 3.319 3.174 3.405 2.790 3.174 3.176 3.181 3.176 3.176 3.176 3.176 3.176 3.176 3.176 3.176 3.176 3.176 3.176 3.176 3.176 3.176 3.176 3.176 3.176 3.176 3.176 3.405 3.407 3.414 3.407 3.407 3.407 3.407 3.407 3.407 3.407 3.407 3.407 3.407 3.407 3.407 3.407 3.407 3.407 3.407 3.407 3.407 3.407 2.790 2.792 2.796 2.792 2.792 2.792 2.792 2.792 2.792 2.792 2.792 2.792 2.792 2.792 2.792 2.792 2.792 2.792 2.792 2.792 2.792 2.792
0.03 0.33631 9.00000 1.4391899109 2.5336305090    1.439  0.597  3.8189  4.227    1  0.000  0.541     0.00     0.00     0.00     0.00     0.00 -1 -3.38e-13      0.00 7.119e-01 2.606e-01 4.886e-03 1.324e-03 1.205e-02 -1.000 2.745e-02       6590          0          0          0          0       1.53       1.53 3.278 3.133 3.359 2.758 3.133 3.135 3.141 3.135 3.135 3.135 3.135 3.135 3.135 3.135 3.135 3.135 3.135 3.135 3.135 3.135 3.135 3.135 3.135 3.135 3.135 3.135 3.359 3.360 3.367 3.360 3.360 3.360 3.360 3.360 3.360 3.360 3.360 3.360 3.360 3.360 3.360 3.360 3.360 3.360 3.360 3.360 3.360 3.360 2.758 2.760 2.764 2.760 2.760 2.760 2.760 2.760 2.760 2.760 2.760 2.760 2.760 2.760 2.760 2.760 2.760 2.760 2.760 2.760 2.760 2.760
0.03 0.33631 9.00000 1.4400000572 2.5337038658    1.440  0.598  3.8192  4.227    1  0.000  0.541     0.00     0.00     0.00     0.00     0.00 -1 -3.38e-13      0.00 7.120e-01 2.605e-01 4.885e-03 1.323e-03 1.205e-02 -1.000 2.744e-02       6593          0          0          0          0       1.53       1.53 3.276 3.131 3.356 2.756 3.131 3.133 3.138 3.133 3.133 3.133 3.133 3.133 3.133 3.133 3.133 3.133 3.133 3.133 3.133 3.133 3.133 3.133 3.133 3.133 3.133 3.133 3.356 3.358 3.365 3.358 3.358 3.358 3.358 3.358 3.358 3.358 3.358 3.358 3.358 3.358 3.358 3.358 3.358 3.358 3.358 3.358 3.358 3.358 2.756 2.758 2.762 2.758 2.758 2.758 2.758 2.758 2.758 2.758 2.758 2.758 2.758 2.758 2.758 2.758 2.758 2.758 2.758 2.758 2.758 2.758
0.03 0.33631 9.00000 1.4600000381 2.5354851738    1.460  0.626  3.8210  4.212    1  0.000  0.541     0.00     0.00     0.00     0.00     0.00 -1 -3.64e-13      0.00 7.079e-01 2.645e-01 4.912e-03 1.330e-03 1.209e-02 -1.000 2.754e-02       6621          0          0          0          0      1.569      1.569 3.205 3.060 3.281 2.689 3.060 3.062 3.067 3.062 3.062 3.062 3.062 3.062 3.062 3.062 3.062 3.062 3.062 3.062 3.062 3.062 3.062 3.062 3.062 3.062 3.062 3.062 3.281 3.283 3.290 3.283 3.283 3.283 3.283 3.283 3.283 3.283 3.283 3.283 3.283 3.283 3.283 3.283 3.283 3.283 3.283 3.283 3.283 3.283 2.689 2.691 2.695 2.691 2.691 2.691 2.691 2.691 2.691 2.691 2.691 2.691 2.691 2.691 2.691 2.691 2.691 2.691 2.691 2.691 2.691 2.691
0.03 0.33631 9.00000 1.4799997807 2.5372112094    1.480  0.654  3.8245  4.205    1  0.000  0.543     0.00     0.00     0.00     0.00     0.00 -1 -3.89e-13      0.00 6.887e-01 2.826e-01 5.143e-03 1.390e-03 1.262e-02 -1.000 2.872e-02       6676          0          0          0          0      1.593      1.593 3.136 2.992 3.208 2.629 2.992 2.994 2.999 2.994 2.994 2.994 2.994 2.994 2.994 2.994 2.994 2.994 2.994 2.994 2.994 2.994 2.994 2.994 2.994 2.994 2.994 2.994 3.208 3.210 3.216 3.210 3.210 3.210 3.210 3.210 3.210 3.210 3.210 3.210 3.210 3.210 3.210 3.210 3.210 3.210 3.210 3.210 3.210 3.210 2.629 2.631 2.635 2.631 2.631 2.631 2.631 2.631 2.631 2.631 2.631 2.631 2.631 2.631 2.631 2.631 2.631 2.631 2.631 2.631 2.631 2.631
0.03 0.33631 9.00000 1.5000000000 2.5388844597    1.500  0.681  3.8281  4.197    1  0.000  0.545     0.00     0.00     0.00     0.00     0.00 -1 -4.15e-13      0.00 6.680e-01 3.020e-01 5.394e-03 1.455e-03 1.320e-02 -1.000 3.000e-02       6731          0          0          0          0      1.617      1.617 3.066 2.923 3.133 2.569 2.923 2.926 2.931 2.926 2.926 2.926 2.926 2.926 2.926 2.926 2.926 2.926 2.926 2.926 2.926 2.926 2.926 2.926 2.926 2.926 2.926 2.926 3.133 3.135 3.142 3.135 3.135 3.135 3.135 3.135 3.135 3.135 3.135 3.135 3.135 3.135 3.135 3.135 3.135 3.135 3.135 3.135 3.135 3.135 2.569 2.571 2.575 2.571 2.571 2.571 2.571 2.571 2.571 2.571 2.571 2.571 2.571 2.571 2.571 2.571 2.571 2.571 2.571 2.571 2.571 2.571
0.03 0.33631 9.00000 1.5501365662 2.5428615679    1.550  0.749  3.8340  4.167    1  0.000  0.545     0.00     0.00     0.00     0.00     0.00 -1 -4.94e-13      0.00 6.680e-01 3.020e-01 5.394e-03 1.455e-03 1.320e-02 -1.000 3.000e-02       6823          0          0          0          0      1.703      1.703 2.898 2.756 2.955 2.415 2.756 2.758 2.763 2.758 2.758 2.758 2.758 2.758 2.758 2.758 2.758 2.758 2.758 2.758 2.758 2.758 2.758 2.758 2.758 2.758 2.758 2.758 2.955 2.957 2.964 2.957 2.957 2.957 2.957 2.957 2.957 2.957 2.957 2.957 2.957 2.957 2.957 2.957 2.957 2.957 2.957 2.957 2.957 2.957 2.415 2.417 2.421 2.417 2.417 2.417 2.417 2.417 2.417 2.417 2.417 2.417 2.417 2.417 2.417 2.417 2.417 2.417 2.417 2.417 2.417 2.417
0.03 0.33631 9.00000 1.6000000238 2.5465340628    1.599  0.814  3.8384  4.134    1  0.000  0.545     0.00     0.00     0.00     0.00     0.00 -1 -5.86e-13      0.00 6.680e-01 3.020e-01 5.394e-03 1.455e-03 1.320e-02 -1.000 3.000e-02       6892          0          0          0          0      1.796      1.796 2.736 2.595 2.786 2.265 2.595 2.597 2.602 2.597 2.597 2.597 2.597 2.597 2.597 2.597 2.597 2.597 2.597 2.597 2.597 2.597 2.597 2.597 2.597 2.597 2.597 2.597 2.786 2.788 2.795 2.788 2.788 2.788 2.788 2.788 2.788 2.788 2.788 2.788 2.788 2.788 2.788 2.788 2.788 2.788 2.788 2.788 2.788 2.788 2.265 2.267 2.271 2.267 2.267 2.267 2.267 2.267 2.267 2.267 2.267 2.267 2.267 2.267 2.267 2.267 2.267 2.267 2.267 2.267 2.267 2.267
0.03 0.33631 9.00000 1.6250301600 2.5482801556    1.624  0.845  3.8410  4.119    1  0.000  0.545     0.00     0.00     0.00     0.00     0.00 -1 -6.36e-13      0.00 6.680e-01 3.020e-01 5.394e-03 1.455e-03 1.320e-02 -1.000 3.000e-02       6935          0          0          0          0       1.84       1.84 2.657 2.516 2.703 2.194 2.516 2.518 2.524 2.518 2.518 2.518 2.518 2.518 2.518 2.518 2.518 2.518 2.518 2.518 2.518 2.518 2.518 2.518 2.518 2.518 2.518 2.518 2.703 2.705 2.712 2.705 2.705 2.705 2.705 2.705 2.705 2.705 2.705 2.705 2.705 2.705 2.705 2.705 2.705 2.705 2.705 2.705 2.705 2.705 2.194 2.196 2.199 2.196 2.196 2.196 2.196 2.196 2.196 2.196 2.196 2.196 2.196 2.196 2.196 2.196 2.196 2.196 2.196 2.196 2.196 2.196
0.03 0.33631 9.00000 1.7000000477 2.5531580802    1.698  0.937  3.8466  4.069    1  0.000  0.545     0.00     0.00     0.00     0.00     0.00 -1 -8.14e-13      0.00 6.680e-01 3.020e-01 5.394e-03 1.455e-03 1.320e-02 -1.000 3.000e-02       7023          0          0          0          0      1.994      1.994 2.426 2.286 2.461 1.981 2.286 2.288 2.293 2.288 2.288 2.288 2.288 2.288 2.288 2.288 2.288 2.288 2.288 2.288 2.288 2.288 2.288 2.288 2.288 2.288 2.288 2.288 2.461 2.463 2.470 2.463 2.463 2.463 2.463 2.463 2.463 2.463 2.463 2.463 2.463 2.463 2.463 2.463 2.463 2.463 2.463 2.463 2.463 2.463 1.981 1.982 1.986 1.982 1.982 1.982 1.982 1.982 1.982 1.982 1.982 1.982 1.982 1.982 1.982 1.982 1.982 1.982 1.982 1.982 1.982 1.982
0.03 0.33631 9.00000 1.7057015896 2.5535089269    1.704  0.944  3.8471  4.065    1  0.000  0.545     0.00     0.00     0.00     0.00     0.00 -1 -8.29e-13      0.00 6.680e-01 3.020e-01 5.394e-03 1.455e-03 1.320e-02 -1.000 3.000e-02       7032          0          0          0          0      2.005      2.005 2.409 2.269 2.443 1.965 2.269 2.270 2.276 2.270 2.270 2.270 2.270 2.270 2.270 2.270 2.270 2.270 2.270 2.270 2.270 2.270 2.270 2.270 2.270 2.270 2.270 2.270 2.443 2.444 2.451 2.444 2.444 2.444 2.444 2.444 2.444 2.444 2.444 2.444 2.444 2.444 2.444 2.444 2.444 2.444 2.444 2.444 2.444 2.444 1.965 1.967 1.970 1.967 1.967 1.967 1.967 1.967 1.967 1.967 1.967 1.967 1.967 1.967 1.967 1.967 1.967 1.967 1.967 1.967 1.967 1.967
0.03 0.33631 9.00000 1.7733763456 2.5574759596    1.771  1.026  3.8517  4.019    1  0.000  0.545     0.00     0.00     0.00     0.00     0.00 -1 -1.04e-12      0.00 6.680e-01 3.020e-01 5.394e-03 1.455e-03 1.320e-02 -1.000 3.000e-02       7107          0          0          0          0      2.157      2.157 2.205 2.065 2.230 1.776 2.065 2.066 2.072 2.066 2.066 2.066 2.066 2.066 2.066 2.066 2.066 2.066 2.066 2.066 2.066 2.066 2.066 2.066 2.066 2.066 2.066 2.066 2.230 2.231 2.238 2.231 2.231 2.231 2.231 2.231 2.231 2.231 2.231 2.231 2.231 2.231 2.231 2.231 2.231 2.231 2.231 2.231 2.231 2.231 1.776 1.778 1.781 1.778 1.778 1.778 1.778 1.778 1.778 1.778 1.778 1.778 1.778 1.778 1.778 1.778 1.778 1.778 1.778 1.778 1.778 1.778
0.03 0.33631 9.00000 1.7999998331 2.5589429021    1.797  1.058  3.8527  3.998    1  0.000  0.545     0.00     0.00     0.00     0.00     0.00 -1 -1.13e-12      0.00 6.680e-01 3.020e-01 5.394e-03 1.455e-03 1.320e-02 -1.000 3.000e-02       7123          0          0          0          0      2.226      2.226 2.126 1.985 2.148 1.700 1.985 1.987 1.992 1.987 1.987 1.987 1.987 1.987 1.987 1.987 1.987 1.987 1.987 1.987 1.987 1.987 1.987 1.987 1.987 1.987 1.987 1.987 2.148 2.149 2.156 2.149 2.149 2.149 2.149 2.149 2.149 2.149 2.149 2.149 2.149 2.149 2.149 2.149 2.149 2.149 2.149 2.149 2.149 2.149 1.700 1.701 1.705 1.701 1.701 1.701 1.701 1.701 1.701 1.701 1.701 1.701 1.701 1.701 1.701 1.701 1.701 1.701 1.701 1.701 1.701 1.701
0.03 0.33631 9.00000 1.8484640121 2.5614889316    1.845  1.115  3.8546  3.959    1  0.000  0.545     0.00     0.00     0.00     0.00     0.00 -1 -1.33e-12      0.00 6.680e-01 3.020e-01 5.394e-03 1.455e-03 1.320e-02 -1.000 3.000e-02       7154          0          0          0          0      2.358      2.358 1.982 1.842 2.000 1.562 1.842 1.843 1.848 1.843 1.843 1.843 1.843 1.843 1.843 1.843 1.843 1.843 1.843 1.843 1.843 1.843 1.843 1.843 1.843 1.843 1.843 1.843 2.000 2.001 2.008 2.001 2.001 2.001 2.001 2.001 2.001 2.001 2.001 2.001 2.001 2.001 2.001 2.001 2.001 2.001 2.001 2.001 2.001 2.001 1.562 1.563 1.567 1.563 1.563 1.563 1.563 1.563 1.563 1.563 1.563 1.563 1.563 1.563 1.563 1.563 1.563 1.563 1.563 1.563 1.563 1.563
0.03 0.33631 9.00000 1.8499999046 2.5615671142    1.847  1.117  3.8546  3.958    1  0.000  0.545     0.00     0.00     0.00     0.00     0.00 -1 -1.34e-12      0.00 6.680e-01 3.020e-01 5.394e-03 1.455e-03 1.320e-02 -1.000 3.000e-02       7154          0          0          0          0      2.363      2.363 1.978 1.837 1.995 1.558 1.837 1.838 1.844 1.838 1.838 1.838 1.838 1.838 1.838 1.838 1.838 1.838 1.838 1.838 1.838 1.838 1.838 1.838 1.838 1.838 1.838 1.838 1.995 1.997 2.003 1.997 1.997 1.997 1.997 1.997 1.997 1.997 1.997 1.997 1.997 1.997 1.997 1.997 1.997 1.997 1.997 1.997 1.997 1.997 1.558 1.559 1.562 1.559 1.559 1.559 1.559 1.559 1.559 1.559 1.559 1.559 1.559 1.559 1.559 1.559 1.559 1.559 1.559 1.559 1.559 1.559
0.03 0.33631 9.00000 1.8923228979 2.5636642208    1.889  1.166  3.8552  3.921    1  0.000  0.545     0.00     0.00     0.00     0.00     0.00 -1 -1.55e-12      0.00 6.680e-01 3.020e-01 5.394e-03 1.455e-03 1.320e-02 -1.000 3.000e-02       7164          0          0          0          0      2.495      2.495 1.854 1.712 1.869 1.436 1.712 1.714 1.719 1.714 1.714 1.714 1.714 1.714 1.714 1.714 1.714 1.714 1.714 1.714 1.714 1.714 1.714 1.714 1.714 1.714 1.714 1.714 1.869 1.870 1.877 1.870 1.870 1.870 1.870 1.870 1.870 1.870 1.870 1.870 1.870 1.870 1.870 1.870 1.870 1.870 1.870 1.870 1.870 1.870 1.436 1.437 1.440 1.437 1.437 1.437 1.437 1.437 1.437 1.437 1.437 1.437 1.437 1.437 1.437 1.437 1.437 1.437 1.437 1.437 1.437 1.437
0.03 0.33631 9.00000 1.8999998569 2.5640331203    1.897  1.175  3.8550  3.913    1  0.000  0.545     0.00     0.00     0.00     0.00     0.00 -1 -1.59e-12      0.00 6.680e-01 3.020e-01 5.394e-03 1.455e-03 1.320e-02 -1.000 3.000e-02       7162          0          0          0          0      2.522      2.522 1.832 1.690 1.846 1.413 1.690 1.691 1.696 1.691 1.691 1.691 1.691 1.691 1.691 1.691 1.691 1.691 1.691 1.691 1.691 1.691 1.691 1.691 1.691 1.691 1.691 1.691 1.846 1.848 1.854 1.848 1.848 1.848 1.848 1.848 1.848 1.848 1.848 1.848 1.848 1.848 1.848 1.848 1.848 1.848 1.848 1.848 1.848 1.848 1.413 1.414 1.418 1.414 1.414 1.414 1.414 1.414 1.414 1.414 1.414 1.414 1.414 1.414 1.414 1.414 1.414 1.414 1.414 1.414 1.414 1.414
0.03 0.33631 9.00000 1.9223617315 2.5650883881    1.920  1.201  3.8544  3.890    1  0.000  0.545     0.00     0.00     0.00     0.00     0.00 -1 -1.73e-12      0.00 6.680e-01 3.020e-01 5.394e-03 1.455e-03 1.320e-02 -1.000 3.000e-02       7152          0          0          0          0      2.604      2.604 1.768 1.625 1.783 1.347 1.625 1.626 1.632 1.626 1.626 1.626 1.626 1.626 1.626 1.626 1.626 1.626 1.626 1.626 1.626 1.626 1.626 1.626 1.626 1.626 1.626 1.626 1.783 1.784 1.790 1.784 1.784 1.784 1.784 1.784 1.784 1.784 1.784 1.784 1.784 1.784 1.784 1.784 1.784 1.784 1.784 1.784 1.784 1.784 1.347 1.349 1.352 1.349 1.349 1.349 1.349 1.349 1.349 1.349 1.349 1.349 1.349 1.349 1.349 1.349 1.349 1.349 1.349 1.349 1.349 1.349
0.03 0.33631 9.00000 1.9500000477 2.5663542714    1.948  1.232  3.8528  3.859    1  0.000  0.545     0.00     0.00     0.00     0.00     0.00 -1 -1.91e-12      0.00 6.680e-01 3.020e-01 5.394e-03 1.455e-03 1.320e-02 -1.000 3.000e-02       7124          0          0          0          0       2.72       2.72 1.690 1.546 1.706 1.264 1.546 1.547 1.553 1.547 1.547 1.547 1.547 1.547 1.547 1.547 1.547 1.547 1.547 1.547 1.547 1.547 1.547 1.547 1.547 1.547 1.547 1.547 1.706 1.707 1.714 1.707 1.707 1.707 1.707 1.707 1.707 1.707 1.707 1.707 1.707 1.707 1.707 1.707 1.707 1.707 1.707 1.707 1.707 1.707 1.264 1.265 1.268 1.265 1.265 1.265 1.265 1.265 1.265 1.265 1.265 1.265 1.265 1.265 1.265 1.265 1.265 1.265 1.265 1.265 1.265 1.265
0.03 0.33631 9.00000 1.9522101879 2.5664537212    1.950  1.234  3.8526  3.856    1  0.000  0.545     0.00     0.00     0.00     0.00     0.00 -1 -1.92e-12      0.00 6.680e-01 3.020e-01 5.394e-03 1.455e-03 1.320e-02 -1.000 3.000e-02       7121          0          0          0          0       2.73       2.73 1.684 1.540 1.700 1.257 1.540 1.541 1.546 1.541 1.541 1.541 1.541 1.541 1.541 1.541 1.541 1.541 1.541 1.541 1.541 1.541 1.541 1.541 1.541 1.541 1.541 1.541 1.700 1.701 1.708 1.701 1.701 1.701 1.701 1.701 1.701 1.701 1.701 1.701 1.701 1.701 1.701 1.701 1.701 1.701 1.701 1.701 1.701 1.701 1.257 1.258 1.262 1.258 1.258 1.258 1.258 1.258 1.258 1.258 1.258 1.258 1.258 1.258 1.258 1.258 1.258 1.258 1.258 1.258 1.258 1.258
0.03 0.33631 9.00000 1.9759352207 2.5675051848    1.974  1.260  3.8504  3.827    1  0.000  0.545     0.00     0.00     0.00     0.00     0.00 -1  -2.1e-12      0.00 6.680e-01 3.020e-01 5.394e-03 1.455e-03 1.320e-02 -1.000 3.000e-02       7085          0          0          0          0      2.841      2.841 1.620 1.474 1.638 1.185 1.474 1.475 1.481 1.475 1.475 1.475 1.475 1.475 1.475 1.475 1.475 1.475 1.475 1.475 1.475 1.475 1.475 1.475 1.475 1.475 1.475 1.475 1.638 1.640 1.647 1.640 1.640 1.640 1.640 1.640 1.640 1.640 1.640 1.640 1.640 1.640 1.640 1.640 1.640 1.640 1.640 1.640 1.640 1.640 1.185 1.186 1.190 1.186 1.186 1.186 1.186 1.186 1.186 1.186 1.186 1.186 1.186 1.186 1.186 1.186 1.186 1.186 1.186 1.186 1.186 1.186
0.03 0.33631 9.00000 1.9972240925 2.5684242671    1.996  1.283  3.8477  3.798    1  0.000  0.545     0.00     0.00     0.00     0.00     0.00 -1 -2.27e-12      0.00 6.680e-01 3.020e-01 5.394e-03 1.455e-03 1.320e-02 -1.000 3.000e-02       7042          0          0          0          0      2.952      2.952 1.563 1.416 1.586 1.119 1.416 1.418 1.423 1.418 1.418 1.418 1.418 1.418 1.418 1.418 1.418 1.418 1.418 1.418 1.418 1.418 1.418 1.418 1.418 1.418 1.418 1.418 1.586 1.587 1.594 1.587 1.587 1.587 1.587 1.587 1.587 1.587 1.587 1.587 1.587 1.587 1.587 1.587 1.587 1.587 1.587 1.587 1.587 1.587 1.119 1.121 1.124 1.121 1.121 1.121 1.121 1.121 1.121 1.121 1.121 1.121 1.121 1.121 1.121 1.121 1.121 1.121 1.121 1.121 1.121 1.121
0.03 0.33631 9.00000 2.0000000000 2.5685424513    1.999  1.286  3.8473  3.794    1  0.000  0.545     0.00     0.00     0.00     0.00     0.00 -1  -2.3e-12      0.00 6.680e-01 3.020e-01 5.394e-03 1.455e-03 1.320e-02 -1.000 3.000e-02       7035          0          0          0          0      2.967      2.967 1.556 1.409 1.579 1.111 1.409 1.410 1.416 1.410 1.410 1.410 1.410 1.410 1.410 1.410 1.410 1.410 1.410 1.410 1.410 1.410 1.410 1.410 1.410 1.410 1.410 1.410 1.579 1.581 1.588 1.581 1.581 1.581 1.581 1.581 1.581 1.581 1.581 1.581 1.581 1.581 1.581 1.581 1.581 1.581 1.581 1.581 1.581 1.581 1.111 1.112 1.116 1.112 1.112 1.112 1.112 1.112 1.112 1.112 1.112 1.112 1.112 1.112 1.112 1.112 1.112 1.112 1.112 1.112 1.112 1.112
0.03 0.33631 9.00000 2.0089585781 2.5689213018    2.008  1.296  3.8465  3.783    1  0.000  0.545     0.00     0.00     0.00     0.00     0.00 -1 -2.38e-12      0.00 6.680e-01 3.020e-01 5.394e-03 1.455e-03 1.320e-02 -1.000 3.000e-02       7021          0          0          0          0      3.014      3.014 1.531 1.383 1.555 1.082 1.383 1.384 1.390 1.384 1.384 1.384 1.384 1.384 1.384 1.384 1.384 1.384 1.384 1.384 1.384 1.384 1.384 1.384 1.384 1.384 1.384 1.384 1.555 1.557 1.564 1.557 1.557 1.557 1.557 1.557 1.557 1.557 1.557 1.557 1.557 1.557 1.557 1.557 1.557 1.557 1.557 1.557 1.557 1.557 1.082 1.084 1.087 1.084 1.084 1.084 1.084 1.084 1.084 1.084 1.084 1.084 1.084 1.084 1.084 1.084 1.084 1.084 1.084 1.084 1.084 1.084
0.03 0.33631 9.00000 2.0282504559 2.5697240863    2.026  1.317  3.8440  3.755    1  0.000  0.545     0.00     0.00     0.00     0.00     0.00 -1 -2.57e-12      0.00 6.680e-01 3.020e-01 5.394e-03 1.455e-03 1.320e-02 -1.000 3.000e-02       6981          0          0          0          0      3.125      3.125 1.477 1.328 1.505 1.020 1.328 1.330 1.335 1.330 1.330 1.330 1.330 1.330 1.330 1.330 1.330 1.330 1.330 1.330 1.330 1.330 1.330 1.330 1.330 1.330 1.330 1.330 1.505 1.507 1.514 1.507 1.507 1.507 1.507 1.507 1.507 1.507 1.507 1.507 1.507 1.507 1.507 1.507 1.507 1.507 1.507 1.507 1.507 1.507 1.020 1.022 1.025 1.022 1.022 1.022 1.022 1.022 1.022 1.022 1.022 1.022 1.022 1.022 1.022 1.022 1.022 1.022 1.022 1.022 1.022 1.022
0.03 0.33631 9.00000 2.0456309319 2.5704324415    2.043  1.336  3.8409  3.728    1  0.000  0.545     0.00     0.00     0.00     0.00     0.00 -1 -2.76e-12      0.00 6.680e-01 3.020e-01 5.394e-03 1.455e-03 1.320e-02 -1.000 3.000e-02       6932          0          0          0          0      3.239      3.239 1.429 1.279 1.462 0.962 1.279 1.281 1.286 1.281 1.281 1.281 1.281 1.281 1.281 1.281 1.281 1.281 1.281 1.281 1.281 1.281 1.281 1.281 1.281 1.281 1.281 1.281 1.462 1.464 1.471 1.464 1.464 1.464 1.464 1.464 1.464 1.464 1.464 1.464 1.464 1.464 1.464 1.464 1.464 1.464 1.464 1.464 1.464 1.464 0.962 0.964 0.967 0.964 0.964 0.964 0.964 0.964 0.964 0.964 0.964 0.964 0.964 0.964 0.964 0.964 0.964 0.964 0.964 0.964 0.964 0.964
0.03 0.33631 9.00000 2.0499999523 2.5706083333    2.048  1.341  3.8401  3.720    1  0.000  0.545     0.00     0.00     0.00     0.00     0.00 -1 -2.81e-12      0.00 6.680e-01 3.020e-01 5.394e-03 1.455e-03 1.320e-02 -1.000 3.000e-02       6919          0          0          0          0      3.269      3.269 1.417 1.267 1.452 0.947 1.267 1.269 1.274 1.269 1.269 1.269 1.269 1.269 1.269 1.269 1.269 1.269 1.269 1.269 1.269 1.269 1.269 1.269 1.269 1.269 1.269 1.269 1.452 1.454 1.461 1.454 1.454 1.454 1.454 1.454 1.454 1.454 1.454 1.454 1.454 1.454 1.454 1.454 1.454 1.454 1.454 1.454 1.454 1.454 0.947 0.949 0.953 0.949 0.949 0.949 0.949 0.949 0.949 0.949 0.949 0.949 0.949 0.949 0.949 0.949 0.949 0.949 0.949 0.949 0.949 0.949
0.03 0.33631 9.00000 2.0606112480 2.5710319627    2.058  1.352  3.8375  3.702    1  0.000  0.545     0.00     0.00     0.00     0.00     0.00 -1 -2.93e-12      0.00 6.680e-01 3.020e-01 5.394e-03 1.455e-03 1.320e-02 -1.000 3.000e-02       6878          0          0          0          0      3.349      3.349 1.391 1.240 1.429 0.914 1.240 1.242 1.247 1.242 1.242 1.242 1.242 1.242 1.242 1.242 1.242 1.242 1.242 1.242 1.242 1.242 1.242 1.242 1.242 1.242 1.242 1.242 1.429 1.431 1.438 1.431 1.431 1.431 1.431 1.431 1.431 1.431 1.431 1.431 1.431 1.431 1.431 1.431 1.431 1.431 1.431 1.431 1.431 1.431 0.914 0.916 0.919 0.916 0.916 0.916 0.916 0.916 0.916 0.916 0.916 0.916 0.916 0.916 0.916 0.916 0.916 0.916 0.916 0.916 0.916 0.916
0.03 0.33631 9.00000 2.0741534233 2.5715653667    2.071  1.365  3.8340  3.677    1  0.000  0.545     0.00     0.00     0.00     0.00     0.00 -1 -3.09e-12      0.00 6.680e-01 3.020e-01 5.394e-03 1.455e-03 1.320e-02 -1.000 3.000e-02       6823          0          0          0          0      3.454      3.454 1.358 1.206 1.401 0.871 1.206 1.208 1.213 1.208 1.208 1.208 1.208 1.208 1.208 1.208 1.208 1.208 1.208 1.208 1.208 1.208 1.208 1.208 1.208 1.208 1.208 1.208 1.401 1.403 1.410 1.403 1.403 1.403 1.403 1.403 1.403 1.403 1.403 1.403 1.403 1.403 1.403 1.403 1.403 1.403 1.403 1.403 1.403 1.403 0.871 0.874 0.877 0.874 0.874 0.874 0.874 0.874 0.874 0.874 0.874 0.874 0.874 0.874 0.874 0.874 0.874 0.874 0.874 0.874 0.874 0.874
0.03 0.33631 9.00000 2.0878725052 2.5720976327    2.084  1.378  3.8304  3.653    1  0.000  0.545     0.00     0.00     0.00     0.00     0.00 -1 -3.27e-12      0.00 6.680e-01 3.020e-01 5.394e-03 1.455e-03 1.320e-02 -1.000 3.000e-02       6766          0          0          0          0      3.567      3.567 1.325 1.171 1.373 0.828 1.171 1.174 1.179 1.174 1.174 1.174 1.174 1.174 1.174 1.174 1.174 1.174 1.174 1.174 1.174 1.174 1.174 1.174 1.174 1.174 1.174 1.174 1.373 1.375 1.382 1.375 1.375 1.375 1.375 1.375 1.375 1.375 1.375 1.375 1.375 1.375 1.375 1.375 1.375 1.375 1.375 1.375 1.375 1.375 0.828 0.830 0.834 0.830 0.830 0.830 0.830 0.830 0.830 0.830 0.830 0.830 0.830 0.830 0.830 0.830 0.830 0.830 0.830 0.830 0.830 0.830
0.03 0.33631 9.00000 2.0999999046 2.5725614918    2.096  1.390  3.8268  3.629    1  0.000  0.545     0.00     0.00     0.00     0.00     0.00 -1 -3.44e-12      0.00 6.680e-01 3.020e-01 5.394e-03 1.455e-03 1.320e-02 -1.000 3.000e-02       6710          0          0          0          0      3.676      3.676 1.296 1.141 1.349 0.790 1.141 1.144 1.149 1.144 1.144 1.144 1.144 1.144 1.144 1.144 1.144 1.144 1.144 1.144 1.144 1.144 1.144 1.144 1.144 1.144 1.144 1.144 1.349 1.352 1.358 1.352 1.352 1.352 1.352 1.352 1.352 1.352 1.352 1.352 1.352 1.352 1.352 1.352 1.352 1.352 1.352 1.352 1.352 1.352 0.790 0.792 0.796 0.792 0.792 0.792 0.792 0.792 0.792 0.792 0.792 0.792 0.792 0.792 0.792 0.792 0.792 0.792 0.792 0.792 0.792 0.792
0.03 0.33631 9.00000 2.1060068607 2.5727889771    2.102  1.396  3.8251  3.618    1  0.000  0.545     0.00     0.00     0.00     0.00     0.00 -1 -3.53e-12      0.00 6.680e-01 3.020e-01 5.394e-03 1.455e-03 1.320e-02 -1.000 3.000e-02       6685          0          0          0          0      3.729      3.729 1.281 1.126 1.337 0.770 1.126 1.128 1.134 1.128 1.128 1.128 1.128 1.128 1.128 1.128 1.128 1.128 1.128 1.128 1.128 1.128 1.128 1.128 1.128 1.128 1.128 1.128 1.337 1.339 1.346 1.339 1.339 1.339 1.339 1.339 1.339 1.339 1.339 1.339 1.339 1.339 1.339 1.339 1.339 1.339 1.339 1.339 1.339 1.339 0.770 0.773 0.777 0.773 0.773 0.773 0.773 0.773 0.773 0.773 0.773 0.773 0.773 0.773 0.773 0.773 0.773 0.773 0.773 0.773 0.773 0.773
0.03 0.33631 9.00000 2.1196451187 2.5732999617    2.116  1.410  3.8212  3.590    1  0.000  0.545     0.00     0.00     0.00     0.00     0.00 -1 -3.76e-12      0.00 6.680e-01 3.020e-01 5.394e-03 1.455e-03 1.320e-02 -1.000 3.000e-02       6625          0          0          0          0      3.861      3.861 1.245 1.089 1.307 0.725 1.089 1.091 1.097 1.091 1.091 1.091 1.091 1.091 1.091 1.091 1.091 1.091 1.091 1.091 1.091 1.091 1.091 1.091 1.091 1.091 1.091 1.091 1.307 1.309 1.316 1.309 1.309 1.309 1.309 1.309 1.309 1.309 1.309 1.309 1.309 1.309 1.309 1.309 1.309 1.309 1.309 1.309 1.309 1.309 0.725 0.727 0.731 0.727 0.727 0.727 0.727 0.727 0.727 0.727 0.727 0.727 0.727 0.727 0.727 0.727 0.727 0.727 0.727 0.727 0.727 0.727
0.03 0.33631 9.00000 2.1380956173 2.5739793295    2.134  1.434  3.8177  3.556    1  0.000  0.545     0.00     0.00     0.00     0.00     0.00 -1  -4.1e-12      0.00 6.680e-01 3.020e-01 5.394e-03 1.455e-03 1.320e-02 -1.000 3.000e-02       6571          0          0          0          0      4.031      4.031 1.186 1.030 1.254 0.658 1.030 1.032 1.038 1.032 1.032 1.032 1.032 1.032 1.032 1.032 1.032 1.032 1.032 1.032 1.032 1.032 1.032 1.032 1.032 1.032 1.032 1.032 1.254 1.256 1.263 1.256 1.256 1.256 1.256 1.256 1.256 1.256 1.256 1.256 1.256 1.256 1.256 1.256 1.256 1.256 1.256 1.256 1.256 1.256 0.658 0.660 0.664 0.660 0.660 0.660 0.660 0.660 0.660 0.660 0.660 0.660 0.660 0.660 0.660 0.660 0.660 0.660 0.660 0.660 0.660 0.660
0.03 0.33631 9.00000 2.1434328556 2.5741733461    2.139  1.442  3.8176  3.548    1  0.000  0.545     0.00     0.00     0.00     0.00     0.00 -1 -4.22e-12      0.00 6.680e-01 3.020e-01 5.394e-03 1.455e-03 1.320e-02 -1.000 3.000e-02       6569          0          0          0          0      4.074      4.074 1.164 1.008 1.232 0.636 1.008 1.010 1.016 1.010 1.010 1.010 1.010 1.010 1.010 1.010 1.010 1.010 1.010 1.010 1.010 1.010 1.010 1.010 1.010 1.010 1.010 1.010 1.232 1.234 1.241 1.234 1.234 1.234 1.234 1.234 1.234 1.234 1.234 1.234 1.234 1.234 1.234 1.234 1.234 1.234 1.234 1.234 1.234 1.234 0.636 0.638 0.642 0.638 0.638 0.638 0.638 0.638 0.638 0.638 0.638 0.638 0.638 0.638 0.638 0.638 0.638 0.638 0.638 0.638 0.638 0.638
0.03 0.33631 9.00000 2.1500000954 2.5744105556    2.146  1.460  3.8207  3.545    1  0.000  0.545     0.00     0.00     0.00     0.00     0.00 -1 -4.41e-12      0.00 6.680e-01 3.020e-01 5.394e-03 1.455e-03 1.320e-02 -1.000 3.000e-02       6616          0          0          0          0      4.097      4.097 1.121 0.965 1.183 0.599 0.965 0.967 0.973 0.967 0.967 0.967 0.967 0.967 0.967 0.967 0.967 0.967 0.967 0.967 0.967 0.967 0.967 0.967 0.967 0.967 0.967 0.967 1.183 1.185 1.192 1.185 1.185 1.185 1.185 1.185 1.185 1.185 1.185 1.185 1.185 1.185 1.185 1.185 1.185 1.185 1.185 1.185 1.185 1.185 0.599 0.602 0.606 0.602 0.602 0.602 0.602 0.602 0.602 0.602 0.602 0.602 0.602 0.602 0.602 0.602 0.602 0.602 0.602 0.602 0.602 0.602
0.03 0.33631 9.00000 2.1516494751 2.5744698699    2.147  1.464  3.8216  3.544    1  0.000  0.545     0.00     0.00     0.00     0.00     0.00 -1 -4.31e-12      0.00 6.680e-01 3.020e-01 5.394e-03 1.455e-03 1.320e-02 -1.000 3.000e-02       6631          0          0          0          0      4.101      4.101 1.109 0.953 1.170 0.590 0.953 0.955 0.961 0.955 0.955 0.955 0.955 0.955 0.955 0.955 0.955 0.955 0.955 0.955 0.955 0.955 0.955 0.955 0.955 0.955 0.955 0.955 1.170 1.172 1.179 1.172 1.172 1.172 1.172 1.172 1.172 1.172 1.172 1.172 1.172 1.172 1.172 1.172 1.172 1.172 1.172 1.172 1.172 1.172 0.590 0.592 0.596 0.592 0.592 0.592 0.592 0.592 0.592 0.592 0.592 0.592 0.592 0.592 0.592 0.592 0.592 0.592 0.592 0.592 0.592 0.592
0.03 0.33631 9.00000 2.1553790569 2.5746036065    2.151  1.482  3.8275  3.551    1  0.000  0.545     0.00     0.00     0.00     0.00     0.00 -1 -4.13e-12      0.00 6.680e-01 3.020e-01 5.394e-03 1.455e-03 1.320e-02 -1.000 3.000e-02       6721          0          0          0          0      4.073      4.073 1.066 0.910 1.116 0.561 0.910 0.912 0.917 0.912 0.912 0.912 0.912 0.912 0.912 0.912 0.912 0.912 0.912 0.912 0.912 0.912 0.912 0.912 0.912 0.912 0.912 0.912 1.116 1.118 1.125 1.118 1.118 1.118 1.118 1.118 1.118 1.118 1.118 1.118 1.118 1.118 1.118 1.118 1.118 1.118 1.118 1.118 1.118 1.118 0.561 0.563 0.567 0.563 0.563 0.563 0.563 0.563 0.563 0.563 0.563 0.563 0.563 0.563 0.563 0.563 0.563 0.563 0.563 0.563 0.563 0.563
0.03 0.33631 9.00000 2.1570940018 2.5746649231    2.153  1.495  3.8331  3.560    1  0.000  0.545     0.00     0.00     0.00     0.00     0.00 -1  -4.1e-12      0.00 6.680e-01 3.020e-01 5.394e-03 1.455e-03 1.320e-02 -1.000 3.000e-02       6809          0          0          0          0      4.031      4.031 1.032 0.877 1.073 0.542 0.877 0.879 0.885 0.879 0.879 0.879 0.879 0.879 0.879 0.879 0.879 0.879 0.879 0.879 0.879 0.879 0.879 0.879 0.879 0.879 0.879 0.879 1.073 1.075 1.082 1.075 1.075 1.075 1.075 1.075 1.075 1.075 1.075 1.075 1.075 1.075 1.075 1.075 1.075 1.075 1.075 1.075 1.075 1.075 0.542 0.544 0.547 0.544 0.544 0.544 0.544 0.544 0.544 0.544 0.544 0.544 0.544 0.544 0.544 0.544 0.544 0.544 0.544 0.544 0.544 0.544
0.03 0.33631 9.00000 2.1581313610 2.5747019588    2.154  1.508  3.8388  3.571    1  0.000  0.545     0.00     0.00     0.00     0.00     0.00 -1 -4.13e-12      0.00 6.680e-01 3.020e-01 5.394e-03 1.455e-03 1.320e-02 -1.000 3.000e-02       6899          0          0          0          0      3.982      3.982 1.001 0.847 1.033 0.526 0.847 0.849 0.855 0.849 0.849 0.849 0.849 0.849 0.849 0.849 0.849 0.849 0.849 0.849 0.849 0.849 0.849 0.849 0.849 0.849 0.849 0.849 1.033 1.035 1.042 1.035 1.035 1.035 1.035 1.035 1.035 1.035 1.035 1.035 1.035 1.035 1.035 1.035 1.035 1.035 1.035 1.035 1.035 1.035 0.526 0.529 0.532 0.529 0.529 0.529 0.529 0.529 0.529 0.529 0.529 0.529 0.529 0.529 0.529 0.529 0.529 0.529 0.529 0.529 0.529 0.529
0.03 0.33631 9.00000 2.1587693691 2.5747247165    2.154  1.519  3.8441  3.581    1  0.000  0.545     0.00     0.00     0.00     0.00     0.00 -1 -4.18e-12      0.00 6.680e-01 3.020e-01 5.394e-03 1.455e-03 1.320e-02 -1.000 3.000e-02       6983          0          0          0          0      3.937      3.937 0.973 0.820 0.996 0.515 0.820 0.822 0.828 0.822 0.822 0.822 0.822 0.822 0.822 0.822 0.822 0.822 0.822 0.822 0.822 0.822 0.822 0.822 0.822 0.822 0.822 0.822 0.996 0.997 1.005 0.997 0.997 0.997 0.997 0.997 0.997 0.997 0.997 0.997 0.997 0.997 0.997 0.997 0.997 0.997 0.997 0.997 0.997 0.997 0.515 0.517 0.520 0.517 0.517 0.517 0.517 0.517 0.517 0.517 0.517 0.517 0.517 0.517 0.517 0.517 0.517 0.517 0.517 0.517 0.517 0.517
0.03 0.33631 9.00000 2.1592631340 2.5747423185    2.155  1.531  3.8497  3.592    1  0.000  0.545     0.00     0.00     0.00     0.00     0.00 -1 -4.25e-12      0.00 6.680e-01 3.020e-01 5.394e-03 1.455e-03 1.320e-02 -1.000 3.000e-02       7073          0          0          0          0       3.89       3.89 0.944 0.792 0.955 0.504 0.792 0.793 0.799 0.793 0.793 0.793 0.793 0.793 0.793 0.793 0.793 0.793 0.793 0.793 0.793 0.793 0.793 0.793 0.793 0.793 0.793 0.793 0.955 0.957 0.964 0.957 0.957 0.957 0.957 0.957 0.957 0.957 0.957 0.957 0.957 0.957 0.957 0.957 0.957 0.957 0.957 0.957 0.957 0.957 0.504 0.506 0.509 0.506 0.506 0.506 0.506 0.506 0.506 0.506 0.506 0.506 0.506 0.506 0.506 0.506 0.506 0.506 0.506 0.506 0.506 0.506
0.03 0.33631 9.00000 2.1595978737 2.5747542462    2.155  1.542  3.8549  3.601    1  0.000  0.545     0.00     0.00     0.00     0.00     0.00 -1 -4.34e-12      0.00 6.680e-01 3.020e-01 5.394e-03 1.455e-03 1.320e-02 -1.000 3.000e-02       7159          0          0          0          0      3.848      3.848 0.915 0.764 0.916 0.495 0.764 0.765 0.771 0.765 0.765 0.765 0.765 0.765 0.765 0.765 0.765 0.765 0.765 0.765 0.765 0.765 0.765 0.765 0.765 0.765 0.765 0.765 0.916 0.917 0.924 0.917 0.917 0.917 0.917 0.917 0.917 0.917 0.917 0.917 0.917 0.917 0.917 0.917 0.917 0.917 0.917 0.917 0.917 0.917 0.495 0.497 0.500 0.497 0.497 0.497 0.497 0.497 0.497 0.497 0.497 0.497 0.497 0.497 0.497 0.497 0.497 0.497 0.497 0.497 0.497 0.497
0.03 0.33631 9.00000 2.1598582268 2.5747635204    2.155  1.554  3.8602  3.610    1  0.000  0.545     0.00     0.00     0.00     0.00     0.00 -1 -4.45e-12      0.00 6.680e-01 3.020e-01 5.394e-03 1.455e-03 1.320e-02 -1.000 3.000e-02       7246          0          0          0          0      3.808      3.808 0.885 0.735 0.874 0.485 0.735 0.736 0.741 0.736 0.736 0.736 0.736 0.736 0.736 0.736 0.736 0.736 0.736 0.736 0.736 0.736 0.736 0.736 0.736 0.736 0.736 0.736 0.874 0.875 0.882 0.875 0.875 0.875 0.875 0.875 0.875 0.875 0.875 0.875 0.875 0.875 0.875 0.875 0.875 0.875 0.875 0.875 0.875 0.875 0.485 0.486 0.489 0.486 0.486 0.486 0.486 0.486 0.486 0.486 0.486 0.486 0.486 0.486 0.486 0.486 0.486 0.486 0.486 0.486 0.486 0.486
0.03 0.33631 9.00000 2.1600577831 2.5747706271    2.156  1.567  3.8654  3.619    1  0.000  0.545     0.00     0.00     0.00     0.00     0.00 -1 -4.57e-12      0.00 6.680e-01 3.020e-01 5.394e-03 1.455e-03 1.320e-02 -1.000 3.000e-02       7335          0          0          0          0      3.772      3.772 0.853 0.706 0.838 0.470 0.706 0.707 0.712 0.707 0.707 0.707 0.707 0.707 0.707 0.707 0.707 0.707 0.707 0.707 0.707 0.707 0.707 0.707 0.707 0.707 0.707 0.707 0.838 0.838 0.845 0.838 0.838 0.838 0.838 0.838 0.838 0.838 0.838 0.838 0.838 0.838 0.838 0.838 0.838 0.838 0.838 0.838 0.838 0.838 0.470 0.471 0.474 0.471 0.471 0.471 0.471 0.471 0.471 0.471 0.471 0.471 0.471 0.471 0.471 0.471 0.471 0.471 0.471 0.471 0.471 0.471
0.03 0.33631 9.00000 2.1602129936 2.5747761535    2.156  1.580  3.8706  3.626    1  0.000  0.545     0.00     0.00     0.00     0.00     0.00 -1 -4.72e-12      0.00 6.680e-01 3.020e-01 5.394e-03 1.455e-03 1.320e-02 -1.000 3.000e-02       7423          0          0          0          0      3.739      3.739 0.820 0.676 0.799 0.454 0.676 0.677 0.682 0.677 0.677 0.677 0.677 0.677 0.677 0.677 0.677 0.677 0.677 0.677 0.677 0.677 0.677 0.677 0.677 0.677 0.677 0.677 0.799 0.799 0.806 0.799 0.799 0.799 0.799 0.799 0.799 0.799 0.799 0.799 0.799 0.799 0.799 0.799 0.799 0.799 0.799 0.799 0.799 0.799 0.454 0.454 0.458 0.454 0.454 0.454 0.454 0.454 0.454 0.454 0.454 0.454 0.454 0.454 0.454 0.454 0.454 0.454 0.454 0.454 0.454 0.454
0.03 0.33631 9.00000 2.1603326797 2.5747804145    2.156  1.593  3.8756  3.633    1  0.000  0.545     0.00     0.00     0.00     0.00     0.00 -1 -4.88e-12      0.00 6.680e-01 3.020e-01 5.394e-03 1.455e-03 1.320e-02 -1.000 3.000e-02       7508          0          0          0          0      3.712      3.712 0.786 0.646 0.761 0.438 0.646 0.646 0.652 0.646 0.646 0.646 0.646 0.646 0.646 0.646 0.646 0.646 0.646 0.646 0.646 0.646 0.646 0.646 0.646 0.646 0.646 0.646 0.761 0.761 0.767 0.761 0.761 0.761 0.761 0.761 0.761 0.761 0.761 0.761 0.761 0.761 0.761 0.761 0.761 0.761 0.761 0.761 0.761 0.761 0.438 0.438 0.441 0.438 0.438 0.438 0.438 0.438 0.438 0.438 0.438 0.438 0.438 0.438 0.438 0.438 0.438 0.438 0.438 0.438 0.438 0.438
0.03 0.33631 9.00000 2.1604344845 2.5747840384    2.156  1.607  3.8804  3.638    1  0.000  0.545     0.00     0.00     0.00     0.00     0.00 -1 -5.05e-12      0.00 6.680e-01 3.020e-01 5.394e-03 1.455e-03 1.320e-02 -1.000 3.000e-02       7592          0          0          0          0      3.687      3.687 0.753 0.616 0.722 0.421 0.616 0.616 0.621 0.616 0.616 0.616 0.616 0.616 0.616 0.616 0.616 0.616 0.616 0.616 0.616 0.616 0.616 0.616 0.616 0.616 0.616 0.616 0.722 0.722 0.729 0.722 0.722 0.722 0.722 0.722 0.722 0.722 0.722 0.722 0.722 0.722 0.722 0.722 0.722 0.722 0.722 0.722 0.722 0.722 0.421 0.421 0.424 0.421 0.421 0.421 0.421 0.421 0.421 0.421 0.421 0.421 0.421 0.421 0.421 0.421 0.421 0.421 0.421 0.421 0.421 0.421
0.03 0.33631 9.00000 2.1605572701 2.5747884086    2.156  1.618  3.8851  3.646    1  0.000  0.545     0.00     0.00     0.00     0.00     0.00 -1 -5.21e-12      0.00 6.680e-01 3.020e-01 5.394e-03 1.455e-03 1.320e-02 -1.000 3.000e-02       7675          0          0          0          0      3.654      3.654 0.725 0.592 0.691 0.410 0.592 0.592 0.597 0.592 0.592 0.592 0.592 0.592 0.592 0.592 0.592 0.592 0.592 0.592 0.592 0.592 0.592 0.592 0.592 0.592 0.592 0.592 0.691 0.691 0.697 0.691 0.691 0.691 0.691 0.691 0.691 0.691 0.691 0.691 0.691 0.691 0.691 0.691 0.691 0.691 0.691 0.691 0.691 0.691 0.410 0.410 0.413 0.410 0.410 0.410 0.410 0.410 0.410 0.410 0.410 0.410 0.410 0.410 0.410 0.410 0.410 0.410 0.410 0.410 0.410 0.410
0.03 0.33631 9.00000 2.1605851650 2.5747894014    2.156  1.620  3.8861  3.648    1  0.000  0.545     0.00     0.00     0.00     0.00     0.00 -1 -5.25e-12      0.00 6.680e-01 3.020e-01 5.394e-03 1.455e-03 1.320e-02 -1.000 3.000e-02       7693          0          0          0          0      3.647      3.647 0.719 0.588 0.685 0.408 0.588 0.588 0.593 0.588 0.588 0.588 0.588 0.588 0.588 0.588 0.588 0.588 0.588 0.588 0.588 0.588 0.588 0.588 0.588 0.588 0.588 0.588 0.685 0.685 0.691 0.685 0.685 0.685 0.685 0.685 0.685 0.685 0.685 0.685 0.685 0.685 0.685 0.685 0.685 0.685 0.685 0.685 0.685 0.685 0.408 0.408 0.412 0.408 0.408 0.408 0.408 0.408 0.408 0.408 0.408 0.408 0.408 0.408 0.408 0.408 0.408 0.408 0.408 0.408 0.408 0.408
0.03 0.33631 9.00000 2.1606011391 2.5747899699    2.156  1.618  3.8858  3.649    2  0.000  0.545     0.00     0.00     0.00     0.00     0.00 -1 -5.22e-12      0.00 6.680e-01 3.020e-01 5.394e-03 1.455e-03 1.320e-02 -1.000 3.000e-02       7687          0          0          0          0      3.641      3.641 0.725 0.594 0.691 0.414 0.594 0.594 0.599 0.594 0.594 0.594 0.594 0.594 0.594 0.594 0.594 0.594 0.594 0.594 0.594 0.594 0.594 0.594 0.594 0.594 0.594 0.594 0.691 0.691 0.697 0.691 0.691 0.691 0.691 0.691 0.691 0.691 0.691 0.691 0.691 0.691 0.691 0.691 0.691 0.691 0.691 0.691 0.691 0.691 0.414 0.413 0.417 0.413 0.413 0.413 0.413 0.413 0.413 0.413 0.413 0.413 0.413 0.413 0.413 0.413 0.413 0.413 0.413 0.413 0.413 0.413
0.03 0.33631 9.00000 2.1606588364 2.5747920232    2.156  1.602  3.8830  3.654    2  0.000  0.545     0.00     0.00     0.00     0.00     0.00 -1 -5.04e-12      0.00 6.680e-01 3.020e-01 5.394e-03 1.455e-03 1.320e-02 -1.000 3.000e-02       7638          0          0          0          0      3.623      3.623 0.764 0.630 0.733 0.442 0.630 0.630 0.635 0.630 0.630 0.630 0.630 0.630 0.630 0.630 0.630 0.630 0.630 0.630 0.630 0.630 0.630 0.630 0.630 0.630 0.630 0.630 0.733 0.733 0.739 0.733 0.733 0.733 0.733 0.733 0.733 0.733 0.733 0.733 0.733 0.733 0.733 0.733 0.733 0.733 0.733 0.733 0.733 0.733 0.442 0.442 0.445 0.442 0.442 0.442 0.442 0.442 0.442 0.442 0.442 0.442 0.442 0.442 0.442 0.442 0.442 0.442 0.442 0.442 0.442 0.442
0.03 0.33631 9.00000 2.1607074738 2.5747937539    2.156  1.585  3.8787  3.654    2  0.000  0.545     0.00     0.00     0.00     0.00     0.00 -1  -4.8e-12      0.00 6.680e-01 3.020e-01 5.394e-03 1.455e-03 1.320e-02 -1.000 3.000e-02       7561          0          0          0          0      3.623      3.623 0.808 0.671 0.781 0.470 0.671 0.671 0.676 0.671 0.671 0.671 0.671 0.671 0.671 0.671 0.671 0.671 0.671 0.671 0.671 0.671 0.671 0.671 0.671 0.671 0.671 0.671 0.781 0.780 0.787 0.780 0.780 0.780 0.780 0.780 0.780 0.780 0.780 0.780 0.780 0.780 0.780 0.780 0.780 0.780 0.780 0.780 0.780 0.780 0.470 0.470 0.473 0.470 0.470 0.470 0.470 0.470 0.470 0.470 0.470 0.470 0.470 0.470 0.470 0.470 0.470 0.470 0.470 0.470 0.470 0.470
0.03 0.33631 9.00000 2.1607596874 2.5747956119    2.156  1.569  3.8732  3.648    2  0.000  0.545     0.00     0.00     0.00     0.00     0.00 -1 -4.56e-12      0.00 6.680e-01 3.020e-01 5.394e-03 1.455e-03 1.320e-02 -1.000 3.000e-02       7467          0          0          0          0      3.647      3.647 0.848 0.707 0.826 0.491 0.707 0.707 0.713 0.707 0.707 0.707 0.707 0.707 0.707 0.707 0.707 0.707 0.707 0.707 0.707 0.707 0.707 0.707 0.707 0.707 0.707 0.707 0.826 0.826 0.833 0.826 0.826 0.826 0.826 0.826 0.826 0.826 0.826 0.826 0.826 0.826 0.826 0.826 0.826 0.826 0.826 0.826 0.826 0.826 0.491 0.491 0.495 0.491 0.491 0.491 0.491 0.491 0.491 0.491 0.491 0.491 0.491 0.491 0.491 0.491 0.491 0.491 0.491 0.491 0.491 0.491
0.03 0.33631 9.00000 2.1608140469 2.5747975460    2.156  1.559  3.8676  3.635    2  0.000  0.545     0.00     0.00     0.00     0.00     0.00 -1 -4.41e-12      0.00 6.680e-01 3.020e-01 5.394e-03 1.455e-03 1.320e-02 -1.000 3.000e-02       7371          0          0          0          0      3.703      3.703 0.871 0.727 0.855 0.496 0.727 0.727 0.732 0.727 0.727 0.727 0.727 0.727 0.727 0.727 0.727 0.727 0.727 0.727 0.727 0.727 0.727 0.727 0.727 0.727 0.727 0.727 0.855 0.855 0.861 0.855 0.855 0.855 0.855 0.855 0.855 0.855 0.855 0.855 0.855 0.855 0.855 0.855 0.855 0.855 0.855 0.855 0.855 0.855 0.496 0.496 0.499 0.496 0.496 0.496 0.496 0.496 0.496 0.496 0.496 0.496 0.496 0.496 0.496 0.496 0.496 0.496 0.496 0.496 0.496 0.496
0.03 0.33631 9.00000 2.1608726978 2.5747996328    2.157  1.558  3.8623  3.615    2  0.000  0.545     0.00     0.00     0.00     0.00     0.00 -1  -4.4e-12      0.00 6.680e-01 3.020e-01 5.394e-03 1.455e-03 1.320e-02 -1.000 3.000e-02       7282          0          0          0          0      3.789      3.789 0.875 0.726 0.863 0.482 0.726 0.727 0.732 0.727 0.727 0.727 0.727 0.727 0.727 0.727 0.727 0.727 0.727 0.727 0.727 0.727 0.727 0.727 0.727 0.727 0.727 0.727 0.863 0.863 0.870 0.863 0.863 0.863 0.863 0.863 0.863 0.863 0.863 0.863 0.863 0.863 0.863 0.863 0.863 0.863 0.863 0.863 0.863 0.863 0.482 0.483 0.486 0.483 0.483 0.483 0.483 0.483 0.483 0.483 0.483 0.483 0.483 0.483 0.483 0.483 0.483 0.483 0.483 0.483 0.483 0.483
0.03 0.33631 9.00000 2.1609404087 2.5748020417    2.157  1.562  3.8572  3.591    2  0.000  0.545     0.00     0.00     0.00     0.00     0.00 -1 -4.49e-12      0.00 6.680e-01 3.020e-01 5.394e-03 1.455e-03 1.320e-02 -1.000 3.000e-02       7196          0          0          0          0      3.896      3.896 0.865 0.714 0.860 0.454 0.714 0.715 0.721 0.715 0.715 0.715 0.715 0.715 0.715 0.715 0.715 0.715 0.715 0.715 0.715 0.715 0.715 0.715 0.715 0.715 0.715 0.715 0.860 0.861 0.868 0.861 0.861 0.861 0.861 0.861 0.861 0.861 0.861 0.861 0.861 0.861 0.861 0.861 0.861 0.861 0.861 0.861 0.861 0.861 0.454 0.455 0.459 0.455 0.455 0.455 0.455 0.455 0.455 0.455 0.455 0.455 0.455 0.455 0.455 0.455 0.455 0.455 0.455 0.455 0.455 0.455
0.03 0.33631 9.00000 2.1610198021 2.5748048661    2.157  1.568  3.8521  3.564    2  0.000  0.545     0.00     0.00     0.00     0.00     0.00 -1 -4.65e-12      0.00 6.680e-01 3.020e-01 5.394e-03 1.455e-03 1.320e-02 -1.000 3.000e-02       7113          0          0          0          0      4.018      4.018 0.850 0.697 0.855 0.419 0.697 0.699 0.704 0.699 0.699 0.699 0.699 0.699 0.699 0.699 0.699 0.699 0.699 0.699 0.699 0.699 0.699 0.699 0.699 0.699 0.699 0.699 0.855 0.856 0.863 0.856 0.856 0.856 0.856 0.856 0.856 0.856 0.856 0.856 0.856 0.856 0.856 0.856 0.856 0.856 0.856 0.856 0.856 0.856 0.419 0.421 0.424 0.421 0.421 0.421 0.421 0.421 0.421 0.421 0.421 0.421 0.421 0.421 0.421 0.421 0.421 0.421 0.421 0.421 0.421 0.421
0.03 0.33631 9.00000 2.1611123085 2.5748081566    2.157  1.574  3.8467  3.537    2  0.000  0.545     0.00     0.00     0.00     0.00     0.00 -1 -4.82e-12      0.00 6.680e-01 3.020e-01 5.394e-03 1.455e-03 1.320e-02 -1.000 3.000e-02       7026          0          0          0          0      4.146      4.146 0.835 0.681 0.850 0.385 0.681 0.683 0.688 0.683 0.683 0.683 0.683 0.683 0.683 0.683 0.683 0.683 0.683 0.683 0.683 0.683 0.683 0.683 0.683 0.683 0.683 0.683 0.850 0.852 0.859 0.852 0.852 0.852 0.852 0.852 0.852 0.852 0.852 0.852 0.852 0.852 0.852 0.852 0.852 0.852 0.852 0.852 0.852 0.852 0.385 0.387 0.390 0.387 0.387 0.387 0.387 0.387 0.387 0.387 0.387 0.387 0.387 0.387 0.387 0.387 0.387 0.387 0.387 0.387 0.387 0.387
0.03 0.33631 9.00000 2.1612746716 2.5748139312    2.157  1.580  3.8386  3.498    2  0.000  0.545     0.00     0.00     0.00     0.00     0.00 -1 -5.07e-12      0.00 6.680e-01 3.020e-01 5.394e-03 1.455e-03 1.320e-02 -1.000 3.000e-02       6895          0          0          0          0      4.334      4.334 0.819 0.664 0.849 0.343 0.664 0.666 0.671 0.666 0.666 0.666 0.666 0.666 0.666 0.666 0.666 0.666 0.666 0.666 0.666 0.666 0.666 0.666 0.666 0.666 0.666 0.666 0.849 0.851 0.859 0.851 0.851 0.851 0.851 0.851 0.851 0.851 0.851 0.851 0.851 0.851 0.851 0.851 0.851 0.851 0.851 0.851 0.851 0.851 0.343 0.346 0.349 0.346 0.346 0.346 0.346 0.346 0.346 0.346 0.346 0.346 0.346 0.346 0.346 0.346 0.346 0.346 0.346 0.346 0.346 0.346
0.03 0.33631 9.00000 2.1613988876 2.5748183484    2.157  1.582  3.8332  3.474    2  0.000  0.545     0.00     0.00     0.00     0.00     0.00 -1  -5.2e-12      0.00 6.680e-01 3.020e-01 5.394e-03 1.455e-03 1.320e-02 -1.000 3.000e-02       6809          0          0          0          0      4.456      4.456 0.814 0.657 0.852 0.323 0.657 0.659 0.664 0.659 0.659 0.659 0.659 0.659 0.659 0.659 0.659 0.659 0.659 0.659 0.659 0.659 0.659 0.659 0.659 0.659 0.659 0.659 0.852 0.854 0.861 0.854 0.854 0.854 0.854 0.854 0.854 0.854 0.854 0.854 0.854 0.854 0.854 0.854 0.854 0.854 0.854 0.854 0.854 0.854 0.323 0.326 0.329 0.326 0.326 0.326 0.326 0.326 0.326 0.326 0.326 0.326 0.326 0.326 0.326 0.326 0.326 0.326 0.326 0.326 0.326 0.326
0.03 0.33631 9.00000 2.1615374088 2.5748232736    2.157  1.583  3.8277  3.451    2  0.000  0.545     0.00     0.00     0.00     0.00     0.00 -1  -5.3e-12      0.00 6.680e-01 3.020e-01 5.394e-03 1.455e-03 1.320e-02 -1.000 3.000e-02       6725          0          0          0          0      4.574      4.574 0.812 0.653 0.857 0.307 0.653 0.656 0.661 0.656 0.656 0.656 0.656 0.656 0.656 0.656 0.656 0.656 0.656 0.656 0.656 0.656 0.656 0.656 0.656 0.656 0.656 0.656 0.857 0.860 0.867 0.860 0.860 0.860 0.860 0.860 0.860 0.860 0.860 0.860 0.860 0.860 0.860 0.860 0.860 0.860 0.860 0.860 0.860 0.860 0.307 0.310 0.313 0.310 0.310 0.310 0.310 0.310 0.310 0.310 0.310 0.310 0.310 0.310 0.310 0.310 0.310 0.310 0.310 0.310 0.310 0.310
0.03 0.33631 9.00000 2.1616919041 2.5748287659    2.157  1.583  3.8224  3.430    2  0.000  0.545     0.00     0.00     0.00     0.00     0.00 -1 -5.38e-12      0.00 6.680e-01 3.020e-01 5.394e-03 1.455e-03 1.320e-02 -1.000 3.000e-02       6642          0          0          0          0      4.687      4.687 0.812 0.653 0.866 0.295 0.653 0.656 0.661 0.656 0.656 0.656 0.656 0.656 0.656 0.656 0.656 0.656 0.656 0.656 0.656 0.656 0.656 0.656 0.656 0.656 0.656 0.656 0.866 0.869 0.876 0.869 0.869 0.869 0.869 0.869 0.869 0.869 0.869 0.869 0.869 0.869 0.869 0.869 0.869 0.869 0.869 0.869 0.869 0.869 0.295 0.297 0.301 0.297 0.297 0.297 0.297 0.297 0.297 0.297 0.297 0.297 0.297 0.297 0.297 0.297 0.297 0.297 0.297 0.297 0.297 0.297
0.03 0.33631 9.00000 2.1618657112 2.5748349437    2.158  1.582  3.8168  3.409    2  0.000  0.545     0.00     0.00     0.00     0.00     0.00 -1 -5.44e-12      0.00 6.680e-01 3.020e-01 5.394e-03 1.455e-03 1.320e-02 -1.000 3.000e-02       6558          0          0          0          0      4.804      4.804 0.814 0.655 0.879 0.284 0.655 0.658 0.663 0.658 0.658 0.658 0.658 0.658 0.658 0.658 0.658 0.658 0.658 0.658 0.658 0.658 0.658 0.658 0.658 0.658 0.658 0.658 0.879 0.881 0.888 0.881 0.881 0.881 0.881 0.881 0.881 0.881 0.881 0.881 0.881 0.881 0.881 0.881 0.881 0.881 0.881 0.881 0.881 0.881 0.284 0.286 0.290 0.286 0.286 0.286 0.286 0.286 0.286 0.286 0.286 0.286 0.286 0.286 0.286 0.286 0.286 0.286 0.286 0.286 0.286 0.286
0.03 0.33631 9.00000 2.1621651649 2.5748455847    2.158  1.579  3.8084  3.379    2  0.000  0.545     0.00     0.00     0.00     0.00     0.00 -1 -5.48e-12      0.00 6.680e-01 3.020e-01 5.394e-03 1.455e-03 1.320e-02 -1.000 3.000e-02       6432          0          0          0          0      4.974      4.974 0.822 0.664 0.904 0.272 0.664 0.666 0.672 0.666 0.666 0.666 0.666 0.666 0.666 0.666 0.666 0.666 0.666 0.666 0.666 0.666 0.666 0.666 0.666 0.666 0.666 0.666 0.904 0.905 0.913 0.905 0.905 0.905 0.905 0.905 0.905 0.905 0.905 0.905 0.905 0.905 0.905 0.905 0.905 0.905 0.905 0.905 0.905 0.905 0.272 0.274 0.277 0.274 0.274 0.274 0.274 0.274 0.274 0.274 0.274 0.274 0.274 0.274 0.274 0.274 0.274 0.274 0.274 0.274 0.274 0.274
0.03 0.33631 9.00000 2.1623921394 2.5748536480    2.158  1.576  3.8029  3.360    2  0.000  0.545     0.00     0.00     0.00     0.00     0.00 -1 -5.48e-12      0.00 6.680e-01 3.020e-01 5.394e-03 1.455e-03 1.320e-02 -1.000 3.000e-02       6351          0          0          0          0      5.084      5.084 0.831 0.674 0.923 0.268 0.674 0.675 0.681 0.675 0.675 0.675 0.675 0.675 0.675 0.675 0.675 0.675 0.675 0.675 0.675 0.675 0.675 0.675 0.675 0.675 0.675 0.675 0.923 0.925 0.932 0.925 0.925 0.925 0.925 0.925 0.925 0.925 0.925 0.925 0.925 0.925 0.925 0.925 0.925 0.925 0.925 0.925 0.925 0.925 0.268 0.270 0.274 0.270 0.270 0.270 0.270 0.270 0.270 0.270 0.270 0.270 0.270 0.270 0.270 0.270 0.270 0.270 0.270 0.270 0.270 0.270
0.03 0.33631 9.00000 2.1626482010 2.5748627422    2.158  1.571  3.7973  3.342    2  0.000  0.545     0.00     0.00     0.00     0.00     0.00 -1 -5.45e-12      0.00 6.680e-01 3.020e-01 5.394e-03 1.455e-03 1.320e-02 -1.000 3.000e-02       6270          0          0          0          0      5.189      5.189 0.842 0.686 0.946 0.268 0.686 0.688 0.693 0.688 0.688 0.688 0.688 0.688 0.688 0.688 0.688 0.688 0.688 0.688 0.688 0.688 0.688 0.688 0.688 0.688 0.688 0.688 0.946 0.948 0.955 0.948 0.948 0.948 0.948 0.948 0.948 0.948 0.948 0.948 0.948 0.948 0.948 0.948 0.948 0.948 0.948 0.948 0.948 0.948 0.268 0.269 0.273 0.269 0.269 0.269 0.269 0.269 0.269 0.269 0.269 0.269 0.269 0.269 0.269 0.269 0.269 0.269 0.269 0.269 0.269 0.269
0.03 0.33631 9.00000 2.1629416943 2.5748731628    2.159  1.565  3.7916  3.326    2  0.000  0.545     0.00     0.00     0.00     0.00     0.00 -1 -5.38e-12      0.00 6.680e-01 3.020e-01 5.394e-03 1.455e-03 1.320e-02 -1.000 3.000e-02       6189          0          0          0          0      5.289      5.289 0.857 0.704 0.974 0.272 0.704 0.704 0.710 0.704 0.704 0.704 0.704 0.704 0.704 0.704 0.704 0.704 0.704 0.704 0.704 0.704 0.704 0.704 0.704 0.704 0.704 0.704 0.974 0.975 0.983 0.975 0.975 0.975 0.975 0.975 0.975 0.975 0.975 0.975 0.975 0.975 0.975 0.975 0.975 0.975 0.975 0.975 0.975 0.975 0.272 0.273 0.278 0.273 0.273 0.273 0.273 0.273 0.273 0.273 0.273 0.273 0.273 0.273 0.273 0.273 0.273 0.273 0.273 0.273 0.273 0.273
0.03 0.33631 9.00000 2.1632633209 2.5748845785    2.159  1.557  3.7858  3.310    2  0.000  0.545     0.00     0.00     0.00     0.00     0.00 -1 -5.27e-12      0.00 6.680e-01 3.020e-01 5.394e-03 1.455e-03 1.320e-02 -1.000 3.000e-02       6106          0          0          0          0      5.383      5.383 0.877 0.726 1.008 0.282 0.726 0.727 0.733 0.727 0.727 0.727 0.727 0.727 0.727 0.727 0.727 0.727 0.727 0.727 0.727 0.727 0.727 0.727 0.727 0.727 0.727 0.727 1.008 1.008 1.016 1.009 1.009 1.009 1.009 1.009 1.009 1.008 1.008 1.009 1.009 1.008 1.008 1.009 1.008 1.008 1.008 1.008 1.008 1.009 0.282 0.282 0.287 0.282 0.282 0.282 0.282 0.282 0.282 0.282 0.282 0.282 0.282 0.282 0.282 0.282 0.282 0.282 0.282 0.282 0.282 0.282
0.03 0.33631 9.00000 2.1636004448 2.5748965401    2.159  1.547  3.7799  3.297    2  0.000  0.545     0.00     0.00     0.00     0.00     0.00 -1 -5.13e-12      0.00 6.680e-01 3.020e-01 5.394e-03 1.455e-03 1.320e-02 -1.000 3.000e-02       6024          0          0          0          0      5.469      5.469 0.902 0.754 1.048 0.296 0.754 0.754 0.760 0.754 0.754 0.754 0.754 0.754 0.754 0.754 0.754 0.754 0.754 0.754 0.754 0.754 0.754 0.754 0.754 0.754 0.754 0.754 1.048 1.048 1.055 1.048 1.048 1.048 1.048 1.048 1.048 1.048 1.048 1.048 1.048 1.048 1.048 1.048 1.048 1.048 1.048 1.048 1.048 1.048 0.296 0.296 0.301 0.296 0.296 0.296 0.296 0.296 0.296 0.296 0.296 0.296 0.296 0.296 0.296 0.296 0.296 0.296 0.296 0.296 0.296 0.296
0.03 0.33631 9.00000 2.1639456749 2.5749087849    2.160  1.535  3.7739  3.285    2  0.000  0.545     0.00     0.00     0.00     0.00     0.00 -1 -4.94e-12      0.00 6.680e-01 3.020e-01 5.394e-03 1.455e-03 1.320e-02 -1.000 3.000e-02       5941          0          0          0          0      5.544      5.544 0.932 0.789 1.094 0.317 0.789 0.789 0.795 0.789 0.789 0.789 0.789 0.789 0.789 0.789 0.789 0.789 0.789 0.789 0.789 0.789 0.789 0.789 0.789 0.789 0.789 0.789 1.094 1.094 1.102 1.094 1.094 1.094 1.094 1.094 1.094 1.094 1.094 1.094 1.094 1.094 1.094 1.094 1.094 1.094 1.094 1.094 1.094 1.094 0.317 0.317 0.322 0.317 0.317 0.317 0.317 0.317 0.317 0.317 0.317 0.317 0.317 0.317 0.317 0.317 0.317 0.317 0.317 0.317 0.317 0.317
0.03 0.33631 9.00000 2.1641197205 2.5749149564    2.160  1.528  3.7709  3.280    2  0.000  0.545     0.00     0.00     0.00     0.00     0.00 -1 -4.83e-12      0.00 6.680e-01 3.020e-01 5.394e-03 1.455e-03 1.320e-02 -1.000 3.000e-02       5900          0          0          0          0      5.577      5.577 0.949 0.808 1.120 0.330 0.808 0.808 0.815 0.808 0.808 0.808 0.808 0.808 0.808 0.808 0.808 0.808 0.808 0.808 0.808 0.808 0.808 0.808 0.808 0.808 0.808 0.808 1.120 1.120 1.128 1.120 1.120 1.120 1.120 1.120 1.120 1.120 1.120 1.120 1.120 1.120 1.120 1.120 1.120 1.120 1.120 1.120 1.120 1.120 0.330 0.330 0.335 0.330 0.330 0.330 0.330 0.330 0.330 0.330 0.330 0.330 0.330 0.330 0.330 0.330 0.330 0.330 0.330 0.330 0.330 0.330
0.03 0.33631 9.00000 2.1644680500 2.5749273043    2.160  1.512  3.7648  3.272    2  0.000  0.545     0.00     0.00     0.00     0.00     0.00 -1 -4.58e-12      0.00 6.680e-01 3.020e-01 5.394e-03 1.455e-03 1.320e-02 -1.000 3.000e-02       5818          0          0          0          0      5.626      5.626 0.991 0.855 1.179 0.363 0.855 0.855 0.861 0.855 0.855 0.855 0.855 0.855 0.855 0.855 0.855 0.855 0.855 0.855 0.855 0.855 0.855 0.855 0.855 0.855 0.855 0.855 1.179 1.178 1.187 1.178 1.178 1.178 1.178 1.178 1.178 1.178 1.178 1.178 1.178 1.178 1.178 1.178 1.178 1.178 1.178 1.178 1.178 1.178 0.363 0.363 0.368 0.363 0.363 0.363 0.363 0.363 0.363 0.363 0.363 0.363 0.363 0.363 0.363 0.363 0.363 0.363 0.363 0.363 0.363 0.363
0.03 0.33631 9.00000 2.1646409035 2.5749334300    2.160  1.502  3.7618  3.269    2  0.000  0.545     0.00     0.00     0.00     0.00     0.00 -1 -4.44e-12      0.00 6.680e-01 3.020e-01 5.394e-03 1.455e-03 1.320e-02 -1.000 3.000e-02       5777          0          0          0          0      5.645      5.645 1.014 0.880 1.210 0.382 0.880 0.880 0.887 0.880 0.880 0.880 0.880 0.880 0.880 0.880 0.880 0.880 0.880 0.880 0.880 0.880 0.880 0.880 0.880 0.880 0.880 0.880 1.210 1.210 1.218 1.210 1.210 1.210 1.210 1.210 1.210 1.210 1.210 1.210 1.210 1.210 1.210 1.210 1.210 1.210 1.210 1.210 1.210 1.210 0.382 0.382 0.386 0.382 0.382 0.382 0.382 0.382 0.382 0.382 0.382 0.382 0.382 0.382 0.382 0.382 0.382 0.382 0.382 0.382 0.382 0.382
0.03 0.33631 9.00000 2.1649746895 2.5749452559    2.161  1.481  3.7558  3.267    2  0.000  0.545     0.00     0.00     0.00     0.00     0.00 -1 -4.13e-12      0.00 6.680e-01 3.020e-01 5.394e-03 1.455e-03 1.320e-02 -1.000 3.000e-02       5698          0          0          0          0      5.662      5.662 1.067 0.940 1.283 0.428 0.940 0.940 0.947 0.940 0.940 0.940 0.940 0.940 0.940 0.940 0.940 0.940 0.940 0.940 0.940 0.940 0.940 0.940 0.940 0.940 0.940 0.940 1.283 1.283 1.291 1.283 1.283 1.283 1.283 1.283 1.283 1.283 1.283 1.283 1.283 1.283 1.283 1.283 1.283 1.283 1.283 1.283 1.283 1.283 0.428 0.428 0.433 0.428 0.428 0.428 0.428 0.428 0.428 0.428 0.428 0.428 0.428 0.428 0.428 0.428 0.428 0.428 0.428 0.428 0.428 0.428
0.03 0.33631 9.00000 2.1652650833 2.5749555410    2.161  1.460  3.7505  3.267    2  0.000  0.545     0.00     0.00     0.00     0.00     0.00 -1 -3.82e-12      0.00 6.680e-01 3.020e-01 5.394e-03 1.455e-03 1.320e-02 -1.000 3.000e-02       5629          0          0          0          0      5.661      5.661 1.121 1.001 1.354 0.477 1.001 1.000 1.007 1.000 1.000 1.000 1.000 1.000 1.000 1.000 1.000 1.000 1.000 1.000 1.000 1.000 1.000 1.000 1.000 1.000 1.000 1.000 1.354 1.354 1.362 1.354 1.354 1.354 1.354 1.354 1.354 1.354 1.354 1.354 1.354 1.354 1.354 1.354 1.354 1.354 1.354 1.354 1.354 1.354 0.477 0.477 0.482 0.477 0.477 0.477 0.477 0.477 0.477 0.477 0.477 0.477 0.477 0.477 0.477 0.477 0.477 0.477 0.477 0.477 0.477 0.477
0.03 0.33631 9.00000 2.1653940678 2.5749601083    2.161  1.449  3.7481  3.268    2  0.000  0.545     0.00     0.00     0.00     0.00     0.00 -1 -3.67e-12      0.00 6.680e-01 3.020e-01 5.394e-03 1.455e-03 1.320e-02 -1.000 3.000e-02       5598          0          0          0          0      5.654      5.654 1.148 1.030 1.389 0.501 1.030 1.030 1.037 1.030 1.030 1.030 1.030 1.030 1.030 1.030 1.030 1.030 1.030 1.030 1.030 1.030 1.030 1.030 1.030 1.030 1.030 1.030 1.389 1.388 1.397 1.388 1.388 1.388 1.388 1.388 1.388 1.388 1.388 1.388 1.388 1.388 1.388 1.388 1.388 1.388 1.388 1.388 1.388 1.388 0.501 0.501 0.506 0.501 0.501 0.501 0.501 0.501 0.501 0.501 0.501 0.501 0.501 0.501 0.501 0.501 0.501 0.501 0.501 0.501 0.501 0.501
0.03 0.33631 9.00000 2.1656262875 2.5749683296    2.161  1.428  3.7437  3.272    2  0.000  0.545     0.00     0.00     0.00     0.00     0.00 -1 -3.38e-12      0.00 6.680e-01 3.020e-01 5.394e-03 1.455e-03 1.320e-02 -1.000 3.000e-02       5542          0          0          0          0       5.63       5.63 1.201 1.089 1.456 0.550 1.089 1.088 1.095 1.088 1.088 1.088 1.088 1.088 1.088 1.088 1.088 1.088 1.088 1.088 1.088 1.088 1.088 1.088 1.088 1.088 1.088 1.088 1.456 1.456 1.464 1.456 1.456 1.456 1.456 1.456 1.456 1.456 1.456 1.456 1.456 1.456 1.456 1.456 1.456 1.456 1.456 1.456 1.456 1.456 0.550 0.550 0.555 0.550 0.550 0.550 0.550 0.550 0.550 0.550 0.550 0.550 0.550 0.550 0.550 0.550 0.550 0.550 0.550 0.550 0.550 0.550
0.03 0.33631 9.00000 2.1658344269 2.5749756967    2.161  1.407  3.7398  3.277    2  0.000  0.545     0.00     0.00     0.00     0.00     0.00 -1 -3.12e-12      0.00 6.680e-01 3.020e-01 5.394e-03 1.455e-03 1.320e-02 -1.000 3.000e-02       5492          0          0          0          0      5.599      5.599 1.252 1.145 1.520 0.598 1.145 1.144 1.151 1.144 1.144 1.144 1.144 1.144 1.144 1.144 1.144 1.144 1.144 1.144 1.144 1.144 1.144 1.144 1.144 1.144 1.144 1.144 1.520 1.520 1.529 1.520 1.520 1.520 1.520 1.520 1.520 1.520 1.520 1.520 1.520 1.520 1.520 1.520 1.520 1.520 1.520 1.520 1.520 1.520 0.598 0.598 0.603 0.598 0.598 0.598 0.598 0.598 0.598 0.598 0.598 0.598 0.598 0.598 0.598 0.598 0.598 0.598 0.598 0.598 0.598 0.598
0.03 0.33631 9.00000 2.1660277843 2.5749825391    2.162  1.387  3.7362  3.282    2  0.000  0.545     0.00     0.00     0.00     0.00     0.00 -1 -2.88e-12      0.00 6.680e-01 3.020e-01 5.394e-03 1.455e-03 1.320e-02 -1.000 3.000e-02       5447          0          0          0          0      5.564      5.564 1.302 1.202 1.586 0.648 1.202 1.202 1.209 1.202 1.202 1.202 1.202 1.202 1.202 1.202 1.202 1.202 1.202 1.202 1.202 1.202 1.202 1.202 1.202 1.202 1.202 1.202 1.586 1.585 1.594 1.585 1.585 1.585 1.585 1.585 1.585 1.585 1.585 1.585 1.585 1.585 1.585 1.585 1.585 1.585 1.585 1.585 1.585 1.585 0.648 0.648 0.653 0.648 0.648 0.648 0.648 0.648 0.648 0.648 0.648 0.648 0.648 0.648 0.648 0.648 0.648 0.648 0.648 0.648 0.648 0.648
0.03 0.33631 9.00000 2.1663072109 2.5749924247    2.162  1.357  3.7309  3.291    2  0.000  0.545     0.00     0.00     0.00     0.00     0.00 -1 -2.55e-12      0.00 6.680e-01 3.020e-01 5.394e-03 1.455e-03 1.320e-02 -1.000 3.000e-02       5381          0          0          0          0      5.508      5.508 1.376 1.287 1.683 0.722 1.287 1.287 1.294 1.287 1.287 1.287 1.287 1.287 1.287 1.287 1.287 1.287 1.287 1.287 1.287 1.287 1.287 1.287 1.287 1.287 1.287 1.287 1.683 1.682 1.691 1.682 1.682 1.682 1.682 1.682 1.682 1.682 1.682 1.682 1.682 1.682 1.682 1.682 1.682 1.682 1.682 1.682 1.682 1.682 0.722 0.722 0.727 0.722 0.722 0.722 0.722 0.722 0.722 0.722 0.722 0.722 0.722 0.722 0.722 0.722 0.722 0.722 0.722 0.722 0.722 0.722
0.03 0.33631 9.00000 2.1664965153 2.5749991203    2.162  1.338  3.7274  3.296    2  0.000  0.545     0.00     0.00     0.00     0.00     0.00 -1 -2.36e-12      0.00 6.680e-01 3.020e-01 5.394e-03 1.455e-03 1.320e-02 -1.000 3.000e-02       5337          0          0          0          0      5.474      5.474 1.425 1.343 1.748 0.769 1.343 1.343 1.350 1.343 1.343 1.343 1.343 1.343 1.343 1.343 1.343 1.343 1.343 1.343 1.343 1.343 1.343 1.343 1.343 1.343 1.343 1.343 1.748 1.748 1.756 1.748 1.748 1.748 1.748 1.748 1.748 1.748 1.748 1.748 1.748 1.748 1.748 1.748 1.748 1.748 1.748 1.748 1.748 1.748 0.769 0.769 0.774 0.769 0.769 0.769 0.769 0.769 0.769 0.769 0.769 0.769 0.769 0.769 0.769 0.769 0.769 0.769 0.769 0.769 0.769 0.769
0.03 0.33631 9.00000 2.1666991711 2.5750062867    2.162  1.320  3.7236  3.300    2  0.000  0.545     0.00     0.00     0.00     0.00     0.00 -1 -2.18e-12      0.00 6.680e-01 3.020e-01 5.394e-03 1.455e-03 1.320e-02 -1.000 3.000e-02       5292          0          0          0          0      5.453      5.453 1.471 1.397 1.813 0.813 1.397 1.397 1.402 1.397 1.397 1.397 1.397 1.397 1.397 1.397 1.397 1.397 1.397 1.397 1.397 1.397 1.397 1.397 1.397 1.397 1.397 1.397 1.813 1.813 1.819 1.813 1.813 1.813 1.813 1.813 1.813 1.813 1.813 1.813 1.813 1.813 1.813 1.813 1.813 1.813 1.813 1.813 1.813 1.813 0.813 0.813 0.817 0.813 0.813 0.813 0.813 0.813 0.813 0.813 0.813 0.813 0.813 0.813 0.813 0.813 0.813 0.813 0.813 0.813 0.813 0.813
0.03 0.33631 9.00000 2.1669337749 2.5750145809    2.163  1.300  3.7193  3.302    2  0.000  0.545     0.00     0.00     0.00     0.00     0.00 -1 -2.01e-12      0.00 6.680e-01 3.020e-01 5.394e-03 1.455e-03 1.320e-02 -1.000 3.000e-02       5239          0          0          0          0      5.439      5.439 1.520 1.455 1.883 0.859 1.455 1.455 1.458 1.455 1.455 1.455 1.455 1.455 1.455 1.455 1.455 1.455 1.455 1.455 1.455 1.455 1.455 1.455 1.455 1.455 1.455 1.455 1.883 1.883 1.888 1.883 1.883 1.883 1.883 1.883 1.883 1.883 1.883 1.883 1.883 1.883 1.883 1.883 1.883 1.883 1.883 1.883 1.883 1.883 0.859 0.859 0.862 0.859 0.859 0.859 0.859 0.859 0.859 0.859 0.859 0.859 0.859 0.859 0.859 0.859 0.859 0.859 0.859 0.859 0.859 0.859
0.03 0.33631 9.00000 2.1670610905 2.5750190812    2.163  1.294  3.7171  3.299    3  0.000  0.545     0.00     0.00     0.00     0.00     0.00 -1 -1.95e-12      0.00 6.680e-01 3.020e-01 5.394e-03 1.455e-03 1.320e-02 -1.000 3.000e-02       5212          0          0          0          0      5.457      5.457 1.535 1.475 1.910 0.873 1.475 1.475 1.478 1.475 1.475 1.475 1.475 1.475 1.475 1.475 1.475 1.475 1.475 1.475 1.475 1.475 1.475 1.475 1.475 1.475 1.475 1.475 1.910 1.910 1.914 1.910 1.910 1.910 1.910 1.910 1.910 1.910 1.910 1.910 1.910 1.910 1.910 1.910 1.910 1.910 1.910 1.910 1.910 1.910 0.873 0.873 0.875 0.873 0.873 0.873 0.873 0.873 0.873 0.873 0.873 0.873 0.873 0.873 0.873 0.873 0.873 0.873 0.873 0.873 0.873 0.873
0.03 0.33631 9.00000 2.1673593521 2.5750296215    2.163  1.287  3.7119  3.286    3  0.000  0.545     0.00     0.00     0.00     0.00     0.00 -1 -1.85e-12      0.00 6.679e-01 3.021e-01 5.394e-03 1.455e-03 1.320e-02 -1.000 3.000e-02       5151          0          0          0          0      5.541      5.541 1.554 1.506 1.956 0.890 1.506 1.506 1.506 1.506 1.506 1.506 1.506 1.506 1.506 1.506 1.506 1.506 1.506 1.506 1.506 1.506 1.506 1.506 1.506 1.506 1.506 1.506 1.956 1.956 1.957 1.956 1.956 1.956 1.956 1.956 1.956 1.956 1.956 1.956 1.956 1.956 1.956 1.956 1.956 1.956 1.956 1.956 1.956 1.956 0.890 0.890 0.890 0.890 0.890 0.890 0.890 0.890 0.890 0.890 0.890 0.890 0.890 0.890 0.890 0.890 0.890 0.890 0.890 0.890 0.890 0.890
0.03 0.33631 9.00000 2.1676714420 2.5750406469    2.163  1.291  3.7069  3.262    3  0.000  0.545     0.00     0.00     0.00     0.00     0.00 -1 -1.82e-12      0.00 6.678e-01 3.022e-01 5.392e-03 1.456e-03 1.320e-02 -1.000 3.000e-02       5092          0          0          0          0      5.697      5.697 1.543 1.508 1.972 0.880 1.508 1.508 1.508 1.508 1.508 1.508 1.508 1.508 1.508 1.508 1.508 1.508 1.508 1.508 1.508 1.508 1.508 1.508 1.508 1.508 1.508 1.508 1.972 1.972 1.972 1.972 1.972 1.972 1.972 1.972 1.972 1.972 1.972 1.972 1.972 1.972 1.972 1.972 1.972 1.972 1.972 1.972 1.972 1.972 0.880 0.880 0.880 0.880 0.880 0.880 0.880 0.880 0.880 0.880 0.880 0.880 0.880 0.880 0.880 0.880 0.880 0.880 0.880 0.880 0.880 0.880
0.03 0.33631 9.00000 2.1679830551 2.5750516519    2.164  1.309  3.7025  3.226    3  0.000  0.542     0.00     0.00     0.00     0.00     0.00 -1 -1.91e-12      0.00 6.676e-01 3.024e-01 5.369e-03 1.464e-03 1.320e-02 -1.000 3.000e-02       5040          0          0          0          0      5.938      5.938 1.498 1.474 1.949 0.837 1.474 1.474 1.474 1.474 1.474 1.474 1.474 1.474 1.474 1.474 1.474 1.474 1.474 1.474 1.474 1.474 1.474 1.474 1.474 1.474 1.474 1.474 1.949 1.949 1.949 1.949 1.949 1.949 1.949 1.949 1.949 1.949 1.949 1.949 1.949 1.949 1.949 1.949 1.949 1.949 1.949 1.949 1.949 1.949 0.837 0.837 0.837 0.837 0.837 0.837 0.837 0.837 0.837 0.837 0.837 0.837 0.837 0.837 0.837 0.837 0.837 0.837 0.837 0.837 0.837 0.837
0.03 0.33631 9.00000 2.1682672501 2.5750616854    2.164  1.333  3.6988  3.188    3  0.000  0.530     0.00     0.00     0.00     0.00     0.00 -1 -2.07e-12      0.00 6.673e-01 3.027e-01 5.246e-03 1.531e-03 1.320e-02 -1.000 3.002e-02       4998          0          0          0          0      6.209      6.209 1.438 1.424 1.907 0.778 1.424 1.424 1.424 1.424 1.424 1.424 1.424 1.424 1.424 1.424 1.424 1.424 1.424 1.424 1.424 1.424 1.424 1.424 1.424 1.424 1.424 1.424 1.907 1.907 1.907 1.907 1.907 1.907 1.907 1.907 1.907 1.907 1.907 1.907 1.907 1.907 1.907 1.907 1.907 1.907 1.907 1.907 1.907 1.907 0.778 0.778 0.778 0.778 0.778 0.778 0.778 0.778 0.778 0.778 0.778 0.778 0.778 0.778 0.778 0.778 0.778 0.778 0.778 0.778 0.778 0.778
0.03 0.33631 9.00000 2.1684944630 2.5750697050    2.164  1.356  3.6962  3.154    3  0.000  0.500     0.00     0.00     0.00     0.00     0.00 -1 -2.27e-12      0.00 6.668e-01 3.031e-01 4.951e-03 1.804e-03 1.320e-02 -1.000 3.006e-02       4968          0          0          0          0      6.457      6.457 1.379 1.372 1.863 0.721 1.372 1.372 1.372 1.372 1.372 1.372 1.372 1.372 1.372 1.372 1.372 1.372 1.372 1.372 1.372 1.372 1.372 1.372 1.372 1.372 1.372 1.372 1.863 1.863 1.863 1.863 1.863 1.863 1.863 1.863 1.863 1.863 1.863 1.863 1.863 1.863 1.863 1.863 1.863 1.863 1.863 1.863 1.863 1.863 0.721 0.721 0.721 0.721 0.721 0.721 0.721 0.721 0.721 0.721 0.721 0.721 0.721 0.721 0.721 0.721 0.721 0.721 0.721 0.721 0.721 0.721
0.03 0.33631 9.00000 2.1687834263 2.5750799013    2.164  1.389  3.6932  3.109    3  0.000  0.457     0.00     0.00     0.00     0.00     0.00 -1 -2.58e-12      0.00 6.662e-01 3.037e-01 4.519e-03 2.303e-03 1.320e-02 -1.000 3.013e-02       4933          0          0          0          0      6.797      6.797 1.298 1.300 1.798 0.642 1.300 1.300 1.300 1.300 1.300 1.300 1.300 1.300 1.300 1.300 1.300 1.300 1.300 1.300 1.300 1.300 1.300 1.300 1.300 1.300 1.300 1.300 1.798 1.798 1.798 1.798 1.798 1.798 1.798 1.798 1.798 1.798 1.798 1.798 1.798 1.798 1.798 1.798 1.798 1.798 1.798 1.798 1.798 1.798 0.642 0.642 0.642 0.642 0.642 0.642 0.642 0.642 0.642 0.642 0.642 0.642 0.642 0.642 0.642 0.642 0.642 0.642 0.642 0.642 0.642 0.642
0.03 0.33631 9.00000 2.1689615250 2.5750861840    2.165  1.410  3.6914  3.081    3  0.000  0.436     0.00     0.00     0.00     0.00     0.00 -1  -2.8e-12      0.00 6.657e-01 3.041e-01 4.314e-03 2.551e-03 1.320e-02 -1.000 3.017e-02       4913          0          0          0          0       7.02       7.02 1.246 1.253 1.755 0.591 1.253 1.253 1.253 1.253 1.253 1.253 1.253 1.253 1.253 1.253 1.253 1.253 1.253 1.253 1.253 1.253 1.253 1.253 1.253 1.253 1.253 1.253 1.755 1.755 1.755 1.755 1.755 1.755 1.755 1.755 1.755 1.755 1.755 1.755 1.755 1.755 1.755 1.755 1.755 1.755 1.755 1.755 1.755 1.755 0.591 0.591 0.591 0.591 0.591 0.591 0.591 0.591 0.591 0.591 0.591 0.591 0.591 0.591 0.591 0.591 0.591 0.591 0.591 0.591 0.591 0.591
0.03 0.33631 9.00000 2.1692199707 2.5750952991    2.165  1.441  3.6890  3.041    3  0.000  0.412     0.00     0.00     0.00     0.00     0.00 -1 -3.16e-12      0.00 6.651e-01 3.047e-01 4.082e-03 2.834e-03 1.320e-02 -1.000 3.021e-02       4886          0          0          0          0      7.355      7.355 1.168 1.183 1.692 0.515 1.183 1.183 1.183 1.183 1.183 1.183 1.183 1.183 1.183 1.183 1.183 1.183 1.183 1.183 1.183 1.183 1.183 1.183 1.183 1.183 1.183 1.183 1.692 1.692 1.692 1.692 1.692 1.692 1.692 1.692 1.692 1.692 1.692 1.692 1.692 1.692 1.692 1.692 1.692 1.692 1.692 1.692 1.692 1.692 0.515 0.515 0.515 0.515 0.515 0.515 0.515 0.515 0.515 0.515 0.515 0.515 0.515 0.515 0.515 0.515 0.515 0.515 0.515 0.515 0.515 0.515
0.03 0.33631 9.00000 2.1693890095 2.5751012596    2.165  1.461  3.6875  3.014    3  0.000  0.401     0.00     0.00     0.00     0.00     0.00 -1 -3.43e-12      0.00 6.647e-01 3.051e-01 3.969e-03 2.973e-03 1.320e-02 -1.000 3.023e-02       4869          0          0          0          0      7.584      7.584 1.117 1.136 1.649 0.465 1.136 1.136 1.136 1.136 1.136 1.136 1.136 1.136 1.136 1.136 1.136 1.136 1.136 1.136 1.136 1.136 1.136 1.136 1.136 1.136 1.136 1.136 1.649 1.649 1.649 1.649 1.649 1.649 1.649 1.649 1.649 1.649 1.649 1.649 1.649 1.649 1.649 1.649 1.649 1.649 1.649 1.649 1.649 1.649 0.465 0.465 0.465 0.465 0.465 0.465 0.465 0.465 0.465 0.465 0.465 0.465 0.465 0.465 0.465 0.465 0.465 0.465 0.465 0.465 0.465 0.465
0.03 0.33631 9.00000 2.1696398258 2.5751101016    2.165  1.492  3.6853  2.975    3  0.000  0.388     0.00     0.00     0.00     0.00     0.00 -1 -3.86e-12      0.00 6.641e-01 3.056e-01 3.844e-03 3.127e-03 1.320e-02 -1.000 3.025e-02       4845          0          0          0          0      7.935      7.935 1.040 1.067 1.585 0.391 1.067 1.067 1.067 1.067 1.067 1.067 1.067 1.067 1.067 1.067 1.067 1.067 1.067 1.067 1.067 1.067 1.067 1.067 1.067 1.067 1.067 1.067 1.585 1.585 1.585 1.585 1.585 1.585 1.585 1.585 1.585 1.585 1.585 1.585 1.585 1.585 1.585 1.585 1.585 1.585 1.585 1.585 1.585 1.585 0.391 0.391 0.391 0.391 0.391 0.391 0.391 0.391 0.391 0.391 0.391 0.391 0.391 0.391 0.391 0.391 0.391 0.391 0.391 0.391 0.391 0.391
0.03 0.33631 9.00000 2.1698880196 2.5751188488    2.166  1.523  3.6832  2.936    3  0.000  0.380     0.00     0.00     0.00     0.00     0.00 -1 -4.35e-12      0.00 6.636e-01 3.061e-01 3.761e-03 3.229e-03 1.320e-02 -1.000 3.026e-02       4821          0          0          0          0      8.301      8.301 0.963 0.997 1.521 0.316 0.997 0.997 0.997 0.997 0.997 0.997 0.997 0.997 0.997 0.997 0.997 0.997 0.997 0.997 0.997 0.997 0.997 0.997 0.997 0.997 0.997 0.997 1.521 1.521 1.521 1.521 1.521 1.521 1.521 1.521 1.521 1.521 1.521 1.521 1.521 1.521 1.521 1.521 1.521 1.521 1.521 1.521 1.521 1.521 0.316 0.316 0.316 0.316 0.316 0.316 0.316 0.316 0.316 0.316 0.316 0.316 0.316 0.316 0.316 0.316 0.316 0.316 0.316 0.316 0.316 0.316
0.03 0.33631 9.00000 2.1700527668 2.5751246539    2.166  1.543  3.6818  2.910    3  0.000  0.376     0.00     0.00     0.00     0.00     0.00 -1 -4.71e-12      0.00 6.634e-01 3.063e-01 3.722e-03 3.276e-03 1.320e-02 -1.000 3.027e-02       4806          0          0          0          0      8.555      8.555 0.912 0.950 1.478 0.266 0.950 0.950 0.950 0.950 0.950 0.950 0.950 0.950 0.950 0.950 0.950 0.950 0.950 0.950 0.950 0.950 0.950 0.950 0.950 0.950 0.950 0.950 1.478 1.478 1.478 1.478 1.478 1.478 1.478 1.478 1.478 1.478 1.478 1.478 1.478 1.478 1.478 1.478 1.478 1.478 1.478 1.478 1.478 1.478 0.266 0.266 0.266 0.266 0.266 0.266 0.266 0.266 0.266 0.266 0.266 0.266 0.266 0.266 0.266 0.266 0.266 0.266 0.266 0.266 0.266 0.266
0.03 0.33631 9.00000 2.1702983379 2.5751333049    2.166  1.574  3.6797  2.871    3  0.000  0.371     0.00     0.00     0.00     0.00     0.00 -1 -5.32e-12      0.00 6.630e-01 3.067e-01 3.671e-03 3.338e-03 1.319e-02 -1.000 3.028e-02       4783          0          0          0          0      8.947      8.947 0.836 0.880 1.414 0.192 0.880 0.880 0.880 0.880 0.880 0.880 0.880 0.880 0.880 0.880 0.880 0.880 0.880 0.880 0.880 0.880 0.880 0.880 0.880 0.880 0.880 0.880 1.414 1.414 1.414 1.414 1.414 1.414 1.414 1.414 1.414 1.414 1.414 1.414 1.414 1.414 1.414 1.414 1.414 1.414 1.414 1.414 1.414 1.414 0.192 0.192 0.192 0.192 0.192 0.192 0.192 0.192 0.192 0.192 0.192 0.192 0.192 0.192 0.192 0.192 0.192 0.192 0.192 0.192 0.192 0.192
0.03 0.33631 9.00000 2.1705429554 2.5751419201    2.166  1.604  3.6777  2.832    3  0.000  0.368     0.00     0.00     0.00     0.00     0.00 -1 -5.99e-12      0.00 6.628e-01 3.069e-01 3.638e-03 3.379e-03 1.319e-02 -1.000 3.028e-02       4760          0          0          0          0      9.357      9.357 0.759 0.811 1.351 0.118 0.811 0.811 0.811 0.811 0.811 0.811 0.811 0.811 0.811 0.811 0.811 0.811 0.811 0.811 0.811 0.811 0.811 0.811 0.811 0.811 0.811 0.811 1.351 1.351 1.351 1.351 1.351 1.351 1.351 1.351 1.351 1.351 1.351 1.351 1.351 1.351 1.351 1.351 1.351 1.351 1.351 1.351 1.351 1.351 0.118 0.118 0.118 0.118 0.118 0.118 0.118 0.118 0.118 0.118 0.118 0.118 0.118 0.118 0.118 0.118 0.118 0.118 0.118 0.118 0.118 0.118
0.03 0.33631 9.00000 2.1707050800 2.5751476288    2.166  1.625  3.6763  2.806    3  0.000  0.366     0.00     0.00     0.00     0.00     0.00 -1 -6.49e-12      0.00 6.625e-01 3.072e-01 3.618e-03 3.406e-03 1.319e-02 -1.000 3.029e-02       4745          0          0          0          0      9.639      9.639 0.708 0.765 1.309 0.069 0.765 0.765 0.765 0.765 0.765 0.765 0.765 0.765 0.765 0.765 0.765 0.765 0.765 0.765 0.765 0.765 0.765 0.765 0.765 0.765 0.765 0.765 1.309 1.309 1.309 1.309 1.309 1.309 1.309 1.309 1.309 1.309 1.309 1.309 1.309 1.309 1.309 1.309 1.309 1.309 1.309 1.309 1.309 1.309 0.069 0.069 0.069 0.069 0.069 0.069 0.069 0.069 0.069 0.069 0.069 0.069 0.069 0.069 0.069 0.069 0.069 0.069 0.069 0.069 0.069 0.069
0.03 0.33631 9.00000 2.1709477901 2.5751561732    2.167  1.655  3.6743  2.769    3  0.000  0.364     0.00     0.00     0.00     0.00     0.00 -1 -7.32e-12      0.00 6.618e-01 3.079e-01 3.592e-03 3.459e-03 1.316e-02 -1.000 3.029e-02       4723          0          0          0          0      10.06      10.06 0.634 0.698 1.247 -0.003 0.698 0.698 0.698 0.698 0.698 0.698 0.698 0.698 0.698 0.698 0.698 0.698 0.698 0.698 0.698 0.698 0.698 0.698 0.698 0.698 0.698 0.698 1.247 1.247 1.247 1.247 1.247 1.247 1.247 1.247 1.247 1.247 1.247 1.247 1.247 1.247 1.247 1.247 1.247 1.247 1.247 1.247 1.247 1.247 -0.003 -0.003 -0.003 -0.003 -0.003 -0.003 -0.003 -0.003 -0.003 -0.003 -0.003 -0.003 -0.003 -0.003 -0.003 -0.003 -0.003 -0.003 -0.003 -0.003 -0.003 -0.003
0.03 0.33631 9.00000 2.1710283756 2.5751590096    2.167  1.664  3.6737  2.757    3  0.000  0.364     0.00     0.00     0.00     0.00     0.00 -1  -7.6e-12      0.00 6.613e-01 3.084e-01 3.583e-03 3.488e-03 1.314e-02 -1.000 3.029e-02       4717          0          0          0          0       10.2       10.2 0.610 0.676 1.227 -0.026 0.676 0.676 0.676 0.676 0.676 0.676 0.676 0.676 0.676 0.676 0.676 0.676 0.676 0.676 0.676 0.676 0.676 0.676 0.676 0.676 0.676 0.676 1.227 1.227 1.227 1.227 1.227 1.227 1.227 1.227 1.227 1.227 1.227 1.227 1.227 1.227 1.227 1.227 1.227 1.227 1.227 1.227 1.227 1.227 -0.026 -0.026 -0.026 -0.026 -0.026 -0.026 -0.026 -0.026 -0.026 -0.026 -0.026 -0.026 -0.026 -0.026 -0.026 -0.026 -0.026 -0.026 -0.026 -0.026 -0.026 -0.026
0.03 0.33631 9.00000 2.1711089611 2.5751618458    2.167  1.673  3.6731  2.745    3  0.000  0.363     0.00     0.00     0.00     0.00     0.00 -1 -7.88e-12      0.00 6.608e-01 3.089e-01 3.575e-03 3.515e-03 1.312e-02 -1.000 3.029e-02       4710          0          0          0          0      10.34      10.34 0.586 0.655 1.207 -0.049 0.655 0.655 0.655 0.655 0.655 0.655 0.655 0.655 0.655 0.655 0.655 0.655 0.655 0.655 0.655 0.655 0.655 0.655 0.655 0.655 0.655 0.655 1.207 1.207 1.207 1.207 1.207 1.207 1.207 1.207 1.207 1.207 1.207 1.207 1.207 1.207 1.207 1.207 1.207 1.207 1.207 1.207 1.207 1.207 -0.049 -0.049 -0.049 -0.049 -0.049 -0.049 -0.049 -0.049 -0.049 -0.049 -0.049 -0.049 -0.049 -0.049 -0.049 -0.049 -0.049 -0.049 -0.049 -0.049 -0.049 -0.049
0.03 0.33631 9.00000 2.1711895466 2.5751646818    2.167  1.683  3.6725  2.733    3  0.000  0.363     0.00     0.00     0.00     0.00     0.00 -1 -8.18e-12      0.00 6.604e-01 3.093e-01 3.568e-03 3.539e-03 1.310e-02 -1.000 3.029e-02       4703          0          0          0          0      10.49      10.49 0.562 0.633 1.187 -0.072 0.633 0.633 0.633 0.633 0.633 0.633 0.633 0.633 0.633 0.633 0.633 0.633 0.633 0.633 0.633 0.633 0.633 0.633 0.633 0.633 0.633 0.633 1.187 1.187 1.187 1.187 1.187 1.187 1.187 1.187 1.187 1.187 1.187 1.187 1.187 1.187 1.187 1.187 1.187 1.187 1.187 1.187 1.187 1.187 -0.072 -0.072 -0.072 -0.072 -0.072 -0.072 -0.072 -0.072 -0.072 -0.072 -0.072 -0.072 -0.072 -0.072 -0.072 -0.072 -0.072 -0.072 -0.072 -0.072 -0.072 -0.072
0.03 0.33631 9.00000 2.1712698936 2.5751675091    2.167  1.693  3.6719  2.721    3  0.000  0.363     0.00     0.00     0.00     0.00     0.00 -1 -8.49e-12      0.00 6.600e-01 3.098e-01 3.561e-03 3.560e-03 1.308e-02 -1.000 3.029e-02       4697          0          0          0          0      10.64      10.64 0.538 0.611 1.167 -0.095 0.611 0.611 0.611 0.611 0.611 0.611 0.611 0.611 0.611 0.611 0.611 0.611 0.611 0.611 0.611 0.611 0.611 0.611 0.611 0.611 0.611 0.611 1.167 1.167 1.167 1.167 1.167 1.167 1.167 1.167 1.167 1.167 1.167 1.167 1.167 1.167 1.167 1.167 1.167 1.167 1.167 1.167 1.167 1.167 -0.095 -0.095 -0.095 -0.095 -0.095 -0.095 -0.095 -0.095 -0.095 -0.095 -0.095 -0.095 -0.095 -0.095 -0.095 -0.095 -0.095 -0.095 -0.095 -0.095 -0.095 -0.095
0.03 0.33631 9.00000 2.1713504791 2.5751703446    2.167  1.702  3.6713  2.709    3  0.000  0.363     0.00     0.00     0.00     0.00     0.00 -1 -8.82e-12      0.00 6.594e-01 3.103e-01 3.554e-03 3.586e-03 1.306e-02 -1.000 3.028e-02       4690          0          0          0          0      10.78      10.78 0.515 0.590 1.148 -0.118 0.590 0.590 0.590 0.590 0.590 0.590 0.590 0.590 0.590 0.590 0.590 0.590 0.590 0.590 0.590 0.590 0.590 0.590 0.590 0.590 0.590 0.590 1.148 1.148 1.148 1.148 1.148 1.148 1.148 1.148 1.148 1.148 1.148 1.148 1.148 1.148 1.148 1.148 1.148 1.148 1.148 1.148 1.148 1.148 -0.118 -0.118 -0.118 -0.118 -0.118 -0.118 -0.118 -0.118 -0.118 -0.118 -0.118 -0.118 -0.118 -0.118 -0.118 -0.118 -0.118 -0.118 -0.118 -0.118 -0.118 -0.118
0.03 0.33631 9.00000 2.1714308262 2.5751731714    2.167  1.712  3.6706  2.697    3  0.000  0.363     0.00     0.00     0.00     0.00     0.00 -1 -9.16e-12      0.00 6.589e-01 3.108e-01 3.546e-03 3.613e-03 1.304e-02 -1.000 3.028e-02       4684          0          0          0          0      10.93      10.93 0.491 0.568 1.128 -0.141 0.568 0.568 0.568 0.568 0.568 0.568 0.568 0.568 0.568 0.568 0.568 0.568 0.568 0.568 0.568 0.568 0.568 0.568 0.568 0.568 0.568 0.568 1.128 1.128 1.128 1.128 1.128 1.128 1.128 1.128 1.128 1.128 1.128 1.128 1.128 1.128 1.128 1.128 1.128 1.128 1.128 1.128 1.128 1.128 -0.141 -0.141 -0.141 -0.141 -0.141 -0.141 -0.141 -0.141 -0.141 -0.141 -0.141 -0.141 -0.141 -0.141 -0.141 -0.141 -0.141 -0.141 -0.141 -0.141 -0.141 -0.141
0.03 0.33631 9.00000 2.1715095043 2.5751759393    2.167  1.721  3.6700  2.685    3  0.000  0.362     0.00     0.00     0.00     0.00     0.00 -1 -9.51e-12      0.00 6.585e-01 3.112e-01 3.541e-03 3.633e-03 1.303e-02 -1.000 3.028e-02       4677          0          0          0          0      11.08      11.08 0.467 0.547 1.108 -0.164 0.547 0.547 0.547 0.547 0.547 0.547 0.547 0.547 0.547 0.547 0.547 0.547 0.547 0.547 0.547 0.547 0.547 0.547 0.547 0.547 0.547 0.547 1.108 1.108 1.108 1.108 1.108 1.108 1.108 1.108 1.108 1.108 1.108 1.108 1.108 1.108 1.108 1.108 1.108 1.108 1.108 1.108 1.108 1.108 -0.164 -0.164 -0.164 -0.164 -0.164 -0.164 -0.164 -0.164 -0.164 -0.164 -0.164 -0.164 -0.164 -0.164 -0.164 -0.164 -0.164 -0.164 -0.164 -0.164 -0.164 -0.164
0.03 0.33631 9.00000 2.1717457771 2.5751842500    2.167  1.749  3.6682  2.650    3  0.000  0.362     0.00     0.00     0.00     0.00     0.00 -1 -1.06e-11      0.00 6.570e-01 3.127e-01 3.523e-03 3.697e-03 1.298e-02 -1.000 3.028e-02       4657          0          0          0          0      11.55      11.55 0.397 0.484 1.051 -0.231 0.484 0.484 0.484 0.484 0.484 0.484 0.484 0.484 0.484 0.484 0.484 0.484 0.484 0.484 0.484 0.484 0.484 0.484 0.484 0.484 0.484 0.484 1.051 1.051 1.051 1.051 1.051 1.051 1.051 1.051 1.051 1.051 1.051 1.051 1.051 1.051 1.051 1.051 1.051 1.051 1.051 1.051 1.051 1.051 -0.231 -0.231 -0.231 -0.231 -0.231 -0.231 -0.231 -0.231 -0.231 -0.231 -0.231 -0.231 -0.231 -0.231 -0.231 -0.231 -0.231 -0.231 -0.231 -0.231 -0.231 -0.231
0.03 0.33631 9.00000 2.1719818115 2.5751925502    2.168  1.777  3.6663  2.614    3  0.000  0.362     0.00     0.00     0.00     0.00     0.00 -1 -1.19e-11      0.00 6.557e-01 3.141e-01 3.507e-03 3.756e-03 1.293e-02 -1.000 3.028e-02       4637          0          0          0          0      12.03      12.03 0.327 0.421 0.993 -0.299 0.421 0.421 0.421 0.421 0.421 0.421 0.421 0.421 0.421 0.421 0.421 0.421 0.421 0.421 0.421 0.421 0.421 0.421 0.421 0.421 0.421 0.421 0.993 0.993 0.993 0.993 0.993 0.993 0.993 0.993 0.993 0.993 0.993 0.993 0.993 0.993 0.993 0.993 0.993 0.993 0.993 0.993 0.993 0.993 -0.299 -0.299 -0.299 -0.299 -0.299 -0.299 -0.299 -0.299 -0.299 -0.299 -0.299 -0.299 -0.299 -0.299 -0.299 -0.299 -0.299 -0.299 -0.299 -0.299 -0.299 -0.299
0.03 0.33631 9.00000 2.1722178459 2.5752008484    2.168  1.806  3.6645  2.578    3  0.000  0.361     0.00     0.00     0.00     0.00     0.00 -1 -1.33e-11      0.00 6.544e-01 3.153e-01 3.493e-03 3.809e-03 1.289e-02 -1.000 3.028e-02       4617          0          0          0          0      12.54      12.54 0.256 0.357 0.935 -0.367 0.357 0.357 0.357 0.357 0.357 0.357 0.357 0.357 0.357 0.357 0.357 0.357 0.357 0.357 0.357 0.357 0.357 0.357 0.357 0.357 0.357 0.357 0.935 0.935 0.935 0.935 0.935 0.935 0.935 0.935 0.935 0.935 0.935 0.935 0.935 0.935 0.935 0.935 0.935 0.935 0.935 0.935 0.935 0.935 -0.367 -0.367 -0.367 -0.367 -0.367 -0.367 -0.367 -0.367 -0.367 -0.367 -0.367 -0.367 -0.367 -0.367 -0.367 -0.367 -0.367 -0.367 -0.367 -0.367 -0.367 -0.367
0.03 0.33631 9.00000 2.1723763943 2.5752064213    2.168  1.825  3.6632  2.554    3  0.000  0.361     0.00     0.00     0.00     0.00     0.00 -1 -1.43e-11      0.00 6.537e-01 3.160e-01 3.486e-03 3.838e-03 1.287e-02 -1.000 3.027e-02       4604          0          0          0          0       12.9       12.9 0.207 0.314 0.895 -0.413 0.314 0.314 0.314 0.314 0.314 0.314 0.314 0.314 0.314 0.314 0.314 0.314 0.314 0.314 0.314 0.314 0.314 0.314 0.314 0.314 0.314 0.314 0.895 0.895 0.895 0.895 0.895 0.895 0.895 0.895 0.895 0.895 0.895 0.895 0.895 0.895 0.895 0.895 0.895 0.895 0.895 0.895 0.895 0.895 -0.413 -0.413 -0.413 -0.413 -0.413 -0.413 -0.413 -0.413 -0.413 -0.413 -0.413 -0.413 -0.413 -0.413 -0.413 -0.413 -0.413 -0.413 -0.413 -0.413 -0.413 -0.413
0.03 0.33631 9.00000 2.1726191044 2.5752149505    2.168  1.855  3.6612  2.516    3  0.000  0.361     0.00     0.00     0.00     0.00     0.00 -1 -1.61e-11      0.00 6.526e-01 3.171e-01 3.475e-03 3.879e-03 1.283e-02 -1.000 3.027e-02       4582          0          0          0          0      13.47      13.47 0.133 0.247 0.835 -0.484 0.247 0.247 0.247 0.247 0.247 0.247 0.247 0.247 0.247 0.247 0.247 0.247 0.247 0.247 0.247 0.247 0.247 0.247 0.247 0.247 0.247 0.247 0.835 0.835 0.835 0.835 0.835 0.835 0.835 0.835 0.835 0.835 0.835 0.835 0.835 0.835 0.835 0.835 0.835 0.835 0.835 0.835 0.835 0.835 -0.484 -0.484 -0.484 -0.484 -0.484 -0.484 -0.484 -0.484 -0.484 -0.484 -0.484 -0.484 -0.484 -0.484 -0.484 -0.484 -0.484 -0.484 -0.484 -0.484 -0.484 -0.484
0.03 0.33631 9.00000 2.1728637218 2.5752235446    2.169  1.885  3.6591  2.478    3  0.000  0.361     0.00     0.00     0.00     0.00     0.00 -1 -1.82e-11      0.00 6.517e-01 3.180e-01 3.466e-03 3.914e-03 1.281e-02 -1.000 3.027e-02       4561          0          0          0          0      14.08      14.08 0.058 0.181 0.776 -0.556 0.181 0.181 0.181 0.181 0.181 0.181 0.181 0.181 0.181 0.181 0.181 0.181 0.181 0.181 0.181 0.181 0.181 0.181 0.181 0.181 0.181 0.181 0.776 0.776 0.776 0.776 0.776 0.776 0.776 0.776 0.776 0.776 0.776 0.776 0.776 0.776 0.776 0.776 0.776 0.776 0.776 0.776 0.776 0.776 -0.556 -0.556 -0.556 -0.556 -0.556 -0.556 -0.556 -0.556 -0.556 -0.556 -0.556 -0.556 -0.556 -0.556 -0.556 -0.556 -0.556 -0.556 -0.556 -0.556 -0.556 -0.556
0.03 0.33631 9.00000 2.1730256081 2.5752292308    2.169  1.905  3.6577  2.453    3  0.000  0.361     0.00     0.00     0.00     0.00     0.00 -1 -1.97e-11      0.00 6.512e-01 3.186e-01 3.461e-03 3.935e-03 1.279e-02 -1.000 3.027e-02       4546          0          0          0          0      14.49      14.49 0.009 0.137 0.737 -0.603 0.137 0.137 0.137 0.137 0.137 0.137 0.137 0.137 0.137 0.137 0.137 0.137 0.137 0.137 0.137 0.137 0.137 0.137 0.137 0.137 0.137 0.137 0.737 0.737 0.737 0.737 0.737 0.737 0.737 0.737 0.737 0.737 0.737 0.737 0.737 0.737 0.737 0.737 0.737 0.737 0.737 0.737 0.737 0.737 -0.603 -0.603 -0.603 -0.603 -0.603 -0.603 -0.603 -0.603 -0.603 -0.603 -0.603 -0.603 -0.603 -0.603 -0.603 -0.603 -0.603 -0.603 -0.603 -0.603 -0.603 -0.603
0.03 0.33631 9.00000 2.1732680798 2.5752377459    2.169  1.934  3.6556  2.415    3  0.000  0.361     0.00     0.00     0.00     0.00     0.00 -1 -2.23e-11      0.00 6.505e-01 3.193e-01 3.454e-03 3.961e-03 1.277e-02 -1.000 3.027e-02       4525          0          0          0          0      15.14      15.14 -0.066 0.072 0.679 -0.674 0.072 0.072 0.072 0.072 0.072 0.072 0.072 0.072 0.072 0.072 0.072 0.072 0.072 0.072 0.072 0.072 0.072 0.072 0.072 0.072 0.072 0.072 0.679 0.679 0.679 0.679 0.679 0.679 0.679 0.679 0.679 0.679 0.679 0.679 0.679 0.679 0.679 0.679 0.679 0.679 0.679 0.679 0.679 0.679 -0.674 -0.674 -0.674 -0.674 -0.674 -0.674 -0.674 -0.674 -0.674 -0.674 -0.674 -0.674 -0.674 -0.674 -0.674 -0.674 -0.674 -0.674 -0.674 -0.674 -0.674 -0.674
0.03 0.33631 9.00000 2.1735105515 2.5752462587    2.169  1.964  3.6535  2.376    3  0.000  0.361     0.00     0.00     0.00     0.00     0.00 -1 -2.51e-11      0.00 6.499e-01 3.199e-01 3.449e-03 3.983e-03 1.275e-02 -1.000 3.027e-02       4503          0          0          0          0      15.83      15.83 -0.141 0.006 0.621 -0.746 0.006 0.006 0.006 0.006 0.006 0.006 0.006 0.006 0.006 0.006 0.006 0.006 0.006 0.006 0.006 0.006 0.006 0.006 0.006 0.006 0.006 0.006 0.621 0.621 0.621 0.621 0.621 0.621 0.621 0.621 0.621 0.621 0.621 0.621 0.621 0.621 0.621 0.621 0.621 0.621 0.621 0.621 0.621 0.621 -0.746 -0.746 -0.746 -0.746 -0.746 -0.746 -0.746 -0.746 -0.746 -0.746 -0.746 -0.746 -0.746 -0.746 -0.746 -0.746 -0.746 -0.746 -0.746 -0.746 -0.746 -0.746
0.03 0.33631 9.00000 2.1736710072 2.5752518909    2.169  1.984  3.6521  2.351    3  0.000  0.361     0.00     0.00     0.00     0.00     0.00 -1 -2.72e-11      0.00 6.495e-01 3.202e-01 3.446e-03 3.995e-03 1.274e-02 -1.000 3.027e-02       4488          0          0          0          0       16.3       16.3 -0.190 -0.038 0.582 -0.793 -0.038 -0.038 -0.038 -0.038 -0.038 -0.038 -0.038 -0.038 -0.038 -0.038 -0.038 -0.038 -0.038 -0.038 -0.038 -0.038 -0.038 -0.038 -0.038 -0.038 -0.038 -0.038 0.582 0.582 0.582 0.582 0.582 0.582 0.582 0.582 0.582 0.582 0.582 0.582 0.582 0.582 0.582 0.582 0.582 0.582 0.582 0.582 0.582 0.582 -0.793 -0.793 -0.793 -0.793 -0.793 -0.793 -0.793 -0.793 -0.793 -0.793 -0.793 -0.793 -0.793 -0.793 -0.793 -0.793 -0.793 -0.793 -0.793 -0.793 -0.793 -0.793
0.03 0.33631 9.00000 2.1739070415 2.5752601742    2.170  2.014  3.6500  2.313    3  0.000  0.361     0.00     0.00     0.00     0.00     0.00 -1 -3.15e-11      0.00 6.491e-01 3.206e-01 3.442e-03 4.010e-03 1.273e-02 -1.000 3.027e-02       4466          0          0          0          0      17.03      17.03 -0.264 -0.102 0.526 -0.864 -0.102 -0.102 -0.102 -0.102 -0.102 -0.102 -0.102 -0.102 -0.102 -0.102 -0.102 -0.102 -0.102 -0.102 -0.102 -0.102 -0.102 -0.102 -0.102 -0.102 -0.102 -0.102 0.526 0.526 0.526 0.526 0.526 0.526 0.526 0.526 0.526 0.526 0.526 0.526 0.526 0.526 0.526 0.526 0.526 0.526 0.526 0.526 0.526 0.526 -0.864 -0.864 -0.864 -0.864 -0.864 -0.864 -0.864 -0.864 -0.864 -0.864 -0.864 -0.864 -0.864 -0.864 -0.864 -0.864 -0.864 -0.864 -0.864 -0.864 -0.864 -0.864
0.03 0.33631 9.00000 2.1741178036 2.5752675689    2.170  2.040  3.6481  2.279    3  0.000  0.360     0.00     0.00     0.00     0.00     0.00 -1 -3.64e-11      0.00 6.488e-01 3.209e-01 3.439e-03 4.022e-03 1.272e-02 -1.000 3.027e-02       4447          0          0          0          0       17.7       17.7 -0.329 -0.159 0.477 -0.925 -0.159 -0.159 -0.159 -0.159 -0.159 -0.159 -0.159 -0.159 -0.159 -0.159 -0.159 -0.159 -0.159 -0.159 -0.159 -0.159 -0.159 -0.159 -0.159 -0.159 -0.159 -0.159 0.477 0.477 0.477 0.477 0.477 0.477 0.477 0.477 0.477 0.477 0.477 0.477 0.477 0.477 0.477 0.477 0.477 0.477 0.477 0.477 0.477 0.477 -0.925 -0.925 -0.925 -0.925 -0.925 -0.925 -0.925 -0.925 -0.925 -0.925 -0.925 -0.925 -0.925 -0.925 -0.925 -0.925 -0.925 -0.925 -0.925 -0.925 -0.925 -0.925
0.03 0.33631 9.00000 2.1743540764 2.5752758567    2.170  2.069  3.6460  2.241    3  0.000  0.360     0.00     0.00     0.00     0.00     0.00 -1 -4.46e-11      0.00 6.485e-01 3.212e-01 3.437e-03 4.031e-03 1.271e-02 -1.000 3.026e-02       4425          0          0          0          0       18.5       18.5 -0.404 -0.223 0.421 -0.995 -0.223 -0.223 -0.223 -0.223 -0.223 -0.223 -0.223 -0.223 -0.223 -0.223 -0.223 -0.223 -0.223 -0.223 -0.223 -0.223 -0.223 -0.223 -0.223 -0.223 -0.223 -0.223 0.421 0.421 0.421 0.421 0.421 0.421 0.421 0.421 0.421 0.421 0.421 0.421 0.421 0.421 0.421 0.421 0.421 0.421 0.421 0.421 0.421 0.421 -0.995 -0.995 -0.995 -0.995 -0.995 -0.995 -0.995 -0.995 -0.995 -0.995 -0.995 -0.995 -0.995 -0.995 -0.995 -0.995 -0.995 -0.995 -0.995 -0.995 -0.995 -0.995
0.03 0.33631 9.00000 2.1745679379 2.5752833565    2.170  2.096  3.6440  2.206    3  0.000  0.360     0.00     0.00     0.00     0.00     0.00 -1 -5.37e-11      0.00 6.483e-01 3.214e-01 3.435e-03 4.039e-03 1.271e-02 -1.000 3.026e-02       4405          0          0          0          0      19.25      19.25 -0.471 -0.281 0.371 -1.059 -0.281 -0.281 -0.281 -0.281 -0.281 -0.281 -0.281 -0.281 -0.281 -0.281 -0.281 -0.281 -0.281 -0.281 -0.281 -0.281 -0.281 -0.281 -0.281 -0.281 -0.281 -0.281 0.371 0.371 0.371 0.371 0.371 0.371 0.371 0.371 0.371 0.371 0.371 0.371 0.371 0.371 0.371 0.371 0.371 0.371 0.371 0.371 0.371 0.371 -1.059 -1.059 -1.059 -1.059 -1.059 -1.059 -1.059 -1.059 -1.059 -1.059 -1.059 -1.059 -1.059 -1.059 -1.059 -1.059 -1.059 -1.059 -1.059 -1.059 -1.059 -1.059
0.03 0.33631 9.00000 2.1747441292 2.5752895341    2.170  2.119  3.6423  2.177    3  0.000  0.360     0.00     0.00     0.00     0.00     0.00 -1 -6.31e-11      0.00 6.482e-01 3.215e-01 3.434e-03 4.042e-03 1.270e-02 -1.000 3.026e-02       4388          0          0          0          0      19.92      19.92 -0.528 -0.330 0.329 -1.113 -0.330 -0.330 -0.330 -0.330 -0.330 -0.330 -0.330 -0.330 -0.330 -0.330 -0.330 -0.330 -0.330 -0.330 -0.330 -0.330 -0.330 -0.330 -0.330 -0.330 -0.330 -0.330 0.329 0.329 0.329 0.329 0.329 0.329 0.329 0.329 0.329 0.329 0.329 0.329 0.329 0.329 0.329 0.329 0.329 0.329 0.329 0.329 0.329 0.329 -1.113 -1.113 -1.113 -1.113 -1.113 -1.113 -1.113 -1.113 -1.113 -1.113 -1.113 -1.113 -1.113 -1.113 -1.113 -1.113 -1.113 -1.113 -1.113 -1.113 -1.113 -1.113
0.03 0.33631 9.00000 2.1749639511 2.5752972398    2.171  2.148  3.6402  2.139    3  0.000  0.360     0.00     0.00     0.00     0.00     0.00 -1 -7.72e-11      0.00 6.481e-01 3.216e-01 3.433e-03 4.045e-03 1.270e-02 -1.000 3.026e-02       4366          0          0          0          0       20.8       20.8 -0.600 -0.392 0.275 -1.180 -0.392 -0.392 -0.392 -0.392 -0.392 -0.392 -0.392 -0.392 -0.392 -0.392 -0.392 -0.392 -0.392 -0.392 -0.392 -0.392 -0.392 -0.392 -0.392 -0.392 -0.392 -0.392 0.275 0.275 0.275 0.275 0.275 0.275 0.275 0.275 0.275 0.275 0.275 0.275 0.275 0.275 0.275 0.275 0.275 0.275 0.275 0.275 0.275 0.275 -1.180 -1.180 -1.180 -1.180 -1.180 -1.180 -1.180 -1.180 -1.180 -1.180 -1.180 -1.180 -1.180 -1.180 -1.180 -1.180 -1.180 -1.180 -1.180 -1.180 -1.180 -1.180
0.03 0.33631 9.00000 2.1751399040 2.5753034064    2.171  2.172  3.6384  2.109    3  0.000  0.360     0.00     0.00     0.00     0.00     0.00 -1 -9.09e-11      0.00 6.481e-01 3.216e-01 3.433e-03 4.047e-03 1.270e-02 -1.000 3.026e-02       4349          0          0          0          0      21.54      21.54 -0.659 -0.442 0.233 -1.235 -0.442 -0.442 -0.442 -0.442 -0.442 -0.442 -0.442 -0.442 -0.442 -0.442 -0.442 -0.442 -0.442 -0.442 -0.442 -0.442 -0.442 -0.442 -0.442 -0.442 -0.442 -0.442 0.233 0.233 0.233 0.233 0.233 0.233 0.233 0.233 0.233 0.233 0.233 0.233 0.233 0.233 0.233 0.233 0.233 0.233 0.233 0.233 0.233 0.233 -1.235 -1.235 -1.235 -1.235 -1.235 -1.235 -1.235 -1.235 -1.235 -1.235 -1.235 -1.235 -1.235 -1.235 -1.235 -1.235 -1.235 -1.235 -1.235 -1.235 -1.235 -1.235
0.03 0.33631 9.00000 2.1753790379 2.5753117854    2.171  2.203  3.6361  2.068    3  0.000  0.360     0.00     0.00     0.00     0.00     0.00 -1 -1.13e-10      0.00 6.481e-01 3.217e-01 3.433e-03 4.048e-03 1.270e-02 -1.000 3.026e-02       4325          0          0          0          0      22.59      22.59 -0.738 -0.509 0.176 -1.309 -0.509 -0.509 -0.509 -0.509 -0.509 -0.509 -0.509 -0.509 -0.509 -0.509 -0.509 -0.509 -0.509 -0.509 -0.509 -0.509 -0.509 -0.509 -0.509 -0.509 -0.509 -0.509 0.176 0.176 0.176 0.176 0.176 0.176 0.176 0.176 0.176 0.176 0.176 0.176 0.176 0.176 0.176 0.176 0.176 0.176 0.176 0.176 0.176 0.176 -1.309 -1.309 -1.309 -1.309 -1.309 -1.309 -1.309 -1.309 -1.309 -1.309 -1.309 -1.309 -1.309 -1.309 -1.309 -1.309 -1.309 -1.309 -1.309 -1.309 -1.309 -1.309
0.03 0.33631 9.00000 2.1756184101 2.5753201707    2.171  2.235  3.6337  2.027    3  0.000  0.360     0.00     0.00     0.00     0.00     0.00 -1 -1.41e-10      0.00 6.481e-01 3.217e-01 3.433e-03 4.048e-03 1.270e-02 -1.000 3.026e-02       4302          0          0          0          0      23.66      23.66 -0.816 -0.575 0.121 -1.381 -0.575 -0.575 -0.575 -0.575 -0.575 -0.575 -0.575 -0.575 -0.575 -0.575 -0.575 -0.575 -0.575 -0.575 -0.575 -0.575 -0.575 -0.575 -0.575 -0.575 -0.575 -0.575 0.121 0.121 0.121 0.121 0.121 0.121 0.121 0.121 0.121 0.121 0.121 0.121 0.121 0.121 0.121 0.121 0.121 0.121 0.121 0.121 0.121 0.121 -1.381 -1.381 -1.381 -1.381 -1.381 -1.381 -1.381 -1.381 -1.381 -1.381 -1.381 -1.381 -1.381 -1.381 -1.381 -1.381 -1.381 -1.381 -1.381 -1.381 -1.381 -1.381
0.03 0.33631 9.00000 2.1758127213 2.5753269760    2.171  2.258  3.6319  1.996    3  0.000  0.360     0.00     0.00     0.00     0.00     0.00 -1 -1.66e-10      0.00 6.481e-01 3.217e-01 3.433e-03 4.048e-03 1.270e-02 -1.000 3.026e-02       4284          0          0          0          0      24.52      24.52 -0.875 -0.624 0.079 -1.436 -0.624 -0.624 -0.624 -0.624 -0.624 -0.624 -0.624 -0.624 -0.624 -0.624 -0.624 -0.624 -0.624 -0.624 -0.624 -0.624 -0.624 -0.624 -0.624 -0.624 -0.624 -0.624 0.079 0.079 0.079 0.079 0.079 0.079 0.079 0.079 0.079 0.079 0.079 0.079 0.079 0.079 0.079 0.079 0.079 0.079 0.079 0.079 0.079 0.079 -1.436 -1.436 -1.436 -1.436 -1.436 -1.436 -1.436 -1.436 -1.436 -1.436 -1.436 -1.436 -1.436 -1.436 -1.436 -1.436 -1.436 -1.436 -1.436 -1.436 -1.436 -1.436
0.03 0.33631 9.00000 2.1760795116 2.5753363173    2.171  2.288  3.6296  1.957    3  0.000  0.360     0.00     0.00     0.00     0.00     0.00 -1 -2.05e-10      0.00 6.481e-01 3.217e-01 3.433e-03 4.048e-03 1.270e-02 -1.000 3.026e-02       4261          0          0          0          0      25.66      25.66 -0.951 -0.687 0.026 -1.506 -0.687 -0.687 -0.687 -0.687 -0.687 -0.687 -0.687 -0.687 -0.687 -0.687 -0.687 -0.687 -0.687 -0.687 -0.687 -0.687 -0.687 -0.687 -0.687 -0.687 -0.687 -0.687 0.026 0.026 0.026 0.026 0.026 0.026 0.026 0.026 0.026 0.026 0.026 0.026 0.026 0.026 0.026 0.026 0.026 0.026 0.026 0.026 0.026 0.026 -1.506 -1.506 -1.506 -1.506 -1.506 -1.506 -1.506 -1.506 -1.506 -1.506 -1.506 -1.506 -1.506 -1.506 -1.506 -1.506 -1.506 -1.506 -1.506 -1.506 -1.506 -1.506
0.03 0.33631 9.00000 2.1763460636 2.5753456477    2.172  2.315  3.6276  1.923    3  0.000  0.360     0.00     0.00     0.00     0.00     0.00 -1 -2.47e-10      0.00 6.481e-01 3.217e-01 3.433e-03 4.048e-03 1.270e-02 -1.000 3.026e-02       4242          0          0          0          0      26.69      26.69 -1.016 -0.741 -0.017 -1.566 -0.741 -0.741 -0.741 -0.741 -0.741 -0.741 -0.741 -0.741 -0.741 -0.741 -0.741 -0.741 -0.741 -0.741 -0.741 -0.741 -0.741 -0.741 -0.741 -0.741 -0.741 -0.741 -0.017 -0.017 -0.017 -0.017 -0.017 -0.017 -0.017 -0.017 -0.017 -0.017 -0.017 -0.017 -0.017 -0.017 -0.017 -0.017 -0.017 -0.017 -0.017 -0.017 -0.017 -0.017 -1.566 -1.566 -1.566 -1.566 -1.566 -1.566 -1.566 -1.566 -1.566 -1.566 -1.566 -1.566 -1.566 -1.566 -1.566 -1.566 -1.566 -1.566 -1.566 -1.566 -1.566 -1.566
0.03 0.33631 9.00000 2.1767494678 2.5753597634    2.172  2.341  3.6256  1.888    3  0.000  0.360     0.00     0.00     0.00     0.00     0.00 -1 -2.96e-10      0.00 6.481e-01 3.217e-01 3.433e-03 4.048e-03 1.270e-02 -1.000 3.026e-02       4222          0          0          0          0      27.77      27.77 -1.082 -0.795 -0.060 -1.625 -0.795 -0.795 -0.795 -0.795 -0.795 -0.795 -0.795 -0.795 -0.795 -0.795 -0.795 -0.795 -0.795 -0.795 -0.795 -0.795 -0.795 -0.795 -0.795 -0.795 -0.795 -0.795 -0.060 -0.060 -0.060 -0.060 -0.060 -0.060 -0.060 -0.060 -0.060 -0.060 -0.060 -0.060 -0.060 -0.060 -0.060 -0.060 -0.060 -0.060 -0.060 -0.060 -0.060 -0.060 -1.625 -1.625 -1.625 -1.625 -1.625 -1.625 -1.625 -1.625 -1.625 -1.625 -1.625 -1.625 -1.625 -1.625 -1.625 -1.625 -1.625 -1.625 -1.625 -1.625 -1.625 -1.625
0.03 0.33631 9.00000 2.1769459248 2.5753666355    2.172  2.352  3.6247  1.874    3  0.000  0.360     0.00     0.00     0.00     0.00     0.00 -1 -3.22e-10      0.00 6.481e-01 3.217e-01 3.433e-03 4.048e-03 1.270e-02 -1.000 3.026e-02       4214          0          0          0          0      28.24      28.24 -1.110 -0.818 -0.078 -1.651 -0.818 -0.818 -0.818 -0.818 -0.818 -0.818 -0.818 -0.818 -0.818 -0.818 -0.818 -0.818 -0.818 -0.818 -0.818 -0.818 -0.818 -0.818 -0.818 -0.818 -0.818 -0.818 -0.078 -0.078 -0.078 -0.078 -0.078 -0.078 -0.078 -0.078 -0.078 -0.078 -0.078 -0.078 -0.078 -0.078 -0.078 -0.078 -0.078 -0.078 -0.078 -0.078 -0.078 -0.078 -1.651 -1.651 -1.651 -1.651 -1.651 -1.651 -1.651 -1.651 -1.651 -1.651 -1.651 -1.651 -1.651 -1.651 -1.651 -1.651 -1.651 -1.651 -1.651 -1.651 -1.651 -1.651
0.03 0.33631 9.00000 2.1771283150 2.5753730144    2.172  2.337  3.6260  1.894    3  0.000  0.360     0.00     0.00     0.00     0.00     0.00 -1 -2.86e-10      0.00 6.481e-01 3.217e-01 3.433e-03 4.048e-03 1.270e-02 -1.000 3.026e-02       4226          0          0          0          0       27.6       27.6 -1.072 -0.787 -0.054 -1.616 -0.787 -0.787 -0.787 -0.787 -0.787 -0.787 -0.787 -0.787 -0.787 -0.787 -0.787 -0.787 -0.787 -0.787 -0.787 -0.787 -0.787 -0.787 -0.787 -0.787 -0.787 -0.787 -0.054 -0.054 -0.054 -0.054 -0.054 -0.054 -0.054 -0.054 -0.054 -0.054 -0.054 -0.054 -0.054 -0.054 -0.054 -0.054 -0.054 -0.054 -0.054 -0.054 -0.054 -0.054 -1.616 -1.616 -1.616 -1.616 -1.616 -1.616 -1.616 -1.616 -1.616 -1.616 -1.616 -1.616 -1.616 -1.616 -1.616 -1.616 -1.616 -1.616 -1.616 -1.616 -1.616 -1.616
0.03 0.33631 9.00000 2.1773447990 2.5753805840    2.172  2.310  3.6280  1.929    4  0.000  0.360     0.00     0.00     0.00     0.00     0.00 -1 -2.35e-10      0.00 6.481e-01 3.217e-01 3.433e-03 4.048e-03 1.270e-02 -1.000 3.026e-02       4246          0          0          0          0      26.56      26.56 -1.005 -0.733 -0.011 -1.556 -0.733 -0.733 -0.733 -0.733 -0.733 -0.733 -0.733 -0.733 -0.733 -0.733 -0.733 -0.733 -0.733 -0.733 -0.733 -0.733 -0.733 -0.733 -0.733 -0.733 -0.733 -0.733 -0.011 -0.011 -0.011 -0.011 -0.011 -0.011 -0.011 -0.011 -0.011 -0.011 -0.011 -0.011 -0.011 -0.011 -0.011 -0.011 -0.011 -0.011 -0.011 -0.011 -0.011 -0.011 -1.556 -1.556 -1.556 -1.556 -1.556 -1.556 -1.556 -1.556 -1.556 -1.556 -1.556 -1.556 -1.556 -1.556 -1.556 -1.556 -1.556 -1.556 -1.556 -1.556 -1.556 -1.556
0.03 0.33631 9.00000 2.1774721146 2.5753850349    2.172  2.249  3.6327  2.009    4  0.000  0.360     0.00     0.00     0.00     0.00     0.00 -1 -1.44e-10      0.00 6.481e-01 3.217e-01 3.433e-03 4.048e-03 1.270e-02 -1.000 3.026e-02       4293          0          0          0          0      24.63      24.63 -0.853 -0.607 0.093 -1.416 -0.607 -0.607 -0.607 -0.607 -0.607 -0.607 -0.607 -0.607 -0.607 -0.607 -0.607 -0.607 -0.607 -0.607 -0.607 -0.607 -0.607 -0.607 -0.607 -0.607 -0.607 -0.607 0.093 0.093 0.093 0.093 0.093 0.093 0.093 0.093 0.093 0.093 0.093 0.093 0.093 0.093 0.093 0.093 0.093 0.093 0.093 0.093 0.093 0.093 -1.416 -1.416 -1.416 -1.416 -1.416 -1.416 -1.416 -1.416 -1.416 -1.416 -1.416 -1.416 -1.416 -1.416 -1.416 -1.416 -1.416 -1.416 -1.416 -1.416 -1.416 -1.416
0.03 0.33631 9.00000 2.1775655746 2.5753883018    2.172  2.144  3.6406  2.146    4  0.000  0.360     0.00     0.00     0.00     0.00     0.00 -1 -6.14e-11      0.00 6.481e-01 3.217e-01 3.433e-03 4.048e-03 1.270e-02 -1.000 3.026e-02       4373          0          0          0          0      21.47      21.47 -0.590 -0.385 0.280 -1.172 -0.385 -0.385 -0.385 -0.385 -0.385 -0.385 -0.385 -0.385 -0.385 -0.385 -0.385 -0.385 -0.385 -0.385 -0.385 -0.385 -0.385 -0.385 -0.385 -0.385 -0.385 -0.385 0.280 0.280 0.280 0.280 0.280 0.280 0.280 0.280 0.280 0.280 0.280 0.280 0.280 0.280 0.280 0.280 0.280 0.280 0.280 0.280 0.280 0.280 -1.172 -1.172 -1.172 -1.172 -1.172 -1.172 -1.172 -1.172 -1.172 -1.172 -1.172 -1.172 -1.172 -1.172 -1.172 -1.172 -1.172 -1.172 -1.172 -1.172 -1.172 -1.172
0.03 0.33631 9.00000 2.1776430607 2.5753910102    2.172  2.076  3.6457  2.234    4  0.000  0.360     0.00     0.00     0.00     0.00     0.00 -1 -3.76e-11      0.00 6.481e-01 3.217e-01 3.433e-03 4.048e-03 1.270e-02 -1.000 3.026e-02       4425          0          0          0          0      19.55      19.55 -0.419 -0.239 0.406 -1.011 -0.239 -0.239 -0.239 -0.239 -0.239 -0.239 -0.239 -0.239 -0.239 -0.239 -0.239 -0.239 -0.239 -0.239 -0.239 -0.239 -0.239 -0.239 -0.239 -0.239 -0.239 -0.239 0.406 0.406 0.406 0.406 0.406 0.406 0.406 0.406 0.406 0.406 0.406 0.406 0.406 0.406 0.406 0.406 0.406 0.406 0.406 0.406 0.406 0.406 -1.011 -1.011 -1.011 -1.011 -1.011 -1.011 -1.011 -1.011 -1.011 -1.011 -1.011 -1.011 -1.011 -1.011 -1.011 -1.011 -1.011 -1.011 -1.011 -1.011 -1.011 -1.011
0.03 0.33631 9.00000 2.1777219772 2.5753937683    2.173  2.020  3.6498  2.306    4  0.000  0.360     0.00     0.00     0.00     0.00     0.00 -1 -2.67e-11      0.00 6.481e-01 3.217e-01 3.433e-03 4.048e-03 1.270e-02 -1.000 3.026e-02       4467          0          0          0          0      18.13      18.13 -0.281 -0.120 0.509 -0.881 -0.120 -0.120 -0.120 -0.120 -0.120 -0.120 -0.120 -0.120 -0.120 -0.120 -0.120 -0.120 -0.120 -0.120 -0.120 -0.120 -0.120 -0.120 -0.120 -0.120 -0.120 -0.120 0.509 0.509 0.509 0.509 0.509 0.509 0.509 0.509 0.509 0.509 0.509 0.509 0.509 0.509 0.509 0.509 0.509 0.509 0.509 0.509 0.509 0.509 -0.881 -0.881 -0.881 -0.881 -0.881 -0.881 -0.881 -0.881 -0.881 -0.881 -0.881 -0.881 -0.881 -0.881 -0.881 -0.881 -0.881 -0.881 -0.881 -0.881 -0.881 -0.881
0.03 0.33631 9.00000 2.1777834892 2.5753959179    2.173  1.989  3.6521  2.346    4  0.000  0.360     0.00     0.00     0.00     0.00     0.00 -1  -2.3e-11      0.00 6.481e-01 3.217e-01 3.433e-03 4.048e-03 1.270e-02 -1.000 3.026e-02       4491          0          0          0          0      17.42      17.42 -0.202 -0.051 0.569 -0.806 -0.051 -0.051 -0.051 -0.051 -0.051 -0.051 -0.051 -0.051 -0.051 -0.051 -0.051 -0.051 -0.051 -0.051 -0.051 -0.051 -0.051 -0.051 -0.051 -0.051 -0.051 -0.051 0.569 0.569 0.569 0.569 0.569 0.569 0.569 0.569 0.569 0.569 0.569 0.569 0.569 0.569 0.569 0.569 0.569 0.569 0.569 0.569 0.569 0.569 -0.806 -0.806 -0.806 -0.806 -0.806 -0.806 -0.806 -0.806 -0.806 -0.806 -0.806 -0.806 -0.806 -0.806 -0.806 -0.806 -0.806 -0.806 -0.806 -0.806 -0.806 -0.806
0.03 0.33631 9.00000 2.1778399944 2.5753978925    2.173  1.969  3.6535  2.372    4  0.000  0.360     0.00     0.00     0.00     0.00     0.00 -1 -2.09e-11      0.00 6.481e-01 3.217e-01 3.433e-03 4.048e-03 1.270e-02 -1.000 3.026e-02       4507          0          0          0          0      16.97      16.97 -0.152 -0.007 0.608 -0.758 -0.007 -0.007 -0.007 -0.007 -0.007 -0.007 -0.007 -0.007 -0.007 -0.007 -0.007 -0.007 -0.007 -0.007 -0.007 -0.007 -0.007 -0.007 -0.007 -0.007 -0.007 -0.007 0.608 0.608 0.608 0.608 0.608 0.608 0.608 0.608 0.608 0.608 0.608 0.608 0.608 0.608 0.608 0.608 0.608 0.608 0.608 0.608 0.608 0.608 -0.758 -0.758 -0.758 -0.758 -0.758 -0.758 -0.758 -0.758 -0.758 -0.758 -0.758 -0.758 -0.758 -0.758 -0.758 -0.758 -0.758 -0.758 -0.758 -0.758 -0.758 -0.758
0.03 0.33631 9.00000 2.1779479980 2.5754016663    2.173  1.934  3.6561  2.418    4  0.000  0.360     0.00     0.00     0.00     0.00     0.00 -1 -1.78e-11      0.00 6.481e-01 3.217e-01 3.433e-03 4.048e-03 1.270e-02 -1.000 3.026e-02       4533          0          0          0          0      16.19      16.19 -0.064 0.070 0.675 -0.675 0.070 0.070 0.070 0.070 0.070 0.070 0.070 0.070 0.070 0.070 0.070 0.070 0.070 0.070 0.070 0.070 0.070 0.070 0.070 0.070 0.070 0.070 0.675 0.675 0.675 0.675 0.675 0.675 0.675 0.675 0.675 0.675 0.675 0.675 0.675 0.675 0.675 0.675 0.675 0.675 0.675 0.675 0.675 0.675 -0.675 -0.675 -0.675 -0.675 -0.675 -0.675 -0.675 -0.675 -0.675 -0.675 -0.675 -0.675 -0.675 -0.675 -0.675 -0.675 -0.675 -0.675 -0.675 -0.675 -0.675 -0.675
0.03 0.33631 9.00000 2.1780309677 2.5754045651    2.173  1.911  3.6577  2.447    4  0.000  0.360     0.00     0.00     0.00     0.00     0.00 -1 -1.59e-11      0.00 6.481e-01 3.217e-01 3.433e-03 4.048e-03 1.270e-02 -1.000 3.026e-02       4551          0          0          0          0      15.67      15.67 -0.008 0.119 0.718 -0.621 0.119 0.119 0.119 0.119 0.119 0.119 0.119 0.119 0.119 0.119 0.119 0.119 0.119 0.119 0.119 0.119 0.119 0.119 0.119 0.119 0.119 0.119 0.718 0.718 0.718 0.718 0.718 0.718 0.718 0.718 0.718 0.718 0.718 0.718 0.718 0.718 0.718 0.718 0.718 0.718 0.718 0.718 0.718 0.718 -0.621 -0.621 -0.621 -0.621 -0.621 -0.621 -0.621 -0.621 -0.621 -0.621 -0.621 -0.621 -0.621 -0.621 -0.621 -0.621 -0.621 -0.621 -0.621 -0.621 -0.621 -0.621
0.03 0.33631 9.00000 2.1780927181 2.5754067224    2.173  1.896  3.6589  2.467    4  0.000  0.360     0.00     0.00     0.00     0.00     0.00 -1 -1.48e-11      0.00 6.481e-01 3.217e-01 3.433e-03 4.048e-03 1.270e-02 -1.000 3.026e-02       4563          0          0          0          0      15.31      15.31 0.031 0.153 0.748 -0.584 0.153 0.153 0.153 0.153 0.153 0.153 0.153 0.153 0.153 0.153 0.153 0.153 0.153 0.153 0.153 0.153 0.153 0.153 0.153 0.153 0.153 0.153 0.748 0.748 0.748 0.748 0.748 0.748 0.748 0.748 0.748 0.748 0.748 0.748 0.748 0.748 0.748 0.748 0.748 0.748 0.748 0.748 0.748 0.748 -0.584 -0.584 -0.584 -0.584 -0.584 -0.584 -0.584 -0.584 -0.584 -0.584 -0.584 -0.584 -0.584 -0.584 -0.584 -0.584 -0.584 -0.584 -0.584 -0.584 -0.584 -0.584
0.03 0.33631 9.00000 2.1781904697 2.5754101372    2.173  1.876  3.6604  2.493    4  0.000  0.360     0.00     0.00     0.00     0.00     0.00 -1 -1.35e-11      0.00 6.481e-01 3.217e-01 3.433e-03 4.048e-03 1.270e-02 -1.000 3.026e-02       4578          0          0          0          0       14.8       14.8 0.081 0.197 0.787 -0.536 0.197 0.197 0.197 0.197 0.197 0.197 0.197 0.197 0.197 0.197 0.197 0.197 0.197 0.197 0.197 0.197 0.197 0.197 0.197 0.197 0.197 0.197 0.787 0.787 0.787 0.787 0.787 0.787 0.787 0.787 0.787 0.787 0.787 0.787 0.787 0.787 0.787 0.787 0.787 0.787 0.787 0.787 0.787 0.787 -0.536 -0.536 -0.536 -0.536 -0.536 -0.536 -0.536 -0.536 -0.536 -0.536 -0.536 -0.536 -0.536 -0.536 -0.536 -0.536 -0.536 -0.536 -0.536 -0.536 -0.536 -0.536
0.03 0.33631 9.00000 2.1782903671 2.5754136265    2.173  1.858  3.6617  2.516    4  0.000  0.360     0.00     0.00     0.00     0.00     0.00 -1 -1.25e-11      0.00 6.481e-01 3.217e-01 3.433e-03 4.048e-03 1.270e-02 -1.000 3.026e-02       4592          0          0          0          0      14.33      14.33 0.126 0.237 0.822 -0.493 0.237 0.237 0.237 0.237 0.237 0.237 0.237 0.237 0.237 0.237 0.237 0.237 0.237 0.237 0.237 0.237 0.237 0.237 0.237 0.237 0.237 0.237 0.822 0.822 0.822 0.822 0.822 0.822 0.822 0.822 0.822 0.822 0.822 0.822 0.822 0.822 0.822 0.822 0.822 0.822 0.822 0.822 0.822 0.822 -0.493 -0.493 -0.493 -0.493 -0.493 -0.493 -0.493 -0.493 -0.493 -0.493 -0.493 -0.493 -0.493 -0.493 -0.493 -0.493 -0.493 -0.493 -0.493 -0.493 -0.493 -0.493
0.03 0.33631 9.00000 2.1784186363 2.5754181062    2.173  1.837  3.6632  2.543    4  0.000  0.360     0.00     0.00     0.00     0.00     0.00 -1 -1.15e-11      0.00 6.481e-01 3.217e-01 3.433e-03 4.048e-03 1.270e-02 -1.000 3.026e-02       4608          0          0          0          0      13.78      13.78 0.178 0.283 0.863 -0.443 0.283 0.283 0.283 0.283 0.283 0.283 0.283 0.283 0.283 0.283 0.283 0.283 0.283 0.283 0.283 0.283 0.283 0.283 0.283 0.283 0.283 0.283 0.863 0.863 0.863 0.863 0.863 0.863 0.863 0.863 0.863 0.863 0.863 0.863 0.863 0.863 0.863 0.863 0.863 0.863 0.863 0.863 0.863 0.863 -0.443 -0.443 -0.443 -0.443 -0.443 -0.443 -0.443 -0.443 -0.443 -0.443 -0.443 -0.443 -0.443 -0.443 -0.443 -0.443 -0.443 -0.443 -0.443 -0.443 -0.443 -0.443
0.03 0.33631 9.00000 2.1786494255 2.5754261650    2.173  1.725  3.6715  2.688    4  0.000  0.360     0.00     0.00     0.00     0.00     0.00 -1 -7.43e-12      0.00 6.481e-01 3.217e-01 3.433e-03 4.048e-03 1.270e-02 -1.000 3.026e-02       4693          0          0          0          0       11.2       11.2 0.457 0.531 1.088 -0.176 0.531 0.531 0.531 0.531 0.531 0.531 0.531 0.531 0.531 0.531 0.531 0.531 0.531 0.531 0.531 0.531 0.531 0.531 0.531 0.531 0.531 0.531 1.088 1.088 1.088 1.088 1.088 1.088 1.088 1.088 1.088 1.088 1.088 1.088 1.088 1.088 1.088 1.088 1.088 1.088 1.088 1.088 1.088 1.088 -0.176 -0.176 -0.176 -0.176 -0.176 -0.176 -0.176 -0.176 -0.176 -0.176 -0.176 -0.176 -0.176 -0.176 -0.176 -0.176 -0.176 -0.176 -0.176 -0.176 -0.176 -0.176
0.03 0.33631 9.00000 2.1787784100 2.5754306680    2.174  1.667  3.6756  2.763    4  0.000  0.360     0.00     0.00     0.00     0.00     0.00 -1 -5.89e-12      0.00 6.481e-01 3.217e-01 3.433e-03 4.048e-03 1.270e-02 -1.000 3.026e-02       4737          0          0          0          0      10.17      10.17 0.603 0.662 1.208 -0.036 0.662 0.662 0.662 0.662 0.662 0.662 0.662 0.662 0.662 0.662 0.662 0.662 0.662 0.662 0.662 0.662 0.662 0.662 0.662 0.662 0.662 0.662 1.208 1.208 1.208 1.208 1.208 1.208 1.208 1.208 1.208 1.208 1.208 1.208 1.208 1.208 1.208 1.208 1.208 1.208 1.208 1.208 1.208 1.208 -0.036 -0.036 -0.036 -0.036 -0.036 -0.036 -0.036 -0.036 -0.036 -0.036 -0.036 -0.036 -0.036 -0.036 -0.036 -0.036 -0.036 -0.036 -0.036 -0.036 -0.036 -0.036
0.03 0.33631 9.00000 2.1790485382 2.5754400966    2.174  1.621  3.6788  2.822    4  0.000  0.360     0.00     0.00     0.00     0.00     0.00 -1 -4.82e-12      0.00 6.481e-01 3.217e-01 3.433e-03 4.048e-03 1.270e-02 -1.000 3.026e-02       4772          0          0          0          0       9.48       9.48 0.719 0.767 1.303 0.076 0.767 0.767 0.767 0.767 0.767 0.767 0.767 0.767 0.767 0.767 0.767 0.767 0.767 0.767 0.767 0.767 0.767 0.767 0.767 0.767 0.767 0.767 1.303 1.303 1.303 1.303 1.303 1.303 1.303 1.303 1.303 1.303 1.303 1.303 1.303 1.303 1.303 1.303 1.303 1.303 1.303 1.303 1.303 1.303 0.076 0.076 0.076 0.076 0.076 0.076 0.076 0.076 0.076 0.076 0.076 0.076 0.076 0.076 0.076 0.076 0.076 0.076 0.076 0.076 0.076 0.076
0.03 0.33631 9.00000 2.1792171001 2.5754459788    2.174  1.602  3.6802  2.846    4  0.000  0.360     0.00     0.00     0.00     0.00     0.00 -1 -4.42e-12      0.00 6.481e-01 3.217e-01 3.433e-03 4.048e-03 1.270e-02 -1.000 3.026e-02       4787          0          0          0          0      9.221      9.221 0.766 0.809 1.342 0.122 0.809 0.809 0.809 0.809 0.809 0.809 0.809 0.809 0.809 0.809 0.809 0.809 0.809 0.809 0.809 0.809 0.809 0.809 0.809 0.809 0.809 0.809 1.342 1.342 1.342 1.342 1.342 1.342 1.342 1.342 1.342 1.342 1.342 1.342 1.342 1.342 1.342 1.342 1.342 1.342 1.342 1.342 1.342 1.342 0.122 0.122 0.122 0.122 0.122 0.122 0.122 0.122 0.122 0.122 0.122 0.122 0.122 0.122 0.122 0.122 0.122 0.122 0.122 0.122 0.122 0.122
0.03 0.33631 9.00000 2.1792261600 2.5754462949    2.174  1.601  3.6802  2.847    4  0.000  0.360     0.00     0.00     0.00     0.00     0.00 -1  -4.4e-12      0.00 6.481e-01 3.217e-01 3.433e-03 4.048e-03 1.270e-02 -1.000 3.026e-02       4788          0          0          0          0      9.209      9.209 0.768 0.811 1.343 0.124 0.811 0.811 0.811 0.811 0.811 0.811 0.811 0.811 0.811 0.811 0.811 0.811 0.811 0.811 0.811 0.811 0.811 0.811 0.811 0.811 0.811 0.811 1.343 1.343 1.343 1.343 1.343 1.343 1.343 1.343 1.343 1.343 1.343 1.343 1.343 1.343 1.343 1.343 1.343 1.343 1.343 1.343 1.343 1.343 0.124 0.124 0.124 0.124 0.124 0.124 0.124 0.124 0.124 0.124 0.124 0.124 0.124 0.124 0.124 0.124 0.124 0.124 0.124 0.124 0.124 0.124
0.03 0.33631 9.00000 2.1792325974 2.5754465195    2.174  1.600  3.6803  2.848    4  0.000  0.360     0.00     0.00     0.00     0.00     0.00 -1 -4.39e-12      0.00 6.481e-01 3.217e-01 3.433e-03 4.048e-03 1.270e-02 -1.000 3.026e-02       4788          0          0          0          0      9.199      9.199 0.770 0.813 1.345 0.126 0.813 0.813 0.813 0.813 0.813 0.813 0.813 0.813 0.813 0.813 0.813 0.813 0.813 0.813 0.813 0.813 0.813 0.813 0.813 0.813 0.813 0.813 1.345 1.345 1.345 1.345 1.345 1.345 1.345 1.345 1.345 1.345 1.345 1.345 1.345 1.345 1.345 1.345 1.345 1.345 1.345 1.345 1.345 1.345 0.126 0.126 0.126 0.126 0.126 0.126 0.126 0.126 0.126 0.126 0.126 0.126 0.126 0.126 0.126 0.126 0.126 0.126 0.126 0.126 0.126 0.126
0.03 0.33631 9.00000 2.1792383194 2.5754467192    2.174  1.599  3.6803  2.849    4  0.000  0.360     0.00     0.00     0.00     0.00     0.00 -1 -4.38e-12      0.00 6.481e-01 3.217e-01 3.433e-03 4.048e-03 1.270e-02 -1.000 3.026e-02       4789          0          0          0          0      9.191      9.191 0.771 0.814 1.346 0.127 0.814 0.814 0.814 0.814 0.814 0.814 0.814 0.814 0.814 0.814 0.814 0.814 0.814 0.814 0.814 0.814 0.814 0.814 0.814 0.814 0.814 0.814 1.346 1.346 1.346 1.346 1.346 1.346 1.346 1.346 1.346 1.346 1.346 1.346 1.346 1.346 1.346 1.346 1.346 1.346 1.346 1.346 1.346 1.346 0.127 0.127 0.127 0.127 0.127 0.127 0.127 0.127 0.127 0.127 0.127 0.127 0.127 0.127 0.127 0.127 0.127 0.127 0.127 0.127 0.127 0.127
0.03 0.33631 9.00000 2.1792457104 2.5754469771    2.174  1.599  3.6804  2.850    4  0.000  0.360     0.00     0.00     0.00     0.00     0.00 -1 -4.36e-12      0.00 6.481e-01 3.217e-01 3.433e-03 4.048e-03 1.270e-02 -1.000 3.026e-02       4790          0          0          0          0      9.181      9.181 0.773 0.816 1.348 0.129 0.816 0.816 0.816 0.816 0.816 0.816 0.816 0.816 0.816 0.816 0.816 0.816 0.816 0.816 0.816 0.816 0.816 0.816 0.816 0.816 0.816 0.816 1.348 1.348 1.348 1.348 1.348 1.348 1.348 1.348 1.348 1.348 1.348 1.348 1.348 1.348 1.348 1.348 1.348 1.348 1.348 1.348 1.348 1.348 0.129 0.129 0.129 0.129 0.129 0.129 0.129 0.129 0.129 0.129 0.129 0.129 0.129 0.129 0.129 0.129 0.129 0.129 0.129 0.129 0.129 0.129
0.03 0.33631 9.00000 2.1792533398 2.5754472433    2.174  1.598  3.6804  2.851    4  0.000  0.360     0.00     0.00     0.00     0.00     0.00 -1 -4.35e-12      0.00 6.481e-01 3.217e-01 3.433e-03 4.048e-03 1.270e-02 -1.000 3.026e-02       4790          0          0          0          0       9.17       9.17 0.775 0.818 1.349 0.131 0.818 0.818 0.818 0.818 0.818 0.818 0.818 0.818 0.818 0.818 0.818 0.818 0.818 0.818 0.818 0.818 0.818 0.818 0.818 0.818 0.818 0.818 1.349 1.349 1.349 1.349 1.349 1.349 1.349 1.349 1.349 1.349 1.349 1.349 1.349 1.349 1.349 1.349 1.349 1.349 1.349 1.349 1.349 1.349 0.131 0.131 0.131 0.131 0.131 0.131 0.131 0.131 0.131 0.131 0.131 0.131 0.131 0.131 0.131 0.131 0.131 0.131 0.131 0.131 0.131 0.131
0.03 0.33631 9.00000 2.1792609692 2.5754475095    2.174  1.597  3.6805  2.852    4  0.000  0.360     0.00     0.00     0.00     0.00     0.00 -1 -4.33e-12      0.00 6.481e-01 3.217e-01 3.433e-03 4.048e-03 1.270e-02 -1.000 3.026e-02       4791          0          0          0          0      9.159      9.159 0.777 0.819 1.351 0.133 0.819 0.819 0.819 0.819 0.819 0.819 0.819 0.819 0.819 0.819 0.819 0.819 0.819 0.819 0.819 0.819 0.819 0.819 0.819 0.819 0.819 0.819 1.351 1.351 1.351 1.351 1.351 1.351 1.351 1.351 1.351 1.351 1.351 1.351 1.351 1.351 1.351 1.351 1.351 1.351 1.351 1.351 1.351 1.351 0.133 0.133 0.133 0.133 0.133 0.133 0.133 0.133 0.133 0.133 0.133 0.133 0.133 0.133 0.133 0.133 0.133 0.133 0.133 0.133 0.133 0.133
0.03 0.33631 9.00000 2.1792726517 2.5754479171    2.174  1.596  3.6806  2.854    4  0.000  0.360     0.00     0.00     0.00     0.00     0.00 -1 -4.31e-12      0.00 6.481e-01 3.217e-01 3.433e-03 4.048e-03 1.270e-02 -1.000 3.026e-02       4792          0          0          0          0      9.142      9.142 0.780 0.822 1.354 0.136 0.822 0.822 0.822 0.822 0.822 0.822 0.822 0.822 0.822 0.822 0.822 0.822 0.822 0.822 0.822 0.822 0.822 0.822 0.822 0.822 0.822 0.822 1.354 1.354 1.354 1.354 1.354 1.354 1.354 1.354 1.354 1.354 1.354 1.354 1.354 1.354 1.354 1.354 1.354 1.354 1.354 1.354 1.354 1.354 0.136 0.136 0.136 0.136 0.136 0.136 0.136 0.136 0.136 0.136 0.136 0.136 0.136 0.136 0.136 0.136 0.136 0.136 0.136 0.136 0.136 0.136
0.03 0.33631 9.00000 2.1792845726 2.5754483330    2.174  1.595  3.6807  2.855    4  0.000  0.360     0.00     0.00     0.00     0.00     0.00 -1 -4.28e-12      0.00 6.481e-01 3.217e-01 3.433e-03 4.048e-03 1.270e-02 -1.000 3.026e-02       4793          0          0          0          0      9.125      9.125 0.784 0.825 1.356 0.139 0.825 0.825 0.825 0.825 0.825 0.825 0.825 0.825 0.825 0.825 0.825 0.825 0.825 0.825 0.825 0.825 0.825 0.825 0.825 0.825 0.825 0.825 1.356 1.356 1.356 1.356 1.356 1.356 1.356 1.356 1.356 1.356 1.356 1.356 1.356 1.356 1.356 1.356 1.356 1.356 1.356 1.356 1.356 1.356 0.139 0.139 0.139 0.139 0.139 0.139 0.139 0.139 0.139 0.139 0.139 0.139 0.139 0.139 0.139 0.139 0.139 0.139 0.139 0.139 0.139 0.139
0.03 0.33631 9.00000 2.1792988777 2.5754488322    2.174  1.593  3.6808  2.857    4  0.000  0.360     0.00     0.00     0.00     0.00     0.00 -1 -4.25e-12      0.00 6.481e-01 3.217e-01 3.433e-03 4.048e-03 1.270e-02 -1.000 3.026e-02       4794          0          0          0          0      9.106      9.106 0.787 0.828 1.359 0.142 0.828 0.828 0.828 0.828 0.828 0.828 0.828 0.828 0.828 0.828 0.828 0.828 0.828 0.828 0.828 0.828 0.828 0.828 0.828 0.828 0.828 0.828 1.359 1.359 1.359 1.359 1.359 1.359 1.359 1.359 1.359 1.359 1.359 1.359 1.359 1.359 1.359 1.359 1.359 1.359 1.359 1.359 1.359 1.359 0.142 0.142 0.142 0.142 0.142 0.142 0.142 0.142 0.142 0.142 0.142 0.142 0.142 0.142 0.142 0.142 0.142 0.142 0.142 0.142 0.142 0.142
0.03 0.33631 9.00000 2.1793215275 2.5754496224    2.174  1.591  3.6809  2.860    4  0.000  0.360     0.00     0.00     0.00     0.00     0.00 -1 -4.21e-12      0.00 6.481e-01 3.217e-01 3.433e-03 4.048e-03 1.270e-02 -1.000 3.026e-02       4796          0          0          0          0       9.08       9.08 0.792 0.833 1.363 0.147 0.833 0.833 0.833 0.833 0.833 0.833 0.833 0.833 0.833 0.833 0.833 0.833 0.833 0.833 0.833 0.833 0.833 0.833 0.833 0.833 0.833 0.833 1.363 1.363 1.363 1.363 1.363 1.363 1.363 1.363 1.363 1.363 1.363 1.363 1.363 1.363 1.363 1.363 1.363 1.363 1.363 1.363 1.363 1.363 0.147 0.147 0.147 0.147 0.147 0.147 0.147 0.147 0.147 0.147 0.147 0.147 0.147 0.147 0.147 0.147 0.147 0.147 0.147 0.147 0.147 0.147
0.03 0.33631 9.00000 2.1793434620 2.5754503877    2.174  1.589  3.6810  2.862    4  0.000  0.360     0.00     0.00     0.00     0.00     0.00 -1 -4.18e-12      0.00 6.481e-01 3.217e-01 3.433e-03 4.048e-03 1.270e-02 -1.000 3.026e-02       4797          0          0          0          0      9.055      9.055 0.797 0.837 1.367 0.152 0.837 0.837 0.837 0.837 0.837 0.837 0.837 0.837 0.837 0.837 0.837 0.837 0.837 0.837 0.837 0.837 0.837 0.837 0.837 0.837 0.837 0.837 1.367 1.367 1.367 1.367 1.367 1.367 1.367 1.367 1.367 1.367 1.367 1.367 1.367 1.367 1.367 1.367 1.367 1.367 1.367 1.367 1.367 1.367 0.152 0.152 0.152 0.152 0.152 0.152 0.152 0.152 0.152 0.152 0.152 0.152 0.152 0.152 0.152 0.152 0.152 0.152 0.152 0.152 0.152 0.152
0.03 0.33631 9.00000 2.1793844700 2.5754518183    2.174  1.586  3.6813  2.867    4  0.000  0.360     0.00     0.00     0.00     0.00     0.00 -1 -4.11e-12      0.00 6.481e-01 3.217e-01 3.433e-03 4.048e-03 1.270e-02 -1.000 3.026e-02       4800          0          0          0          0      9.008      9.008 0.806 0.845 1.375 0.160 0.845 0.845 0.845 0.845 0.845 0.845 0.845 0.845 0.845 0.845 0.845 0.845 0.845 0.845 0.845 0.845 0.845 0.845 0.845 0.845 0.845 0.845 1.375 1.375 1.375 1.375 1.375 1.375 1.375 1.375 1.375 1.375 1.375 1.375 1.375 1.375 1.375 1.375 1.375 1.375 1.375 1.375 1.375 1.375 0.160 0.160 0.160 0.160 0.160 0.160 0.160 0.160 0.160 0.160 0.160 0.160 0.160 0.160 0.160 0.160 0.160 0.160 0.160 0.160 0.160 0.160
0.03 0.33631 9.00000 2.1794333458 2.5754535234    2.174  1.582  3.6816  2.872    4  0.000  0.360     0.00     0.00     0.00     0.00     0.00 -1 -4.03e-12      0.00 6.481e-01 3.217e-01 3.433e-03 4.048e-03 1.270e-02 -1.000 3.026e-02       4803          0          0          0          0      8.953      8.953 0.816 0.855 1.383 0.170 0.855 0.855 0.855 0.855 0.855 0.855 0.855 0.855 0.855 0.855 0.855 0.855 0.855 0.855 0.855 0.855 0.855 0.855 0.855 0.855 0.855 0.855 1.383 1.383 1.383 1.383 1.383 1.383 1.383 1.383 1.383 1.383 1.383 1.383 1.383 1.383 1.383 1.383 1.383 1.383 1.383 1.383 1.383 1.383 0.170 0.170 0.170 0.170 0.170 0.170 0.170 0.170 0.170 0.170 0.170 0.170 0.170 0.170 0.170 0.170 0.170 0.170 0.170 0.170 0.170 0.170
0.03 0.33631 9.00000 2.1795160770 2.5754564094    2.174  1.575  3.6821  2.881    4  0.000  0.360     0.00     0.00     0.00     0.00     0.00 -1  -3.9e-12      0.00 6.481e-01 3.217e-01 3.433e-03 4.048e-03 1.270e-02 -1.000 3.026e-02       4809          0          0          0          0       8.86       8.86 0.834 0.870 1.398 0.187 0.870 0.870 0.870 0.870 0.870 0.870 0.870 0.870 0.870 0.870 0.870 0.870 0.870 0.870 0.870 0.870 0.870 0.870 0.870 0.870 0.870 0.870 1.398 1.398 1.398 1.398 1.398 1.398 1.398 1.398 1.398 1.398 1.398 1.398 1.398 1.398 1.398 1.398 1.398 1.398 1.398 1.398 1.398 1.398 0.187 0.187 0.187 0.187 0.187 0.187 0.187 0.187 0.187 0.187 0.187 0.187 0.187 0.187 0.187 0.187 0.187 0.187 0.187 0.187 0.187 0.187
0.03 0.33631 9.00000 2.1796324253 2.5754604676    2.174  1.568  3.6826  2.890    4  0.000  0.360     0.00     0.00     0.00     0.00     0.00 -1 -3.76e-12      0.00 6.481e-01 3.217e-01 3.433e-03 4.048e-03 1.270e-02 -1.000 3.026e-02       4814          0          0          0          0      8.772      8.772 0.850 0.886 1.412 0.204 0.886 0.886 0.886 0.886 0.886 0.886 0.886 0.886 0.886 0.886 0.886 0.886 0.886 0.886 0.886 0.886 0.886 0.886 0.886 0.886 0.886 0.886 1.412 1.412 1.412 1.412 1.412 1.412 1.412 1.412 1.412 1.412 1.412 1.412 1.412 1.412 1.412 1.412 1.412 1.412 1.412 1.412 1.412 1.412 0.204 0.204 0.204 0.204 0.204 0.204 0.204 0.204 0.204 0.204 0.204 0.204 0.204 0.204 0.204 0.204 0.204 0.204 0.204 0.204 0.204 0.204
0.03 0.33631 9.00000 2.1798079014 2.5754665872    2.175  1.559  3.6832  2.902    4  0.000  0.360     0.00     0.00     0.00     0.00     0.00 -1 -3.58e-12      0.00 6.481e-01 3.217e-01 3.433e-03 4.049e-03 1.270e-02 -1.000 3.026e-02       4821          0          0          0          0      8.654      8.654 0.873 0.906 1.430 0.226 0.906 0.906 0.906 0.906 0.906 0.906 0.906 0.906 0.906 0.906 0.906 0.906 0.906 0.906 0.906 0.906 0.906 0.906 0.906 0.906 0.906 0.906 1.430 1.430 1.430 1.430 1.430 1.430 1.430 1.430 1.430 1.430 1.430 1.430 1.430 1.430 1.430 1.430 1.430 1.430 1.430 1.430 1.430 1.430 0.226 0.226 0.226 0.226 0.226 0.226 0.226 0.226 0.226 0.226 0.226 0.226 0.226 0.226 0.226 0.226 0.226 0.226 0.226 0.226 0.226 0.226
0.03 0.33631 9.00000 2.1801228523 2.5754775681    2.175  1.545  3.6843  2.920    4  0.000  0.360     0.00     0.00     0.00     0.00     0.00 -1  -3.3e-12      0.00 6.481e-01 3.217e-01 3.433e-03 4.049e-03 1.270e-02 -1.000 3.026e-02       4833          0          0          0          0       8.47       8.47 0.908 0.938 1.460 0.260 0.938 0.938 0.938 0.938 0.938 0.938 0.938 0.938 0.938 0.938 0.938 0.938 0.938 0.938 0.938 0.938 0.938 0.938 0.938 0.938 0.938 0.938 1.460 1.460 1.460 1.460 1.460 1.460 1.460 1.460 1.460 1.460 1.460 1.460 1.460 1.460 1.460 1.460 1.460 1.460 1.460 1.460 1.460 1.460 0.260 0.260 0.260 0.260 0.260 0.260 0.260 0.260 0.260 0.260 0.260 0.260 0.260 0.260 0.260 0.260 0.260 0.260 0.260 0.260 0.260 0.260
0.03 0.33631 9.00000 2.1805818081 2.5754935633    2.175  1.554  3.6836  2.909    5  0.000  0.360     0.00     0.00     0.00     0.00     0.00 -1  -3.3e-12      0.00 6.481e-01 3.217e-01 3.433e-03 4.049e-03 1.270e-02 -1.000 3.026e-02       4826          0          0          0          0       8.58       8.58 0.886 0.918 1.441 0.238 0.918 0.918 0.918 0.918 0.918 0.918 0.918 0.918 0.918 0.918 0.918 0.918 0.918 0.918 0.918 0.918 0.918 0.918 0.918 0.918 0.918 0.918 1.441 1.441 1.441 1.441 1.441 1.441 1.441 1.441 1.441 1.441 1.441 1.441 1.441 1.441 1.441 1.441 1.441 1.441 1.441 1.441 1.441 1.441 0.238 0.238 0.238 0.238 0.238 0.238 0.238 0.238 0.238 0.238 0.238 0.238 0.238 0.238 0.238 0.238 0.238 0.238 0.238 0.238 0.238 0.238
0.03 0.33631 9.00000 2.1810941696 2.5755114106    2.176  1.568  3.6826  2.890    5  0.000  0.360     0.00     0.00     0.00     0.00     0.00 -1 -3.42e-12      0.00 6.481e-01 3.217e-01 3.433e-03 4.049e-03 1.270e-02 -1.000 3.026e-02       4815          0          0          0          0      8.771      8.771 0.849 0.884 1.410 0.202 0.884 0.884 0.884 0.884 0.884 0.884 0.884 0.884 0.884 0.884 0.884 0.884 0.884 0.884 0.884 0.884 0.884 0.884 0.884 0.884 0.884 0.884 1.410 1.410 1.410 1.410 1.410 1.410 1.410 1.410 1.410 1.410 1.410 1.410 1.410 1.410 1.410 1.410 1.410 1.410 1.410 1.410 1.410 1.410 0.202 0.202 0.202 0.202 0.202 0.202 0.202 0.202 0.202 0.202 0.202 0.202 0.202 0.202 0.202 0.202 0.202 0.202 0.202 0.202 0.202 0.202
0.03 0.33631 9.00000 2.1816256046 2.5755299121    2.176  1.573  3.6824  2.885    5  0.000  0.360     0.00     0.00     0.00     0.00     0.00 -1 -3.42e-12      0.00 6.481e-01 3.217e-01 3.433e-03 4.049e-03 1.270e-02 -1.000 3.026e-02       4812          0          0          0          0      8.823      8.823 0.838 0.874 1.401 0.192 0.874 0.874 0.874 0.874 0.874 0.874 0.874 0.874 0.874 0.874 0.874 0.874 0.874 0.874 0.874 0.874 0.874 0.874 0.874 0.874 0.874 0.874 1.401 1.401 1.401 1.401 1.401 1.401 1.401 1.401 1.401 1.401 1.401 1.401 1.401 1.401 1.401 1.401 1.401 1.401 1.401 1.401 1.401 1.401 0.192 0.192 0.192 0.192 0.192 0.192 0.192 0.192 0.192 0.192 0.192 0.192 0.192 0.192 0.192 0.192 0.192 0.192 0.192 0.192 0.192 0.192
0.03 0.33631 9.00000 2.1821568012 2.5755483950    2.177  1.568  3.6827  2.891    5  0.000  0.360     0.00     0.00     0.00     0.00     0.00 -1  -3.3e-12      0.00 6.481e-01 3.217e-01 3.432e-03 4.049e-03 1.270e-02 -1.000 3.026e-02       4816          0          0          0          0      8.762      8.762 0.850 0.885 1.410 0.203 0.885 0.885 0.885 0.885 0.885 0.885 0.885 0.885 0.885 0.885 0.885 0.885 0.885 0.885 0.885 0.885 0.885 0.885 0.885 0.885 0.885 0.885 1.410 1.410 1.410 1.410 1.410 1.410 1.410 1.410 1.410 1.410 1.410 1.410 1.410 1.410 1.410 1.410 1.410 1.410 1.410 1.410 1.410 1.410 0.203 0.203 0.203 0.203 0.203 0.203 0.203 0.203 0.203 0.203 0.203 0.203 0.203 0.203 0.203 0.203 0.203 0.203 0.203 0.203 0.203 0.203
0.03 0.33631 9.00000 2.1826870441 2.5755668343    2.177  1.568  3.6828  2.891    5  0.000  0.360     0.00     0.00     0.00     0.00     0.00 -1 -3.24e-12      0.00 6.481e-01 3.217e-01 3.432e-03 4.049e-03 1.270e-02 -1.000 3.026e-02       4816          0          0          0          0      8.756      8.756 0.851 0.885 1.411 0.204 0.885 0.885 0.885 0.885 0.885 0.885 0.885 0.885 0.885 0.885 0.885 0.885 0.885 0.885 0.885 0.885 0.885 0.885 0.885 0.885 0.885 0.885 1.411 1.411 1.411 1.411 1.411 1.411 1.411 1.411 1.411 1.411 1.411 1.411 1.411 1.411 1.411 1.411 1.411 1.411 1.411 1.411 1.411 1.411 0.204 0.204 0.204 0.204 0.204 0.204 0.204 0.204 0.204 0.204 0.204 0.204 0.204 0.204 0.204 0.204 0.204 0.204 0.204 0.204 0.204 0.204
0.03 0.33631 9.00000 2.1832351685 2.5755858847    2.178  1.568  3.6828  2.891    5  0.000  0.360     0.00     0.00     0.00     0.00     0.00 -1 -3.18e-12      0.00 6.481e-01 3.217e-01 3.432e-03 4.049e-03 1.270e-02 -1.000 3.026e-02       4816          0          0          0          0      8.763      8.763 0.849 0.884 1.409 0.202 0.884 0.884 0.884 0.884 0.884 0.884 0.884 0.884 0.884 0.884 0.884 0.884 0.884 0.884 0.884 0.884 0.884 0.884 0.884 0.884 0.884 0.884 1.409 1.409 1.409 1.409 1.409 1.409 1.409 1.409 1.409 1.409 1.409 1.409 1.409 1.409 1.409 1.409 1.409 1.409 1.409 1.409 1.409 1.409 0.202 0.202 0.202 0.202 0.202 0.202 0.202 0.202 0.202 0.202 0.202 0.202 0.202 0.202 0.202 0.202 0.202 0.202 0.202 0.202 0.202 0.202
0.03 0.33631 9.00000 2.1838023663 2.5756055864    2.179  1.569  3.6828  2.891    5  0.000  0.360     0.00     0.00     0.00     0.00     0.00 -1 -3.12e-12      0.00 6.481e-01 3.217e-01 3.432e-03 4.049e-03 1.270e-02 -1.000 3.026e-02       4816          0          0          0          0      8.767      8.767 0.848 0.882 1.408 0.201 0.882 0.882 0.882 0.882 0.882 0.882 0.882 0.882 0.882 0.882 0.882 0.882 0.882 0.882 0.882 0.882 0.882 0.882 0.882 0.882 0.882 0.882 1.408 1.408 1.408 1.408 1.408 1.408 1.408 1.408 1.408 1.408 1.408 1.408 1.408 1.408 1.408 1.408 1.408 1.408 1.408 1.408 1.408 1.408 0.201 0.201 0.201 0.201 0.201 0.201 0.201 0.201 0.201 0.201 0.201 0.201 0.201 0.201 0.201 0.201 0.201 0.201 0.201 0.201 0.201 0.201
0.03 0.33631 9.00000 2.1850211620 2.5756478816    2.180  1.569  3.6829  2.891    5  0.000  0.360     0.00     0.00     0.00     0.00     0.00 -1 -2.97e-12      0.00 6.481e-01 3.217e-01 3.432e-03 4.049e-03 1.270e-02 -1.000 3.026e-02       4818          0          0          0          0      8.761      8.761 0.848 0.882 1.408 0.201 0.882 0.882 0.882 0.882 0.882 0.882 0.882 0.882 0.882 0.882 0.882 0.882 0.882 0.882 0.882 0.882 0.882 0.882 0.882 0.882 0.882 0.882 1.408 1.408 1.408 1.408 1.408 1.408 1.408 1.408 1.408 1.408 1.408 1.408 1.408 1.408 1.408 1.408 1.408 1.408 1.408 1.408 1.408 1.408 0.201 0.201 0.201 0.201 0.201 0.201 0.201 0.201 0.201 0.201 0.201 0.201 0.201 0.201 0.201 0.201 0.201 0.201 0.201 0.201 0.201 0.201
0.03 0.33631 9.00000 2.1856658459 2.5756702318    2.181  1.569  3.6830  2.892    5  0.000  0.360     0.00     0.00     0.00     0.00     0.00 -1 -2.89e-12      0.00 6.481e-01 3.216e-01 3.432e-03 4.049e-03 1.270e-02 -1.000 3.026e-02       4818          0          0          0          0      8.757      8.757 0.848 0.883 1.408 0.201 0.883 0.883 0.883 0.883 0.883 0.883 0.883 0.883 0.883 0.883 0.883 0.883 0.883 0.883 0.883 0.883 0.883 0.883 0.883 0.883 0.883 0.883 1.408 1.408 1.408 1.408 1.408 1.408 1.408 1.408 1.408 1.408 1.408 1.408 1.408 1.408 1.408 1.408 1.408 1.408 1.408 1.408 1.408 1.408 0.201 0.201 0.201 0.201 0.201 0.201 0.201 0.201 0.201 0.201 0.201 0.201 0.201 0.201 0.201 0.201 0.201 0.201 0.201 0.201 0.201 0.201
0.03 0.33631 9.00000 2.1863338947 2.5756933760    2.181  1.569  3.6830  2.892    5  0.000  0.360     0.00     0.00     0.00     0.00     0.00 -1 -2.81e-12      0.00 6.481e-01 3.216e-01 3.432e-03 4.049e-03 1.270e-02 -1.000 3.026e-02       4819          0          0          0          0      8.754      8.754 0.849 0.883 1.407 0.202 0.883 0.883 0.883 0.883 0.883 0.883 0.883 0.883 0.883 0.883 0.883 0.883 0.883 0.883 0.883 0.883 0.883 0.883 0.883 0.883 0.883 0.883 1.407 1.407 1.407 1.407 1.407 1.407 1.407 1.407 1.407 1.407 1.407 1.407 1.407 1.407 1.407 1.407 1.407 1.407 1.407 1.407 1.407 1.407 0.202 0.202 0.202 0.202 0.202 0.202 0.202 0.202 0.202 0.202 0.202 0.202 0.202 0.202 0.202 0.202 0.202 0.202 0.202 0.202 0.202 0.202
0.03 0.33631 9.00000 2.1870145798 2.5757169413    2.182  1.569  3.6831  2.893    5  0.000  0.360     0.00     0.00     0.00     0.00     0.00 -1 -2.73e-12      0.00 6.481e-01 3.216e-01 3.432e-03 4.050e-03 1.270e-02 -1.000 3.026e-02       4820          0          0          0          0      8.752      8.752 0.849 0.882 1.407 0.202 0.882 0.882 0.882 0.882 0.882 0.882 0.882 0.882 0.882 0.882 0.882 0.882 0.882 0.882 0.882 0.882 0.882 0.882 0.882 0.882 0.882 0.882 1.407 1.407 1.407 1.407 1.407 1.407 1.407 1.407 1.407 1.407 1.407 1.407 1.407 1.407 1.407 1.407 1.407 1.407 1.407 1.407 1.407 1.407 0.202 0.202 0.202 0.202 0.202 0.202 0.202 0.202 0.202 0.202 0.202 0.202 0.202 0.202 0.202 0.202 0.202 0.202 0.202 0.202 0.202 0.202
0.03 0.33631 9.00000 2.1876976490 2.5757405721    2.183  1.569  3.6831  2.893    5  0.000  0.360     0.00     0.00     0.00     0.00     0.00 -1 -2.66e-12      0.00 6.481e-01 3.216e-01 3.432e-03 4.050e-03 1.270e-02 -1.000 3.026e-02       4820          0          0          0          0       8.75       8.75 0.849 0.882 1.407 0.202 0.882 0.882 0.882 0.882 0.882 0.882 0.882 0.882 0.882 0.882 0.882 0.882 0.882 0.882 0.882 0.882 0.882 0.882 0.882 0.882 0.882 0.882 1.407 1.407 1.407 1.407 1.407 1.407 1.407 1.407 1.407 1.407 1.407 1.407 1.407 1.407 1.407 1.407 1.407 1.407 1.407 1.407 1.407 1.407 0.202 0.202 0.202 0.202 0.202 0.202 0.202 0.202 0.202 0.202 0.202 0.202 0.202 0.202 0.202 0.202 0.202 0.202 0.202 0.202 0.202 0.202
0.03 0.33631 9.00000 2.1883966923 2.5757647381    2.183  1.569  3.6832  2.893    5  0.000  0.360     0.00     0.00     0.00     0.00     0.00 -1 -2.58e-12      0.00 6.481e-01 3.216e-01 3.432e-03 4.050e-03 1.270e-02 -1.000 3.026e-02       4821          0          0          0          0      8.748      8.748 0.849 0.882 1.407 0.201 0.882 0.882 0.882 0.882 0.882 0.882 0.882 0.882 0.882 0.882 0.882 0.882 0.882 0.882 0.882 0.882 0.882 0.882 0.882 0.882 0.882 0.882 1.407 1.407 1.407 1.407 1.407 1.407 1.407 1.407 1.407 1.407 1.407 1.407 1.407 1.407 1.407 1.407 1.407 1.407 1.407 1.407 1.407 1.407 0.201 0.201 0.201 0.201 0.201 0.201 0.201 0.201 0.201 0.201 0.201 0.201 0.201 0.201 0.201 0.201 0.201 0.201 0.201 0.201 0.201 0.201
0.03 0.33631 9.00000 2.1890988350 2.5757889933    2.184  1.569  3.6832  2.894    5  0.000  0.360     0.00     0.00     0.00     0.00     0.00 -1 -2.51e-12      0.00 6.481e-01 3.216e-01 3.432e-03 4.050e-03 1.270e-02 -1.000 3.026e-02       4821          0          0          0          0      8.745      8.745 0.849 0.882 1.406 0.201 0.882 0.882 0.882 0.882 0.882 0.882 0.882 0.882 0.882 0.882 0.882 0.882 0.882 0.882 0.882 0.882 0.882 0.882 0.882 0.882 0.882 0.882 1.406 1.406 1.406 1.406 1.406 1.406 1.406 1.406 1.406 1.406 1.406 1.406 1.406 1.406 1.406 1.406 1.406 1.406 1.406 1.406 1.406 1.406 0.201 0.201 0.201 0.201 0.201 0.201 0.201 0.201 0.201 0.201 0.201 0.201 0.201 0.201 0.201 0.201 0.201 0.201 0.201 0.201 0.201 0.201
0.03 0.33631 9.00000 2.1897966862 2.5758130825    2.185  1.569  3.6833  2.894    5  0.000  0.360     0.00     0.00     0.00     0.00     0.00 -1 -2.44e-12      0.00 6.481e-01 3.216e-01 3.432e-03 4.050e-03 1.270e-02 -1.000 3.026e-02       4822          0          0          0          0      8.743      8.743 0.849 0.882 1.406 0.201 0.882 0.882 0.882 0.882 0.882 0.882 0.882 0.882 0.882 0.882 0.882 0.882 0.882 0.882 0.882 0.882 0.882 0.882 0.882 0.882 0.882 0.882 1.406 1.406 1.406 1.406 1.406 1.406 1.406 1.406 1.406 1.406 1.406 1.406 1.406 1.406 1.406 1.406 1.406 1.406 1.406 1.406 1.406 1.406 0.201 0.201 0.201 0.201 0.201 0.201 0.201 0.201 0.201 0.201 0.201 0.201 0.201 0.201 0.201 0.201 0.201 0.201 0.201 0.201 0.201 0.201
0.03 0.33631 9.00000 2.1904873848 2.5758369075    2.185  1.569  3.6834  2.894    5  0.000  0.360     0.00     0.00     0.00     0.00     0.00 -1 -2.38e-12      0.00 6.481e-01 3.216e-01 3.432e-03 4.050e-03 1.270e-02 -1.000 3.026e-02       4823          0          0          0          0      8.741      8.741 0.849 0.881 1.406 0.201 0.881 0.881 0.881 0.881 0.881 0.881 0.881 0.881 0.881 0.881 0.881 0.881 0.881 0.881 0.881 0.881 0.881 0.881 0.881 0.881 0.881 0.881 1.406 1.406 1.406 1.406 1.406 1.406 1.406 1.406 1.406 1.406 1.406 1.406 1.406 1.406 1.406 1.406 1.406 1.406 1.406 1.406 1.406 1.406 0.201 0.201 0.201 0.201 0.201 0.201 0.201 0.201 0.201 0.201 0.201 0.201 0.201 0.201 0.201 0.201 0.201 0.201 0.201 0.201 0.201 0.201
0.03 0.33631 9.00000 2.1911866665 2.5758610109    2.186  1.569  3.6834  2.895    5  0.000  0.360     0.00     0.00     0.00     0.00     0.00 -1 -2.31e-12      0.00 6.481e-01 3.216e-01 3.432e-03 4.050e-03 1.270e-02 -1.000 3.026e-02       4823          0          0          0          0      8.739      8.739 0.849 0.881 1.405 0.201 0.881 0.881 0.881 0.881 0.881 0.881 0.881 0.881 0.881 0.881 0.881 0.881 0.881 0.881 0.881 0.881 0.881 0.881 0.881 0.881 0.881 0.881 1.405 1.405 1.405 1.405 1.405 1.405 1.405 1.405 1.405 1.405 1.405 1.405 1.405 1.405 1.405 1.405 1.405 1.405 1.405 1.405 1.405 1.405 0.201 0.201 0.201 0.201 0.201 0.201 0.201 0.201 0.201 0.201 0.201 0.201 0.201 0.201 0.201 0.201 0.201 0.201 0.201 0.201 0.201 0.201
0.03 0.33631 9.00000 2.1925771236 2.5759088858    2.188  1.569  3.6835  2.895    5  0.000  0.360     0.00     0.00     0.00     0.00     0.00 -1 -2.18e-12      0.00 6.481e-01 3.216e-01 3.432e-03 4.050e-03 1.270e-02 -1.000 3.026e-02       4824          0          0          0          0      8.735      8.735 0.849 0.881 1.404 0.201 0.881 0.881 0.881 0.881 0.881 0.881 0.881 0.881 0.881 0.881 0.881 0.881 0.881 0.881 0.881 0.881 0.881 0.881 0.881 0.881 0.881 0.881 1.404 1.404 1.404 1.404 1.404 1.404 1.404 1.404 1.404 1.404 1.404 1.404 1.404 1.404 1.404 1.404 1.404 1.404 1.404 1.404 1.404 1.404 0.201 0.201 0.201 0.201 0.201 0.201 0.201 0.201 0.201 0.201 0.201 0.201 0.201 0.201 0.201 0.201 0.201 0.201 0.201 0.201 0.201 0.201
0.03 0.33631 9.00000 2.1932713985 2.5759327643    2.188  1.569  3.6836  2.896    5  0.000  0.360     0.00     0.00     0.00     0.00     0.00 -1 -2.12e-12      0.00 6.481e-01 3.216e-01 3.432e-03 4.050e-03 1.270e-02 -1.000 3.026e-02       4825          0          0          0          0      8.733      8.733 0.848 0.881 1.404 0.201 0.881 0.881 0.881 0.881 0.881 0.881 0.881 0.881 0.881 0.881 0.881 0.881 0.881 0.881 0.881 0.881 0.881 0.881 0.881 0.881 0.881 0.881 1.404 1.404 1.404 1.404 1.404 1.404 1.404 1.404 1.404 1.404 1.404 1.404 1.404 1.404 1.404 1.404 1.404 1.404 1.404 1.404 1.404 1.404 0.201 0.201 0.201 0.201 0.201 0.201 0.201 0.201 0.201 0.201 0.201 0.201 0.201 0.201 0.201 0.201 0.201 0.201 0.201 0.201 0.201 0.201
0.03 0.33631 9.00000 2.1946625710 2.5759805592    2.190  1.569  3.6837  2.896    5  0.000  0.360     0.00     0.00     0.00     0.00     0.00 -1 -2.01e-12      0.00 6.481e-01 3.216e-01 3.432e-03 4.051e-03 1.270e-02 -1.000 3.026e-02       4826          0          0          0          0       8.73       8.73 0.848 0.880 1.403 0.201 0.880 0.880 0.880 0.880 0.880 0.880 0.880 0.880 0.880 0.880 0.880 0.880 0.880 0.880 0.880 0.880 0.880 0.880 0.880 0.880 0.880 0.880 1.403 1.403 1.403 1.403 1.403 1.403 1.403 1.403 1.403 1.403 1.403 1.403 1.403 1.403 1.403 1.403 1.403 1.403 1.403 1.403 1.403 1.403 0.201 0.201 0.201 0.201 0.201 0.201 0.201 0.201 0.201 0.201 0.201 0.201 0.201 0.201 0.201 0.201 0.201 0.201 0.201 0.201 0.201 0.201
0.03 0.33631 9.00000 2.1953768730 2.5760050726    2.190  1.569  3.6837  2.897    5  0.000  0.360     0.00     0.00     0.00     0.00     0.00 -1 -1.95e-12      0.00 6.481e-01 3.216e-01 3.432e-03 4.051e-03 1.270e-02 -1.000 3.026e-02       4827          0          0          0          0      8.728      8.728 0.848 0.880 1.403 0.200 0.880 0.880 0.880 0.880 0.880 0.880 0.880 0.880 0.880 0.880 0.880 0.880 0.880 0.880 0.880 0.880 0.880 0.880 0.880 0.880 0.880 0.880 1.403 1.403 1.403 1.403 1.403 1.403 1.403 1.403 1.403 1.403 1.403 1.403 1.403 1.403 1.403 1.403 1.403 1.403 1.403 1.403 1.403 1.403 0.200 0.200 0.200 0.200 0.200 0.200 0.200 0.200 0.200 0.200 0.200 0.200 0.200 0.200 0.200 0.200 0.200 0.200 0.200 0.200 0.200 0.200
0.03 0.33631 9.00000 2.1967930794 2.5760536197    2.192  1.569  3.6838  2.897    5  0.000  0.360     0.00     0.00     0.00     0.00     0.00 -1 -1.85e-12      0.00 6.481e-01 3.216e-01 3.432e-03 4.051e-03 1.270e-02 -1.000 3.026e-02       4828          0          0          0          0      8.725      8.725 0.848 0.879 1.402 0.200 0.879 0.879 0.879 0.879 0.879 0.879 0.879 0.879 0.879 0.879 0.879 0.879 0.879 0.879 0.879 0.879 0.879 0.879 0.879 0.879 0.879 0.879 1.402 1.402 1.402 1.402 1.402 1.402 1.402 1.402 1.402 1.402 1.402 1.402 1.402 1.402 1.402 1.402 1.402 1.402 1.402 1.402 1.402 1.402 0.200 0.200 0.200 0.200 0.200 0.200 0.200 0.200 0.200 0.200 0.200 0.200 0.200 0.200 0.200 0.200 0.200 0.200 0.200 0.200 0.200 0.200
0.03 0.33631 9.00000 2.1974956989 2.5760776786    2.193  1.569  3.6839  2.898    5  0.000  0.360     0.00     0.00     0.00     0.00     0.00 -1 -1.79e-12      0.00 6.481e-01 3.216e-01 3.432e-03 4.051e-03 1.270e-02 -1.000 3.026e-02       4828          0          0          0          0      8.724      8.724 0.848 0.879 1.402 0.200 0.879 0.879 0.879 0.879 0.879 0.879 0.879 0.879 0.879 0.879 0.879 0.879 0.879 0.879 0.879 0.879 0.879 0.879 0.879 0.879 0.879 0.879 1.402 1.402 1.402 1.402 1.402 1.402 1.402 1.402 1.402 1.402 1.402 1.402 1.402 1.402 1.402 1.402 1.402 1.402 1.402 1.402 1.402 1.402 0.200 0.200 0.200 0.200 0.200 0.200 0.200 0.200 0.200 0.200 0.200 0.200 0.200 0.200 0.200 0.200 0.200 0.200 0.200 0.200 0.200 0.200
0.03 0.33631 9.00000 2.1989169121 2.5761262892    2.194  1.569  3.6840  2.898    5  0.000  0.360     0.00     0.00     0.00     0.00     0.00 -1  -1.7e-12      0.00 6.481e-01 3.216e-01 3.432e-03 4.051e-03 1.270e-02 -1.000 3.026e-02       4830          0          0          0          0      8.721      8.721 0.847 0.878 1.401 0.199 0.878 0.878 0.878 0.878 0.878 0.878 0.878 0.878 0.878 0.878 0.878 0.878 0.878 0.878 0.878 0.878 0.878 0.878 0.878 0.878 0.878 0.878 1.401 1.401 1.401 1.401 1.401 1.401 1.401 1.401 1.401 1.401 1.401 1.401 1.401 1.401 1.401 1.401 1.401 1.401 1.401 1.401 1.401 1.401 0.199 0.199 0.199 0.199 0.199 0.199 0.199 0.199 0.199 0.199 0.199 0.199 0.199 0.199 0.199 0.199 0.199 0.199 0.199 0.199 0.199 0.199
0.03 0.33631 9.00000 2.1996355057 2.5761508402    2.195  1.569  3.6840  2.898    5  0.000  0.360     0.00     0.00     0.00     0.00     0.00 -1 -1.65e-12      0.00 6.481e-01 3.216e-01 3.432e-03 4.051e-03 1.270e-02 -1.000 3.026e-02       4830          0          0          0          0       8.72       8.72 0.847 0.878 1.400 0.199 0.878 0.878 0.878 0.878 0.878 0.878 0.878 0.878 0.878 0.878 0.878 0.878 0.878 0.878 0.878 0.878 0.878 0.878 0.878 0.878 0.878 0.878 1.400 1.400 1.400 1.400 1.400 1.400 1.400 1.400 1.400 1.400 1.400 1.400 1.400 1.400 1.400 1.400 1.400 1.400 1.400 1.400 1.400 1.400 0.199 0.199 0.199 0.199 0.199 0.199 0.199 0.199 0.199 0.199 0.199 0.199 0.199 0.199 0.199 0.199 0.199 0.199 0.199 0.199 0.199 0.199
0.03 0.33631 9.00000 2.2000000477 2.5761632879    2.195  1.569  3.6841  2.898    5  0.000  0.360     0.00     0.00     0.00     0.00     0.00 -1 -1.63e-12      0.00 6.481e-01 3.216e-01 3.432e-03 4.051e-03 1.270e-02 -1.000 3.026e-02       4830          0          0          0          0       8.72       8.72 0.847 0.878 1.400 0.199 0.878 0.878 0.878 0.878 0.878 0.878 0.878 0.878 0.878 0.878 0.878 0.878 0.878 0.878 0.878 0.878 0.878 0.878 0.878 0.878 0.878 0.878 1.400 1.400 1.400 1.400 1.400 1.400 1.400 1.400 1.400 1.400 1.400 1.400 1.400 1.400 1.400 1.400 1.400 1.400 1.400 1.400 1.400 1.400 0.199 0.199 0.199 0.199 0.199 0.199 0.199 0.199 0.199 0.199 0.199 0.199 0.199 0.199 0.199 0.199 0.199 0.199 0.199 0.199 0.199 0.199
0.03 0.33631 9.00000 2.2008349895 2.5761917800    2.196  1.570  3.6841  2.898    5  0.000  0.360     0.00     0.00     0.00     0.00     0.00 -1 -1.63e-12      0.00 6.481e-01 3.216e-01 3.432e-03 4.052e-03 1.270e-02 -1.000 3.026e-02       4831          0          0          0          0      8.722      8.722 0.846 0.877 1.399 0.198 0.877 0.877 0.877 0.877 0.877 0.877 0.877 0.877 0.877 0.877 0.877 0.877 0.877 0.877 0.877 0.877 0.877 0.877 0.877 0.877 0.877 0.877 1.399 1.399 1.399 1.399 1.399 1.399 1.399 1.399 1.399 1.399 1.399 1.399 1.399 1.399 1.399 1.399 1.399 1.399 1.399 1.399 1.399 1.399 0.198 0.198 0.198 0.198 0.198 0.198 0.198 0.198 0.198 0.198 0.198 0.198 0.198 0.198 0.198 0.198 0.198 0.198 0.198 0.198 0.198 0.198
0.03 0.33631 9.00000 2.2026319504 2.5762530164    2.198  1.570  3.6842  2.898    5  0.000  0.360     0.00     0.00     0.00     0.00     0.00 -1 -1.63e-12      0.00 6.481e-01 3.216e-01 3.431e-03 4.053e-03 1.270e-02 -1.000 3.026e-02       4832          0          0          0          0      8.727      8.727 0.844 0.874 1.396 0.196 0.874 0.874 0.874 0.874 0.874 0.874 0.874 0.874 0.874 0.874 0.874 0.874 0.874 0.874 0.874 0.874 0.874 0.874 0.874 0.874 0.874 0.874 1.396 1.396 1.396 1.396 1.396 1.396 1.396 1.396 1.396 1.396 1.396 1.396 1.396 1.396 1.396 1.396 1.396 1.396 1.396 1.396 1.396 1.396 0.196 0.196 0.196 0.196 0.196 0.196 0.196 0.196 0.196 0.196 0.196 0.196 0.196 0.196 0.196 0.196 0.196 0.196 0.196 0.196 0.196 0.196
0.03 0.33631 9.00000 2.2035350800 2.5762837496    2.199  1.571  3.6842  2.898    5  0.000  0.360     0.00     0.00     0.00     0.00     0.00 -1 -1.64e-12      0.00 6.481e-01 3.216e-01 3.431e-03 4.054e-03 1.270e-02 -1.000 3.026e-02       4832          0          0          0          0      8.729      8.729 0.843 0.873 1.395 0.195 0.873 0.873 0.873 0.873 0.873 0.873 0.873 0.873 0.873 0.873 0.873 0.873 0.873 0.873 0.873 0.873 0.873 0.873 0.873 0.873 0.873 0.873 1.395 1.395 1.395 1.395 1.395 1.395 1.395 1.395 1.395 1.395 1.395 1.395 1.395 1.395 1.395 1.395 1.395 1.395 1.395 1.395 1.395 1.395 0.195 0.195 0.195 0.195 0.195 0.195 0.195 0.195 0.195 0.195 0.195 0.195 0.195 0.195 0.195 0.195 0.195 0.195 0.195 0.195 0.195 0.195
0.03 0.33631 9.00000 2.2052903175 2.5763433971    2.201  1.572  3.6843  2.898    5  0.000  0.360     0.00     0.00     0.00     0.00     0.00 -1 -1.64e-12      0.00 6.481e-01 3.217e-01 3.431e-03 4.055e-03 1.270e-02 -1.000 3.026e-02       4833          0          0          0          0      8.735      8.735 0.841 0.871 1.392 0.193 0.871 0.871 0.871 0.871 0.871 0.871 0.871 0.871 0.871 0.871 0.871 0.871 0.871 0.871 0.871 0.871 0.871 0.871 0.871 0.871 0.871 0.871 1.392 1.392 1.392 1.392 1.392 1.392 1.392 1.392 1.392 1.392 1.392 1.392 1.392 1.392 1.392 1.392 1.392 1.392 1.392 1.392 1.392 1.392 0.193 0.193 0.193 0.193 0.193 0.193 0.193 0.193 0.193 0.193 0.193 0.193 0.193 0.193 0.193 0.193 0.193 0.193 0.193 0.193 0.193 0.193
0.03 0.33631 9.00000 2.2071225643 2.5764055452    2.202  1.573  3.6844  2.898    5  0.000  0.360     0.00     0.00     0.00     0.00     0.00 -1 -1.65e-12      0.00 6.481e-01 3.217e-01 3.431e-03 4.056e-03 1.269e-02 -1.000 3.026e-02       4834          0          0          0          0      8.742      8.742 0.838 0.868 1.389 0.190 0.868 0.868 0.868 0.868 0.868 0.868 0.868 0.868 0.868 0.868 0.868 0.868 0.868 0.868 0.868 0.868 0.868 0.868 0.868 0.868 0.868 0.868 1.389 1.389 1.389 1.389 1.389 1.389 1.389 1.389 1.389 1.389 1.389 1.389 1.389 1.389 1.389 1.389 1.389 1.389 1.389 1.389 1.389 1.389 0.190 0.190 0.190 0.190 0.190 0.190 0.190 0.190 0.190 0.190 0.190 0.190 0.190 0.190 0.190 0.190 0.190 0.190 0.190 0.190 0.190 0.190
0.03 0.33631 9.00000 2.2087919712 2.5764620667    2.204  1.574  3.6845  2.897    5  0.000  0.360     0.00     0.00     0.00     0.00     0.00 -1 -1.66e-12      0.00 6.480e-01 3.217e-01 3.430e-03 4.058e-03 1.269e-02 -1.000 3.026e-02       4835          0          0          0          0      8.749      8.749 0.836 0.865 1.386 0.188 0.865 0.865 0.865 0.865 0.865 0.865 0.865 0.865 0.865 0.865 0.865 0.865 0.865 0.865 0.865 0.865 0.865 0.865 0.865 0.865 0.865 0.865 1.386 1.386 1.386 1.386 1.386 1.386 1.386 1.386 1.386 1.386 1.386 1.386 1.386 1.386 1.386 1.386 1.386 1.386 1.386 1.386 1.386 1.386 0.188 0.188 0.188 0.188 0.188 0.188 0.188 0.188 0.188 0.188 0.188 0.188 0.188 0.188 0.188 0.188 0.188 0.188 0.188 0.188 0.188 0.188
0.03 0.33631 9.00000 2.2096858025 2.5764922889    2.205  1.574  3.6845  2.897    5  0.000  0.360     0.00     0.00     0.00     0.00     0.00 -1 -1.66e-12      0.00 6.480e-01 3.217e-01 3.430e-03 4.058e-03 1.269e-02 -1.000 3.026e-02       4835          0          0          0          0      8.753      8.753 0.835 0.864 1.385 0.186 0.864 0.864 0.864 0.864 0.864 0.864 0.864 0.864 0.864 0.864 0.864 0.864 0.864 0.864 0.864 0.864 0.864 0.864 0.864 0.864 0.864 0.864 1.385 1.385 1.385 1.385 1.385 1.385 1.385 1.385 1.385 1.385 1.385 1.385 1.385 1.385 1.385 1.385 1.385 1.385 1.385 1.385 1.385 1.385 0.186 0.186 0.186 0.186 0.186 0.186 0.186 0.186 0.186 0.186 0.186 0.186 0.186 0.186 0.186 0.186 0.186 0.186 0.186 0.186 0.186 0.186
0.03 0.33631 9.00000 2.2115216255 2.5765542738    2.207  1.575  3.6846  2.897    5  0.000  0.360     0.00     0.00     0.00     0.00     0.00 -1 -1.67e-12      0.00 6.480e-01 3.217e-01 3.430e-03 4.060e-03 1.269e-02 -1.000 3.026e-02       4836          0          0          0          0      8.761      8.761 0.832 0.861 1.382 0.183 0.861 0.861 0.861 0.861 0.861 0.861 0.861 0.861 0.861 0.861 0.861 0.861 0.861 0.861 0.861 0.861 0.861 0.861 0.861 0.861 0.861 0.861 1.382 1.382 1.382 1.382 1.382 1.382 1.382 1.382 1.382 1.382 1.382 1.382 1.382 1.382 1.382 1.382 1.382 1.382 1.382 1.382 1.382 1.382 0.183 0.183 0.183 0.183 0.183 0.183 0.183 0.183 0.183 0.183 0.183 0.183 0.183 0.183 0.183 0.183 0.183 0.183 0.183 0.183 0.183 0.183
0.03 0.33631 9.00000 2.2132363319 2.5766120625    2.209  1.576  3.6846  2.896    5  0.000  0.360     0.00     0.00     0.00     0.00     0.00 -1 -1.67e-12      0.00 6.480e-01 3.217e-01 3.430e-03 4.061e-03 1.269e-02 -1.000 3.026e-02       4837          0          0          0          0      8.769      8.769 0.829 0.858 1.379 0.181 0.858 0.858 0.858 0.858 0.858 0.858 0.858 0.858 0.858 0.858 0.858 0.858 0.858 0.858 0.858 0.858 0.858 0.858 0.858 0.858 0.858 0.858 1.379 1.379 1.379 1.379 1.379 1.379 1.379 1.379 1.379 1.379 1.379 1.379 1.379 1.379 1.379 1.379 1.379 1.379 1.379 1.379 1.379 1.379 0.181 0.181 0.181 0.181 0.181 0.181 0.181 0.181 0.181 0.181 0.181 0.181 0.181 0.181 0.181 0.181 0.181 0.181 0.181 0.181 0.181 0.181
0.03 0.33631 9.00000 2.2149500847 2.5766697162    2.210  1.577  3.6847  2.896    5  0.000  0.360     0.00     0.00     0.00     0.00     0.00 -1 -1.68e-12      0.00 6.480e-01 3.218e-01 3.429e-03 4.062e-03 1.269e-02 -1.000 3.026e-02       4838          0          0          0          0      8.777      8.777 0.827 0.855 1.376 0.178 0.855 0.855 0.855 0.855 0.855 0.855 0.855 0.855 0.855 0.855 0.855 0.855 0.855 0.855 0.855 0.855 0.855 0.855 0.855 0.855 0.855 0.855 1.376 1.376 1.376 1.376 1.376 1.376 1.376 1.376 1.376 1.376 1.376 1.376 1.376 1.376 1.376 1.376 1.376 1.376 1.376 1.376 1.376 1.376 0.178 0.178 0.178 0.178 0.178 0.178 0.178 0.178 0.178 0.178 0.178 0.178 0.178 0.178 0.178 0.178 0.178 0.178 0.178 0.178 0.178 0.178
0.03 0.33631 9.00000 2.2167034149 2.5767285953    2.212  1.578  3.6848  2.895    5  0.000  0.360     0.00     0.00     0.00     0.00     0.00 -1 -1.69e-12      0.00 6.480e-01 3.218e-01 3.429e-03 4.063e-03 1.269e-02 -1.000 3.026e-02       4838          0          0          0          0      8.786      8.786 0.824 0.852 1.373 0.175 0.852 0.852 0.852 0.852 0.852 0.852 0.852 0.852 0.852 0.852 0.852 0.852 0.852 0.852 0.852 0.852 0.852 0.852 0.852 0.852 0.852 0.852 1.373 1.373 1.373 1.373 1.373 1.373 1.373 1.373 1.373 1.373 1.373 1.373 1.373 1.373 1.373 1.373 1.373 1.373 1.373 1.373 1.373 1.373 0.175 0.175 0.175 0.175 0.175 0.175 0.175 0.175 0.175 0.175 0.175 0.175 0.175 0.175 0.175 0.175 0.175 0.175 0.175 0.175 0.175 0.175
0.03 0.33631 9.00000 2.2184796333 2.5767881339    2.214  1.580  3.6848  2.895    5  0.000  0.360     0.00     0.00     0.00     0.00     0.00 -1  -1.7e-12      0.00 6.479e-01 3.218e-01 3.429e-03 4.065e-03 1.269e-02 -1.000 3.026e-02       4839          0          0          0          0      8.795      8.795 0.821 0.849 1.369 0.172 0.849 0.849 0.849 0.849 0.849 0.849 0.849 0.849 0.849 0.849 0.849 0.849 0.849 0.849 0.849 0.849 0.849 0.849 0.849 0.849 0.849 0.849 1.369 1.369 1.369 1.369 1.369 1.369 1.369 1.369 1.369 1.369 1.369 1.369 1.369 1.369 1.369 1.369 1.369 1.369 1.369 1.369 1.369 1.369 0.172 0.172 0.172 0.172 0.172 0.172 0.172 0.172 0.172 0.172 0.172 0.172 0.172 0.172 0.172 0.172 0.172 0.172 0.172 0.172 0.172 0.172
0.03 0.33631 9.00000 2.2202897072 2.5768486946    2.215  1.581  3.6849  2.894    5  0.000  0.360     0.00     0.00     0.00     0.00     0.00 -1 -1.71e-12      0.00 6.479e-01 3.218e-01 3.429e-03 4.066e-03 1.269e-02 -1.000 3.026e-02       4840          0          0          0          0      8.806      8.806 0.818 0.846 1.366 0.169 0.846 0.846 0.846 0.846 0.846 0.846 0.846 0.846 0.846 0.846 0.846 0.846 0.846 0.846 0.846 0.846 0.846 0.846 0.846 0.846 0.846 0.846 1.366 1.366 1.366 1.366 1.366 1.366 1.366 1.366 1.366 1.366 1.366 1.366 1.366 1.366 1.366 1.366 1.366 1.366 1.366 1.366 1.366 1.366 0.169 0.169 0.169 0.169 0.169 0.169 0.169 0.169 0.169 0.169 0.169 0.169 0.169 0.169 0.169 0.169 0.169 0.169 0.169 0.169 0.169 0.169
0.03 0.33631 9.00000 2.2219617367 2.5769045359    2.217  1.582  3.6850  2.894    5  0.000  0.360     0.00     0.00     0.00     0.00     0.00 -1 -1.72e-12      0.00 6.479e-01 3.218e-01 3.428e-03 4.067e-03 1.269e-02 -1.000 3.026e-02       4840          0          0          0          0      8.817      8.817 0.815 0.843 1.362 0.166 0.843 0.843 0.843 0.843 0.843 0.843 0.843 0.843 0.843 0.843 0.843 0.843 0.843 0.843 0.843 0.843 0.843 0.843 0.843 0.843 0.843 0.843 1.362 1.362 1.362 1.362 1.362 1.362 1.362 1.362 1.362 1.362 1.362 1.362 1.362 1.362 1.362 1.362 1.362 1.362 1.362 1.362 1.362 1.362 0.166 0.166 0.166 0.166 0.166 0.166 0.166 0.166 0.166 0.166 0.166 0.166 0.166 0.166 0.166 0.166 0.166 0.166 0.166 0.166 0.166 0.166
0.03 0.33631 9.00000 2.2238218784 2.5769665462    2.219  1.583  3.6850  2.893    5  0.000  0.360     0.00     0.00     0.00     0.00     0.00 -1 -1.73e-12      0.00 6.479e-01 3.219e-01 3.428e-03 4.068e-03 1.269e-02 -1.000 3.026e-02       4841          0          0          0          0      8.829      8.829 0.811 0.839 1.358 0.162 0.839 0.839 0.839 0.839 0.839 0.839 0.839 0.839 0.839 0.839 0.839 0.839 0.839 0.839 0.839 0.839 0.839 0.839 0.839 0.839 0.839 0.839 1.358 1.358 1.358 1.358 1.358 1.358 1.358 1.358 1.358 1.358 1.358 1.358 1.358 1.358 1.358 1.358 1.358 1.358 1.358 1.358 1.358 1.358 0.162 0.162 0.162 0.162 0.162 0.162 0.162 0.162 0.162 0.162 0.162 0.162 0.162 0.162 0.162 0.162 0.162 0.162 0.162 0.162 0.162 0.162
0.03 0.33631 9.00000 2.2254779339 2.5770216527    2.221  1.585  3.6851  2.892    5  0.000  0.360     0.00     0.00     0.00     0.00     0.00 -1 -1.74e-12      0.00 6.479e-01 3.219e-01 3.428e-03 4.069e-03 1.268e-02 -1.000 3.026e-02       4842          0          0          0          0       8.84       8.84 0.808 0.836 1.355 0.159 0.836 0.836 0.836 0.836 0.836 0.836 0.836 0.836 0.836 0.836 0.836 0.836 0.836 0.836 0.836 0.836 0.836 0.836 0.836 0.836 0.836 0.836 1.355 1.355 1.355 1.355 1.355 1.355 1.355 1.355 1.355 1.355 1.355 1.355 1.355 1.355 1.355 1.355 1.355 1.355 1.355 1.355 1.355 1.355 0.159 0.159 0.159 0.159 0.159 0.159 0.159 0.159 0.159 0.159 0.159 0.159 0.159 0.159 0.159 0.159 0.159 0.159 0.159 0.159 0.159 0.159
0.03 0.33631 9.00000 2.2273292542 2.5770831453    2.222  1.586  3.6851  2.891    5  0.000  0.360     0.00     0.00     0.00     0.00     0.00 -1 -1.75e-12      0.00 6.478e-01 3.219e-01 3.428e-03 4.071e-03 1.268e-02 -1.000 3.026e-02       4842          0          0          0          0      8.852      8.852 0.805 0.832 1.351 0.156 0.832 0.832 0.832 0.832 0.832 0.832 0.832 0.832 0.832 0.832 0.832 0.832 0.832 0.832 0.832 0.832 0.832 0.832 0.832 0.832 0.832 0.832 1.351 1.351 1.351 1.351 1.351 1.351 1.351 1.351 1.351 1.351 1.351 1.351 1.351 1.351 1.351 1.351 1.351 1.351 1.351 1.351 1.351 1.351 0.156 0.156 0.156 0.156 0.156 0.156 0.156 0.156 0.156 0.156 0.156 0.156 0.156 0.156 0.156 0.156 0.156 0.156 0.156 0.156 0.156 0.156
0.03 0.33631 9.00000 2.2289385796 2.5771365044    2.224  1.587  3.6852  2.890    5  0.000  0.360     0.00     0.00     0.00     0.00     0.00 -1 -1.76e-12      0.00 6.478e-01 3.219e-01 3.427e-03 4.072e-03 1.268e-02 -1.000 3.026e-02       4843          0          0          0          0      8.863      8.863 0.801 0.829 1.348 0.152 0.829 0.829 0.829 0.829 0.829 0.829 0.829 0.829 0.829 0.829 0.829 0.829 0.829 0.829 0.829 0.829 0.829 0.829 0.829 0.829 0.829 0.829 1.348 1.348 1.348 1.348 1.348 1.348 1.348 1.348 1.348 1.348 1.348 1.348 1.348 1.348 1.348 1.348 1.348 1.348 1.348 1.348 1.348 1.348 0.152 0.152 0.152 0.152 0.152 0.152 0.152 0.152 0.152 0.152 0.152 0.152 0.152 0.152 0.152 0.152 0.152 0.152 0.152 0.152 0.152 0.152
0.03 0.33631 9.00000 2.2297945023 2.5771648475    2.225  1.588  3.6852  2.890    5  0.000  0.360     0.00     0.00     0.00     0.00     0.00 -1 -1.76e-12      0.00 6.478e-01 3.219e-01 3.427e-03 4.073e-03 1.268e-02 -1.000 3.026e-02       4843          0          0          0          0      8.869      8.869 0.800 0.827 1.346 0.151 0.827 0.827 0.827 0.827 0.827 0.827 0.827 0.827 0.827 0.827 0.827 0.827 0.827 0.827 0.827 0.827 0.827 0.827 0.827 0.827 0.827 0.827 1.346 1.346 1.346 1.346 1.346 1.346 1.346 1.346 1.346 1.346 1.346 1.346 1.346 1.346 1.346 1.346 1.346 1.346 1.346 1.346 1.346 1.346 0.151 0.151 0.151 0.151 0.151 0.151 0.151 0.151 0.151 0.151 0.151 0.151 0.151 0.151 0.151 0.151 0.151 0.151 0.151 0.151 0.151 0.151
0.03 0.33631 9.00000 2.2307198048 2.5771954599    2.226  1.589  3.6852  2.890    5  0.000  0.360     0.00     0.00     0.00     0.00     0.00 -1 -1.77e-12      0.00 6.478e-01 3.219e-01 3.427e-03 4.073e-03 1.268e-02 -1.000 3.026e-02       4843          0          0          0          0      8.876      8.876 0.798 0.825 1.344 0.149 0.825 0.825 0.825 0.825 0.825 0.825 0.825 0.825 0.825 0.825 0.825 0.825 0.825 0.825 0.825 0.825 0.825 0.825 0.825 0.825 0.825 0.825 1.344 1.344 1.344 1.344 1.344 1.344 1.344 1.344 1.344 1.344 1.344 1.344 1.344 1.344 1.344 1.344 1.344 1.344 1.344 1.344 1.344 1.344 0.149 0.149 0.149 0.149 0.149 0.149 0.149 0.149 0.149 0.149 0.149 0.149 0.149 0.149 0.149 0.149 0.149 0.149 0.149 0.149 0.149 0.149
0.03 0.33631 9.00000 2.2334287167 2.5772849129    2.229  1.591  3.6853  2.888    5  0.000  0.360     0.00     0.00     0.00     0.00     0.00 -1 -1.78e-12      0.00 6.478e-01 3.220e-01 3.427e-03 4.075e-03 1.268e-02 -1.000 3.026e-02       4844          0          0          0          0      8.896      8.896 0.792 0.819 1.338 0.143 0.819 0.819 0.819 0.819 0.819 0.819 0.819 0.819 0.819 0.819 0.819 0.819 0.819 0.819 0.819 0.819 0.819 0.819 0.819 0.819 0.819 0.819 1.338 1.338 1.338 1.338 1.338 1.338 1.338 1.338 1.338 1.338 1.338 1.338 1.338 1.338 1.338 1.338 1.338 1.338 1.338 1.338 1.338 1.338 0.143 0.143 0.143 0.143 0.143 0.143 0.143 0.143 0.143 0.143 0.143 0.143 0.143 0.143 0.143 0.143 0.143 0.143 0.143 0.143 0.143 0.143
0.03 0.33631 9.00000 2.2350811958 2.5773393582    2.230  1.592  3.6853  2.887    5  0.000  0.360     0.00     0.00     0.00     0.00     0.00 -1  -1.8e-12      0.00 6.478e-01 3.220e-01 3.426e-03 4.076e-03 1.268e-02 -1.000 3.026e-02       4845          0          0          0          0      8.909      8.909 0.789 0.815 1.334 0.140 0.815 0.815 0.815 0.815 0.815 0.815 0.815 0.815 0.815 0.815 0.815 0.815 0.815 0.815 0.815 0.815 0.815 0.815 0.815 0.815 0.815 0.815 1.334 1.334 1.334 1.334 1.334 1.334 1.334 1.334 1.334 1.334 1.334 1.334 1.334 1.334 1.334 1.334 1.334 1.334 1.334 1.334 1.334 1.334 0.140 0.140 0.140 0.140 0.140 0.140 0.140 0.140 0.140 0.140 0.140 0.140 0.140 0.140 0.140 0.140 0.140 0.140 0.140 0.140 0.140 0.140
0.03 0.33631 9.00000 2.2376503944 2.5774238236    2.233  1.595  3.6854  2.886    5  0.000  0.360     0.00     0.00     0.00     0.00     0.00 -1 -1.81e-12      0.00 6.477e-01 3.220e-01 3.426e-03 4.078e-03 1.268e-02 -1.000 3.026e-02       4845          0          0          0          0       8.93       8.93 0.783 0.810 1.328 0.134 0.810 0.810 0.810 0.810 0.810 0.810 0.810 0.810 0.810 0.810 0.810 0.810 0.810 0.810 0.810 0.810 0.810 0.810 0.810 0.810 0.810 0.810 1.328 1.328 1.328 1.328 1.328 1.328 1.328 1.328 1.328 1.328 1.328 1.328 1.328 1.328 1.328 1.328 1.328 1.328 1.328 1.328 1.328 1.328 0.134 0.134 0.134 0.134 0.134 0.134 0.134 0.134 0.134 0.134 0.134 0.134 0.134 0.134 0.134 0.134 0.134 0.134 0.134 0.134 0.134 0.134
0.03 0.33631 9.00000 2.2394857407 2.5774840264    2.235  1.596  3.6854  2.885    5  0.000  0.360     0.00     0.00     0.00     0.00     0.00 -1 -1.83e-12      0.00 6.477e-01 3.220e-01 3.426e-03 4.079e-03 1.268e-02 -1.000 3.026e-02       4846          0          0          0          0      8.945      8.945 0.779 0.806 1.324 0.130 0.806 0.806 0.806 0.806 0.806 0.806 0.806 0.806 0.806 0.806 0.806 0.806 0.806 0.806 0.806 0.806 0.806 0.806 0.806 0.806 0.806 0.806 1.324 1.324 1.324 1.324 1.324 1.324 1.324 1.324 1.324 1.324 1.324 1.324 1.324 1.324 1.324 1.324 1.324 1.324 1.324 1.324 1.324 1.324 0.130 0.130 0.130 0.130 0.130 0.130 0.130 0.130 0.130 0.130 0.130 0.130 0.130 0.130 0.130 0.130 0.130 0.130 0.130 0.130 0.130 0.130
0.03 0.33631 9.00000 2.2419064045 2.5775632552    2.237  1.598  3.6855  2.883    5  0.000  0.360     0.00     0.00     0.00     0.00     0.00 -1 -1.84e-12      0.00 6.477e-01 3.221e-01 3.425e-03 4.081e-03 1.267e-02 -1.000 3.026e-02       4846          0          0          0          0      8.965      8.965 0.774 0.800 1.318 0.125 0.800 0.800 0.800 0.800 0.800 0.800 0.800 0.800 0.800 0.800 0.800 0.800 0.800 0.800 0.800 0.800 0.800 0.800 0.800 0.800 0.800 0.800 1.318 1.318 1.318 1.318 1.318 1.318 1.318 1.318 1.318 1.318 1.318 1.318 1.318 1.318 1.318 1.318 1.318 1.318 1.318 1.318 1.318 1.318 0.125 0.125 0.125 0.125 0.125 0.125 0.125 0.125 0.125 0.125 0.125 0.125 0.125 0.125 0.125 0.125 0.125 0.125 0.125 0.125 0.125 0.125
0.03 0.33631 9.00000 2.2436697483 2.5776208461    2.239  1.600  3.6855  2.882    5  0.000  0.360     0.00     0.00     0.00     0.00     0.00 -1 -1.86e-12      0.00 6.477e-01 3.221e-01 3.425e-03 4.082e-03 1.267e-02 -1.000 3.026e-02       4847          0          0          0          0      8.981      8.981 0.770 0.796 1.314 0.120 0.796 0.796 0.796 0.796 0.796 0.796 0.796 0.796 0.796 0.796 0.796 0.796 0.796 0.796 0.796 0.796 0.796 0.796 0.796 0.796 0.796 0.796 1.314 1.314 1.314 1.314 1.314 1.314 1.314 1.314 1.314 1.314 1.314 1.314 1.314 1.314 1.314 1.314 1.314 1.314 1.314 1.314 1.314 1.314 0.120 0.120 0.120 0.120 0.120 0.120 0.120 0.120 0.120 0.120 0.120 0.120 0.120 0.120 0.120 0.120 0.120 0.120 0.120 0.120 0.120 0.120
0.03 0.33631 9.00000 2.2444553375 2.5776464700    2.240  1.601  3.6855  2.882    5  0.000  0.360     0.00     0.00     0.00     0.00     0.00 -1 -1.86e-12      0.00 6.477e-01 3.221e-01 3.425e-03 4.083e-03 1.267e-02 -1.000 3.026e-02       4847          0          0          0          0      8.988      8.988 0.768 0.794 1.312 0.119 0.794 0.794 0.794 0.794 0.794 0.794 0.794 0.794 0.794 0.794 0.794 0.794 0.794 0.794 0.794 0.794 0.794 0.794 0.794 0.794 0.794 0.794 1.312 1.312 1.312 1.312 1.312 1.312 1.312 1.312 1.312 1.312 1.312 1.312 1.312 1.312 1.312 1.312 1.312 1.312 1.312 1.312 1.312 1.312 0.119 0.119 0.119 0.119 0.119 0.119 0.119 0.119 0.119 0.119 0.119 0.119 0.119 0.119 0.119 0.119 0.119 0.119 0.119 0.119 0.119 0.119
0.03 0.33631 9.00000 2.2463126183 2.5777069677    2.241  1.603  3.6856  2.880    5  0.000  0.360     0.00     0.00     0.00     0.00     0.00 -1 -1.88e-12      0.00 6.476e-01 3.221e-01 3.425e-03 4.084e-03 1.267e-02 -1.000 3.026e-02       4847          0          0          0          0      9.005      9.005 0.764 0.789 1.307 0.114 0.789 0.789 0.789 0.789 0.789 0.789 0.789 0.789 0.789 0.789 0.789 0.789 0.789 0.789 0.789 0.789 0.789 0.789 0.789 0.789 0.789 0.789 1.307 1.307 1.307 1.307 1.307 1.307 1.307 1.307 1.307 1.307 1.307 1.307 1.307 1.307 1.307 1.307 1.307 1.307 1.307 1.307 1.307 1.307 0.114 0.114 0.114 0.114 0.114 0.114 0.114 0.114 0.114 0.114 0.114 0.114 0.114 0.114 0.114 0.114 0.114 0.114 0.114 0.114 0.114 0.114
0.03 0.33631 9.00000 2.2478399277 2.5777566311    2.243  1.604  3.6856  2.879    5  0.000  0.360     0.00     0.00     0.00     0.00     0.00 -1 -1.89e-12      0.00 6.476e-01 3.221e-01 3.424e-03 4.085e-03 1.267e-02 -1.000 3.026e-02       4848          0          0          0          0       9.02       9.02 0.760 0.786 1.303 0.110 0.786 0.786 0.786 0.786 0.786 0.786 0.786 0.786 0.786 0.786 0.786 0.786 0.786 0.786 0.786 0.786 0.786 0.786 0.786 0.786 0.786 0.786 1.303 1.303 1.303 1.303 1.303 1.303 1.303 1.303 1.303 1.303 1.303 1.303 1.303 1.303 1.303 1.303 1.303 1.303 1.303 1.303 1.303 1.303 0.110 0.110 0.110 0.110 0.110 0.110 0.110 0.110 0.110 0.110 0.110 0.110 0.110 0.110 0.110 0.110 0.110 0.110 0.110 0.110 0.110 0.110
0.03 0.33631 9.00000 2.2493102551 2.5778043683    2.244  1.605  3.6856  2.878    5  0.000  0.360     0.00     0.00     0.00     0.00     0.00 -1  -1.9e-12      0.00 6.476e-01 3.221e-01 3.424e-03 4.086e-03 1.267e-02 -1.000 3.026e-02       4848          0          0          0          0      9.033      9.033 0.756 0.782 1.300 0.107 0.782 0.782 0.782 0.782 0.782 0.782 0.782 0.782 0.782 0.782 0.782 0.782 0.782 0.782 0.782 0.782 0.782 0.782 0.782 0.782 0.782 0.782 1.300 1.300 1.300 1.300 1.300 1.300 1.300 1.300 1.300 1.300 1.300 1.300 1.300 1.300 1.300 1.300 1.300 1.300 1.300 1.300 1.300 1.300 0.107 0.107 0.107 0.107 0.107 0.107 0.107 0.107 0.107 0.107 0.107 0.107 0.107 0.107 0.107 0.107 0.107 0.107 0.107 0.107 0.107 0.107
0.03 0.33631 9.00000 2.2500264645 2.5778275955    2.245  1.606  3.6856  2.878    5  0.000  0.360     0.00     0.00     0.00     0.00     0.00 -1 -1.91e-12      0.00 6.476e-01 3.221e-01 3.424e-03 4.087e-03 1.267e-02 -1.000 3.026e-02       4848          0          0          0          0      9.041      9.041 0.754 0.780 1.298 0.105 0.780 0.780 0.780 0.780 0.780 0.780 0.780 0.780 0.780 0.780 0.780 0.780 0.780 0.780 0.780 0.780 0.780 0.780 0.780 0.780 0.780 0.780 1.298 1.298 1.298 1.298 1.298 1.298 1.298 1.298 1.298 1.298 1.298 1.298 1.298 1.298 1.298 1.298 1.298 1.298 1.298 1.298 1.298 1.298 0.105 0.105 0.105 0.105 0.105 0.105 0.105 0.105 0.105 0.105 0.105 0.105 0.105 0.105 0.105 0.105 0.105 0.105 0.105 0.105 0.105 0.105
0.03 0.33631 9.00000 2.2514388561 2.5778733506    2.246  1.608  3.6857  2.877    5  0.000  0.360     0.00     0.00     0.00     0.00     0.00 -1 -1.92e-12      0.00 6.476e-01 3.222e-01 3.424e-03 4.088e-03 1.267e-02 -1.000 3.026e-02       4848          0          0          0          0      9.054      9.054 0.751 0.777 1.294 0.102 0.777 0.777 0.777 0.777 0.777 0.777 0.777 0.777 0.777 0.777 0.777 0.777 0.777 0.777 0.777 0.777 0.777 0.777 0.777 0.777 0.777 0.777 1.294 1.294 1.294 1.294 1.294 1.294 1.294 1.294 1.294 1.294 1.294 1.294 1.294 1.294 1.294 1.294 1.294 1.294 1.294 1.294 1.294 1.294 0.102 0.102 0.102 0.102 0.102 0.102 0.102 0.102 0.102 0.102 0.102 0.102 0.102 0.102 0.102 0.102 0.102 0.102 0.102 0.102 0.102 0.102
0.03 0.33631 9.00000 2.2527792454 2.5779167122    2.248  1.609  3.6857  2.876    5  0.000  0.360     0.00     0.00     0.00     0.00     0.00 -1 -1.93e-12      0.00 6.476e-01 3.222e-01 3.424e-03 4.089e-03 1.267e-02 -1.000 3.026e-02       4849          0          0          0          0      9.067      9.067 0.748 0.773 1.291 0.098 0.773 0.773 0.773 0.773 0.773 0.773 0.773 0.773 0.773 0.773 0.773 0.773 0.773 0.773 0.773 0.773 0.773 0.773 0.773 0.773 0.773 0.773 1.291 1.291 1.291 1.291 1.291 1.291 1.291 1.291 1.291 1.291 1.291 1.291 1.291 1.291 1.291 1.291 1.291 1.291 1.291 1.291 1.291 1.291 0.098 0.098 0.098 0.098 0.098 0.098 0.098 0.098 0.098 0.098 0.098 0.098 0.098 0.098 0.098 0.098 0.098 0.098 0.098 0.098 0.098 0.098
0.03 0.33631 9.00000 2.2541875839 2.5779622081    2.249  1.610  3.6857  2.875    5  0.000  0.360     0.00     0.00     0.00     0.00     0.00 -1 -1.95e-12      0.00 6.476e-01 3.222e-01 3.423e-03 4.090e-03 1.267e-02 -1.000 3.026e-02       4849          0          0          0          0      9.081      9.081 0.744 0.770 1.287 0.095 0.770 0.770 0.770 0.770 0.770 0.770 0.770 0.770 0.770 0.770 0.770 0.770 0.770 0.770 0.770 0.770 0.770 0.770 0.770 0.770 0.770 0.770 1.287 1.287 1.287 1.287 1.287 1.287 1.287 1.287 1.287 1.287 1.287 1.287 1.287 1.287 1.287 1.287 1.287 1.287 1.287 1.287 1.287 1.287 0.095 0.095 0.095 0.095 0.095 0.095 0.095 0.095 0.095 0.095 0.095 0.095 0.095 0.095 0.095 0.095 0.095 0.095 0.095 0.095 0.095 0.095
0.03 0.33631 9.00000 2.2555241585 2.5780053252    2.251  1.612  3.6857  2.874    5  0.000  0.360     0.00     0.00     0.00     0.00     0.00 -1 -1.96e-12      0.00 6.475e-01 3.222e-01 3.423e-03 4.091e-03 1.267e-02 -1.000 3.026e-02       4849          0          0          0          0      9.094      9.094 0.741 0.766 1.284 0.091 0.766 0.766 0.766 0.766 0.766 0.766 0.766 0.766 0.766 0.766 0.766 0.766 0.766 0.766 0.766 0.766 0.766 0.766 0.766 0.766 0.766 0.766 1.284 1.284 1.284 1.284 1.284 1.284 1.284 1.284 1.284 1.284 1.284 1.284 1.284 1.284 1.284 1.284 1.284 1.284 1.284 1.284 1.284 1.284 0.091 0.091 0.091 0.091 0.091 0.091 0.091 0.091 0.091 0.091 0.091 0.091 0.091 0.091 0.091 0.091 0.091 0.091 0.091 0.091 0.091 0.091
0.03 0.33631 9.00000 2.2568099499 2.5780467486    2.252  1.613  3.6858  2.873    5  0.000  0.360     0.00     0.00     0.00     0.00     0.00 -1 -1.97e-12      0.00 6.475e-01 3.222e-01 3.423e-03 4.091e-03 1.267e-02 -1.000 3.026e-02       4849          0          0          0          0      9.107      9.107 0.738 0.763 1.280 0.088 0.763 0.763 0.763 0.763 0.763 0.763 0.763 0.763 0.763 0.763 0.763 0.763 0.763 0.763 0.763 0.763 0.763 0.763 0.763 0.763 0.763 0.763 1.280 1.280 1.280 1.280 1.280 1.280 1.280 1.280 1.280 1.280 1.280 1.280 1.280 1.280 1.280 1.280 1.280 1.280 1.280 1.280 1.280 1.280 0.088 0.088 0.088 0.088 0.088 0.088 0.088 0.088 0.088 0.088 0.088 0.088 0.088 0.088 0.088 0.088 0.088 0.088 0.088 0.088 0.088 0.088
0.03 0.33631 9.00000 2.2581148148 2.5780887311    2.253  1.614  3.6858  2.872    5  0.000  0.360     0.00     0.00     0.00     0.00     0.00 -1 -1.98e-12      0.00 6.475e-01 3.222e-01 3.423e-03 4.092e-03 1.267e-02 -1.000 3.026e-02       4850          0          0          0          0      9.119      9.119 0.735 0.760 1.277 0.085 0.760 0.760 0.760 0.760 0.760 0.760 0.760 0.760 0.760 0.760 0.760 0.760 0.760 0.760 0.760 0.760 0.760 0.760 0.760 0.760 0.760 0.760 1.277 1.277 1.277 1.277 1.277 1.277 1.277 1.277 1.277 1.277 1.277 1.277 1.277 1.277 1.277 1.277 1.277 1.277 1.277 1.277 1.277 1.277 0.085 0.085 0.085 0.085 0.085 0.085 0.085 0.085 0.085 0.085 0.085 0.085 0.085 0.085 0.085 0.085 0.085 0.085 0.085 0.085 0.085 0.085
0.03 0.33631 9.00000 2.2587628365 2.5781095597    2.254  1.615  3.6858  2.871    5  0.000  0.360     0.00     0.00     0.00     0.00     0.00 -1 -1.99e-12      0.00 6.475e-01 3.222e-01 3.423e-03 4.093e-03 1.267e-02 -1.000 3.026e-02       4850          0          0          0          0      9.125      9.125 0.733 0.758 1.275 0.083 0.758 0.758 0.758 0.758 0.758 0.758 0.758 0.758 0.758 0.758 0.758 0.758 0.758 0.758 0.758 0.758 0.758 0.758 0.758 0.758 0.758 0.758 1.275 1.275 1.275 1.275 1.275 1.275 1.275 1.275 1.275 1.275 1.275 1.275 1.275 1.275 1.275 1.275 1.275 1.275 1.275 1.275 1.275 1.275 0.083 0.083 0.083 0.083 0.083 0.083 0.083 0.083 0.083 0.083 0.083 0.083 0.083 0.083 0.083 0.083 0.083 0.083 0.083 0.083 0.083 0.083
0.03 0.33631 9.00000 2.2606298923 2.5781694936    2.256  1.617  3.6858  2.870    5  0.000  0.360     0.00     0.00     0.00     0.00     0.00 -1 -2.01e-12      0.00 6.475e-01 3.223e-01 3.422e-03 4.094e-03 1.266e-02 -1.000 3.026e-02       4850          0          0          0          0      9.143      9.143 0.728 0.753 1.271 0.079 0.753 0.753 0.753 0.753 0.753 0.753 0.753 0.753 0.753 0.753 0.753 0.753 0.753 0.753 0.753 0.753 0.753 0.753 0.753 0.753 0.753 0.753 1.271 1.271 1.271 1.271 1.271 1.271 1.271 1.271 1.271 1.271 1.271 1.271 1.271 1.271 1.271 1.271 1.271 1.271 1.271 1.271 1.271 1.271 0.079 0.079 0.079 0.079 0.079 0.079 0.079 0.079 0.079 0.079 0.079 0.079 0.079 0.079 0.079 0.079 0.079 0.079 0.079 0.079 0.079 0.079
0.03 0.33631 9.00000 2.2618620396 2.5782089840    2.257  1.618  3.6858  2.869    5  0.000  0.360     0.00     0.00     0.00     0.00     0.00 -1 -2.02e-12      0.00 6.475e-01 3.223e-01 3.422e-03 4.095e-03 1.266e-02 -1.000 3.026e-02       4850          0          0          0          0      9.156      9.156 0.725 0.750 1.267 0.076 0.750 0.750 0.750 0.750 0.750 0.750 0.750 0.750 0.750 0.750 0.750 0.750 0.750 0.750 0.750 0.750 0.750 0.750 0.750 0.750 0.750 0.750 1.267 1.267 1.267 1.267 1.267 1.267 1.267 1.267 1.267 1.267 1.267 1.267 1.267 1.267 1.267 1.267 1.267 1.267 1.267 1.267 1.267 1.267 0.076 0.076 0.076 0.076 0.076 0.076 0.076 0.076 0.076 0.076 0.076 0.076 0.076 0.076 0.076 0.076 0.076 0.076 0.076 0.076 0.076 0.076
0.03 0.33631 9.00000 2.2636992931 2.5782677764    2.259  1.620  3.6859  2.867    5  0.000  0.360     0.00     0.00     0.00     0.00     0.00 -1 -2.03e-12      0.00 6.475e-01 3.223e-01 3.422e-03 4.096e-03 1.266e-02 -1.000 3.026e-02       4851          0          0          0          0      9.175      9.175 0.720 0.745 1.262 0.071 0.745 0.745 0.745 0.745 0.745 0.745 0.745 0.745 0.745 0.745 0.745 0.745 0.745 0.745 0.745 0.745 0.745 0.745 0.745 0.745 0.745 0.745 1.262 1.262 1.262 1.262 1.262 1.262 1.262 1.262 1.262 1.262 1.262 1.262 1.262 1.262 1.262 1.262 1.262 1.262 1.262 1.262 1.262 1.262 0.071 0.071 0.071 0.071 0.071 0.071 0.071 0.071 0.071 0.071 0.071 0.071 0.071 0.071 0.071 0.071 0.071 0.071 0.071 0.071 0.071 0.071
0.03 0.33631 9.00000 2.2643485069 2.5782885252    2.259  1.621  3.6859  2.867    5  0.000  0.360     0.00     0.00     0.00     0.00     0.00 -1 -2.04e-12      0.00 6.474e-01 3.223e-01 3.422e-03 4.097e-03 1.266e-02 -1.000 3.026e-02       4851          0          0          0          0      9.181      9.181 0.719 0.744 1.261 0.069 0.744 0.744 0.744 0.744 0.744 0.744 0.744 0.744 0.744 0.744 0.744 0.744 0.744 0.744 0.744 0.744 0.744 0.744 0.744 0.744 0.744 0.744 1.261 1.261 1.261 1.261 1.261 1.261 1.261 1.261 1.261 1.261 1.261 1.261 1.261 1.261 1.261 1.261 1.261 1.261 1.261 1.261 1.261 1.261 0.069 0.069 0.069 0.069 0.069 0.069 0.069 0.069 0.069 0.069 0.069 0.069 0.069 0.069 0.069 0.069 0.069 0.069 0.069 0.069 0.069 0.069
0.03 0.33631 9.00000 2.2662458420 2.5783490852    2.261  1.622  3.6859  2.866    5  0.000  0.360     0.00     0.00     0.00     0.00     0.00 -1 -2.06e-12      0.00 6.474e-01 3.223e-01 3.422e-03 4.098e-03 1.266e-02 -1.000 3.026e-02       4851          0          0          0          0      9.201      9.201 0.714 0.739 1.256 0.064 0.739 0.739 0.739 0.739 0.739 0.739 0.739 0.739 0.739 0.739 0.739 0.739 0.739 0.739 0.739 0.739 0.739 0.739 0.739 0.739 0.739 0.739 1.256 1.256 1.256 1.256 1.256 1.256 1.256 1.256 1.256 1.256 1.256 1.256 1.256 1.256 1.256 1.256 1.256 1.256 1.256 1.256 1.256 1.256 0.064 0.064 0.064 0.064 0.064 0.064 0.064 0.064 0.064 0.064 0.064 0.064 0.064 0.064 0.064 0.064 0.064 0.064 0.064 0.064 0.064 0.064
0.03 0.33631 9.00000 2.2675070763 2.5783892773    2.262  1.624  3.6859  2.864    5  0.000  0.360     0.00     0.00     0.00     0.00     0.00 -1 -2.07e-12      0.00 6.474e-01 3.223e-01 3.421e-03 4.099e-03 1.266e-02 -1.000 3.026e-02       4851          0          0          0          0      9.217      9.217 0.710 0.735 1.252 0.060 0.735 0.735 0.735 0.735 0.735 0.735 0.735 0.735 0.735 0.735 0.735 0.735 0.735 0.735 0.735 0.735 0.735 0.735 0.735 0.735 0.735 0.735 1.252 1.252 1.252 1.252 1.252 1.252 1.252 1.252 1.252 1.252 1.252 1.252 1.252 1.252 1.252 1.252 1.252 1.252 1.252 1.252 1.252 1.252 0.060 0.060 0.060 0.060 0.060 0.060 0.060 0.060 0.060 0.060 0.060 0.060 0.060 0.060 0.060 0.060 0.060 0.060 0.060 0.060 0.060 0.060
0.03 0.33631 9.00000 2.2681291103 2.5784090810    2.263  1.625  3.6859  2.864    5  0.000  0.360     0.00     0.00     0.00     0.00     0.00 -1 -2.08e-12      0.00 6.474e-01 3.223e-01 3.421e-03 4.099e-03 1.266e-02 -1.000 3.026e-02       4851          0          0          0          0      9.224      9.224 0.708 0.733 1.250 0.059 0.733 0.733 0.733 0.733 0.733 0.733 0.733 0.733 0.733 0.733 0.733 0.733 0.733 0.733 0.733 0.733 0.733 0.733 0.733 0.733 0.733 0.733 1.250 1.250 1.250 1.250 1.250 1.250 1.250 1.250 1.250 1.250 1.250 1.250 1.250 1.250 1.250 1.250 1.250 1.250 1.250 1.250 1.250 1.250 0.059 0.059 0.059 0.059 0.059 0.059 0.059 0.059 0.059 0.059 0.059 0.059 0.059 0.059 0.059 0.059 0.059 0.059 0.059 0.059 0.059 0.059
0.03 0.33631 9.00000 2.2699477673 2.5784669098    2.265  1.627  3.6859  2.862    5  0.000  0.360     0.00     0.00     0.00     0.00     0.00 -1  -2.1e-12      0.00 6.474e-01 3.224e-01 3.421e-03 4.101e-03 1.266e-02 -1.000 3.026e-02       4851          0          0          0          0      9.246      9.246 0.703 0.728 1.245 0.053 0.728 0.728 0.728 0.728 0.728 0.728 0.728 0.728 0.728 0.728 0.728 0.728 0.728 0.728 0.728 0.728 0.728 0.728 0.728 0.728 0.728 0.728 1.245 1.245 1.245 1.245 1.245 1.245 1.245 1.245 1.245 1.245 1.245 1.245 1.245 1.245 1.245 1.245 1.245 1.245 1.245 1.245 1.245 1.245 0.053 0.053 0.053 0.053 0.053 0.053 0.053 0.053 0.053 0.053 0.053 0.053 0.053 0.053 0.053 0.053 0.053 0.053 0.053 0.053 0.053 0.053
0.03 0.33631 9.00000 2.2717468739 2.5785240122    2.267  1.629  3.6860  2.860    5  0.000  0.360     0.00     0.00     0.00     0.00     0.00 -1 -2.12e-12      0.00 6.474e-01 3.224e-01 3.421e-03 4.102e-03 1.266e-02 -1.000 3.026e-02       4852          0          0          0          0      9.267      9.267 0.698 0.723 1.240 0.048 0.723 0.723 0.723 0.723 0.723 0.723 0.723 0.723 0.723 0.723 0.723 0.723 0.723 0.723 0.723 0.723 0.723 0.723 0.723 0.723 0.723 0.723 1.240 1.240 1.240 1.240 1.240 1.240 1.240 1.240 1.240 1.240 1.240 1.240 1.240 1.240 1.240 1.240 1.240 1.240 1.240 1.240 1.240 1.240 0.048 0.048 0.048 0.048 0.048 0.048 0.048 0.048 0.048 0.048 0.048 0.048 0.048 0.048 0.048 0.048 0.048 0.048 0.048 0.048 0.048 0.048
0.03 0.33631 9.00000 2.2730138302 2.5785641622    2.268  1.630  3.6860  2.859    5  0.000  0.360     0.00     0.00     0.00     0.00     0.00 -1 -2.13e-12      0.00 6.474e-01 3.224e-01 3.421e-03 4.103e-03 1.266e-02 -1.000 3.026e-02       4852          0          0          0          0      9.281      9.281 0.694 0.719 1.236 0.045 0.719 0.719 0.719 0.719 0.719 0.719 0.719 0.719 0.719 0.719 0.719 0.719 0.719 0.719 0.719 0.719 0.719 0.719 0.719 0.719 0.719 0.719 1.236 1.236 1.236 1.236 1.236 1.236 1.236 1.236 1.236 1.236 1.236 1.236 1.236 1.236 1.236 1.236 1.236 1.236 1.236 1.236 1.236 1.236 0.045 0.045 0.045 0.045 0.045 0.045 0.045 0.045 0.045 0.045 0.045 0.045 0.045 0.045 0.045 0.045 0.045 0.045 0.045 0.045 0.045 0.045
0.03 0.33631 9.00000 2.2736179829 2.5785832897    2.269  1.631  3.6860  2.859    5  0.000  0.360     0.00     0.00     0.00     0.00     0.00 -1 -2.14e-12      0.00 6.474e-01 3.224e-01 3.420e-03 4.103e-03 1.266e-02 -1.000 3.026e-02       4852          0          0          0          0      9.289      9.289 0.693 0.717 1.234 0.043 0.717 0.717 0.717 0.717 0.717 0.717 0.717 0.717 0.717 0.717 0.717 0.717 0.717 0.717 0.717 0.717 0.717 0.717 0.717 0.717 0.717 0.717 1.234 1.234 1.234 1.234 1.234 1.234 1.234 1.234 1.234 1.234 1.234 1.234 1.234 1.234 1.234 1.234 1.234 1.234 1.234 1.234 1.234 1.234 0.043 0.043 0.043 0.043 0.043 0.043 0.043 0.043 0.043 0.043 0.043 0.043 0.043 0.043 0.043 0.043 0.043 0.043 0.043 0.043 0.043 0.043
0.03 0.33631 9.00000 2.2747309208 2.5786184948    2.270  1.632  3.6860  2.857    5  0.000  0.360     0.00     0.00     0.00     0.00     0.00 -1 -2.15e-12      0.00 6.473e-01 3.224e-01 3.420e-03 4.104e-03 1.266e-02 -1.000 3.026e-02       4852          0          0          0          0      9.304      9.304 0.689 0.714 1.231 0.039 0.714 0.714 0.714 0.714 0.714 0.714 0.714 0.714 0.714 0.714 0.714 0.714 0.714 0.714 0.714 0.714 0.714 0.714 0.714 0.714 0.714 0.714 1.231 1.231 1.231 1.231 1.231 1.231 1.231 1.231 1.231 1.231 1.231 1.231 1.231 1.231 1.231 1.231 1.231 1.231 1.231 1.231 1.231 1.231 0.039 0.039 0.039 0.039 0.039 0.039 0.039 0.039 0.039 0.039 0.039 0.039 0.039 0.039 0.039 0.039 0.039 0.039 0.039 0.039 0.039 0.039
0.03 0.33631 9.00000 2.2757759094 2.5786515145    2.271  1.634  3.6860  2.856    5  0.000  0.360     0.00     0.00     0.00     0.00     0.00 -1 -2.16e-12      0.00 6.473e-01 3.224e-01 3.420e-03 4.105e-03 1.266e-02 -1.000 3.026e-02       4852          0          0          0          0      9.319      9.319 0.686 0.710 1.227 0.036 0.710 0.710 0.710 0.710 0.710 0.710 0.710 0.710 0.710 0.710 0.710 0.710 0.710 0.710 0.710 0.710 0.710 0.710 0.710 0.710 0.710 0.710 1.227 1.227 1.227 1.227 1.227 1.227 1.227 1.227 1.227 1.227 1.227 1.227 1.227 1.227 1.227 1.227 1.227 1.227 1.227 1.227 1.227 1.227 0.036 0.036 0.036 0.036 0.036 0.036 0.036 0.036 0.036 0.036 0.036 0.036 0.036 0.036 0.036 0.036 0.036 0.036 0.036 0.036 0.036 0.036
0.03 0.33631 9.00000 2.2773792744 2.5787021101    2.272  1.636  3.6860  2.855    5  0.000  0.360     0.00     0.00     0.00     0.00     0.00 -1 -2.19e-12      0.00 6.473e-01 3.224e-01 3.420e-03 4.106e-03 1.265e-02 -1.000 3.026e-02       4852          0          0          0          0      9.338      9.338 0.681 0.706 1.223 0.031 0.706 0.706 0.706 0.706 0.706 0.706 0.706 0.706 0.706 0.706 0.706 0.706 0.706 0.706 0.706 0.706 0.706 0.706 0.706 0.706 0.706 0.706 1.223 1.223 1.223 1.223 1.223 1.223 1.223 1.223 1.223 1.223 1.223 1.223 1.223 1.223 1.223 1.223 1.223 1.223 1.223 1.223 1.223 1.223 0.031 0.031 0.031 0.031 0.031 0.031 0.031 0.031 0.031 0.031 0.031 0.031 0.031 0.031 0.031 0.031 0.031 0.031 0.031 0.031 0.031 0.031
0.03 0.33631 9.00000 2.2789623737 2.5787519859    2.274  1.637  3.6860  2.853    5  0.000  0.360     0.00     0.00     0.00     0.00     0.00 -1  -2.2e-12      0.00 6.473e-01 3.224e-01 3.420e-03 4.107e-03 1.265e-02 -1.000 3.026e-02       4852          0          0          0          0      9.357      9.357 0.677 0.701 1.218 0.027 0.701 0.701 0.701 0.701 0.701 0.701 0.701 0.701 0.701 0.701 0.701 0.701 0.701 0.701 0.701 0.701 0.701 0.701 0.701 0.701 0.701 0.701 1.218 1.218 1.218 1.218 1.218 1.218 1.218 1.218 1.218 1.218 1.218 1.218 1.218 1.218 1.218 1.218 1.218 1.218 1.218 1.218 1.218 1.218 0.027 0.027 0.027 0.027 0.027 0.027 0.027 0.027 0.027 0.027 0.027 0.027 0.027 0.027 0.027 0.027 0.027 0.027 0.027 0.027 0.027 0.027
0.03 0.33631 9.00000 2.2805140018 2.5788007929    2.275  1.639  3.6860  2.852    5  0.000  0.360     0.00     0.00     0.00     0.00     0.00 -1 -2.22e-12      0.00 6.473e-01 3.225e-01 3.419e-03 4.108e-03 1.265e-02 -1.000 3.026e-02       4852          0          0          0          0      9.376      9.376 0.672 0.697 1.213 0.023 0.697 0.697 0.697 0.697 0.697 0.697 0.697 0.697 0.697 0.697 0.697 0.697 0.697 0.697 0.697 0.697 0.697 0.697 0.697 0.697 0.697 0.697 1.213 1.213 1.213 1.213 1.213 1.213 1.213 1.213 1.213 1.213 1.213 1.213 1.213 1.213 1.213 1.213 1.213 1.213 1.213 1.213 1.213 1.213 0.023 0.023 0.023 0.023 0.023 0.023 0.023 0.023 0.023 0.023 0.023 0.023 0.023 0.023 0.023 0.023 0.023 0.023 0.023 0.023 0.023 0.023
0.03 0.33631 9.00000 2.2820336819 2.5788485209    2.277  1.641  3.6860  2.851    5  0.000  0.360     0.00     0.00     0.00     0.00     0.00 -1 -2.24e-12      0.00 6.473e-01 3.225e-01 3.419e-03 4.109e-03 1.265e-02 -1.000 3.026e-02       4852          0          0          0          0      9.395      9.395 0.668 0.692 1.209 0.018 0.692 0.692 0.692 0.692 0.692 0.692 0.692 0.692 0.692 0.692 0.692 0.692 0.692 0.692 0.692 0.692 0.692 0.692 0.692 0.692 0.692 0.692 1.209 1.209 1.209 1.209 1.209 1.209 1.209 1.209 1.209 1.209 1.209 1.209 1.209 1.209 1.209 1.209 1.209 1.209 1.209 1.209 1.209 1.209 0.018 0.018 0.018 0.018 0.018 0.018 0.018 0.018 0.018 0.018 0.018 0.018 0.018 0.018 0.018 0.018 0.018 0.018 0.018 0.018 0.018 0.018
0.03 0.33631 9.00000 2.2835223675 2.5788952047    2.278  1.643  3.6860  2.849    5  0.000  0.360     0.00     0.00     0.00     0.00     0.00 -1 -2.26e-12      0.00 6.472e-01 3.225e-01 3.419e-03 4.110e-03 1.265e-02 -1.000 3.026e-02       4853          0          0          0          0      9.412      9.412 0.664 0.688 1.205 0.014 0.688 0.688 0.688 0.688 0.688 0.688 0.688 0.688 0.688 0.688 0.688 0.688 0.688 0.688 0.688 0.688 0.688 0.688 0.688 0.688 0.688 0.688 1.205 1.205 1.205 1.205 1.205 1.205 1.205 1.205 1.205 1.205 1.205 1.205 1.205 1.205 1.205 1.205 1.205 1.205 1.205 1.205 1.205 1.205 0.014 0.014 0.014 0.014 0.014 0.014 0.014 0.014 0.014 0.014 0.014 0.014 0.014 0.014 0.014 0.014 0.014 0.014 0.014 0.014 0.014 0.014
0.03 0.33631 9.00000 2.2854599953 2.5789558622    2.280  1.645  3.6861  2.847    5  0.000  0.360     0.00     0.00     0.00     0.00     0.00 -1 -2.28e-12      0.00 6.472e-01 3.225e-01 3.419e-03 4.111e-03 1.265e-02 -1.000 3.026e-02       4853          0          0          0          0      9.435      9.435 0.658 0.682 1.199 0.008 0.682 0.682 0.682 0.682 0.682 0.682 0.682 0.682 0.682 0.682 0.682 0.682 0.682 0.682 0.682 0.682 0.682 0.682 0.682 0.682 0.682 0.682 1.199 1.199 1.199 1.199 1.199 1.199 1.199 1.199 1.199 1.199 1.199 1.199 1.199 1.199 1.199 1.199 1.199 1.199 1.199 1.199 1.199 1.199 0.008 0.008 0.008 0.008 0.008 0.008 0.008 0.008 0.008 0.008 0.008 0.008 0.008 0.008 0.008 0.008 0.008 0.008 0.008 0.008 0.008 0.008
0.03 0.33631 9.00000 2.2864093781 2.5789855395    2.281  1.646  3.6861  2.847    5  0.000  0.360     0.00     0.00     0.00     0.00     0.00 -1 -2.29e-12      0.00 6.472e-01 3.225e-01 3.419e-03 4.112e-03 1.265e-02 -1.000 3.026e-02       4853          0          0          0          0      9.445      9.445 0.655 0.680 1.196 0.006 0.680 0.680 0.680 0.680 0.680 0.680 0.680 0.680 0.680 0.680 0.680 0.680 0.680 0.680 0.680 0.680 0.680 0.680 0.680 0.680 0.680 0.680 1.196 1.196 1.196 1.196 1.196 1.196 1.196 1.196 1.196 1.196 1.196 1.196 1.196 1.196 1.196 1.196 1.196 1.196 1.196 1.196 1.196 1.196 0.006 0.006 0.006 0.006 0.006 0.006 0.006 0.006 0.006 0.006 0.006 0.006 0.006 0.006 0.006 0.006 0.006 0.006 0.006 0.006 0.006 0.006
0.03 0.33631 9.00000 2.2878081799 2.5790292138    2.283  1.647  3.6861  2.846    5  0.000  0.360     0.00     0.00     0.00     0.00     0.00 -1 -2.31e-12      0.00 6.472e-01 3.225e-01 3.418e-03 4.113e-03 1.265e-02 -1.000 3.026e-02       4853          0          0          0          0       9.46       9.46 0.652 0.676 1.193 0.002 0.676 0.676 0.676 0.676 0.676 0.676 0.676 0.676 0.676 0.676 0.676 0.676 0.676 0.676 0.676 0.676 0.676 0.676 0.676 0.676 0.676 0.676 1.193 1.193 1.193 1.193 1.193 1.193 1.193 1.193 1.193 1.193 1.193 1.193 1.193 1.193 1.193 1.193 1.193 1.193 1.193 1.193 1.193 1.193 0.002 0.002 0.002 0.002 0.002 0.002 0.002 0.002 0.002 0.002 0.002 0.002 0.002 0.002 0.002 0.002 0.002 0.002 0.002 0.002 0.002 0.002
0.03 0.33631 9.00000 2.2887246609 2.5790577956    2.284  1.648  3.6861  2.845    5  0.000  0.360     0.00     0.00     0.00     0.00     0.00 -1 -2.32e-12      0.00 6.472e-01 3.225e-01 3.418e-03 4.114e-03 1.265e-02 -1.000 3.026e-02       4854          0          0          0          0      9.469      9.469 0.649 0.674 1.190 -0.000 0.674 0.674 0.674 0.674 0.674 0.674 0.674 0.674 0.674 0.674 0.674 0.674 0.674 0.674 0.674 0.674 0.674 0.674 0.674 0.674 0.674 0.674 1.190 1.190 1.190 1.190 1.190 1.190 1.190 1.190 1.190 1.190 1.190 1.190 1.190 1.190 1.190 1.190 1.190 1.190 1.190 1.190 1.190 1.190 -0.000 -0.000 -0.000 -0.000 -0.000 -0.000 -0.000 -0.000 -0.000 -0.000 -0.000 -0.000 -0.000 -0.000 -0.000 -0.000 -0.000 -0.000 -0.000 -0.000 -0.000 -0.000
0.03 0.33631 9.00000 2.2900760174 2.5790998914    2.285  1.650  3.6862  2.844    5  0.000  0.360     0.00     0.00     0.00     0.00     0.00 -1 -2.33e-12      0.00 6.472e-01 3.226e-01 3.418e-03 4.114e-03 1.265e-02 -1.000 3.026e-02       4854          0          0          0          0      9.484      9.484 0.646 0.670 1.186 -0.004 0.670 0.670 0.670 0.670 0.670 0.670 0.670 0.670 0.670 0.670 0.670 0.670 0.670 0.670 0.670 0.670 0.670 0.670 0.670 0.670 0.670 0.670 1.186 1.186 1.186 1.186 1.186 1.186 1.186 1.186 1.186 1.186 1.186 1.186 1.186 1.186 1.186 1.186 1.186 1.186 1.186 1.186 1.186 1.186 -0.004 -0.004 -0.004 -0.004 -0.004 -0.004 -0.004 -0.004 -0.004 -0.004 -0.004 -0.004 -0.004 -0.004 -0.004 -0.004 -0.004 -0.004 -0.004 -0.004 -0.004 -0.004
0.03 0.33631 9.00000 2.2918348312 2.5791545945    2.287  1.651  3.6862  2.843    5  0.000  0.360     0.00     0.00     0.00     0.00     0.00 -1 -2.35e-12      0.00 6.472e-01 3.226e-01 3.418e-03 4.116e-03 1.265e-02 -1.000 3.026e-02       4854          0          0          0          0      9.502      9.502 0.641 0.665 1.181 -0.009 0.665 0.665 0.665 0.665 0.665 0.665 0.665 0.665 0.665 0.665 0.665 0.665 0.665 0.665 0.665 0.665 0.665 0.665 0.665 0.665 0.665 0.665 1.181 1.181 1.181 1.181 1.181 1.181 1.181 1.181 1.181 1.181 1.181 1.181 1.181 1.181 1.181 1.181 1.181 1.181 1.181 1.181 1.181 1.181 -0.009 -0.009 -0.009 -0.009 -0.009 -0.009 -0.009 -0.009 -0.009 -0.009 -0.009 -0.009 -0.009 -0.009 -0.009 -0.009 -0.009 -0.009 -0.009 -0.009 -0.009 -0.009
0.03 0.33631 9.00000 2.2935464382 2.5792077367    2.288  1.653  3.6862  2.841    5  0.000  0.360     0.00     0.00     0.00     0.00     0.00 -1 -2.37e-12      0.00 6.471e-01 3.226e-01 3.417e-03 4.117e-03 1.265e-02 -1.000 3.026e-02       4855          0          0          0          0       9.52       9.52 0.637 0.661 1.177 -0.013 0.661 0.661 0.661 0.661 0.661 0.661 0.661 0.661 0.661 0.661 0.661 0.661 0.661 0.661 0.661 0.661 0.661 0.661 0.661 0.661 0.661 0.661 1.177 1.177 1.177 1.177 1.177 1.177 1.177 1.177 1.177 1.177 1.177 1.177 1.177 1.177 1.177 1.177 1.177 1.177 1.177 1.177 1.177 1.177 -0.013 -0.013 -0.013 -0.013 -0.013 -0.013 -0.013 -0.013 -0.013 -0.013 -0.013 -0.013 -0.013 -0.013 -0.013 -0.013 -0.013 -0.013 -0.013 -0.013 -0.013 -0.013
0.03 0.33631 9.00000 2.2952120304 2.5792593627    2.290  1.655  3.6863  2.840    5  0.000  0.360     0.00     0.00     0.00     0.00     0.00 -1 -2.39e-12      0.00 6.471e-01 3.226e-01 3.417e-03 4.118e-03 1.264e-02 -1.000 3.026e-02       4855          0          0          0          0      9.537      9.537 0.633 0.656 1.172 -0.017 0.656 0.656 0.656 0.656 0.656 0.656 0.656 0.656 0.656 0.656 0.656 0.656 0.656 0.656 0.656 0.656 0.656 0.656 0.656 0.656 0.656 0.656 1.172 1.172 1.172 1.172 1.172 1.172 1.172 1.172 1.172 1.172 1.172 1.172 1.172 1.172 1.172 1.172 1.172 1.172 1.172 1.172 1.172 1.172 -0.017 -0.017 -0.017 -0.017 -0.017 -0.017 -0.017 -0.017 -0.017 -0.017 -0.017 -0.017 -0.017 -0.017 -0.017 -0.017 -0.017 -0.017 -0.017 -0.017 -0.017 -0.017
0.03 0.33631 9.00000 2.2976274490 2.5793340771    2.292  1.657  3.6863  2.838    5  0.000  0.360     0.00     0.00     0.00     0.00     0.00 -1 -2.42e-12      0.00 6.471e-01 3.226e-01 3.417e-03 4.120e-03 1.264e-02 -1.000 3.026e-02       4856          0          0          0          0      9.562      9.562 0.626 0.650 1.166 -0.024 0.650 0.650 0.650 0.650 0.650 0.650 0.650 0.650 0.650 0.650 0.650 0.650 0.650 0.650 0.650 0.650 0.650 0.650 0.650 0.650 0.650 0.650 1.166 1.166 1.166 1.166 1.166 1.166 1.166 1.166 1.166 1.166 1.166 1.166 1.166 1.166 1.166 1.166 1.166 1.166 1.166 1.166 1.166 1.166 -0.024 -0.024 -0.024 -0.024 -0.024 -0.024 -0.024 -0.024 -0.024 -0.024 -0.024 -0.024 -0.024 -0.024 -0.024 -0.024 -0.024 -0.024 -0.024 -0.024 -0.024 -0.024
0.03 0.33631 9.00000 2.2995667458 2.5793939333    2.294  1.660  3.6864  2.837    5  0.000  0.360     0.00     0.00     0.00     0.00     0.00 -1 -2.44e-12      0.00 6.471e-01 3.227e-01 3.417e-03 4.121e-03 1.264e-02 -1.000 3.026e-02       4856          0          0          0          0      9.583      9.583 0.621 0.644 1.160 -0.029 0.644 0.644 0.644 0.644 0.644 0.644 0.644 0.644 0.644 0.644 0.644 0.644 0.644 0.644 0.644 0.644 0.644 0.644 0.644 0.644 0.644 0.644 1.160 1.160 1.160 1.160 1.160 1.160 1.160 1.160 1.160 1.160 1.160 1.160 1.160 1.160 1.160 1.160 1.160 1.160 1.160 1.160 1.160 1.160 -0.029 -0.029 -0.029 -0.029 -0.029 -0.029 -0.029 -0.029 -0.029 -0.029 -0.029 -0.029 -0.029 -0.029 -0.029 -0.029 -0.029 -0.029 -0.029 -0.029 -0.029 -0.029
0.03 0.33631 9.00000 2.3014411926 2.5794516778    2.296  1.662  3.6864  2.835    5  0.000  0.360     0.00     0.00     0.00     0.00     0.00 -1 -2.46e-12      0.00 6.471e-01 3.227e-01 3.416e-03 4.122e-03 1.264e-02 -1.000 3.026e-02       4857          0          0          0          0      9.605      9.605 0.616 0.639 1.155 -0.034 0.639 0.639 0.639 0.639 0.639 0.639 0.639 0.639 0.639 0.639 0.639 0.639 0.639 0.639 0.639 0.639 0.639 0.639 0.639 0.639 0.639 0.639 1.155 1.155 1.155 1.155 1.155 1.155 1.155 1.155 1.155 1.155 1.155 1.155 1.155 1.155 1.155 1.155 1.155 1.155 1.155 1.155 1.155 1.155 -0.034 -0.034 -0.034 -0.034 -0.034 -0.034 -0.034 -0.034 -0.034 -0.034 -0.034 -0.034 -0.034 -0.034 -0.034 -0.034 -0.034 -0.034 -0.034 -0.034 -0.034 -0.034
0.03 0.33631 9.00000 2.3028955460 2.5794964063    2.298  1.663  3.6864  2.834    5  0.000  0.360     0.00     0.00     0.00     0.00     0.00 -1 -2.48e-12      0.00 6.470e-01 3.227e-01 3.416e-03 4.123e-03 1.264e-02 -1.000 3.026e-02       4857          0          0          0          0      9.622      9.622 0.612 0.635 1.151 -0.038 0.635 0.635 0.635 0.635 0.635 0.635 0.635 0.635 0.635 0.635 0.635 0.635 0.635 0.635 0.635 0.635 0.635 0.635 0.635 0.635 0.635 0.635 1.151 1.151 1.151 1.151 1.151 1.151 1.151 1.151 1.151 1.151 1.151 1.151 1.151 1.151 1.151 1.151 1.151 1.151 1.151 1.151 1.151 1.151 -0.038 -0.038 -0.038 -0.038 -0.038 -0.038 -0.038 -0.038 -0.038 -0.038 -0.038 -0.038 -0.038 -0.038 -0.038 -0.038 -0.038 -0.038 -0.038 -0.038 -0.038 -0.038
0.03 0.33631 9.00000 2.3039603233 2.5795291122    2.299  1.664  3.6864  2.833    5  0.000  0.360     0.00     0.00     0.00     0.00     0.00 -1  -2.5e-12      0.00 6.470e-01 3.227e-01 3.416e-03 4.124e-03 1.264e-02 -1.000 3.026e-02       4857          0          0          0          0      9.635      9.635 0.609 0.632 1.148 -0.041 0.632 0.632 0.632 0.632 0.632 0.632 0.632 0.632 0.632 0.632 0.632 0.632 0.632 0.632 0.632 0.632 0.632 0.632 0.632 0.632 0.632 0.632 1.148 1.148 1.148 1.148 1.148 1.148 1.148 1.148 1.148 1.148 1.148 1.148 1.148 1.148 1.148 1.148 1.148 1.148 1.148 1.148 1.148 1.148 -0.041 -0.041 -0.041 -0.041 -0.041 -0.041 -0.041 -0.041 -0.041 -0.041 -0.041 -0.041 -0.041 -0.041 -0.041 -0.041 -0.041 -0.041 -0.041 -0.041 -0.041 -0.041
0.03 0.33631 9.00000 2.3050034046 2.5795611181    2.300  1.666  3.6864  2.832    5  0.000  0.360     0.00     0.00     0.00     0.00     0.00 -1 -2.51e-12      0.00 6.470e-01 3.227e-01 3.416e-03 4.125e-03 1.264e-02 -1.000 3.026e-02       4857          0          0          0          0      9.648      9.648 0.606 0.629 1.144 -0.044 0.629 0.629 0.629 0.629 0.629 0.629 0.629 0.629 0.629 0.629 0.629 0.629 0.629 0.629 0.629 0.629 0.629 0.629 0.629 0.629 0.629 0.629 1.144 1.144 1.144 1.144 1.144 1.144 1.144 1.144 1.144 1.144 1.144 1.144 1.144 1.144 1.144 1.144 1.144 1.144 1.144 1.144 1.144 1.144 -0.044 -0.044 -0.044 -0.044 -0.044 -0.044 -0.044 -0.044 -0.044 -0.044 -0.044 -0.044 -0.044 -0.044 -0.044 -0.044 -0.044 -0.044 -0.044 -0.044 -0.044 -0.044
0.03 0.33631 9.00000 2.3056869507 2.5795820739    2.300  1.666  3.6865  2.831    5  0.000  0.360     0.00     0.00     0.00     0.00     0.00 -1 -2.52e-12      0.00 6.470e-01 3.227e-01 3.416e-03 4.125e-03 1.264e-02 -1.000 3.026e-02       4857          0          0          0          0      9.656      9.656 0.604 0.627 1.142 -0.046 0.627 0.627 0.627 0.627 0.627 0.627 0.627 0.627 0.627 0.627 0.627 0.627 0.627 0.627 0.627 0.627 0.627 0.627 0.627 0.627 0.627 0.627 1.142 1.142 1.142 1.142 1.142 1.142 1.142 1.142 1.142 1.142 1.142 1.142 1.142 1.142 1.142 1.142 1.142 1.142 1.142 1.142 1.142 1.142 -0.046 -0.046 -0.046 -0.046 -0.046 -0.046 -0.046 -0.046 -0.046 -0.046 -0.046 -0.046 -0.046 -0.046 -0.046 -0.046 -0.046 -0.046 -0.046 -0.046 -0.046 -0.046
0.03 0.33631 9.00000 2.3063609600 2.5796027234    2.301  1.667  3.6865  2.830    5  0.000  0.360     0.00     0.00     0.00     0.00     0.00 -1 -2.53e-12      0.00 6.470e-01 3.227e-01 3.416e-03 4.126e-03 1.264e-02 -1.000 3.026e-02       4857          0          0          0          0      9.665      9.665 0.602 0.625 1.140 -0.048 0.625 0.625 0.625 0.625 0.625 0.625 0.625 0.625 0.625 0.625 0.625 0.625 0.625 0.625 0.625 0.625 0.625 0.625 0.625 0.625 0.625 0.625 1.140 1.140 1.140 1.140 1.140 1.140 1.140 1.140 1.140 1.140 1.140 1.140 1.140 1.140 1.140 1.140 1.140 1.140 1.140 1.140 1.140 1.140 -0.048 -0.048 -0.048 -0.048 -0.048 -0.048 -0.048 -0.048 -0.048 -0.048 -0.048 -0.048 -0.048 -0.048 -0.048 -0.048 -0.048 -0.048 -0.048 -0.048 -0.048 -0.048
0.03 0.33631 9.00000 2.3073549271 2.5796331500    2.302  1.669  3.6865  2.829    5  0.000  0.360     0.00     0.00     0.00     0.00     0.00 -1 -2.54e-12      0.00 6.470e-01 3.227e-01 3.415e-03 4.126e-03 1.264e-02 -1.000 3.026e-02       4857          0          0          0          0      9.679      9.679 0.599 0.622 1.137 -0.051 0.622 0.622 0.622 0.622 0.622 0.622 0.622 0.622 0.622 0.622 0.622 0.622 0.622 0.622 0.622 0.622 0.622 0.622 0.622 0.622 0.622 0.622 1.137 1.137 1.137 1.137 1.137 1.137 1.137 1.137 1.137 1.137 1.137 1.137 1.137 1.137 1.137 1.137 1.137 1.137 1.137 1.137 1.137 1.137 -0.051 -0.051 -0.051 -0.051 -0.051 -0.051 -0.051 -0.051 -0.051 -0.051 -0.051 -0.051 -0.051 -0.051 -0.051 -0.051 -0.051 -0.051 -0.051 -0.051 -0.051 -0.051
0.03 0.33631 9.00000 2.3076815605 2.5796431421    2.302  1.669  3.6865  2.829    5  0.000  0.360     0.00     0.00     0.00     0.00     0.00 -1 -2.55e-12      0.00 6.470e-01 3.227e-01 3.415e-03 4.126e-03 1.264e-02 -1.000 3.026e-02       4857          0          0          0          0      9.683      9.683 0.598 0.621 1.136 -0.052 0.621 0.621 0.621 0.621 0.621 0.621 0.621 0.621 0.621 0.621 0.621 0.621 0.621 0.621 0.621 0.621 0.621 0.621 0.621 0.621 0.621 0.621 1.136 1.136 1.136 1.136 1.136 1.136 1.136 1.136 1.136 1.136 1.136 1.136 1.136 1.136 1.136 1.136 1.136 1.136 1.136 1.136 1.136 1.136 -0.052 -0.052 -0.052 -0.052 -0.052 -0.052 -0.052 -0.052 -0.052 -0.052 -0.052 -0.052 -0.052 -0.052 -0.052 -0.052 -0.052 -0.052 -0.052 -0.052 -0.052 -0.052
0.03 0.33631 9.00000 2.3083279133 2.5796629052    2.303  1.670  3.6865  2.828    5  0.000  0.360     0.00     0.00     0.00     0.00     0.00 -1 -2.56e-12      0.00 6.470e-01 3.227e-01 3.415e-03 4.127e-03 1.264e-02 -1.000 3.026e-02       4857          0          0          0          0      9.693      9.693 0.596 0.619 1.134 -0.054 0.619 0.619 0.619 0.619 0.619 0.619 0.619 0.619 0.619 0.619 0.619 0.619 0.619 0.619 0.619 0.619 0.619 0.619 0.619 0.619 0.619 0.619 1.134 1.134 1.134 1.134 1.134 1.134 1.134 1.134 1.134 1.134 1.134 1.134 1.134 1.134 1.134 1.134 1.134 1.134 1.134 1.134 1.134 1.134 -0.054 -0.054 -0.054 -0.054 -0.054 -0.054 -0.054 -0.054 -0.054 -0.054 -0.054 -0.054 -0.054 -0.054 -0.054 -0.054 -0.054 -0.054 -0.054 -0.054 -0.054 -0.054
0.03 0.33631 9.00000 2.3089652061 2.5796823788    2.304  1.671  3.6865  2.828    5  0.000  0.360     0.00     0.00     0.00     0.00     0.00 -1 -2.57e-12      0.00 6.470e-01 3.228e-01 3.415e-03 4.127e-03 1.264e-02 -1.000 3.026e-02       4857          0          0          0          0      9.702      9.702 0.594 0.617 1.132 -0.056 0.617 0.617 0.617 0.617 0.617 0.617 0.617 0.617 0.617 0.617 0.617 0.617 0.617 0.617 0.617 0.617 0.617 0.617 0.617 0.617 0.617 0.617 1.132 1.132 1.132 1.132 1.132 1.132 1.132 1.132 1.132 1.132 1.132 1.132 1.132 1.132 1.132 1.132 1.132 1.132 1.132 1.132 1.132 1.132 -0.056 -0.056 -0.056 -0.056 -0.056 -0.056 -0.056 -0.056 -0.056 -0.056 -0.056 -0.056 -0.056 -0.056 -0.056 -0.056 -0.056 -0.056 -0.056 -0.056 -0.056 -0.056
0.03 0.33631 9.00000 2.3092803955 2.5796920054    2.304  1.671  3.6865  2.827    5  0.000  0.360     0.00     0.00     0.00     0.00     0.00 -1 -2.57e-12      0.00 6.470e-01 3.228e-01 3.415e-03 4.128e-03 1.264e-02 -1.000 3.026e-02       4857          0          0          0          0      9.706      9.706 0.593 0.616 1.131 -0.057 0.616 0.616 0.616 0.616 0.616 0.616 0.616 0.616 0.616 0.616 0.616 0.616 0.616 0.616 0.616 0.616 0.616 0.616 0.616 0.616 0.616 0.616 1.131 1.131 1.131 1.131 1.131 1.131 1.131 1.131 1.131 1.131 1.131 1.131 1.131 1.131 1.131 1.131 1.131 1.131 1.131 1.131 1.131 1.131 -0.057 -0.057 -0.057 -0.057 -0.057 -0.057 -0.057 -0.057 -0.057 -0.057 -0.057 -0.057 -0.057 -0.057 -0.057 -0.057 -0.057 -0.057 -0.057 -0.057 -0.057 -0.057
0.03 0.33631 9.00000 2.3099043369 2.5797110531    2.305  1.672  3.6864  2.827    5  0.000  0.360     0.00     0.00     0.00     0.00     0.00 -1 -2.58e-12      0.00 6.470e-01 3.228e-01 3.415e-03 4.128e-03 1.264e-02 -1.000 3.026e-02       4857          0          0          0          0      9.716      9.716 0.591 0.614 1.129 -0.059 0.614 0.614 0.614 0.614 0.614 0.614 0.614 0.614 0.614 0.614 0.614 0.614 0.614 0.614 0.614 0.614 0.614 0.614 0.614 0.614 0.614 0.614 1.129 1.129 1.129 1.129 1.129 1.129 1.129 1.129 1.129 1.129 1.129 1.129 1.129 1.129 1.129 1.129 1.129 1.129 1.129 1.129 1.129 1.129 -0.059 -0.059 -0.059 -0.059 -0.059 -0.059 -0.059 -0.059 -0.059 -0.059 -0.059 -0.059 -0.059 -0.059 -0.059 -0.059 -0.059 -0.059 -0.059 -0.059 -0.059 -0.059
0.03 0.33631 9.00000 2.3102130890 2.5797204743    2.305  1.672  3.6864  2.826    5  0.000  0.360     0.00     0.00     0.00     0.00     0.00 -1 -2.59e-12      0.00 6.470e-01 3.228e-01 3.415e-03 4.128e-03 1.264e-02 -1.000 3.026e-02       4857          0          0          0          0      9.721      9.721 0.590 0.613 1.128 -0.060 0.613 0.613 0.613 0.613 0.613 0.613 0.613 0.613 0.613 0.613 0.613 0.613 0.613 0.613 0.613 0.613 0.613 0.613 0.613 0.613 0.613 0.613 1.128 1.128 1.128 1.128 1.128 1.128 1.128 1.128 1.128 1.128 1.128 1.128 1.128 1.128 1.128 1.128 1.128 1.128 1.128 1.128 1.128 1.128 -0.060 -0.060 -0.060 -0.060 -0.060 -0.060 -0.060 -0.060 -0.060 -0.060 -0.060 -0.060 -0.060 -0.060 -0.060 -0.060 -0.060 -0.060 -0.060 -0.060 -0.060 -0.060
0.03 0.33631 9.00000 2.3108239174 2.5797391045    2.306  1.673  3.6864  2.825    5  0.000  0.360     0.00     0.00     0.00     0.00     0.00 -1  -2.6e-12      0.00 6.470e-01 3.228e-01 3.415e-03 4.129e-03 1.264e-02 -1.000 3.026e-02       4857          0          0          0          0       9.73       9.73 0.587 0.611 1.126 -0.063 0.611 0.611 0.611 0.611 0.611 0.611 0.611 0.611 0.611 0.611 0.611 0.611 0.611 0.611 0.611 0.611 0.611 0.611 0.611 0.611 0.611 0.611 1.126 1.126 1.126 1.126 1.126 1.126 1.126 1.126 1.126 1.126 1.126 1.126 1.126 1.126 1.126 1.126 1.126 1.126 1.126 1.126 1.126 1.126 -0.063 -0.063 -0.063 -0.063 -0.063 -0.063 -0.063 -0.063 -0.063 -0.063 -0.063 -0.063 -0.063 -0.063 -0.063 -0.063 -0.063 -0.063 -0.063 -0.063 -0.063 -0.063
0.03 0.33631 9.00000 2.3111259937 2.5797483136    2.306  1.673  3.6864  2.825    5  0.000  0.360     0.00     0.00     0.00     0.00     0.00 -1  -2.6e-12      0.00 6.470e-01 3.228e-01 3.415e-03 4.129e-03 1.264e-02 -1.000 3.026e-02       4857          0          0          0          0      9.735      9.735 0.586 0.610 1.125 -0.064 0.610 0.610 0.610 0.610 0.610 0.610 0.610 0.610 0.610 0.610 0.610 0.610 0.610 0.610 0.610 0.610 0.610 0.610 0.610 0.610 0.610 0.610 1.125 1.125 1.125 1.125 1.125 1.125 1.125 1.125 1.125 1.125 1.125 1.125 1.125 1.125 1.125 1.125 1.125 1.125 1.125 1.125 1.125 1.125 -0.064 -0.064 -0.064 -0.064 -0.064 -0.064 -0.064 -0.064 -0.064 -0.064 -0.064 -0.064 -0.064 -0.064 -0.064 -0.064 -0.064 -0.064 -0.064 -0.064 -0.064 -0.064
0.03 0.33631 9.00000 2.3117237091 2.5797665274    2.306  1.674  3.6864  2.824    5  0.000  0.360     0.00     0.00     0.00     0.00     0.00 -1 -2.61e-12      0.00 6.470e-01 3.228e-01 3.415e-03 4.129e-03 1.264e-02 -1.000 3.026e-02       4857          0          0          0          0      9.745      9.745 0.584 0.608 1.123 -0.066 0.608 0.608 0.608 0.608 0.608 0.608 0.608 0.608 0.608 0.608 0.608 0.608 0.608 0.608 0.608 0.608 0.608 0.608 0.608 0.608 0.608 0.608 1.123 1.123 1.123 1.123 1.123 1.123 1.123 1.123 1.123 1.123 1.123 1.123 1.123 1.123 1.123 1.123 1.123 1.123 1.123 1.123 1.123 1.123 -0.066 -0.066 -0.066 -0.066 -0.066 -0.066 -0.066 -0.066 -0.066 -0.066 -0.066 -0.066 -0.066 -0.066 -0.066 -0.066 -0.066 -0.066 -0.066 -0.066 -0.066 -0.066
0.03 0.33631 9.00000 2.3120193481 2.5797755322    2.307  1.675  3.6864  2.824    5  0.000  0.360     0.00     0.00     0.00     0.00     0.00 -1 -2.62e-12      0.00 6.470e-01 3.228e-01 3.415e-03 4.129e-03 1.264e-02 -1.000 3.026e-02       4857          0          0          0          0       9.75       9.75 0.583 0.607 1.122 -0.067 0.607 0.607 0.607 0.607 0.607 0.607 0.607 0.607 0.607 0.607 0.607 0.607 0.607 0.607 0.607 0.607 0.607 0.607 0.607 0.607 0.607 0.607 1.122 1.122 1.122 1.122 1.122 1.122 1.122 1.122 1.122 1.122 1.122 1.122 1.122 1.122 1.122 1.122 1.122 1.122 1.122 1.122 1.122 1.122 -0.067 -0.067 -0.067 -0.067 -0.067 -0.067 -0.067 -0.067 -0.067 -0.067 -0.067 -0.067 -0.067 -0.067 -0.067 -0.067 -0.067 -0.067 -0.067 -0.067 -0.067 -0.067
0.03 0.33631 9.00000 2.3123128414 2.5797844691    2.307  1.675  3.6864  2.824    5  0.000  0.360     0.00     0.00     0.00     0.00     0.00 -1 -2.62e-12      0.00 6.470e-01 3.228e-01 3.415e-03 4.130e-03 1.264e-02 -1.000 3.026e-02       4857          0          0          0          0      9.755      9.755 0.582 0.606 1.121 -0.068 0.606 0.606 0.606 0.606 0.606 0.606 0.606 0.606 0.606 0.606 0.606 0.606 0.606 0.606 0.606 0.606 0.606 0.606 0.606 0.606 0.606 0.606 1.121 1.121 1.121 1.121 1.121 1.121 1.121 1.121 1.121 1.121 1.121 1.121 1.121 1.121 1.121 1.121 1.121 1.121 1.121 1.121 1.121 1.121 -0.068 -0.068 -0.068 -0.068 -0.068 -0.068 -0.068 -0.068 -0.068 -0.068 -0.068 -0.068 -0.068 -0.068 -0.068 -0.068 -0.068 -0.068 -0.068 -0.068 -0.068 -0.068
0.03 0.33631 9.00000 2.3128936291 2.5798021463    2.308  1.676  3.6864  2.823    5  0.000  0.360     0.00     0.00     0.00     0.00     0.00 -1 -2.63e-12      0.00 6.469e-01 3.228e-01 3.415e-03 4.130e-03 1.264e-02 -1.000 3.026e-02       4856          0          0          0          0      9.765      9.765 0.580 0.604 1.119 -0.070 0.604 0.604 0.604 0.604 0.604 0.604 0.604 0.604 0.604 0.604 0.604 0.604 0.604 0.604 0.604 0.604 0.604 0.604 0.604 0.604 0.604 0.604 1.119 1.119 1.119 1.119 1.119 1.119 1.119 1.119 1.119 1.119 1.119 1.119 1.119 1.119 1.119 1.119 1.119 1.119 1.119 1.119 1.119 1.119 -0.070 -0.070 -0.070 -0.070 -0.070 -0.070 -0.070 -0.070 -0.070 -0.070 -0.070 -0.070 -0.070 -0.070 -0.070 -0.070 -0.070 -0.070 -0.070 -0.070 -0.070 -0.070
0.03 0.33631 9.00000 2.3131806850 2.5798108796    2.308  1.676  3.6864  2.822    5  0.000  0.360     0.00     0.00     0.00     0.00     0.00 -1 -2.64e-12      0.00 6.469e-01 3.228e-01 3.415e-03 4.130e-03 1.263e-02 -1.000 3.026e-02       4856          0          0          0          0       9.77       9.77 0.579 0.603 1.118 -0.071 0.603 0.603 0.603 0.603 0.603 0.603 0.603 0.603 0.603 0.603 0.603 0.603 0.603 0.603 0.603 0.603 0.603 0.603 0.603 0.603 0.603 0.603 1.118 1.118 1.118 1.118 1.118 1.118 1.118 1.118 1.118 1.118 1.118 1.118 1.118 1.118 1.118 1.118 1.118 1.118 1.118 1.118 1.118 1.118 -0.071 -0.071 -0.071 -0.071 -0.071 -0.071 -0.071 -0.071 -0.071 -0.071 -0.071 -0.071 -0.071 -0.071 -0.071 -0.071 -0.071 -0.071 -0.071 -0.071 -0.071 -0.071
0.03 0.33631 9.00000 2.3134658337 2.5798195523    2.308  1.677  3.6864  2.822    5  0.000  0.360     0.00     0.00     0.00     0.00     0.00 -1 -2.64e-12      0.00 6.469e-01 3.228e-01 3.415e-03 4.130e-03 1.263e-02 -1.000 3.026e-02       4856          0          0          0          0      9.775      9.775 0.578 0.602 1.117 -0.072 0.602 0.602 0.602 0.602 0.602 0.602 0.602 0.602 0.602 0.602 0.602 0.602 0.602 0.602 0.602 0.602 0.602 0.602 0.602 0.602 0.602 0.602 1.117 1.117 1.117 1.117 1.117 1.117 1.117 1.117 1.117 1.117 1.117 1.117 1.117 1.117 1.117 1.117 1.117 1.117 1.117 1.117 1.117 1.117 -0.072 -0.072 -0.072 -0.072 -0.072 -0.072 -0.072 -0.072 -0.072 -0.072 -0.072 -0.072 -0.072 -0.072 -0.072 -0.072 -0.072 -0.072 -0.072 -0.072 -0.072 -0.072
0.03 0.33631 9.00000 2.3140294552 2.5798366876    2.309  1.678  3.6864  2.821    5  0.000  0.360     0.00     0.00     0.00     0.00     0.00 -1 -2.65e-12      0.00 6.469e-01 3.228e-01 3.414e-03 4.131e-03 1.263e-02 -1.000 3.026e-02       4856          0          0          0          0      9.785      9.785 0.576 0.599 1.115 -0.074 0.599 0.599 0.599 0.599 0.599 0.599 0.599 0.599 0.599 0.599 0.599 0.599 0.599 0.599 0.599 0.599 0.599 0.599 0.599 0.599 0.599 0.599 1.115 1.115 1.115 1.115 1.115 1.115 1.115 1.115 1.115 1.115 1.115 1.115 1.115 1.115 1.115 1.115 1.115 1.115 1.115 1.115 1.115 1.115 -0.074 -0.074 -0.074 -0.074 -0.074 -0.074 -0.074 -0.074 -0.074 -0.074 -0.074 -0.074 -0.074 -0.074 -0.074 -0.074 -0.074 -0.074 -0.074 -0.074 -0.074 -0.074
0.03 0.33631 9.00000 2.3145842552 2.5798535453    2.309  1.678  3.6863  2.820    5  0.000  0.360     0.00     0.00     0.00     0.00     0.00 -1 -2.66e-12      0.00 6.469e-01 3.228e-01 3.414e-03 4.131e-03 1.263e-02 -1.000 3.026e-02       4856          0          0          0          0      9.795      9.795 0.574 0.597 1.113 -0.076 0.597 0.597 0.597 0.597 0.597 0.597 0.597 0.597 0.597 0.597 0.597 0.597 0.597 0.597 0.597 0.597 0.597 0.597 0.597 0.597 0.597 0.597 1.113 1.113 1.113 1.113 1.113 1.113 1.113 1.113 1.113 1.113 1.113 1.113 1.113 1.113 1.113 1.113 1.113 1.113 1.113 1.113 1.113 1.113 -0.076 -0.076 -0.076 -0.076 -0.076 -0.076 -0.076 -0.076 -0.076 -0.076 -0.076 -0.076 -0.076 -0.076 -0.076 -0.076 -0.076 -0.076 -0.076 -0.076 -0.076 -0.076
0.03 0.33631 9.00000 2.3151302338 2.5798701259    2.310  1.679  3.6863  2.820    5  0.000  0.360     0.00     0.00     0.00     0.00     0.00 -1 -2.67e-12      0.00 6.469e-01 3.228e-01 3.414e-03 4.132e-03 1.263e-02 -1.000 3.026e-02       4856          0          0          0          0      9.806      9.806 0.572 0.595 1.111 -0.078 0.595 0.595 0.595 0.595 0.595 0.595 0.595 0.595 0.595 0.595 0.595 0.595 0.595 0.595 0.595 0.595 0.595 0.595 0.595 0.595 0.595 0.595 1.111 1.111 1.111 1.111 1.111 1.111 1.111 1.111 1.111 1.111 1.111 1.111 1.111 1.111 1.111 1.111 1.111 1.111 1.111 1.111 1.111 1.111 -0.078 -0.078 -0.078 -0.078 -0.078 -0.078 -0.078 -0.078 -0.078 -0.078 -0.078 -0.078 -0.078 -0.078 -0.078 -0.078 -0.078 -0.078 -0.078 -0.078 -0.078 -0.078
0.03 0.33631 9.00000 2.3153998852 2.5798783115    2.310  1.680  3.6863  2.819    5  0.000  0.360     0.00     0.00     0.00     0.00     0.00 -1 -2.68e-12      0.00 6.469e-01 3.228e-01 3.414e-03 4.132e-03 1.263e-02 -1.000 3.026e-02       4855          0          0          0          0      9.811      9.811 0.571 0.594 1.110 -0.079 0.594 0.594 0.594 0.594 0.594 0.594 0.594 0.594 0.594 0.594 0.594 0.594 0.594 0.594 0.594 0.594 0.594 0.594 0.594 0.594 0.594 0.594 1.110 1.110 1.110 1.110 1.110 1.110 1.110 1.110 1.110 1.110 1.110 1.110 1.110 1.110 1.110 1.110 1.110 1.110 1.110 1.110 1.110 1.110 -0.079 -0.079 -0.079 -0.079 -0.079 -0.079 -0.079 -0.079 -0.079 -0.079 -0.079 -0.079 -0.079 -0.079 -0.079 -0.079 -0.079 -0.079 -0.079 -0.079 -0.079 -0.079
0.03 0.33631 9.00000 2.3159325123 2.5798944736    2.311  1.680  3.6863  2.818    5  0.000  0.360     0.00     0.00     0.00     0.00     0.00 -1 -2.69e-12      0.00 6.469e-01 3.228e-01 3.414e-03 4.132e-03 1.263e-02 -1.000 3.026e-02       4855          0          0          0          0      9.821      9.821 0.569 0.592 1.108 -0.081 0.592 0.592 0.592 0.592 0.592 0.592 0.592 0.592 0.592 0.592 0.592 0.592 0.592 0.592 0.592 0.592 0.592 0.592 0.592 0.592 0.592 0.592 1.108 1.108 1.108 1.108 1.108 1.108 1.108 1.108 1.108 1.108 1.108 1.108 1.108 1.108 1.108 1.108 1.108 1.108 1.108 1.108 1.108 1.108 -0.081 -0.081 -0.081 -0.081 -0.081 -0.081 -0.081 -0.081 -0.081 -0.081 -0.081 -0.081 -0.081 -0.081 -0.081 -0.081 -0.081 -0.081 -0.081 -0.081 -0.081 -0.081
0.03 0.33631 9.00000 2.3161959648 2.5799024647    2.311  1.681  3.6863  2.818    5  0.000  0.360     0.00     0.00     0.00     0.00     0.00 -1 -2.69e-12      0.00 6.469e-01 3.228e-01 3.414e-03 4.132e-03 1.263e-02 -1.000 3.026e-02       4855          0          0          0          0      9.826      9.826 0.568 0.592 1.108 -0.082 0.592 0.592 0.592 0.592 0.592 0.592 0.592 0.592 0.592 0.592 0.592 0.592 0.592 0.592 0.592 0.592 0.592 0.592 0.592 0.592 0.592 0.592 1.108 1.108 1.108 1.108 1.108 1.108 1.108 1.108 1.108 1.108 1.108 1.108 1.108 1.108 1.108 1.108 1.108 1.108 1.108 1.108 1.108 1.108 -0.082 -0.082 -0.082 -0.082 -0.082 -0.082 -0.082 -0.082 -0.082 -0.082 -0.082 -0.082 -0.082 -0.082 -0.082 -0.082 -0.082 -0.082 -0.082 -0.082 -0.082 -0.082
0.03 0.33631 9.00000 2.3167161942 2.5799182382    2.311  1.682  3.6862  2.817    5  0.000  0.360     0.00     0.00     0.00     0.00     0.00 -1  -2.7e-12      0.00 6.469e-01 3.228e-01 3.414e-03 4.133e-03 1.263e-02 -1.000 3.026e-02       4855          0          0          0          0      9.836      9.836 0.566 0.590 1.106 -0.084 0.590 0.590 0.590 0.590 0.590 0.590 0.590 0.590 0.590 0.590 0.590 0.590 0.590 0.590 0.590 0.590 0.590 0.590 0.590 0.590 0.590 0.590 1.106 1.106 1.106 1.106 1.106 1.106 1.106 1.106 1.106 1.106 1.106 1.106 1.106 1.106 1.106 1.106 1.106 1.106 1.106 1.106 1.106 1.106 -0.084 -0.084 -0.084 -0.084 -0.084 -0.084 -0.084 -0.084 -0.084 -0.084 -0.084 -0.084 -0.084 -0.084 -0.084 -0.084 -0.084 -0.084 -0.084 -0.084 -0.084 -0.084
0.03 0.33631 9.00000 2.3169732094 2.5799260280    2.312  1.682  3.6862  2.817    5  0.000  0.360     0.00     0.00     0.00     0.00     0.00 -1 -2.71e-12      0.00 6.469e-01 3.228e-01 3.414e-03 4.133e-03 1.263e-02 -1.000 3.026e-02       4855          0          0          0          0      9.841      9.841 0.565 0.589 1.105 -0.085 0.589 0.589 0.589 0.589 0.589 0.589 0.589 0.589 0.589 0.589 0.589 0.589 0.589 0.589 0.589 0.589 0.589 0.589 0.589 0.589 0.589 0.589 1.105 1.105 1.105 1.105 1.105 1.105 1.105 1.105 1.105 1.105 1.105 1.105 1.105 1.105 1.105 1.105 1.105 1.105 1.105 1.105 1.105 1.105 -0.085 -0.085 -0.085 -0.085 -0.085 -0.085 -0.085 -0.085 -0.085 -0.085 -0.085 -0.085 -0.085 -0.085 -0.085 -0.085 -0.085 -0.085 -0.085 -0.085 -0.085 -0.085
0.03 0.33631 9.00000 2.3172285557 2.5799337652    2.312  1.683  3.6862  2.816    5  0.000  0.360     0.00     0.00     0.00     0.00     0.00 -1 -2.71e-12      0.00 6.469e-01 3.228e-01 3.414e-03 4.133e-03 1.263e-02 -1.000 3.026e-02       4855          0          0          0          0      9.846      9.846 0.564 0.588 1.104 -0.086 0.588 0.588 0.588 0.588 0.588 0.588 0.588 0.588 0.588 0.588 0.588 0.588 0.588 0.588 0.588 0.588 0.588 0.588 0.588 0.588 0.588 0.588 1.104 1.104 1.104 1.104 1.104 1.104 1.104 1.104 1.104 1.104 1.104 1.104 1.104 1.104 1.104 1.104 1.104 1.104 1.104 1.104 1.104 1.104 -0.086 -0.086 -0.086 -0.086 -0.086 -0.086 -0.086 -0.086 -0.086 -0.086 -0.086 -0.086 -0.086 -0.086 -0.086 -0.086 -0.086 -0.086 -0.086 -0.086 -0.086 -0.086
0.03 0.33631 9.00000 2.3174817562 2.5799414355    2.312  1.683  3.6862  2.816    5  0.000  0.360     0.00     0.00     0.00     0.00     0.00 -1 -2.72e-12      0.00 6.469e-01 3.228e-01 3.414e-03 4.133e-03 1.263e-02 -1.000 3.026e-02       4854          0          0          0          0      9.852      9.852 0.563 0.587 1.103 -0.087 0.587 0.587 0.587 0.587 0.587 0.587 0.587 0.587 0.587 0.587 0.587 0.587 0.587 0.587 0.587 0.587 0.587 0.587 0.587 0.587 0.587 0.587 1.103 1.103 1.103 1.103 1.103 1.103 1.103 1.103 1.103 1.103 1.103 1.103 1.103 1.103 1.103 1.103 1.103 1.103 1.103 1.103 1.103 1.103 -0.087 -0.087 -0.087 -0.087 -0.087 -0.087 -0.087 -0.087 -0.087 -0.087 -0.087 -0.087 -0.087 -0.087 -0.087 -0.087 -0.087 -0.087 -0.087 -0.087 -0.087 -0.087
0.03 0.33631 9.00000 2.3177328110 2.5799490389    2.312  1.683  3.6862  2.815    5  0.000  0.360     0.00     0.00     0.00     0.00     0.00 -1 -2.72e-12      0.00 6.469e-01 3.228e-01 3.414e-03 4.133e-03 1.263e-02 -1.000 3.026e-02       4854          0          0          0          0      9.857      9.857 0.562 0.586 1.102 -0.088 0.586 0.586 0.586 0.586 0.586 0.586 0.586 0.586 0.586 0.586 0.586 0.586 0.586 0.586 0.586 0.586 0.586 0.586 0.586 0.586 0.586 0.586 1.102 1.102 1.102 1.102 1.102 1.102 1.102 1.102 1.102 1.102 1.102 1.102 1.102 1.102 1.102 1.102 1.102 1.102 1.102 1.102 1.102 1.102 -0.088 -0.088 -0.088 -0.088 -0.088 -0.088 -0.088 -0.088 -0.088 -0.088 -0.088 -0.088 -0.088 -0.088 -0.088 -0.088 -0.088 -0.088 -0.088 -0.088 -0.088 -0.088
0.03 0.33631 9.00000 2.3179819584 2.5799565826    2.313  1.684  3.6862  2.815    5  0.000  0.360     0.00     0.00     0.00     0.00     0.00 -1 -2.73e-12      0.00 6.469e-01 3.228e-01 3.414e-03 4.133e-03 1.263e-02 -1.000 3.026e-02       4854          0          0          0          0      9.863      9.863 0.561 0.585 1.101 -0.089 0.585 0.585 0.585 0.585 0.585 0.585 0.585 0.585 0.585 0.585 0.585 0.585 0.585 0.585 0.585 0.585 0.585 0.585 0.585 0.585 0.585 0.585 1.101 1.101 1.101 1.101 1.101 1.101 1.101 1.101 1.101 1.101 1.101 1.101 1.101 1.101 1.101 1.101 1.101 1.101 1.101 1.101 1.101 1.101 -0.089 -0.089 -0.089 -0.089 -0.089 -0.089 -0.089 -0.089 -0.089 -0.089 -0.089 -0.089 -0.089 -0.089 -0.089 -0.089 -0.089 -0.089 -0.089 -0.089 -0.089 -0.089
0.03 0.33631 9.00000 2.3182294369 2.5799640740    2.313  1.684  3.6862  2.815    5  0.000  0.360     0.00     0.00     0.00     0.00     0.00 -1 -2.73e-12      0.00 6.469e-01 3.229e-01 3.414e-03 4.134e-03 1.263e-02 -1.000 3.026e-02       4854          0          0          0          0      9.868      9.868 0.560 0.584 1.100 -0.090 0.584 0.584 0.584 0.584 0.584 0.584 0.584 0.584 0.584 0.584 0.584 0.584 0.584 0.584 0.584 0.584 0.584 0.584 0.584 0.584 0.584 0.584 1.100 1.100 1.100 1.100 1.100 1.100 1.100 1.100 1.100 1.100 1.100 1.100 1.100 1.100 1.100 1.100 1.100 1.100 1.100 1.100 1.100 1.100 -0.090 -0.090 -0.090 -0.090 -0.090 -0.090 -0.090 -0.090 -0.090 -0.090 -0.090 -0.090 -0.090 -0.090 -0.090 -0.090 -0.090 -0.090 -0.090 -0.090 -0.090 -0.090
0.03 0.33631 9.00000 2.3184747696 2.5799714986    2.313  1.685  3.6861  2.814    5  0.000  0.360     0.00     0.00     0.00     0.00     0.00 -1 -2.74e-12      0.00 6.469e-01 3.229e-01 3.414e-03 4.134e-03 1.263e-02 -1.000 3.026e-02       4854          0          0          0          0      9.873      9.873 0.559 0.583 1.099 -0.091 0.583 0.583 0.583 0.583 0.583 0.583 0.583 0.583 0.583 0.583 0.583 0.583 0.583 0.583 0.583 0.583 0.583 0.583 0.583 0.583 0.583 0.583 1.099 1.099 1.099 1.099 1.099 1.099 1.099 1.099 1.099 1.099 1.099 1.099 1.099 1.099 1.099 1.099 1.099 1.099 1.099 1.099 1.099 1.099 -0.091 -0.091 -0.091 -0.091 -0.091 -0.091 -0.091 -0.091 -0.091 -0.091 -0.091 -0.091 -0.091 -0.091 -0.091 -0.091 -0.091 -0.091 -0.091 -0.091 -0.091 -0.091
0.03 0.33631 9.00000 2.3187184334 2.5799788709    2.313  1.685  3.6861  2.814    5  0.000  0.360     0.00     0.00     0.00     0.00     0.00 -1 -2.74e-12      0.00 6.469e-01 3.229e-01 3.414e-03 4.134e-03 1.263e-02 -1.000 3.026e-02       4854          0          0          0          0      9.879      9.879 0.558 0.582 1.098 -0.092 0.582 0.582 0.582 0.582 0.582 0.582 0.582 0.582 0.582 0.582 0.582 0.582 0.582 0.582 0.582 0.582 0.582 0.582 0.582 0.582 0.582 0.582 1.098 1.098 1.098 1.098 1.098 1.098 1.098 1.098 1.098 1.098 1.098 1.098 1.098 1.098 1.098 1.098 1.098 1.098 1.098 1.098 1.098 1.098 -0.092 -0.092 -0.092 -0.092 -0.092 -0.092 -0.092 -0.092 -0.092 -0.092 -0.092 -0.092 -0.092 -0.092 -0.092 -0.092 -0.092 -0.092 -0.092 -0.092 -0.092 -0.092
0.03 0.33631 9.00000 2.3189601898 2.5799861837    2.314  1.685  3.6861  2.813    5  0.000  0.360     0.00     0.00     0.00     0.00     0.00 -1 -2.75e-12      0.00 6.469e-01 3.229e-01 3.414e-03 4.134e-03 1.263e-02 -1.000 3.026e-02       4853          0          0          0          0      9.884      9.884 0.556 0.581 1.097 -0.093 0.581 0.581 0.581 0.581 0.581 0.581 0.581 0.581 0.581 0.581 0.581 0.581 0.581 0.581 0.581 0.581 0.581 0.581 0.581 0.581 0.581 0.581 1.097 1.097 1.097 1.097 1.097 1.097 1.097 1.097 1.097 1.097 1.097 1.097 1.097 1.097 1.097 1.097 1.097 1.097 1.097 1.097 1.097 1.097 -0.093 -0.093 -0.093 -0.093 -0.093 -0.093 -0.093 -0.093 -0.093 -0.093 -0.093 -0.093 -0.093 -0.093 -0.093 -0.093 -0.093 -0.093 -0.093 -0.093 -0.093 -0.093
0.03 0.33631 9.00000 2.3192000389 2.5799934371    2.314  1.686  3.6861  2.813    5  0.000  0.360     0.00     0.00     0.00     0.00     0.00 -1 -2.76e-12      0.00 6.469e-01 3.229e-01 3.414e-03 4.134e-03 1.263e-02 -1.000 3.026e-02       4853          0          0          0          0       9.89       9.89 0.555 0.580 1.096 -0.094 0.580 0.580 0.580 0.580 0.580 0.580 0.580 0.580 0.580 0.580 0.580 0.580 0.580 0.580 0.580 0.580 0.580 0.580 0.580 0.580 0.580 0.580 1.096 1.096 1.096 1.096 1.096 1.096 1.096 1.096 1.096 1.096 1.096 1.096 1.096 1.096 1.096 1.096 1.096 1.096 1.096 1.096 1.096 1.096 -0.094 -0.094 -0.094 -0.094 -0.094 -0.094 -0.094 -0.094 -0.094 -0.094 -0.094 -0.094 -0.094 -0.094 -0.094 -0.094 -0.094 -0.094 -0.094 -0.094 -0.094 -0.094
0.03 0.33631 9.00000 2.3194382191 2.5800006383    2.314  1.686  3.6861  2.812    5  0.000  0.360     0.00     0.00     0.00     0.00     0.00 -1 -2.76e-12      0.00 6.469e-01 3.229e-01 3.414e-03 4.134e-03 1.263e-02 -1.000 3.026e-02       4853          0          0          0          0      9.895      9.895 0.554 0.579 1.095 -0.095 0.579 0.579 0.579 0.579 0.579 0.579 0.579 0.579 0.579 0.579 0.579 0.579 0.579 0.579 0.579 0.579 0.579 0.579 0.579 0.579 0.579 0.579 1.095 1.095 1.095 1.095 1.095 1.095 1.095 1.095 1.095 1.095 1.095 1.095 1.095 1.095 1.095 1.095 1.095 1.095 1.095 1.095 1.095 1.095 -0.095 -0.095 -0.095 -0.095 -0.095 -0.095 -0.095 -0.095 -0.095 -0.095 -0.095 -0.095 -0.095 -0.095 -0.095 -0.095 -0.095 -0.095 -0.095 -0.095 -0.095 -0.095
0.03 0.33631 9.00000 2.3196744919 2.5800077802    2.314  1.687  3.6861  2.812    5  0.000  0.360     0.00     0.00     0.00     0.00     0.00 -1 -2.77e-12      0.00 6.469e-01 3.229e-01 3.414e-03 4.135e-03 1.263e-02 -1.000 3.026e-02       4853          0          0          0          0      9.901      9.901 0.553 0.578 1.094 -0.096 0.578 0.578 0.578 0.578 0.578 0.578 0.578 0.578 0.578 0.578 0.578 0.578 0.578 0.578 0.578 0.578 0.578 0.578 0.578 0.578 0.578 0.578 1.094 1.094 1.094 1.094 1.094 1.094 1.094 1.094 1.094 1.094 1.094 1.094 1.094 1.094 1.094 1.094 1.094 1.094 1.094 1.094 1.094 1.094 -0.096 -0.096 -0.096 -0.096 -0.096 -0.096 -0.096 -0.096 -0.096 -0.096 -0.096 -0.096 -0.096 -0.096 -0.096 -0.096 -0.096 -0.096 -0.096 -0.096 -0.096 -0.096
0.03 0.33631 9.00000 2.3199090958 2.5800148700    2.314  1.687  3.6860  2.812    5  0.000  0.360     0.00     0.00     0.00     0.00     0.00 -1 -2.77e-12      0.00 6.469e-01 3.229e-01 3.414e-03 4.135e-03 1.263e-02 -1.000 3.026e-02       4853          0          0          0          0      9.906      9.906 0.552 0.577 1.093 -0.097 0.577 0.577 0.577 0.577 0.577 0.577 0.577 0.577 0.577 0.577 0.577 0.577 0.577 0.577 0.577 0.577 0.577 0.577 0.577 0.577 0.577 0.577 1.093 1.093 1.093 1.093 1.093 1.093 1.093 1.093 1.093 1.093 1.093 1.093 1.093 1.093 1.093 1.093 1.093 1.093 1.093 1.093 1.093 1.093 -0.097 -0.097 -0.097 -0.097 -0.097 -0.097 -0.097 -0.097 -0.097 -0.097 -0.097 -0.097 -0.097 -0.097 -0.097 -0.097 -0.097 -0.097 -0.097 -0.097 -0.097 -0.097
0.03 0.33631 9.00000 2.3201415539 2.5800218933    2.315  1.688  3.6860  2.811    5  0.000  0.360     0.00     0.00     0.00     0.00     0.00 -1 -2.78e-12      0.00 6.469e-01 3.229e-01 3.414e-03 4.135e-03 1.263e-02 -1.000 3.026e-02       4852          0          0          0          0      9.912      9.912 0.551 0.576 1.092 -0.098 0.576 0.576 0.576 0.576 0.576 0.576 0.576 0.576 0.576 0.576 0.576 0.576 0.576 0.576 0.576 0.576 0.576 0.576 0.576 0.576 0.576 0.576 1.092 1.092 1.092 1.092 1.092 1.092 1.092 1.092 1.092 1.092 1.092 1.092 1.092 1.092 1.092 1.092 1.092 1.092 1.092 1.092 1.092 1.092 -0.098 -0.098 -0.098 -0.098 -0.098 -0.098 -0.098 -0.098 -0.098 -0.098 -0.098 -0.098 -0.098 -0.098 -0.098 -0.098 -0.098 -0.098 -0.098 -0.098 -0.098 -0.098
0.03 0.33631 9.00000 2.3203725815 2.5800288718    2.315  1.688  3.6860  2.811    5  0.000  0.360     0.00     0.00     0.00     0.00     0.00 -1 -2.78e-12      0.00 6.469e-01 3.229e-01 3.413e-03 4.135e-03 1.263e-02 -1.000 3.026e-02       4852          0          0          0          0      9.918      9.918 0.550 0.575 1.091 -0.099 0.575 0.575 0.575 0.575 0.575 0.575 0.575 0.575 0.575 0.575 0.575 0.575 0.575 0.575 0.575 0.575 0.575 0.575 0.575 0.575 0.575 0.575 1.091 1.091 1.091 1.091 1.091 1.091 1.091 1.091 1.091 1.091 1.091 1.091 1.091 1.091 1.091 1.091 1.091 1.091 1.091 1.091 1.091 1.091 -0.099 -0.099 -0.099 -0.099 -0.099 -0.099 -0.099 -0.099 -0.099 -0.099 -0.099 -0.099 -0.099 -0.099 -0.099 -0.099 -0.099 -0.099 -0.099 -0.099 -0.099 -0.099
0.03 0.33631 9.00000 2.3206019402 2.5800357982    2.315  1.688  3.6860  2.810    5  0.000  0.360     0.00     0.00     0.00     0.00     0.00 -1 -2.79e-12      0.00 6.469e-01 3.229e-01 3.413e-03 4.135e-03 1.263e-02 -1.000 3.026e-02       4852          0          0          0          0      9.924      9.924 0.549 0.574 1.090 -0.100 0.574 0.574 0.574 0.574 0.574 0.574 0.574 0.574 0.574 0.574 0.574 0.574 0.574 0.574 0.574 0.574 0.574 0.574 0.574 0.574 0.574 0.574 1.090 1.090 1.090 1.090 1.090 1.090 1.090 1.090 1.090 1.090 1.090 1.090 1.090 1.090 1.090 1.090 1.090 1.090 1.090 1.090 1.090 1.090 -0.100 -0.100 -0.100 -0.100 -0.100 -0.100 -0.100 -0.100 -0.100 -0.100 -0.100 -0.100 -0.100 -0.100 -0.100 -0.100 -0.100 -0.100 -0.100 -0.100 -0.100 -0.100
0.03 0.33631 9.00000 2.3208293915 2.5800426656    2.315  1.689  3.6860  2.810    5  0.000  0.360     0.00     0.00     0.00     0.00     0.00 -1 -2.79e-12      0.00 6.469e-01 3.229e-01 3.413e-03 4.135e-03 1.263e-02 -1.000 3.026e-02       4852          0          0          0          0       9.93       9.93 0.548 0.573 1.089 -0.102 0.573 0.573 0.573 0.573 0.573 0.573 0.573 0.573 0.573 0.573 0.573 0.573 0.573 0.573 0.573 0.573 0.573 0.573 0.573 0.573 0.573 0.573 1.089 1.089 1.089 1.089 1.089 1.089 1.089 1.089 1.089 1.089 1.089 1.089 1.089 1.089 1.089 1.089 1.089 1.089 1.089 1.089 1.089 1.089 -0.102 -0.102 -0.102 -0.102 -0.102 -0.102 -0.102 -0.102 -0.102 -0.102 -0.102 -0.102 -0.102 -0.102 -0.102 -0.102 -0.102 -0.102 -0.102 -0.102 -0.102 -0.102
0.03 0.33631 9.00000 2.3210551739 2.5800494810    2.316  1.689  3.6859  2.809    5  0.000  0.360     0.00     0.00     0.00     0.00     0.00 -1  -2.8e-12      0.00 6.469e-01 3.229e-01 3.413e-03 4.136e-03 1.263e-02 -1.000 3.026e-02       4851          0          0          0          0      9.935      9.935 0.547 0.572 1.089 -0.103 0.572 0.572 0.572 0.572 0.572 0.572 0.572 0.572 0.572 0.572 0.572 0.572 0.572 0.572 0.572 0.572 0.572 0.572 0.572 0.572 0.572 0.572 1.089 1.089 1.089 1.089 1.089 1.089 1.089 1.089 1.089 1.089 1.089 1.089 1.089 1.089 1.089 1.089 1.089 1.089 1.089 1.089 1.089 1.089 -0.103 -0.103 -0.103 -0.103 -0.103 -0.103 -0.103 -0.103 -0.103 -0.103 -0.103 -0.103 -0.103 -0.103 -0.103 -0.103 -0.103 -0.103 -0.103 -0.103 -0.103 -0.103
0.03 0.33631 9.00000 2.3212792873 2.5800562445    2.316  1.690  3.6859  2.809    5  0.000  0.360     0.00     0.00     0.00     0.00     0.00 -1  -2.8e-12      0.00 6.469e-01 3.229e-01 3.413e-03 4.136e-03 1.263e-02 -1.000 3.026e-02       4851          0          0          0          0      9.941      9.941 0.546 0.571 1.088 -0.104 0.571 0.571 0.571 0.571 0.571 0.571 0.571 0.571 0.571 0.571 0.571 0.571 0.571 0.571 0.571 0.571 0.571 0.571 0.571 0.571 0.571 0.571 1.088 1.088 1.088 1.088 1.088 1.088 1.088 1.088 1.088 1.088 1.088 1.088 1.088 1.088 1.088 1.088 1.088 1.088 1.088 1.088 1.088 1.088 -0.104 -0.104 -0.104 -0.104 -0.104 -0.104 -0.104 -0.104 -0.104 -0.104 -0.104 -0.104 -0.104 -0.104 -0.104 -0.104 -0.104 -0.104 -0.104 -0.104 -0.104 -0.104
0.03 0.33631 9.00000 2.3215014935 2.5800629490    2.316  1.690  3.6859  2.808    5  0.000  0.360     0.00     0.00     0.00     0.00     0.00 -1 -2.81e-12      0.00 6.469e-01 3.229e-01 3.413e-03 4.136e-03 1.263e-02 -1.000 3.026e-02       4851          0          0          0          0      9.947      9.947 0.545 0.570 1.087 -0.105 0.570 0.570 0.570 0.570 0.570 0.570 0.570 0.570 0.570 0.570 0.570 0.570 0.570 0.570 0.570 0.570 0.570 0.570 0.570 0.570 0.570 0.570 1.087 1.087 1.087 1.087 1.087 1.087 1.087 1.087 1.087 1.087 1.087 1.087 1.087 1.087 1.087 1.087 1.087 1.087 1.087 1.087 1.087 1.087 -0.105 -0.105 -0.105 -0.105 -0.105 -0.105 -0.105 -0.105 -0.105 -0.105 -0.105 -0.105 -0.105 -0.105 -0.105 -0.105 -0.105 -0.105 -0.105 -0.105 -0.105 -0.105
0.03 0.33631 9.00000 2.3217222691 2.5800696088    2.316  1.691  3.6859  2.808    5  0.000  0.360     0.00     0.00     0.00     0.00     0.00 -1 -2.82e-12      0.00 6.469e-01 3.229e-01 3.413e-03 4.136e-03 1.263e-02 -1.000 3.026e-02       4851          0          0          0          0      9.953      9.953 0.544 0.569 1.086 -0.106 0.569 0.569 0.569 0.569 0.569 0.569 0.569 0.569 0.569 0.569 0.569 0.569 0.569 0.569 0.569 0.569 0.569 0.569 0.569 0.569 0.569 0.569 1.086 1.086 1.086 1.086 1.086 1.086 1.086 1.086 1.086 1.086 1.086 1.086 1.086 1.086 1.086 1.086 1.086 1.086 1.086 1.086 1.086 1.086 -0.106 -0.106 -0.106 -0.106 -0.106 -0.106 -0.106 -0.106 -0.106 -0.106 -0.106 -0.106 -0.106 -0.106 -0.106 -0.106 -0.106 -0.106 -0.106 -0.106 -0.106 -0.106
0.03 0.33631 9.00000 2.3219413757 2.5800762169    2.317  1.691  3.6859  2.807    5  0.000  0.360     0.00     0.00     0.00     0.00     0.00 -1 -2.82e-12      0.00 6.469e-01 3.229e-01 3.413e-03 4.136e-03 1.263e-02 -1.000 3.026e-02       4850          0          0          0          0      9.959      9.959 0.543 0.568 1.085 -0.107 0.568 0.568 0.568 0.568 0.568 0.568 0.568 0.568 0.568 0.568 0.568 0.568 0.568 0.568 0.568 0.568 0.568 0.568 0.568 0.568 0.568 0.568 1.085 1.085 1.085 1.085 1.085 1.085 1.085 1.085 1.085 1.085 1.085 1.085 1.085 1.085 1.085 1.085 1.085 1.085 1.085 1.085 1.085 1.085 -0.107 -0.107 -0.107 -0.107 -0.107 -0.107 -0.107 -0.107 -0.107 -0.107 -0.107 -0.107 -0.107 -0.107 -0.107 -0.107 -0.107 -0.107 -0.107 -0.107 -0.107 -0.107
0.03 0.33631 9.00000 2.3221585751 2.5800827660    2.317  1.691  3.6858  2.807    5  0.000  0.360     0.00     0.00     0.00     0.00     0.00 -1 -2.83e-12      0.00 6.469e-01 3.229e-01 3.413e-03 4.136e-03 1.263e-02 -1.000 3.026e-02       4850          0          0          0          0      9.966      9.966 0.541 0.567 1.084 -0.108 0.567 0.567 0.567 0.567 0.567 0.567 0.567 0.567 0.567 0.567 0.567 0.567 0.567 0.567 0.567 0.567 0.567 0.567 0.567 0.567 0.567 0.567 1.084 1.084 1.084 1.084 1.084 1.084 1.084 1.084 1.084 1.084 1.084 1.084 1.084 1.084 1.084 1.084 1.084 1.084 1.084 1.084 1.084 1.084 -0.108 -0.108 -0.108 -0.108 -0.108 -0.108 -0.108 -0.108 -0.108 -0.108 -0.108 -0.108 -0.108 -0.108 -0.108 -0.108 -0.108 -0.108 -0.108 -0.108 -0.108 -0.108
0.03 0.33631 9.00000 2.3225886822 2.5800957307    2.317  1.692  3.6858  2.806    5  0.000  0.360     0.00     0.00     0.00     0.00     0.00 -1 -2.84e-12      0.00 6.468e-01 3.229e-01 3.413e-03 4.137e-03 1.263e-02 -1.000 3.026e-02       4850          0          0          0          0      9.978      9.978 0.539 0.564 1.082 -0.110 0.564 0.564 0.564 0.564 0.564 0.564 0.564 0.564 0.564 0.564 0.564 0.564 0.564 0.564 0.564 0.564 0.564 0.564 0.564 0.564 0.564 0.564 1.082 1.082 1.082 1.082 1.082 1.082 1.082 1.082 1.082 1.082 1.082 1.082 1.082 1.082 1.082 1.082 1.082 1.082 1.082 1.082 1.082 1.082 -0.110 -0.110 -0.110 -0.110 -0.110 -0.110 -0.110 -0.110 -0.110 -0.110 -0.110 -0.110 -0.110 -0.110 -0.110 -0.110 -0.110 -0.110 -0.110 -0.110 -0.110 -0.110
0.03 0.33631 9.00000 2.3308694363 2.5803442648    2.325  1.720  3.6836  2.771    6  0.000  0.360     0.00     0.00     0.00     0.00     0.00 -1 -3.23e-12      0.00 6.468e-01 3.230e-01 3.412e-03 4.142e-03 1.263e-02 -1.000 3.026e-02       4825          0          0          0          0      10.41      10.41 0.469 0.502 1.025 -0.178 0.502 0.502 0.502 0.502 0.502 0.502 0.502 0.502 0.502 0.502 0.502 0.502 0.502 0.502 0.502 0.502 0.502 0.502 0.502 0.502 0.502 0.502 1.025 1.025 1.025 1.025 1.025 1.025 1.025 1.025 1.025 1.025 1.025 1.025 1.025 1.025 1.025 1.025 1.025 1.025 1.025 1.025 1.025 1.025 -0.178 -0.178 -0.178 -0.178 -0.178 -0.178 -0.178 -0.178 -0.178 -0.178 -0.178 -0.178 -0.178 -0.178 -0.178 -0.178 -0.178 -0.178 -0.178 -0.178 -0.178 -0.178
0.03 0.33631 9.00000 2.3358509541 2.5804928016    2.330  1.745  3.6815  2.739    6  0.000  0.360     0.00     0.00     0.00     0.00     0.00 -1 -3.62e-12      0.00 6.467e-01 3.230e-01 3.411e-03 4.146e-03 1.262e-02 -1.000 3.026e-02       4802          0          0          0          0      10.82      10.82 0.408 0.447 0.975 -0.237 0.447 0.447 0.447 0.447 0.447 0.447 0.447 0.447 0.447 0.447 0.447 0.447 0.447 0.447 0.447 0.447 0.447 0.447 0.447 0.447 0.447 0.447 0.975 0.975 0.975 0.975 0.975 0.975 0.975 0.975 0.975 0.975 0.975 0.975 0.975 0.975 0.975 0.975 0.975 0.975 0.975 0.975 0.975 0.975 -0.237 -0.237 -0.237 -0.237 -0.237 -0.237 -0.237 -0.237 -0.237 -0.237 -0.237 -0.237 -0.237 -0.237 -0.237 -0.237 -0.237 -0.237 -0.237 -0.237 -0.237 -0.237
0.03 0.33631 9.00000 2.3385474682 2.5805729016    2.333  1.767  3.6795  2.709    6  0.000  0.360     0.00     0.00     0.00     0.00     0.00 -1 -4.02e-12      0.00 6.467e-01 3.231e-01 3.411e-03 4.147e-03 1.262e-02 -1.000 3.026e-02       4780          0          0          0          0      11.19      11.19 0.353 0.399 0.932 -0.290 0.399 0.399 0.399 0.399 0.399 0.399 0.399 0.399 0.399 0.399 0.399 0.399 0.399 0.399 0.399 0.399 0.399 0.399 0.399 0.399 0.399 0.399 0.932 0.932 0.932 0.932 0.932 0.932 0.932 0.932 0.932 0.932 0.932 0.932 0.932 0.932 0.932 0.932 0.932 0.932 0.932 0.932 0.932 0.932 -0.290 -0.290 -0.290 -0.290 -0.290 -0.290 -0.290 -0.290 -0.290 -0.290 -0.290 -0.290 -0.290 -0.290 -0.290 -0.290 -0.290 -0.290 -0.290 -0.290 -0.290 -0.290
0.03 0.33631 9.00000 2.3403508663 2.5806263531    2.335  1.793  3.6773  2.675    6  0.000  0.360     0.00     0.00     0.00     0.00     0.00 -1 -4.55e-12      0.00 6.467e-01 3.231e-01 3.411e-03 4.149e-03 1.262e-02 -1.000 3.026e-02       4755          0          0          0          0      11.65      11.65 0.288 0.342 0.882 -0.352 0.342 0.342 0.342 0.342 0.342 0.342 0.342 0.342 0.342 0.342 0.342 0.342 0.342 0.342 0.342 0.342 0.342 0.342 0.342 0.342 0.342 0.342 0.882 0.882 0.882 0.882 0.882 0.882 0.882 0.882 0.882 0.882 0.882 0.882 0.882 0.882 0.882 0.882 0.882 0.882 0.882 0.882 0.882 0.882 -0.352 -0.352 -0.352 -0.352 -0.352 -0.352 -0.352 -0.352 -0.352 -0.352 -0.352 -0.352 -0.352 -0.352 -0.352 -0.352 -0.352 -0.352 -0.352 -0.352 -0.352 -0.352
0.03 0.33631 9.00000 2.3413941860 2.5806572332    2.336  1.812  3.6755  2.648    6  0.000  0.360     0.00     0.00     0.00     0.00     0.00 -1    -5e-12      0.00 6.467e-01 3.231e-01 3.410e-03 4.149e-03 1.262e-02 -1.000 3.026e-02       4737          0          0          0          0      12.01      12.01 0.239 0.299 0.844 -0.398 0.299 0.299 0.299 0.299 0.299 0.299 0.299 0.299 0.299 0.299 0.299 0.299 0.299 0.299 0.299 0.299 0.299 0.299 0.299 0.299 0.299 0.299 0.844 0.844 0.844 0.844 0.844 0.844 0.844 0.844 0.844 0.844 0.844 0.844 0.844 0.844 0.844 0.844 0.844 0.844 0.844 0.844 0.844 0.844 -0.398 -0.398 -0.398 -0.398 -0.398 -0.398 -0.398 -0.398 -0.398 -0.398 -0.398 -0.398 -0.398 -0.398 -0.398 -0.398 -0.398 -0.398 -0.398 -0.398 -0.398 -0.398
0.03 0.33631 9.00000 2.3421812057 2.5806805064    2.337  1.840  3.6732  2.612    6  0.000  0.360     0.00     0.00     0.00     0.00     0.00 -1 -5.67e-12      0.00 6.466e-01 3.231e-01 3.410e-03 4.150e-03 1.262e-02 -1.000 3.026e-02       4712          0          0          0          0      12.53      12.53 0.171 0.239 0.790 -0.464 0.239 0.239 0.239 0.239 0.239 0.239 0.239 0.239 0.239 0.239 0.239 0.239 0.239 0.239 0.239 0.239 0.239 0.239 0.239 0.239 0.239 0.239 0.790 0.790 0.790 0.790 0.790 0.790 0.790 0.790 0.790 0.790 0.790 0.790 0.790 0.790 0.790 0.790 0.790 0.790 0.790 0.790 0.790 0.790 -0.464 -0.464 -0.464 -0.464 -0.464 -0.464 -0.464 -0.464 -0.464 -0.464 -0.464 -0.464 -0.464 -0.464 -0.464 -0.464 -0.464 -0.464 -0.464 -0.464 -0.464 -0.464
0.03 0.33631 9.00000 2.3426051140 2.5806930345    2.337  1.857  3.6718  2.588    6  0.000  0.360     0.00     0.00     0.00     0.00     0.00 -1 -6.14e-12      0.00 6.466e-01 3.231e-01 3.410e-03 4.150e-03 1.262e-02 -1.000 3.026e-02       4696          0          0          0          0      12.87      12.87 0.127 0.200 0.756 -0.506 0.200 0.200 0.200 0.200 0.200 0.200 0.200 0.200 0.200 0.200 0.200 0.200 0.200 0.200 0.200 0.200 0.200 0.200 0.200 0.200 0.200 0.200 0.756 0.756 0.756 0.756 0.756 0.756 0.756 0.756 0.756 0.756 0.756 0.756 0.756 0.756 0.756 0.756 0.756 0.756 0.756 0.756 0.756 0.756 -0.506 -0.506 -0.506 -0.506 -0.506 -0.506 -0.506 -0.506 -0.506 -0.506 -0.506 -0.506 -0.506 -0.506 -0.506 -0.506 -0.506 -0.506 -0.506 -0.506 -0.506 -0.506
0.03 0.33631 9.00000 2.3429751396 2.5807039658    2.337  1.883  3.6696  2.554    6  0.000  0.360     0.00     0.00     0.00     0.00     0.00 -1 -6.94e-12      0.00 6.466e-01 3.231e-01 3.410e-03 4.150e-03 1.262e-02 -1.000 3.026e-02       4673          0          0          0          0       13.4       13.4 0.062 0.143 0.705 -0.568 0.143 0.143 0.143 0.143 0.143 0.143 0.143 0.143 0.143 0.143 0.143 0.143 0.143 0.143 0.143 0.143 0.143 0.143 0.143 0.143 0.143 0.143 0.705 0.705 0.705 0.705 0.705 0.705 0.705 0.705 0.705 0.705 0.705 0.705 0.705 0.705 0.705 0.705 0.705 0.705 0.705 0.705 0.705 0.705 -0.568 -0.568 -0.568 -0.568 -0.568 -0.568 -0.568 -0.568 -0.568 -0.568 -0.568 -0.568 -0.568 -0.568 -0.568 -0.568 -0.568 -0.568 -0.568 -0.568 -0.568 -0.568
0.03 0.33631 9.00000 2.3432345390 2.5807116267    2.338  1.907  3.6677  2.523    6  0.000  0.360     0.00     0.00     0.00     0.00     0.00 -1 -7.77e-12      0.00 6.466e-01 3.231e-01 3.410e-03 4.151e-03 1.262e-02 -1.000 3.026e-02       4652          0          0          0          0      13.89      13.89 0.003 0.092 0.659 -0.624 0.092 0.092 0.092 0.092 0.092 0.092 0.092 0.092 0.092 0.092 0.092 0.092 0.092 0.092 0.092 0.092 0.092 0.092 0.092 0.092 0.092 0.092 0.659 0.659 0.659 0.659 0.659 0.659 0.659 0.659 0.659 0.659 0.659 0.659 0.659 0.659 0.659 0.659 0.659 0.659 0.659 0.659 0.659 0.659 -0.624 -0.624 -0.624 -0.624 -0.624 -0.624 -0.624 -0.624 -0.624 -0.624 -0.624 -0.624 -0.624 -0.624 -0.624 -0.624 -0.624 -0.624 -0.624 -0.624 -0.624 -0.624
0.03 0.33631 9.00000 2.3434135914 2.5807169135    2.338  1.929  3.6659  2.493    6  0.000  0.360     0.00     0.00     0.00     0.00     0.00 -1 -8.68e-12      0.00 6.466e-01 3.231e-01 3.410e-03 4.151e-03 1.262e-02 -1.000 3.026e-02       4633          0          0          0          0      14.38      14.38 -0.054 0.042 0.615 -0.678 0.042 0.042 0.042 0.042 0.042 0.042 0.042 0.042 0.042 0.042 0.042 0.042 0.042 0.042 0.042 0.042 0.042 0.042 0.042 0.042 0.042 0.042 0.615 0.615 0.615 0.615 0.615 0.615 0.615 0.615 0.615 0.615 0.615 0.615 0.615 0.615 0.615 0.615 0.615 0.615 0.615 0.615 0.615 0.615 -0.678 -0.678 -0.678 -0.678 -0.678 -0.678 -0.678 -0.678 -0.678 -0.678 -0.678 -0.678 -0.678 -0.678 -0.678 -0.678 -0.678 -0.678 -0.678 -0.678 -0.678 -0.678
0.03 0.33631 9.00000 2.3435645103 2.5807213690    2.338  1.957  3.6637  2.457    6  0.000  0.360     0.00     0.00     0.00     0.00     0.00 -1 -9.86e-12      0.00 6.466e-01 3.231e-01 3.410e-03 4.151e-03 1.262e-02 -1.000 3.026e-02       4609          0          0          0          0      14.98      14.98 -0.122 -0.018 0.563 -0.743 -0.018 -0.018 -0.018 -0.018 -0.018 -0.018 -0.018 -0.018 -0.018 -0.018 -0.018 -0.018 -0.018 -0.018 -0.018 -0.018 -0.018 -0.018 -0.018 -0.018 -0.018 -0.018 0.563 0.563 0.563 0.563 0.563 0.563 0.563 0.563 0.563 0.563 0.563 0.563 0.563 0.563 0.563 0.563 0.563 0.563 0.563 0.563 0.563 0.563 -0.743 -0.743 -0.743 -0.743 -0.743 -0.743 -0.743 -0.743 -0.743 -0.743 -0.743 -0.743 -0.743 -0.743 -0.743 -0.743 -0.743 -0.743 -0.743 -0.743 -0.743 -0.743
0.03 0.33631 9.00000 2.3436591625 2.5807241629    2.338  1.979  3.6619  2.428    6  0.000  0.360     0.00     0.00     0.00     0.00     0.00 -1 -1.09e-11      0.00 6.466e-01 3.231e-01 3.410e-03 4.151e-03 1.262e-02 -1.000 3.026e-02       4591          0          0          0          0      15.49      15.49 -0.177 -0.066 0.520 -0.797 -0.066 -0.066 -0.066 -0.066 -0.066 -0.066 -0.066 -0.066 -0.066 -0.066 -0.066 -0.066 -0.066 -0.066 -0.066 -0.066 -0.066 -0.066 -0.066 -0.066 -0.066 -0.066 0.520 0.520 0.520 0.520 0.520 0.520 0.520 0.520 0.520 0.520 0.520 0.520 0.520 0.520 0.520 0.520 0.520 0.520 0.520 0.520 0.520 0.520 -0.797 -0.797 -0.797 -0.797 -0.797 -0.797 -0.797 -0.797 -0.797 -0.797 -0.797 -0.797 -0.797 -0.797 -0.797 -0.797 -0.797 -0.797 -0.797 -0.797 -0.797 -0.797
0.03 0.33631 9.00000 2.3437361717 2.5807264359    2.338  2.003  3.6600  2.396    6  0.000  0.360     0.00     0.00     0.00     0.00     0.00 -1 -1.23e-11      0.00 6.466e-01 3.231e-01 3.410e-03 4.151e-03 1.262e-02 -1.000 3.026e-02       4570          0          0          0          0      16.07      16.07 -0.239 -0.120 0.473 -0.855 -0.120 -0.120 -0.120 -0.120 -0.120 -0.120 -0.120 -0.120 -0.120 -0.120 -0.120 -0.120 -0.120 -0.120 -0.120 -0.120 -0.120 -0.120 -0.120 -0.120 -0.120 -0.120 0.473 0.473 0.473 0.473 0.473 0.473 0.473 0.473 0.473 0.473 0.473 0.473 0.473 0.473 0.473 0.473 0.473 0.473 0.473 0.473 0.473 0.473 -0.855 -0.855 -0.855 -0.855 -0.855 -0.855 -0.855 -0.855 -0.855 -0.855 -0.855 -0.855 -0.855 -0.855 -0.855 -0.855 -0.855 -0.855 -0.855 -0.855 -0.855 -0.855
0.03 0.33631 9.00000 2.3437957764 2.5807281951    2.338  2.026  3.6582  2.365    6  0.000  0.360     0.00     0.00     0.00     0.00     0.00 -1 -1.39e-11      0.00 6.466e-01 3.231e-01 3.410e-03 4.151e-03 1.262e-02 -1.000 3.026e-02       4551          0          0          0          0      16.64      16.64 -0.296 -0.169 0.430 -0.909 -0.169 -0.169 -0.169 -0.169 -0.169 -0.169 -0.169 -0.169 -0.169 -0.169 -0.169 -0.169 -0.169 -0.169 -0.169 -0.169 -0.169 -0.169 -0.169 -0.169 -0.169 -0.169 0.430 0.430 0.430 0.430 0.430 0.430 0.430 0.430 0.430 0.430 0.430 0.430 0.430 0.430 0.430 0.430 0.430 0.430 0.430 0.430 0.430 0.430 -0.909 -0.909 -0.909 -0.909 -0.909 -0.909 -0.909 -0.909 -0.909 -0.909 -0.909 -0.909 -0.909 -0.909 -0.909 -0.909 -0.909 -0.909 -0.909 -0.909 -0.909 -0.909
0.03 0.33631 9.00000 2.3438498974 2.5807297923    2.338  2.052  3.6562  2.331    6  0.000  0.360     0.00     0.00     0.00     0.00     0.00 -1 -1.64e-11      0.00 6.466e-01 3.231e-01 3.410e-03 4.151e-03 1.262e-02 -1.000 3.026e-02       4530          0          0          0          0      17.31      17.31 -0.361 -0.226 0.381 -0.971 -0.226 -0.226 -0.226 -0.226 -0.226 -0.226 -0.226 -0.226 -0.226 -0.226 -0.226 -0.226 -0.226 -0.226 -0.226 -0.226 -0.226 -0.226 -0.226 -0.226 -0.226 -0.226 0.381 0.381 0.381 0.381 0.381 0.381 0.381 0.381 0.381 0.381 0.381 0.381 0.381 0.381 0.381 0.381 0.381 0.381 0.381 0.381 0.381 0.381 -0.971 -0.971 -0.971 -0.971 -0.971 -0.971 -0.971 -0.971 -0.971 -0.971 -0.971 -0.971 -0.971 -0.971 -0.971 -0.971 -0.971 -0.971 -0.971 -0.971 -0.971 -0.971
0.03 0.33631 9.00000 2.3438959122 2.5807311503    2.338  2.076  3.6543  2.300    6  0.000  0.360     0.00     0.00     0.00     0.00     0.00 -1  -1.9e-11      0.00 6.466e-01 3.231e-01 3.410e-03 4.151e-03 1.262e-02 -1.000 3.026e-02       4511          0          0          0          0      17.92      17.92 -0.420 -0.277 0.337 -1.027 -0.277 -0.277 -0.277 -0.277 -0.277 -0.277 -0.277 -0.277 -0.277 -0.277 -0.277 -0.277 -0.277 -0.277 -0.277 -0.277 -0.277 -0.277 -0.277 -0.277 -0.277 -0.277 0.337 0.337 0.337 0.337 0.337 0.337 0.337 0.337 0.337 0.337 0.337 0.337 0.337 0.337 0.337 0.337 0.337 0.337 0.337 0.337 0.337 0.337 -1.027 -1.027 -1.027 -1.027 -1.027 -1.027 -1.027 -1.027 -1.027 -1.027 -1.027 -1.027 -1.027 -1.027 -1.027 -1.027 -1.027 -1.027 -1.027 -1.027 -1.027 -1.027
0.03 0.33631 9.00000 2.3438987732 2.5807312347    2.338  2.077  3.6542  2.298    6  0.000  0.360     0.00     0.00     0.00     0.00     0.00 -1 -1.92e-11      0.00 6.466e-01 3.231e-01 3.410e-03 4.151e-03 1.262e-02 -1.000 3.026e-02       4509          0          0          0          0      17.96      17.96 -0.424 -0.280 0.334 -1.031 -0.280 -0.280 -0.280 -0.280 -0.280 -0.280 -0.280 -0.280 -0.280 -0.280 -0.280 -0.280 -0.280 -0.280 -0.280 -0.280 -0.280 -0.280 -0.280 -0.280 -0.280 -0.280 0.334 0.334 0.334 0.334 0.334 0.334 0.334 0.334 0.334 0.334 0.334 0.334 0.334 0.334 0.334 0.334 0.334 0.334 0.334 0.334 0.334 0.334 -1.031 -1.031 -1.031 -1.031 -1.031 -1.031 -1.031 -1.031 -1.031 -1.031 -1.031 -1.031 -1.031 -1.031 -1.031 -1.031 -1.031 -1.031 -1.031 -1.031 -1.031 -1.031
0.03 0.33631 9.00000 2.3440220356 2.5807348720    2.338  2.149  3.6486  2.205    7  0.000  0.360     0.00     0.00     0.00     0.00     0.00 -1    -4e-11      0.00 6.466e-01 3.231e-01 3.410e-03 4.151e-03 1.262e-02 -1.000 3.026e-02       4452          0          0          0          0      20.01      20.01 -0.602 -0.434 0.201 -1.200 -0.434 -0.434 -0.434 -0.434 -0.434 -0.434 -0.434 -0.434 -0.434 -0.434 -0.434 -0.434 -0.434 -0.434 -0.434 -0.434 -0.434 -0.434 -0.434 -0.434 -0.434 -0.434 0.201 0.201 0.201 0.201 0.201 0.201 0.201 0.201 0.201 0.201 0.201 0.201 0.201 0.201 0.201 0.201 0.201 0.201 0.201 0.201 0.201 0.201 -1.200 -1.200 -1.200 -1.200 -1.200 -1.200 -1.200 -1.200 -1.200 -1.200 -1.200 -1.200 -1.200 -1.200 -1.200 -1.200 -1.200 -1.200 -1.200 -1.200 -1.200 -1.200
0.03 0.33631 9.00000 2.3441617489 2.5807389941    2.339  2.025  3.6585  2.368    7  0.000  0.360     0.00     0.00     0.00     0.00     0.00 -1 -1.46e-11      0.00 6.466e-01 3.231e-01 3.410e-03 4.151e-03 1.262e-02 -1.000 3.026e-02       4554          0          0          0          0       16.6       16.6 -0.293 -0.168 0.431 -0.907 -0.168 -0.168 -0.168 -0.168 -0.168 -0.168 -0.168 -0.168 -0.168 -0.168 -0.168 -0.168 -0.168 -0.168 -0.168 -0.168 -0.168 -0.168 -0.168 -0.168 -0.168 -0.168 0.431 0.431 0.431 0.431 0.431 0.431 0.431 0.431 0.431 0.431 0.431 0.431 0.431 0.431 0.431 0.431 0.431 0.431 0.431 0.431 0.431 0.431 -0.907 -0.907 -0.907 -0.907 -0.907 -0.907 -0.907 -0.907 -0.907 -0.907 -0.907 -0.907 -0.907 -0.907 -0.907 -0.907 -0.907 -0.907 -0.907 -0.907 -0.907 -0.907
0.03 0.33631 9.00000 2.3442940712 2.5807428977    2.339  2.056  3.6559  2.326    7  0.000  0.360     0.00     0.00     0.00     0.00     0.00 -1 -1.65e-11      0.00 6.466e-01 3.231e-01 3.410e-03 4.151e-03 1.262e-02 -1.000 3.026e-02       4528          0          0          0          0       17.4       17.4 -0.371 -0.235 0.373 -0.981 -0.235 -0.235 -0.235 -0.235 -0.235 -0.235 -0.235 -0.235 -0.235 -0.235 -0.235 -0.235 -0.235 -0.235 -0.235 -0.235 -0.235 -0.235 -0.235 -0.235 -0.235 -0.235 0.373 0.373 0.373 0.373 0.373 0.373 0.373 0.373 0.373 0.373 0.373 0.373 0.373 0.373 0.373 0.373 0.373 0.373 0.373 0.373 0.373 0.373 -0.981 -0.981 -0.981 -0.981 -0.981 -0.981 -0.981 -0.981 -0.981 -0.981 -0.981 -0.981 -0.981 -0.981 -0.981 -0.981 -0.981 -0.981 -0.981 -0.981 -0.981 -0.981
0.03 0.33631 9.00000 2.3444669247 2.5807479962    2.339  1.963  3.6632  2.449    7  0.000  0.360     0.00     0.00     0.00     0.00     0.00 -1 -1.04e-11      0.00 6.466e-01 3.231e-01 3.410e-03 4.151e-03 1.262e-02 -1.000 3.026e-02       4604          0          0          0          0      15.12      15.12 -0.137 -0.030 0.552 -0.757 -0.030 -0.030 -0.030 -0.030 -0.030 -0.030 -0.030 -0.030 -0.030 -0.030 -0.030 -0.030 -0.030 -0.030 -0.030 -0.030 -0.030 -0.030 -0.030 -0.030 -0.030 -0.030 0.552 0.552 0.552 0.552 0.552 0.552 0.552 0.552 0.552 0.552 0.552 0.552 0.552 0.552 0.552 0.552 0.552 0.552 0.552 0.552 0.552 0.552 -0.757 -0.757 -0.757 -0.757 -0.757 -0.757 -0.757 -0.757 -0.757 -0.757 -0.757 -0.757 -0.757 -0.757 -0.757 -0.757 -0.757 -0.757 -0.757 -0.757 -0.757 -0.757
0.03 0.33631 9.00000 2.3446087837 2.5807521799    2.339  1.933  3.6661  2.490    7  0.000  0.360     0.00     0.00     0.00     0.00     0.00 -1 -9.34e-12      0.00 6.466e-01 3.231e-01 3.410e-03 4.151e-03 1.262e-02 -1.000 3.026e-02       4634          0          0          0          0      14.41      14.41 -0.062 0.033 0.605 -0.687 0.033 0.033 0.033 0.033 0.033 0.033 0.033 0.033 0.033 0.033 0.033 0.033 0.033 0.033 0.033 0.033 0.033 0.033 0.033 0.033 0.033 0.033 0.605 0.605 0.605 0.605 0.605 0.605 0.605 0.605 0.605 0.605 0.605 0.605 0.605 0.605 0.605 0.605 0.605 0.605 0.605 0.605 0.605 0.605 -0.687 -0.687 -0.687 -0.687 -0.687 -0.687 -0.687 -0.687 -0.687 -0.687 -0.687 -0.687 -0.687 -0.687 -0.687 -0.687 -0.687 -0.687 -0.687 -0.687 -0.687 -0.687
0.03 0.33631 9.00000 2.3446350098 2.5807529532    2.339  1.930  3.6661  2.494    7  0.000  0.360     0.00     0.00     0.00     0.00     0.00 -1 -9.03e-12      0.00 6.466e-01 3.231e-01 3.410e-03 4.151e-03 1.262e-02 -1.000 3.026e-02       4635          0          0          0          0      14.35      14.35 -0.054 0.041 0.613 -0.678 0.041 0.041 0.041 0.041 0.041 0.041 0.041 0.041 0.041 0.041 0.041 0.041 0.041 0.041 0.041 0.041 0.041 0.041 0.041 0.041 0.041 0.041 0.613 0.613 0.613 0.613 0.613 0.613 0.613 0.613 0.613 0.613 0.613 0.613 0.613 0.613 0.613 0.613 0.613 0.613 0.613 0.613 0.613 0.613 -0.678 -0.678 -0.678 -0.678 -0.678 -0.678 -0.678 -0.678 -0.678 -0.678 -0.678 -0.678 -0.678 -0.678 -0.678 -0.678 -0.678 -0.678 -0.678 -0.678 -0.678 -0.678
0.03 0.33631 9.00000 2.3446578979 2.5807536282    2.339  1.935  3.6655  2.486    7  0.000  0.360     0.00     0.00     0.00     0.00     0.00 -1 -9.17e-12      0.00 6.466e-01 3.231e-01 3.410e-03 4.151e-03 1.262e-02 -1.000 3.026e-02       4629          0          0          0          0      14.48      14.48 -0.067 0.030 0.604 -0.691 0.030 0.030 0.030 0.030 0.030 0.030 0.030 0.030 0.030 0.030 0.030 0.030 0.030 0.030 0.030 0.030 0.030 0.030 0.030 0.030 0.030 0.030 0.604 0.604 0.604 0.604 0.604 0.604 0.604 0.604 0.604 0.604 0.604 0.604 0.604 0.604 0.604 0.604 0.604 0.604 0.604 0.604 0.604 0.604 -0.691 -0.691 -0.691 -0.691 -0.691 -0.691 -0.691 -0.691 -0.691 -0.691 -0.691 -0.691 -0.691 -0.691 -0.691 -0.691 -0.691 -0.691 -0.691 -0.691 -0.691 -0.691
0.03 0.33631 9.00000 2.3446826935 2.5807543593    2.339  1.945  3.6646  2.473    7  0.000  0.360     0.00     0.00     0.00     0.00     0.00 -1 -9.53e-12      0.00 6.466e-01 3.231e-01 3.410e-03 4.151e-03 1.262e-02 -1.000 3.026e-02       4619          0          0          0          0      14.72      14.72 -0.092 0.009 0.586 -0.714 0.009 0.009 0.009 0.009 0.009 0.009 0.009 0.009 0.009 0.009 0.009 0.009 0.009 0.009 0.009 0.009 0.009 0.009 0.009 0.009 0.009 0.009 0.586 0.586 0.586 0.586 0.586 0.586 0.586 0.586 0.586 0.586 0.586 0.586 0.586 0.586 0.586 0.586 0.586 0.586 0.586 0.586 0.586 0.586 -0.714 -0.714 -0.714 -0.714 -0.714 -0.714 -0.714 -0.714 -0.714 -0.714 -0.714 -0.714 -0.714 -0.714 -0.714 -0.714 -0.714 -0.714 -0.714 -0.714 -0.714 -0.714
0.03 0.33631 9.00000 2.3447117805 2.5807552170    2.339  1.966  3.6629  2.445    7  0.000  0.360     0.00     0.00     0.00     0.00     0.00 -1 -1.06e-11      0.00 6.466e-01 3.231e-01 3.410e-03 4.152e-03 1.262e-02 -1.000 3.026e-02       4601          0          0          0          0      15.19      15.19 -0.145 -0.038 0.545 -0.766 -0.038 -0.038 -0.038 -0.038 -0.038 -0.038 -0.038 -0.038 -0.038 -0.038 -0.038 -0.038 -0.038 -0.038 -0.038 -0.038 -0.038 -0.038 -0.038 -0.038 -0.038 -0.038 0.545 0.545 0.545 0.545 0.545 0.545 0.545 0.545 0.545 0.545 0.545 0.545 0.545 0.545 0.545 0.545 0.545 0.545 0.545 0.545 0.545 0.545 -0.766 -0.766 -0.766 -0.766 -0.766 -0.766 -0.766 -0.766 -0.766 -0.766 -0.766 -0.766 -0.766 -0.766 -0.766 -0.766 -0.766 -0.766 -0.766 -0.766 -0.766 -0.766
0.03 0.33631 9.00000 2.3447513580 2.5807563840    2.339  1.986  3.6618  2.420    7  0.000  0.360     0.00     0.00     0.00     0.00     0.00 -1 -1.18e-11      0.00 6.466e-01 3.231e-01 3.410e-03 4.152e-03 1.262e-02 -1.000 3.026e-02       4589          0          0          0          0      15.62      15.62 -0.195 -0.083 0.504 -0.814 -0.083 -0.083 -0.083 -0.083 -0.083 -0.083 -0.083 -0.083 -0.083 -0.083 -0.083 -0.083 -0.083 -0.083 -0.083 -0.083 -0.083 -0.083 -0.083 -0.083 -0.083 -0.083 0.504 0.504 0.504 0.504 0.504 0.504 0.504 0.504 0.504 0.504 0.504 0.504 0.504 0.504 0.504 0.504 0.504 0.504 0.504 0.504 0.504 0.504 -0.814 -0.814 -0.814 -0.814 -0.814 -0.814 -0.814 -0.814 -0.814 -0.814 -0.814 -0.814 -0.814 -0.814 -0.814 -0.814 -0.814 -0.814 -0.814 -0.814 -0.814 -0.814
0.03 0.33631 9.00000 2.3448047638 2.5807579587    2.339  1.919  3.6673  2.509    7  0.000  0.360     0.00     0.00     0.00     0.00     0.00 -1 -8.76e-12      0.00 6.466e-01 3.231e-01 3.410e-03 4.152e-03 1.262e-02 -1.000 3.026e-02       4647          0          0          0          0       14.1       14.1 -0.028 0.063 0.631 -0.654 0.063 0.063 0.063 0.063 0.063 0.063 0.063 0.063 0.063 0.063 0.063 0.063 0.063 0.063 0.063 0.063 0.063 0.063 0.063 0.063 0.063 0.063 0.631 0.631 0.631 0.631 0.631 0.631 0.631 0.631 0.631 0.631 0.631 0.631 0.631 0.631 0.631 0.631 0.631 0.631 0.631 0.631 0.631 0.631 -0.654 -0.654 -0.654 -0.654 -0.654 -0.654 -0.654 -0.654 -0.654 -0.654 -0.654 -0.654 -0.654 -0.654 -0.654 -0.654 -0.654 -0.654 -0.654 -0.654 -0.654 -0.654
0.03 0.33631 9.00000 2.3448755741 2.5807600464    2.339  1.929  3.6659  2.494    7  0.000  0.360     0.00     0.00     0.00     0.00     0.00 -1 -8.86e-12      0.00 6.466e-01 3.231e-01 3.410e-03 4.152e-03 1.262e-02 -1.000 3.026e-02       4633          0          0          0          0      14.37      14.37 -0.052 0.044 0.617 -0.676 0.044 0.044 0.044 0.044 0.044 0.044 0.044 0.044 0.044 0.044 0.044 0.044 0.044 0.044 0.044 0.044 0.044 0.044 0.044 0.044 0.044 0.044 0.617 0.617 0.617 0.617 0.617 0.617 0.617 0.617 0.617 0.617 0.617 0.617 0.617 0.617 0.617 0.617 0.617 0.617 0.617 0.617 0.617 0.617 -0.676 -0.676 -0.676 -0.676 -0.676 -0.676 -0.676 -0.676 -0.676 -0.676 -0.676 -0.676 -0.676 -0.676 -0.676 -0.676 -0.676 -0.676 -0.676 -0.676 -0.676 -0.676
0.03 0.33631 9.00000 2.3450825214 2.5807661469    2.340  1.934  3.6655  2.487    7  0.000  0.360     0.00     0.00     0.00     0.00     0.00 -1 -9.08e-12      0.00 6.466e-01 3.231e-01 3.410e-03 4.152e-03 1.262e-02 -1.000 3.026e-02       4628          0          0          0          0      14.49      14.49 -0.066 0.032 0.606 -0.689 0.032 0.032 0.032 0.032 0.032 0.032 0.032 0.032 0.032 0.032 0.032 0.032 0.032 0.032 0.032 0.032 0.032 0.032 0.032 0.032 0.032 0.032 0.606 0.606 0.606 0.606 0.606 0.606 0.606 0.606 0.606 0.606 0.606 0.606 0.606 0.606 0.606 0.606 0.606 0.606 0.606 0.606 0.606 0.606 -0.689 -0.689 -0.689 -0.689 -0.689 -0.689 -0.689 -0.689 -0.689 -0.689 -0.689 -0.689 -0.689 -0.689 -0.689 -0.689 -0.689 -0.689 -0.689 -0.689 -0.689 -0.689
0.03 0.33631 9.00000 2.3451938629 2.5807694286    2.340  1.907  3.6680  2.524    7  0.000  0.360     0.00     0.00     0.00     0.00     0.00 -1 -8.13e-12      0.00 6.466e-01 3.231e-01 3.410e-03 4.152e-03 1.262e-02 -1.000 3.026e-02       4656          0          0          0          0      13.87      13.87 0.001 0.089 0.655 -0.626 0.089 0.089 0.089 0.089 0.089 0.089 0.089 0.089 0.089 0.089 0.089 0.089 0.089 0.089 0.089 0.089 0.089 0.089 0.089 0.089 0.089 0.089 0.655 0.655 0.655 0.655 0.655 0.655 0.655 0.655 0.655 0.655 0.655 0.655 0.655 0.655 0.655 0.655 0.655 0.655 0.655 0.655 0.655 0.655 -0.626 -0.626 -0.626 -0.626 -0.626 -0.626 -0.626 -0.626 -0.626 -0.626 -0.626 -0.626 -0.626 -0.626 -0.626 -0.626 -0.626 -0.626 -0.626 -0.626 -0.626 -0.626
0.03 0.33631 9.00000 2.3452708721 2.5807716982    2.340  1.924  3.6664  2.500    7  0.000  0.360     0.00     0.00     0.00     0.00     0.00 -1 -8.67e-12      0.00 6.466e-01 3.231e-01 3.410e-03 4.152e-03 1.262e-02 -1.000 3.026e-02       4638          0          0          0          0      14.26      14.26 -0.041 0.053 0.624 -0.666 0.053 0.053 0.053 0.053 0.053 0.053 0.053 0.053 0.053 0.053 0.053 0.053 0.053 0.053 0.053 0.053 0.053 0.053 0.053 0.053 0.053 0.053 0.624 0.624 0.624 0.624 0.624 0.624 0.624 0.624 0.624 0.624 0.624 0.624 0.624 0.624 0.624 0.624 0.624 0.624 0.624 0.624 0.624 0.624 -0.666 -0.666 -0.666 -0.666 -0.666 -0.666 -0.666 -0.666 -0.666 -0.666 -0.666 -0.666 -0.666 -0.666 -0.666 -0.666 -0.666 -0.666 -0.666 -0.666 -0.666 -0.666
0.03 0.33631 9.00000 2.3453485966 2.5807739887    2.340  1.926  3.6668  2.500    7  0.000  0.360     0.00     0.00     0.00     0.00     0.00 -1 -8.95e-12      0.00 6.466e-01 3.231e-01 3.410e-03 4.152e-03 1.262e-02 -1.000 3.026e-02       4642          0          0          0          0      14.25      14.25 -0.046 0.047 0.617 -0.671 0.047 0.047 0.047 0.047 0.047 0.047 0.047 0.047 0.047 0.047 0.047 0.047 0.047 0.047 0.047 0.047 0.047 0.047 0.047 0.047 0.047 0.047 0.617 0.617 0.617 0.617 0.617 0.617 0.617 0.617 0.617 0.617 0.617 0.617 0.617 0.617 0.617 0.617 0.617 0.617 0.617 0.617 0.617 0.617 -0.671 -0.671 -0.671 -0.671 -0.671 -0.671 -0.671 -0.671 -0.671 -0.671 -0.671 -0.671 -0.671 -0.671 -0.671 -0.671 -0.671 -0.671 -0.671 -0.671 -0.671 -0.671
0.03 0.33631 9.00000 2.3454272747 2.5807763071    2.340  1.910  3.6675  2.519    7  0.000  0.360     0.00     0.00     0.00     0.00     0.00 -1 -8.11e-12      0.00 6.466e-01 3.231e-01 3.410e-03 4.152e-03 1.262e-02 -1.000 3.026e-02       4650          0          0          0          0      13.96      13.96 -0.006 0.084 0.652 -0.632 0.084 0.084 0.084 0.084 0.084 0.084 0.084 0.084 0.084 0.084 0.084 0.084 0.084 0.084 0.084 0.084 0.084 0.084 0.084 0.084 0.084 0.084 0.652 0.652 0.652 0.652 0.652 0.652 0.652 0.652 0.652 0.652 0.652 0.652 0.652 0.652 0.652 0.652 0.652 0.652 0.652 0.652 0.652 0.652 -0.632 -0.632 -0.632 -0.632 -0.632 -0.632 -0.632 -0.632 -0.632 -0.632 -0.632 -0.632 -0.632 -0.632 -0.632 -0.632 -0.632 -0.632 -0.632 -0.632 -0.632 -0.632
0.03 0.33631 9.00000 2.3455204964 2.5807790538    2.340  1.922  3.6671  2.506    7  0.000  0.360     0.00     0.00     0.00     0.00     0.00 -1 -8.78e-12      0.00 6.466e-01 3.231e-01 3.410e-03 4.152e-03 1.262e-02 -1.000 3.026e-02       4646          0          0          0          0      14.15      14.15 -0.034 0.057 0.626 -0.660 0.057 0.057 0.057 0.057 0.057 0.057 0.057 0.057 0.057 0.057 0.057 0.057 0.057 0.057 0.057 0.057 0.057 0.057 0.057 0.057 0.057 0.057 0.626 0.626 0.626 0.626 0.626 0.626 0.626 0.626 0.626 0.626 0.626 0.626 0.626 0.626 0.626 0.626 0.626 0.626 0.626 0.626 0.626 0.626 -0.660 -0.660 -0.660 -0.660 -0.660 -0.660 -0.660 -0.660 -0.660 -0.660 -0.660 -0.660 -0.660 -0.660 -0.660 -0.660 -0.660 -0.660 -0.660 -0.660 -0.660 -0.660
0.03 0.33631 9.00000 2.3455469608 2.5807798335    2.340  1.907  3.6681  2.525    7  0.000  0.360     0.00     0.00     0.00     0.00     0.00 -1 -8.12e-12      0.00 6.466e-01 3.231e-01 3.410e-03 4.152e-03 1.262e-02 -1.000 3.026e-02       4657          0          0          0          0      13.85      13.85 0.003 0.090 0.656 -0.624 0.090 0.090 0.090 0.090 0.090 0.090 0.090 0.090 0.090 0.090 0.090 0.090 0.090 0.090 0.090 0.090 0.090 0.090 0.090 0.090 0.090 0.090 0.656 0.656 0.656 0.656 0.656 0.656 0.656 0.656 0.656 0.656 0.656 0.656 0.656 0.656 0.656 0.656 0.656 0.656 0.656 0.656 0.656 0.656 -0.624 -0.624 -0.624 -0.624 -0.624 -0.624 -0.624 -0.624 -0.624 -0.624 -0.624 -0.624 -0.624 -0.624 -0.624 -0.624 -0.624 -0.624 -0.624 -0.624 -0.624 -0.624
0.03 0.33631 9.00000 2.3455686569 2.5807804728    2.340  1.902  3.6683  2.531    7  0.000  0.360     0.00     0.00     0.00     0.00     0.00 -1 -7.82e-12      0.00 6.466e-01 3.231e-01 3.410e-03 4.152e-03 1.262e-02 -1.000 3.026e-02       4658          0          0          0          0      13.75      13.75 0.016 0.103 0.668 -0.611 0.103 0.103 0.103 0.103 0.103 0.103 0.103 0.103 0.103 0.103 0.103 0.103 0.103 0.103 0.103 0.103 0.103 0.103 0.103 0.103 0.103 0.103 0.668 0.668 0.668 0.668 0.668 0.668 0.668 0.668 0.668 0.668 0.668 0.668 0.668 0.668 0.668 0.668 0.668 0.668 0.668 0.668 0.668 0.668 -0.611 -0.611 -0.611 -0.611 -0.611 -0.611 -0.611 -0.611 -0.611 -0.611 -0.611 -0.611 -0.611 -0.611 -0.611 -0.611 -0.611 -0.611 -0.611 -0.611 -0.611 -0.611
0.03 0.33631 9.00000 2.3455922604 2.5807811681    2.340  1.909  3.6676  2.521    7  0.000  0.360     0.00     0.00     0.00     0.00     0.00 -1 -8.08e-12      0.00 6.466e-01 3.231e-01 3.410e-03 4.152e-03 1.262e-02 -1.000 3.026e-02       4651          0          0          0          0      13.93      13.93 -0.003 0.086 0.654 -0.629 0.086 0.086 0.086 0.086 0.086 0.086 0.086 0.086 0.086 0.086 0.086 0.086 0.086 0.086 0.086 0.086 0.086 0.086 0.086 0.086 0.086 0.086 0.654 0.654 0.654 0.654 0.654 0.654 0.654 0.654 0.654 0.654 0.654 0.654 0.654 0.654 0.654 0.654 0.654 0.654 0.654 0.654 0.654 0.654 -0.629 -0.629 -0.629 -0.629 -0.629 -0.629 -0.629 -0.629 -0.629 -0.629 -0.629 -0.629 -0.629 -0.629 -0.629 -0.629 -0.629 -0.629 -0.629 -0.629 -0.629 -0.629
0.03 0.33631 9.00000 2.3456232548 2.5807820813    2.340  1.925  3.6664  2.500    7  0.000  0.360     0.00     0.00     0.00     0.00     0.00 -1  -8.7e-12      0.00 6.466e-01 3.231e-01 3.410e-03 4.152e-03 1.262e-02 -1.000 3.026e-02       4638          0          0          0          0      14.27      14.27 -0.042 0.052 0.624 -0.666 0.052 0.052 0.052 0.052 0.052 0.052 0.052 0.052 0.052 0.052 0.052 0.052 0.052 0.052 0.052 0.052 0.052 0.052 0.052 0.052 0.052 0.052 0.624 0.624 0.624 0.624 0.624 0.624 0.624 0.624 0.624 0.624 0.624 0.624 0.624 0.624 0.624 0.624 0.624 0.624 0.624 0.624 0.624 0.624 -0.666 -0.666 -0.666 -0.666 -0.666 -0.666 -0.666 -0.666 -0.666 -0.666 -0.666 -0.666 -0.666 -0.666 -0.666 -0.666 -0.666 -0.666 -0.666 -0.666 -0.666 -0.666
0.03 0.33631 9.00000 2.3456616402 2.5807832121    2.340  1.931  3.6663  2.493    7  0.000  0.360     0.00     0.00     0.00     0.00     0.00 -1 -9.11e-12      0.00 6.466e-01 3.231e-01 3.410e-03 4.152e-03 1.262e-02 -1.000 3.026e-02       4637          0          0          0          0      14.36      14.36 -0.057 0.037 0.609 -0.682 0.037 0.037 0.037 0.037 0.037 0.037 0.037 0.037 0.037 0.037 0.037 0.037 0.037 0.037 0.037 0.037 0.037 0.037 0.037 0.037 0.037 0.037 0.609 0.609 0.609 0.609 0.609 0.609 0.609 0.609 0.609 0.609 0.609 0.609 0.609 0.609 0.609 0.609 0.609 0.609 0.609 0.609 0.609 0.609 -0.682 -0.682 -0.682 -0.682 -0.682 -0.682 -0.682 -0.682 -0.682 -0.682 -0.682 -0.682 -0.682 -0.682 -0.682 -0.682 -0.682 -0.682 -0.682 -0.682 -0.682 -0.682
0.03 0.33631 9.00000 2.3457100391 2.5807846378    2.340  1.904  3.6684  2.529    7  0.000  0.360     0.00     0.00     0.00     0.00     0.00 -1 -7.96e-12      0.00 6.466e-01 3.231e-01 3.410e-03 4.152e-03 1.262e-02 -1.000 3.026e-02       4659          0          0          0          0      13.78      13.78 0.011 0.097 0.663 -0.617 0.097 0.097 0.097 0.097 0.097 0.097 0.097 0.097 0.097 0.097 0.097 0.097 0.097 0.097 0.097 0.097 0.097 0.097 0.097 0.097 0.097 0.097 0.663 0.663 0.663 0.663 0.663 0.663 0.663 0.663 0.663 0.663 0.663 0.663 0.663 0.663 0.663 0.663 0.663 0.663 0.663 0.663 0.663 0.663 -0.617 -0.617 -0.617 -0.617 -0.617 -0.617 -0.617 -0.617 -0.617 -0.617 -0.617 -0.617 -0.617 -0.617 -0.617 -0.617 -0.617 -0.617 -0.617 -0.617 -0.617 -0.617
0.03 0.33631 9.00000 2.3457863331 2.5807868852    2.340  1.920  3.6669  2.506    7  0.000  0.360     0.00     0.00     0.00     0.00     0.00 -1 -8.54e-12      0.00 6.466e-01 3.231e-01 3.410e-03 4.152e-03 1.262e-02 -1.000 3.026e-02       4643          0          0          0          0      14.16      14.16 -0.031 0.061 0.631 -0.656 0.061 0.061 0.061 0.061 0.061 0.061 0.061 0.061 0.061 0.061 0.061 0.061 0.061 0.061 0.061 0.061 0.061 0.061 0.061 0.061 0.061 0.061 0.631 0.631 0.631 0.631 0.631 0.631 0.631 0.631 0.631 0.631 0.631 0.631 0.631 0.631 0.631 0.631 0.631 0.631 0.631 0.631 0.631 0.631 -0.656 -0.656 -0.656 -0.656 -0.656 -0.656 -0.656 -0.656 -0.656 -0.656 -0.656 -0.656 -0.656 -0.656 -0.656 -0.656 -0.656 -0.656 -0.656 -0.656 -0.656 -0.656
0.03 0.33631 9.00000 2.3459758759 2.5807924678    2.340  1.916  3.6673  2.512    7  0.000  0.360     0.00     0.00     0.00     0.00     0.00 -1 -8.43e-12      0.00 6.466e-01 3.231e-01 3.410e-03 4.152e-03 1.262e-02 -1.000 3.026e-02       4648          0          0          0          0      14.06      14.06 -0.021 0.070 0.638 -0.647 0.070 0.070 0.070 0.070 0.070 0.070 0.070 0.070 0.070 0.070 0.070 0.070 0.070 0.070 0.070 0.070 0.070 0.070 0.070 0.070 0.070 0.070 0.638 0.638 0.638 0.638 0.638 0.638 0.638 0.638 0.638 0.638 0.638 0.638 0.638 0.638 0.638 0.638 0.638 0.638 0.638 0.638 0.638 0.638 -0.647 -0.647 -0.647 -0.647 -0.647 -0.647 -0.647 -0.647 -0.647 -0.647 -0.647 -0.647 -0.647 -0.647 -0.647 -0.647 -0.647 -0.647 -0.647 -0.647 -0.647 -0.647
0.03 0.33631 9.00000 2.3460545540 2.5807947847    2.341  1.899  3.6686  2.535    7  0.000  0.360     0.00     0.00     0.00     0.00     0.00 -1 -7.71e-12      0.00 6.466e-01 3.231e-01 3.410e-03 4.152e-03 1.262e-02 -1.000 3.026e-02       4661          0          0          0          0      13.69      13.69 0.022 0.108 0.673 -0.606 0.108 0.108 0.108 0.108 0.108 0.108 0.108 0.108 0.108 0.108 0.108 0.108 0.108 0.108 0.108 0.108 0.108 0.108 0.108 0.108 0.108 0.108 0.673 0.673 0.673 0.673 0.673 0.673 0.673 0.673 0.673 0.673 0.673 0.673 0.673 0.673 0.673 0.673 0.673 0.673 0.673 0.673 0.673 0.673 -0.606 -0.606 -0.606 -0.606 -0.606 -0.606 -0.606 -0.606 -0.606 -0.606 -0.606 -0.606 -0.606 -0.606 -0.606 -0.606 -0.606 -0.606 -0.606 -0.606 -0.606 -0.606
0.03 0.33631 9.00000 2.3461115360 2.5807964627    2.341  1.912  3.6674  2.517    7  0.000  0.360     0.00     0.00     0.00     0.00     0.00 -1 -8.21e-12      0.00 6.466e-01 3.231e-01 3.410e-03 4.152e-03 1.262e-02 -1.000 3.026e-02       4648          0          0          0          0         14         14 -0.010 0.080 0.648 -0.636 0.080 0.080 0.080 0.080 0.080 0.080 0.080 0.080 0.080 0.080 0.080 0.080 0.080 0.080 0.080 0.080 0.080 0.080 0.080 0.080 0.080 0.080 0.648 0.648 0.648 0.648 0.648 0.648 0.648 0.648 0.648 0.648 0.648 0.648 0.648 0.648 0.648 0.648 0.648 0.648 0.648 0.648 0.648 0.648 -0.636 -0.636 -0.636 -0.636 -0.636 -0.636 -0.636 -0.636 -0.636 -0.636 -0.636 -0.636 -0.636 -0.636 -0.636 -0.636 -0.636 -0.636 -0.636 -0.636 -0.636 -0.636
0.03 0.33631 9.00000 2.3461728096 2.5807982669    2.341  1.912  3.6677  2.518    7  0.000  0.360     0.00     0.00     0.00     0.00     0.00 -1 -8.35e-12      0.00 6.466e-01 3.231e-01 3.410e-03 4.152e-03 1.262e-02 -1.000 3.026e-02       4652          0          0          0          0      13.96      13.96 -0.011 0.078 0.645 -0.638 0.078 0.078 0.078 0.078 0.078 0.078 0.078 0.078 0.078 0.078 0.078 0.078 0.078 0.078 0.078 0.078 0.078 0.078 0.078 0.078 0.078 0.078 0.645 0.645 0.645 0.645 0.645 0.645 0.645 0.645 0.645 0.645 0.645 0.645 0.645 0.645 0.645 0.645 0.645 0.645 0.645 0.645 0.645 0.645 -0.638 -0.638 -0.638 -0.638 -0.638 -0.638 -0.638 -0.638 -0.638 -0.638 -0.638 -0.638 -0.638 -0.638 -0.638 -0.638 -0.638 -0.638 -0.638 -0.638 -0.638 -0.638
0.03 0.33631 9.00000 2.3462357521 2.5808001201    2.341  1.908  3.6678  2.523    7  0.000  0.360     0.00     0.00     0.00     0.00     0.00 -1 -8.06e-12      0.00 6.466e-01 3.231e-01 3.410e-03 4.153e-03 1.262e-02 -1.000 3.026e-02       4653          0          0          0          0      13.89      13.89 0.001 0.089 0.656 -0.626 0.089 0.089 0.089 0.089 0.089 0.089 0.089 0.089 0.089 0.089 0.089 0.089 0.089 0.089 0.089 0.089 0.089 0.089 0.089 0.089 0.089 0.089 0.656 0.656 0.656 0.656 0.656 0.656 0.656 0.656 0.656 0.656 0.656 0.656 0.656 0.656 0.656 0.656 0.656 0.656 0.656 0.656 0.656 0.656 -0.626 -0.626 -0.626 -0.626 -0.626 -0.626 -0.626 -0.626 -0.626 -0.626 -0.626 -0.626 -0.626 -0.626 -0.626 -0.626 -0.626 -0.626 -0.626 -0.626 -0.626 -0.626
0.03 0.33631 9.00000 2.3463065624 2.5808022049    2.341  1.918  3.6673  2.511    7  0.000  0.360     0.00     0.00     0.00     0.00     0.00 -1 -8.52e-12      0.00 6.466e-01 3.231e-01 3.410e-03 4.153e-03 1.262e-02 -1.000 3.026e-02       4648          0          0          0          0      14.09      14.09 -0.024 0.066 0.634 -0.651 0.066 0.066 0.066 0.066 0.066 0.066 0.066 0.066 0.066 0.066 0.066 0.066 0.066 0.066 0.066 0.066 0.066 0.066 0.066 0.066 0.066 0.066 0.634 0.634 0.634 0.634 0.634 0.634 0.634 0.634 0.634 0.634 0.634 0.634 0.634 0.634 0.634 0.634 0.634 0.634 0.634 0.634 0.634 0.634 -0.651 -0.651 -0.651 -0.651 -0.651 -0.651 -0.651 -0.651 -0.651 -0.651 -0.651 -0.651 -0.651 -0.651 -0.651 -0.651 -0.651 -0.651 -0.651 -0.651 -0.651 -0.651
0.03 0.33631 9.00000 2.3463597298 2.5808037701    2.341  1.914  3.6675  2.515    7  0.000  0.360     0.00     0.00     0.00     0.00     0.00 -1 -8.32e-12      0.00 6.466e-01 3.231e-01 3.410e-03 4.153e-03 1.262e-02 -1.000 3.026e-02       4649          0          0          0          0         14         14 -0.015 0.075 0.643 -0.642 0.075 0.075 0.075 0.075 0.075 0.075 0.075 0.075 0.075 0.075 0.075 0.075 0.075 0.075 0.075 0.075 0.075 0.075 0.075 0.075 0.075 0.075 0.643 0.643 0.643 0.643 0.643 0.643 0.643 0.643 0.643 0.643 0.643 0.643 0.643 0.643 0.643 0.643 0.643 0.643 0.643 0.643 0.643 0.643 -0.642 -0.642 -0.642 -0.642 -0.642 -0.642 -0.642 -0.642 -0.642 -0.642 -0.642 -0.642 -0.642 -0.642 -0.642 -0.642 -0.642 -0.642 -0.642 -0.642 -0.642 -0.642
0.03 0.33631 9.00000 2.3463835716 2.5808044720    2.341  1.913  3.6675  2.517    7  0.000  0.360     0.00     0.00     0.00     0.00     0.00 -1 -8.22e-12      0.00 6.466e-01 3.231e-01 3.410e-03 4.153e-03 1.262e-02 -1.000 3.026e-02       4650          0          0          0          0      13.98      13.98 -0.011 0.078 0.646 -0.638 0.078 0.078 0.078 0.078 0.078 0.078 0.078 0.078 0.078 0.078 0.078 0.078 0.078 0.078 0.078 0.078 0.078 0.078 0.078 0.078 0.078 0.078 0.646 0.646 0.646 0.646 0.646 0.646 0.646 0.646 0.646 0.646 0.646 0.646 0.646 0.646 0.646 0.646 0.646 0.646 0.646 0.646 0.646 0.646 -0.638 -0.638 -0.638 -0.638 -0.638 -0.638 -0.638 -0.638 -0.638 -0.638 -0.638 -0.638 -0.638 -0.638 -0.638 -0.638 -0.638 -0.638 -0.638 -0.638 -0.638 -0.638
0.03 0.33631 9.00000 2.3464097977 2.5808052440    2.341  1.918  3.6670  2.509    7  0.000  0.360     0.00     0.00     0.00     0.00     0.00 -1 -8.44e-12      0.00 6.466e-01 3.231e-01 3.410e-03 4.153e-03 1.262e-02 -1.000 3.026e-02       4644          0          0          0          0      14.12      14.12 -0.025 0.066 0.636 -0.651 0.066 0.066 0.066 0.066 0.066 0.066 0.066 0.066 0.066 0.066 0.066 0.066 0.066 0.066 0.066 0.066 0.066 0.066 0.066 0.066 0.066 0.066 0.636 0.636 0.636 0.636 0.636 0.636 0.636 0.636 0.636 0.636 0.636 0.636 0.636 0.636 0.636 0.636 0.636 0.636 0.636 0.636 0.636 0.636 -0.651 -0.651 -0.651 -0.651 -0.651 -0.651 -0.651 -0.651 -0.651 -0.651 -0.651 -0.651 -0.651 -0.651 -0.651 -0.651 -0.651 -0.651 -0.651 -0.651 -0.651 -0.651
0.03 0.33631 9.00000 2.3464426994 2.5808062126    2.341  1.923  3.6666  2.503    7  0.000  0.360     0.00     0.00     0.00     0.00     0.00 -1 -8.65e-12      0.00 6.466e-01 3.231e-01 3.410e-03 4.153e-03 1.262e-02 -1.000 3.026e-02       4641          0          0          0          0      14.23      14.23 -0.037 0.056 0.627 -0.662 0.056 0.056 0.056 0.056 0.056 0.056 0.056 0.056 0.056 0.056 0.056 0.056 0.056 0.056 0.056 0.056 0.056 0.056 0.056 0.056 0.056 0.056 0.627 0.627 0.627 0.627 0.627 0.627 0.627 0.627 0.627 0.627 0.627 0.627 0.627 0.627 0.627 0.627 0.627 0.627 0.627 0.627 0.627 0.627 -0.662 -0.662 -0.662 -0.662 -0.662 -0.662 -0.662 -0.662 -0.662 -0.662 -0.662 -0.662 -0.662 -0.662 -0.662 -0.662 -0.662 -0.662 -0.662 -0.662 -0.662 -0.662
0.03 0.33631 9.00000 2.3464810848 2.5808073425    2.341  1.915  3.6674  2.514    7  0.000  0.360     0.00     0.00     0.00     0.00     0.00 -1 -8.33e-12      0.00 6.466e-01 3.231e-01 3.410e-03 4.153e-03 1.262e-02 -1.000 3.026e-02       4649          0          0          0          0      14.02      14.02 -0.016 0.074 0.642 -0.643 0.074 0.074 0.074 0.074 0.074 0.074 0.074 0.074 0.074 0.074 0.074 0.074 0.074 0.074 0.074 0.074 0.074 0.074 0.074 0.074 0.074 0.074 0.642 0.642 0.642 0.642 0.642 0.642 0.642 0.642 0.642 0.642 0.642 0.642 0.642 0.642 0.642 0.642 0.642 0.642 0.642 0.642 0.642 0.642 -0.643 -0.643 -0.643 -0.643 -0.643 -0.643 -0.643 -0.643 -0.643 -0.643 -0.643 -0.643 -0.643 -0.643 -0.643 -0.643 -0.643 -0.643 -0.643 -0.643 -0.643 -0.643
0.03 0.33631 9.00000 2.3465332985 2.5808088794    2.341  1.913  3.6674  2.515    7  0.000  0.360     0.00     0.00     0.00     0.00     0.00 -1 -8.23e-12      0.00 6.466e-01 3.231e-01 3.410e-03 4.153e-03 1.262e-02 -1.000 3.026e-02       4648          0          0          0          0         14         14 -0.014 0.077 0.645 -0.640 0.077 0.077 0.077 0.077 0.077 0.077 0.077 0.077 0.077 0.077 0.077 0.077 0.077 0.077 0.077 0.077 0.077 0.077 0.077 0.077 0.077 0.077 0.645 0.645 0.645 0.645 0.645 0.645 0.645 0.645 0.645 0.645 0.645 0.645 0.645 0.645 0.645 0.645 0.645 0.645 0.645 0.645 0.645 0.645 -0.640 -0.640 -0.640 -0.640 -0.640 -0.640 -0.640 -0.640 -0.640 -0.640 -0.640 -0.640 -0.640 -0.640 -0.640 -0.640 -0.640 -0.640 -0.640 -0.640 -0.640 -0.640
0.03 0.33631 9.00000 2.3466823101 2.5808132651    2.341  1.910  3.6676  2.520    7  0.000  0.360     0.00     0.00     0.00     0.00     0.00 -1 -8.08e-12      0.00 6.466e-01 3.231e-01 3.410e-03 4.153e-03 1.262e-02 -1.000 3.026e-02       4651          0          0          0          0      13.93      13.93 -0.005 0.084 0.652 -0.631 0.084 0.084 0.084 0.084 0.084 0.084 0.084 0.084 0.084 0.084 0.084 0.084 0.084 0.084 0.084 0.084 0.084 0.084 0.084 0.084 0.084 0.084 0.652 0.652 0.652 0.652 0.652 0.652 0.652 0.652 0.652 0.652 0.652 0.652 0.652 0.652 0.652 0.652 0.652 0.652 0.652 0.652 0.652 0.652 -0.631 -0.631 -0.631 -0.631 -0.631 -0.631 -0.631 -0.631 -0.631 -0.631 -0.631 -0.631 -0.631 -0.631 -0.631 -0.631 -0.631 -0.631 -0.631 -0.631 -0.631 -0.631
0.03 0.33631 9.00000 2.3467836380 2.5808162469    2.341  1.910  3.6679  2.521    7  0.000  0.360     0.00     0.00     0.00     0.00     0.00 -1 -8.15e-12      0.00 6.466e-01 3.231e-01 3.410e-03 4.153e-03 1.262e-02 -1.000 3.026e-02       4654          0          0          0          0      13.92      13.92 -0.004 0.084 0.651 -0.631 0.084 0.084 0.084 0.084 0.084 0.084 0.084 0.084 0.084 0.084 0.084 0.084 0.084 0.084 0.084 0.084 0.084 0.084 0.084 0.084 0.084 0.084 0.651 0.651 0.651 0.651 0.651 0.651 0.651 0.651 0.651 0.651 0.651 0.651 0.651 0.651 0.651 0.651 0.651 0.651 0.651 0.651 0.651 0.651 -0.631 -0.631 -0.631 -0.631 -0.631 -0.631 -0.631 -0.631 -0.631 -0.631 -0.631 -0.631 -0.631 -0.631 -0.631 -0.631 -0.631 -0.631 -0.631 -0.631 -0.631 -0.631
0.03 0.33631 9.00000 2.3468530178 2.5808182885    2.341  1.919  3.6669  2.509    7  0.000  0.360     0.00     0.00     0.00     0.00     0.00 -1 -8.45e-12      0.00 6.466e-01 3.231e-01 3.410e-03 4.153e-03 1.262e-02 -1.000 3.026e-02       4644          0          0          0          0      14.11      14.11 -0.027 0.065 0.635 -0.652 0.065 0.065 0.065 0.065 0.065 0.065 0.065 0.065 0.065 0.065 0.065 0.065 0.065 0.065 0.065 0.065 0.065 0.065 0.065 0.065 0.065 0.065 0.635 0.635 0.635 0.635 0.635 0.635 0.635 0.635 0.635 0.635 0.635 0.635 0.635 0.635 0.635 0.635 0.635 0.635 0.635 0.635 0.635 0.635 -0.652 -0.652 -0.652 -0.652 -0.652 -0.652 -0.652 -0.652 -0.652 -0.652 -0.652 -0.652 -0.652 -0.652 -0.652 -0.652 -0.652 -0.652 -0.652 -0.652 -0.652 -0.652
0.03 0.33631 9.00000 2.3469140530 2.5808200844    2.341  1.918  3.6673  2.510    7  0.000  0.360     0.00     0.00     0.00     0.00     0.00 -1 -8.58e-12      0.00 6.466e-01 3.231e-01 3.410e-03 4.153e-03 1.262e-02 -1.000 3.026e-02       4648          0          0          0          0       14.1       14.1 -0.026 0.064 0.633 -0.652 0.064 0.064 0.064 0.064 0.064 0.064 0.064 0.064 0.064 0.064 0.064 0.064 0.064 0.064 0.064 0.064 0.064 0.064 0.064 0.064 0.064 0.064 0.633 0.633 0.633 0.633 0.633 0.633 0.633 0.633 0.633 0.633 0.633 0.633 0.633 0.633 0.633 0.633 0.633 0.633 0.633 0.633 0.633 0.633 -0.652 -0.652 -0.652 -0.652 -0.652 -0.652 -0.652 -0.652 -0.652 -0.652 -0.652 -0.652 -0.652 -0.652 -0.652 -0.652 -0.652 -0.652 -0.652 -0.652 -0.652 -0.652
0.03 0.33631 9.00000 2.3469712734 2.5808217679    2.341  1.903  3.6682  2.529    7  0.000  0.360     0.00     0.00     0.00     0.00     0.00 -1  -7.8e-12      0.00 6.466e-01 3.231e-01 3.410e-03 4.153e-03 1.262e-02 -1.000 3.026e-02       4657          0          0          0          0      13.78      13.78 0.013 0.100 0.666 -0.615 0.100 0.100 0.100 0.100 0.100 0.100 0.100 0.100 0.100 0.100 0.100 0.100 0.100 0.100 0.100 0.100 0.100 0.100 0.100 0.100 0.100 0.100 0.666 0.666 0.666 0.666 0.666 0.666 0.666 0.666 0.666 0.666 0.666 0.666 0.666 0.666 0.666 0.666 0.666 0.666 0.666 0.666 0.666 0.666 -0.615 -0.615 -0.615 -0.615 -0.615 -0.615 -0.615 -0.615 -0.615 -0.615 -0.615 -0.615 -0.615 -0.615 -0.615 -0.615 -0.615 -0.615 -0.615 -0.615 -0.615 -0.615
0.03 0.33631 9.00000 2.3470301628 2.5808235005    2.341  1.924  3.6666  2.502    7  0.000  0.360     0.00     0.00     0.00     0.00     0.00 -1 -8.76e-12      0.00 6.466e-01 3.231e-01 3.410e-03 4.153e-03 1.262e-02 -1.000 3.026e-02       4640          0          0          0          0      14.23      14.23 -0.041 0.052 0.623 -0.666 0.052 0.052 0.052 0.052 0.052 0.052 0.052 0.052 0.052 0.052 0.052 0.052 0.052 0.052 0.052 0.052 0.052 0.052 0.052 0.052 0.052 0.052 0.623 0.623 0.623 0.623 0.623 0.623 0.623 0.623 0.623 0.623 0.623 0.623 0.623 0.623 0.623 0.623 0.623 0.623 0.623 0.623 0.623 0.623 -0.666 -0.666 -0.666 -0.666 -0.666 -0.666 -0.666 -0.666 -0.666 -0.666 -0.666 -0.666 -0.666 -0.666 -0.666 -0.666 -0.666 -0.666 -0.666 -0.666 -0.666 -0.666
0.03 0.33631 9.00000 2.3471028805 2.5808256397    2.342  1.905  3.6682  2.528    7  0.000  0.360     0.00     0.00     0.00     0.00     0.00 -1 -7.92e-12      0.00 6.466e-01 3.231e-01 3.410e-03 4.153e-03 1.262e-02 -1.000 3.026e-02       4657          0          0          0          0      13.82      13.82 0.009 0.096 0.662 -0.619 0.096 0.096 0.096 0.096 0.096 0.096 0.096 0.096 0.096 0.096 0.096 0.096 0.096 0.096 0.096 0.096 0.096 0.096 0.096 0.096 0.096 0.096 0.662 0.662 0.662 0.662 0.662 0.662 0.662 0.662 0.662 0.662 0.662 0.662 0.662 0.662 0.662 0.662 0.662 0.662 0.662 0.662 0.662 0.662 -0.619 -0.619 -0.619 -0.619 -0.619 -0.619 -0.619 -0.619 -0.619 -0.619 -0.619 -0.619 -0.619 -0.619 -0.619 -0.619 -0.619 -0.619 -0.619 -0.619 -0.619 -0.619
0.03 0.33631 9.00000 2.3471343517 2.5808265655    2.342  1.905  3.6679  2.526    7  0.000  0.360     0.00     0.00     0.00     0.00     0.00 -1 -7.87e-12      0.00 6.466e-01 3.231e-01 3.410e-03 4.153e-03 1.262e-02 -1.000 3.026e-02       4654          0          0          0          0      13.83      13.83 0.007 0.095 0.662 -0.620 0.095 0.095 0.095 0.095 0.095 0.095 0.095 0.095 0.095 0.095 0.095 0.095 0.095 0.095 0.095 0.095 0.095 0.095 0.095 0.095 0.095 0.095 0.662 0.662 0.662 0.662 0.662 0.662 0.662 0.662 0.662 0.662 0.662 0.662 0.662 0.662 0.662 0.662 0.662 0.662 0.662 0.662 0.662 0.662 -0.620 -0.620 -0.620 -0.620 -0.620 -0.620 -0.620 -0.620 -0.620 -0.620 -0.620 -0.620 -0.620 -0.620 -0.620 -0.620 -0.620 -0.620 -0.620 -0.620 -0.620 -0.620
0.03 0.33631 9.00000 2.3471605778 2.5808273370    2.342  1.925  3.6664  2.500    7  0.000  0.360     0.00     0.00     0.00     0.00     0.00 -1  -8.7e-12      0.00 6.466e-01 3.231e-01 3.410e-03 4.153e-03 1.262e-02 -1.000 3.026e-02       4638          0          0          0          0      14.25      14.25 -0.042 0.051 0.623 -0.667 0.051 0.051 0.051 0.051 0.051 0.051 0.051 0.051 0.051 0.051 0.051 0.051 0.051 0.051 0.051 0.051 0.051 0.051 0.051 0.051 0.051 0.051 0.623 0.623 0.623 0.623 0.623 0.623 0.623 0.623 0.623 0.623 0.623 0.623 0.623 0.623 0.623 0.623 0.623 0.623 0.623 0.623 0.623 0.623 -0.667 -0.667 -0.667 -0.667 -0.667 -0.667 -0.667 -0.667 -0.667 -0.667 -0.667 -0.667 -0.667 -0.667 -0.667 -0.667 -0.667 -0.667 -0.667 -0.667 -0.667 -0.667
0.03 0.33631 9.00000 2.3471944332 2.5808283329    2.342  1.925  3.6667  2.502    7  0.000  0.360     0.00     0.00     0.00     0.00     0.00 -1 -8.82e-12      0.00 6.466e-01 3.231e-01 3.410e-03 4.153e-03 1.262e-02 -1.000 3.026e-02       4641          0          0          0          0      14.23      14.23 -0.042 0.051 0.621 -0.667 0.051 0.051 0.051 0.051 0.051 0.051 0.051 0.051 0.051 0.051 0.051 0.051 0.051 0.051 0.051 0.051 0.051 0.051 0.051 0.051 0.051 0.051 0.621 0.621 0.621 0.621 0.621 0.621 0.621 0.621 0.621 0.621 0.621 0.621 0.621 0.621 0.621 0.621 0.621 0.621 0.621 0.621 0.621 0.621 -0.667 -0.667 -0.667 -0.667 -0.667 -0.667 -0.667 -0.667 -0.667 -0.667 -0.667 -0.667 -0.667 -0.667 -0.667 -0.667 -0.667 -0.667 -0.667 -0.667 -0.667 -0.667
0.03 0.33631 9.00000 2.3472313881 2.5808294199    2.342  1.915  3.6677  2.515    7  0.000  0.360     0.00     0.00     0.00     0.00     0.00 -1 -8.45e-12      0.00 6.466e-01 3.231e-01 3.410e-03 4.153e-03 1.262e-02 -1.000 3.026e-02       4652          0          0          0          0      14.01      14.01 -0.017 0.072 0.639 -0.644 0.072 0.072 0.072 0.072 0.072 0.072 0.072 0.072 0.072 0.072 0.072 0.072 0.072 0.072 0.072 0.072 0.072 0.072 0.072 0.072 0.072 0.072 0.639 0.639 0.639 0.639 0.639 0.639 0.639 0.639 0.639 0.639 0.639 0.639 0.639 0.639 0.639 0.639 0.639 0.639 0.639 0.639 0.639 0.639 -0.644 -0.644 -0.644 -0.644 -0.644 -0.644 -0.644 -0.644 -0.644 -0.644 -0.644 -0.644 -0.644 -0.644 -0.644 -0.644 -0.644 -0.644 -0.644 -0.644 -0.644 -0.644
0.03 0.33631 9.00000 2.3472750187 2.5808307032    2.342  1.904  3.6680  2.527    7  0.000  0.360     0.00     0.00     0.00     0.00     0.00 -1 -7.86e-12      0.00 6.466e-01 3.231e-01 3.410e-03 4.153e-03 1.262e-02 -1.000 3.026e-02       4656          0          0          0          0      13.81      13.81 0.009 0.096 0.663 -0.618 0.096 0.096 0.096 0.096 0.096 0.096 0.096 0.096 0.096 0.096 0.096 0.096 0.096 0.096 0.096 0.096 0.096 0.096 0.096 0.096 0.096 0.096 0.663 0.663 0.663 0.663 0.663 0.663 0.663 0.663 0.663 0.663 0.663 0.663 0.663 0.663 0.663 0.663 0.663 0.663 0.663 0.663 0.663 0.663 -0.618 -0.618 -0.618 -0.618 -0.618 -0.618 -0.618 -0.618 -0.618 -0.618 -0.618 -0.618 -0.618 -0.618 -0.618 -0.618 -0.618 -0.618 -0.618 -0.618 -0.618 -0.618
0.03 0.33631 9.00000 2.3474256992 2.5808351348    2.342  1.909  3.6677  2.522    7  0.000  0.360     0.00     0.00     0.00     0.00     0.00 -1 -8.03e-12      0.00 6.466e-01 3.231e-01 3.409e-03 4.153e-03 1.262e-02 -1.000 3.026e-02       4652          0          0          0          0       13.9       13.9 -0.002 0.087 0.654 -0.628 0.087 0.087 0.087 0.087 0.087 0.087 0.087 0.087 0.087 0.087 0.087 0.087 0.087 0.087 0.087 0.087 0.087 0.087 0.087 0.087 0.087 0.087 0.654 0.654 0.654 0.654 0.654 0.654 0.654 0.654 0.654 0.654 0.654 0.654 0.654 0.654 0.654 0.654 0.654 0.654 0.654 0.654 0.654 0.654 -0.628 -0.628 -0.628 -0.628 -0.628 -0.628 -0.628 -0.628 -0.628 -0.628 -0.628 -0.628 -0.628 -0.628 -0.628 -0.628 -0.628 -0.628 -0.628 -0.628 -0.628 -0.628
0.03 0.33631 9.00000 2.3475272655 2.5808381215    2.342  1.919  3.6673  2.509    7  0.000  0.360     0.00     0.00     0.00     0.00     0.00 -1 -8.65e-12      0.00 6.466e-01 3.231e-01 3.409e-03 4.153e-03 1.262e-02 -1.000 3.026e-02       4647          0          0          0          0      14.11      14.11 -0.028 0.062 0.631 -0.654 0.062 0.062 0.062 0.062 0.062 0.062 0.062 0.062 0.062 0.062 0.062 0.062 0.062 0.062 0.062 0.062 0.062 0.062 0.062 0.062 0.062 0.062 0.631 0.631 0.631 0.631 0.631 0.631 0.631 0.631 0.631 0.631 0.631 0.631 0.631 0.631 0.631 0.631 0.631 0.631 0.631 0.631 0.631 0.631 -0.654 -0.654 -0.654 -0.654 -0.654 -0.654 -0.654 -0.654 -0.654 -0.654 -0.654 -0.654 -0.654 -0.654 -0.654 -0.654 -0.654 -0.654 -0.654 -0.654 -0.654 -0.654
0.03 0.33631 9.00000 2.3475916386 2.5808400143    2.342  1.914  3.6672  2.514    7  0.000  0.360     0.00     0.00     0.00     0.00     0.00 -1 -8.21e-12      0.00 6.466e-01 3.231e-01 3.409e-03 4.153e-03 1.262e-02 -1.000 3.026e-02       4646          0          0          0          0      14.02      14.02 -0.016 0.075 0.644 -0.641 0.075 0.075 0.075 0.075 0.075 0.075 0.075 0.075 0.075 0.075 0.075 0.075 0.075 0.075 0.075 0.075 0.075 0.075 0.075 0.075 0.075 0.075 0.644 0.644 0.644 0.644 0.644 0.644 0.644 0.644 0.644 0.644 0.644 0.644 0.644 0.644 0.644 0.644 0.644 0.644 0.644 0.644 0.644 0.644 -0.641 -0.641 -0.641 -0.641 -0.641 -0.641 -0.641 -0.641 -0.641 -0.641 -0.641 -0.641 -0.641 -0.641 -0.641 -0.641 -0.641 -0.641 -0.641 -0.641 -0.641 -0.641
0.03 0.33631 9.00000 2.3476529121 2.5808418159    2.342  1.932  3.6662  2.492    7  0.000  0.360     0.00     0.00     0.00     0.00     0.00 -1 -9.16e-12      0.00 6.466e-01 3.232e-01 3.409e-03 4.153e-03 1.262e-02 -1.000 3.026e-02       4636          0          0          0          0      14.39      14.39 -0.061 0.034 0.606 -0.686 0.034 0.034 0.034 0.034 0.034 0.034 0.034 0.034 0.034 0.034 0.034 0.034 0.034 0.034 0.034 0.034 0.034 0.034 0.034 0.034 0.034 0.034 0.606 0.606 0.606 0.606 0.606 0.606 0.606 0.606 0.606 0.606 0.606 0.606 0.606 0.606 0.606 0.606 0.606 0.606 0.606 0.606 0.606 0.606 -0.686 -0.686 -0.686 -0.686 -0.686 -0.686 -0.686 -0.686 -0.686 -0.686 -0.686 -0.686 -0.686 -0.686 -0.686 -0.686 -0.686 -0.686 -0.686 -0.686 -0.686 -0.686
0.03 0.33631 9.00000 2.3477079868 2.5808434352    2.342  1.911  3.6678  2.520    7  0.000  0.360     0.00     0.00     0.00     0.00     0.00 -1 -8.25e-12      0.00 6.466e-01 3.232e-01 3.409e-03 4.154e-03 1.262e-02 -1.000 3.026e-02       4653          0          0          0          0      13.94      13.94 -0.008 0.081 0.648 -0.634 0.081 0.081 0.081 0.081 0.081 0.081 0.081 0.081 0.081 0.081 0.081 0.081 0.081 0.081 0.081 0.081 0.081 0.081 0.081 0.081 0.081 0.081 0.648 0.648 0.648 0.648 0.648 0.648 0.648 0.648 0.648 0.648 0.648 0.648 0.648 0.648 0.648 0.648 0.648 0.648 0.648 0.648 0.648 0.648 -0.634 -0.634 -0.634 -0.634 -0.634 -0.634 -0.634 -0.634 -0.634 -0.634 -0.634 -0.634 -0.634 -0.634 -0.634 -0.634 -0.634 -0.634 -0.634 -0.634 -0.634 -0.634
0.03 0.33631 9.00000 2.3477661610 2.5808451455    2.342  1.930  3.6660  2.493    7  0.000  0.360     0.00     0.00     0.00     0.00     0.00 -1 -8.94e-12      0.00 6.466e-01 3.232e-01 3.409e-03 4.154e-03 1.262e-02 -1.000 3.026e-02       4634          0          0          0          0      14.36      14.36 -0.056 0.039 0.612 -0.680 0.039 0.039 0.039 0.039 0.039 0.039 0.039 0.039 0.039 0.039 0.039 0.039 0.039 0.039 0.039 0.039 0.039 0.039 0.039 0.039 0.039 0.039 0.612 0.612 0.612 0.612 0.612 0.612 0.612 0.612 0.612 0.612 0.612 0.612 0.612 0.612 0.612 0.612 0.612 0.612 0.612 0.612 0.612 0.612 -0.680 -0.680 -0.680 -0.680 -0.680 -0.680 -0.680 -0.680 -0.680 -0.680 -0.680 -0.680 -0.680 -0.680 -0.680 -0.680 -0.680 -0.680 -0.680 -0.680 -0.680 -0.680
0.03 0.33631 9.00000 2.3478348255 2.5808471640    2.342  1.914  3.6677  2.516    7  0.000  0.360     0.00     0.00     0.00     0.00     0.00 -1 -8.45e-12      0.00 6.466e-01 3.232e-01 3.409e-03 4.154e-03 1.262e-02 -1.000 3.026e-02       4651          0          0          0          0         14         14 -0.016 0.073 0.641 -0.642 0.073 0.073 0.073 0.073 0.073 0.073 0.073 0.073 0.073 0.073 0.073 0.073 0.073 0.073 0.073 0.073 0.073 0.073 0.073 0.073 0.073 0.073 0.641 0.641 0.641 0.641 0.641 0.641 0.641 0.641 0.641 0.641 0.641 0.641 0.641 0.641 0.641 0.641 0.641 0.641 0.641 0.641 0.641 0.641 -0.642 -0.642 -0.642 -0.642 -0.642 -0.642 -0.642 -0.642 -0.642 -0.642 -0.642 -0.642 -0.642 -0.642 -0.642 -0.642 -0.642 -0.642 -0.642 -0.642 -0.642 -0.642
0.03 0.33631 9.00000 2.3478655815 2.5808480681    2.342  1.909  3.6679  2.522    7  0.000  0.360     0.00     0.00     0.00     0.00     0.00 -1 -8.16e-12      0.00 6.466e-01 3.232e-01 3.409e-03 4.154e-03 1.262e-02 -1.000 3.026e-02       4654          0          0          0          0       13.9       13.9 -0.002 0.086 0.653 -0.629 0.086 0.086 0.086 0.086 0.086 0.086 0.086 0.086 0.086 0.086 0.086 0.086 0.086 0.086 0.086 0.086 0.086 0.086 0.086 0.086 0.086 0.086 0.653 0.653 0.653 0.653 0.653 0.653 0.653 0.653 0.653 0.653 0.653 0.653 0.653 0.653 0.653 0.653 0.653 0.653 0.653 0.653 0.653 0.653 -0.629 -0.629 -0.629 -0.629 -0.629 -0.629 -0.629 -0.629 -0.629 -0.629 -0.629 -0.629 -0.629 -0.629 -0.629 -0.629 -0.629 -0.629 -0.629 -0.629 -0.629 -0.629
0.03 0.33631 9.00000 2.3478963375 2.5808489722    2.342  1.925  3.6664  2.500    7  0.000  0.360     0.00     0.00     0.00     0.00     0.00 -1 -8.74e-12      0.00 6.466e-01 3.232e-01 3.409e-03 4.154e-03 1.262e-02 -1.000 3.026e-02       4638          0          0          0          0      14.26      14.26 -0.043 0.051 0.623 -0.667 0.051 0.051 0.051 0.051 0.051 0.051 0.051 0.051 0.051 0.051 0.051 0.051 0.051 0.051 0.051 0.051 0.051 0.051 0.051 0.051 0.051 0.051 0.623 0.623 0.623 0.623 0.623 0.623 0.623 0.623 0.623 0.623 0.623 0.623 0.623 0.623 0.623 0.623 0.623 0.623 0.623 0.623 0.623 0.623 -0.667 -0.667 -0.667 -0.667 -0.667 -0.667 -0.667 -0.667 -0.667 -0.667 -0.667 -0.667 -0.667 -0.667 -0.667 -0.667 -0.667 -0.667 -0.667 -0.667 -0.667 -0.667
0.03 0.33631 9.00000 2.3479313850 2.5808500024    2.342  1.937  3.6656  2.485    7  0.000  0.360     0.00     0.00     0.00     0.00     0.00 -1 -9.32e-12      0.00 6.466e-01 3.232e-01 3.409e-03 4.154e-03 1.262e-02 -1.000 3.026e-02       4630          0          0          0          0       14.5       14.5 -0.073 0.024 0.598 -0.696 0.024 0.024 0.024 0.024 0.024 0.024 0.024 0.024 0.024 0.024 0.024 0.024 0.024 0.024 0.024 0.024 0.024 0.024 0.024 0.024 0.024 0.024 0.598 0.598 0.598 0.598 0.598 0.598 0.598 0.598 0.598 0.598 0.598 0.598 0.598 0.598 0.598 0.598 0.598 0.598 0.598 0.598 0.598 0.598 -0.696 -0.696 -0.696 -0.696 -0.696 -0.696 -0.696 -0.696 -0.696 -0.696 -0.696 -0.696 -0.696 -0.696 -0.696 -0.696 -0.696 -0.696 -0.696 -0.696 -0.696 -0.696
0.03 0.33631 9.00000 2.3479771614 2.5808513479    2.342  1.922  3.6670  2.505    7  0.000  0.360     0.00     0.00     0.00     0.00     0.00 -1 -8.75e-12      0.00 6.466e-01 3.232e-01 3.409e-03 4.154e-03 1.262e-02 -1.000 3.026e-02       4645          0          0          0          0      14.17      14.17 -0.036 0.056 0.625 -0.661 0.056 0.056 0.056 0.056 0.056 0.056 0.056 0.056 0.056 0.056 0.056 0.056 0.056 0.056 0.056 0.056 0.056 0.056 0.056 0.056 0.056 0.056 0.625 0.625 0.625 0.625 0.625 0.625 0.625 0.625 0.625 0.625 0.625 0.625 0.625 0.625 0.625 0.625 0.625 0.625 0.625 0.625 0.625 0.625 -0.661 -0.661 -0.661 -0.661 -0.661 -0.661 -0.661 -0.661 -0.661 -0.661 -0.661 -0.661 -0.661 -0.661 -0.661 -0.661 -0.661 -0.661 -0.661 -0.661 -0.661 -0.661
0.03 0.33631 9.00000 2.3480472565 2.5808534081    2.342  1.931  3.6659  2.493    7  0.000  0.360     0.00     0.00     0.00     0.00     0.00 -1 -8.91e-12      0.00 6.466e-01 3.232e-01 3.409e-03 4.154e-03 1.262e-02 -1.000 3.026e-02       4633          0          0          0          0      14.38      14.38 -0.056 0.039 0.612 -0.681 0.039 0.039 0.039 0.039 0.039 0.039 0.039 0.039 0.039 0.039 0.039 0.039 0.039 0.039 0.039 0.039 0.039 0.039 0.039 0.039 0.039 0.039 0.612 0.612 0.612 0.612 0.612 0.612 0.612 0.612 0.612 0.612 0.612 0.612 0.612 0.612 0.612 0.612 0.612 0.612 0.612 0.612 0.612 0.612 -0.681 -0.681 -0.681 -0.681 -0.681 -0.681 -0.681 -0.681 -0.681 -0.681 -0.681 -0.681 -0.681 -0.681 -0.681 -0.681 -0.681 -0.681 -0.681 -0.681 -0.681 -0.681
0.03 0.33631 9.00000 2.3482117653 2.5808582426    2.343  1.936  3.6657  2.486    7  0.000  0.360     0.00     0.00     0.00     0.00     0.00 -1 -9.22e-12      0.00 6.466e-01 3.232e-01 3.409e-03 4.154e-03 1.262e-02 -1.000 3.026e-02       4631          0          0          0          0      14.49      14.49 -0.071 0.026 0.600 -0.695 0.026 0.026 0.026 0.026 0.026 0.026 0.026 0.026 0.026 0.026 0.026 0.026 0.026 0.026 0.026 0.026 0.026 0.026 0.026 0.026 0.026 0.026 0.600 0.600 0.600 0.600 0.600 0.600 0.600 0.600 0.600 0.600 0.600 0.600 0.600 0.600 0.600 0.600 0.600 0.600 0.600 0.600 0.600 0.600 -0.695 -0.695 -0.695 -0.695 -0.695 -0.695 -0.695 -0.695 -0.695 -0.695 -0.695 -0.695 -0.695 -0.695 -0.695 -0.695 -0.695 -0.695 -0.695 -0.695 -0.695 -0.695
0.03 0.33631 9.00000 2.3482809067 2.5808602743    2.343  1.923  3.6670  2.505    7  0.000  0.360     0.00     0.00     0.00     0.00     0.00 -1 -8.79e-12      0.00 6.466e-01 3.232e-01 3.409e-03 4.154e-03 1.262e-02 -1.000 3.026e-02       4644          0          0          0          0      14.18      14.18 -0.037 0.055 0.625 -0.662 0.055 0.055 0.055 0.055 0.055 0.055 0.055 0.055 0.055 0.055 0.055 0.055 0.055 0.055 0.055 0.055 0.055 0.055 0.055 0.055 0.055 0.055 0.625 0.625 0.625 0.625 0.625 0.625 0.625 0.625 0.625 0.625 0.625 0.625 0.625 0.625 0.625 0.625 0.625 0.625 0.625 0.625 0.625 0.625 -0.662 -0.662 -0.662 -0.662 -0.662 -0.662 -0.662 -0.662 -0.662 -0.662 -0.662 -0.662 -0.662 -0.662 -0.662 -0.662 -0.662 -0.662 -0.662 -0.662 -0.662 -0.662
0.03 0.33631 9.00000 2.3483409882 2.5808620397    2.343  1.927  3.6664  2.498    7  0.000  0.360     0.00     0.00     0.00     0.00     0.00 -1 -8.84e-12      0.00 6.466e-01 3.232e-01 3.409e-03 4.154e-03 1.262e-02 -1.000 3.026e-02       4637          0          0          0          0      14.29      14.29 -0.047 0.047 0.618 -0.672 0.047 0.047 0.047 0.047 0.047 0.047 0.047 0.047 0.047 0.047 0.047 0.047 0.047 0.047 0.047 0.047 0.047 0.047 0.047 0.047 0.047 0.047 0.618 0.618 0.618 0.618 0.618 0.618 0.618 0.618 0.618 0.618 0.618 0.618 0.618 0.618 0.618 0.618 0.618 0.618 0.618 0.618 0.618 0.618 -0.672 -0.672 -0.672 -0.672 -0.672 -0.672 -0.672 -0.672 -0.672 -0.672 -0.672 -0.672 -0.672 -0.672 -0.672 -0.672 -0.672 -0.672 -0.672 -0.672 -0.672 -0.672
0.03 0.33631 9.00000 2.3483984470 2.5808637279    2.343  1.939  3.6657  2.484    7  0.000  0.360     0.00     0.00     0.00     0.00     0.00 -1 -9.44e-12      0.00 6.466e-01 3.232e-01 3.409e-03 4.154e-03 1.262e-02 -1.000 3.026e-02       4631          0          0          0          0      14.52      14.52 -0.076 0.020 0.594 -0.700 0.020 0.020 0.020 0.020 0.020 0.020 0.020 0.020 0.020 0.020 0.020 0.020 0.020 0.020 0.020 0.020 0.020 0.020 0.020 0.020 0.020 0.020 0.594 0.594 0.594 0.594 0.594 0.594 0.594 0.594 0.594 0.594 0.594 0.594 0.594 0.594 0.594 0.594 0.594 0.594 0.594 0.594 0.594 0.594 -0.700 -0.700 -0.700 -0.700 -0.700 -0.700 -0.700 -0.700 -0.700 -0.700 -0.700 -0.700 -0.700 -0.700 -0.700 -0.700 -0.700 -0.700 -0.700 -0.700 -0.700 -0.700
0.03 0.33631 9.00000 2.3484539986 2.5808653600    2.343  1.918  3.6670  2.509    7  0.000  0.360     0.00     0.00     0.00     0.00     0.00 -1 -8.44e-12      0.00 6.466e-01 3.232e-01 3.409e-03 4.154e-03 1.262e-02 -1.000 3.026e-02       4644          0          0          0          0      14.11      14.11 -0.026 0.065 0.635 -0.652 0.065 0.065 0.065 0.065 0.065 0.065 0.065 0.065 0.065 0.065 0.065 0.065 0.065 0.065 0.065 0.065 0.065 0.065 0.065 0.065 0.065 0.065 0.635 0.635 0.635 0.635 0.635 0.635 0.635 0.635 0.635 0.635 0.635 0.635 0.635 0.635 0.635 0.635 0.635 0.635 0.635 0.635 0.635 0.635 -0.652 -0.652 -0.652 -0.652 -0.652 -0.652 -0.652 -0.652 -0.652 -0.652 -0.652 -0.652 -0.652 -0.652 -0.652 -0.652 -0.652 -0.652 -0.652 -0.652 -0.652 -0.652
0.03 0.33631 9.00000 2.3485269547 2.5808675032    2.343  1.947  3.6649  2.472    7  0.000  0.360     0.00     0.00     0.00     0.00     0.00 -1 -9.79e-12      0.00 6.466e-01 3.232e-01 3.409e-03 4.154e-03 1.262e-02 -1.000 3.026e-02       4622          0          0          0          0      14.73      14.73 -0.098 0.001 0.578 -0.721 0.001 0.001 0.001 0.001 0.001 0.001 0.001 0.001 0.001 0.001 0.001 0.001 0.001 0.001 0.001 0.001 0.001 0.001 0.001 0.001 0.001 0.001 0.578 0.578 0.578 0.578 0.578 0.578 0.578 0.578 0.578 0.578 0.578 0.578 0.578 0.578 0.578 0.578 0.578 0.578 0.578 0.578 0.578 0.578 -0.721 -0.721 -0.721 -0.721 -0.721 -0.721 -0.721 -0.721 -0.721 -0.721 -0.721 -0.721 -0.721 -0.721 -0.721 -0.721 -0.721 -0.721 -0.721 -0.721 -0.721 -0.721
0.03 0.33631 9.00000 2.3485603333 2.5808684838    2.343  1.934  3.6661  2.490    7  0.000  0.360     0.00     0.00     0.00     0.00     0.00 -1 -9.27e-12      0.00 6.466e-01 3.232e-01 3.409e-03 4.154e-03 1.262e-02 -1.000 3.026e-02       4635          0          0          0          0      14.42      14.42 -0.065 0.030 0.603 -0.689 0.030 0.030 0.030 0.030 0.030 0.030 0.030 0.030 0.030 0.030 0.030 0.030 0.030 0.030 0.030 0.030 0.030 0.030 0.030 0.030 0.030 0.030 0.603 0.603 0.603 0.603 0.603 0.603 0.603 0.603 0.603 0.603 0.603 0.603 0.603 0.603 0.603 0.603 0.603 0.603 0.603 0.603 0.603 0.603 -0.689 -0.689 -0.689 -0.689 -0.689 -0.689 -0.689 -0.689 -0.689 -0.689 -0.689 -0.689 -0.689 -0.689 -0.689 -0.689 -0.689 -0.689 -0.689 -0.689 -0.689 -0.689
0.03 0.33631 9.00000 2.3485946655 2.5808694923    2.343  1.923  3.6667  2.503    7  0.000  0.360     0.00     0.00     0.00     0.00     0.00 -1 -8.74e-12      0.00 6.466e-01 3.232e-01 3.409e-03 4.154e-03 1.262e-02 -1.000 3.026e-02       4642          0          0          0          0      14.21      14.21 -0.038 0.054 0.624 -0.664 0.054 0.054 0.054 0.054 0.054 0.054 0.054 0.054 0.054 0.054 0.054 0.054 0.054 0.054 0.054 0.054 0.054 0.054 0.054 0.054 0.054 0.054 0.624 0.624 0.624 0.624 0.624 0.624 0.624 0.624 0.624 0.624 0.624 0.624 0.624 0.624 0.624 0.624 0.624 0.624 0.624 0.624 0.624 0.624 -0.664 -0.664 -0.664 -0.664 -0.664 -0.664 -0.664 -0.664 -0.664 -0.664 -0.664 -0.664 -0.664 -0.664 -0.664 -0.664 -0.664 -0.664 -0.664 -0.664 -0.664 -0.664
0.03 0.33631 9.00000 2.3486282825 2.5808704797    2.343  1.929  3.6662  2.495    7  0.000  0.360     0.00     0.00     0.00     0.00     0.00 -1 -8.93e-12      0.00 6.466e-01 3.232e-01 3.409e-03 4.154e-03 1.262e-02 -1.000 3.026e-02       4635          0          0          0          0      14.35      14.35 -0.053 0.041 0.614 -0.678 0.041 0.041 0.041 0.041 0.041 0.041 0.041 0.041 0.041 0.041 0.041 0.041 0.041 0.041 0.041 0.041 0.041 0.041 0.041 0.041 0.041 0.041 0.614 0.614 0.614 0.614 0.614 0.614 0.614 0.614 0.614 0.614 0.614 0.614 0.614 0.614 0.614 0.614 0.614 0.614 0.614 0.614 0.614 0.614 -0.678 -0.678 -0.678 -0.678 -0.678 -0.678 -0.678 -0.678 -0.678 -0.678 -0.678 -0.678 -0.678 -0.678 -0.678 -0.678 -0.678 -0.678 -0.678 -0.678 -0.678 -0.678
0.03 0.33631 9.00000 2.3486733437 2.5808718033    2.343  1.944  3.6652  2.476    7  0.000  0.360     0.00     0.00     0.00     0.00     0.00 -1 -9.67e-12      0.00 6.466e-01 3.232e-01 3.409e-03 4.154e-03 1.262e-02 -1.000 3.026e-02       4625          0          0          0          0      14.65      14.65 -0.091 0.007 0.583 -0.714 0.007 0.007 0.007 0.007 0.007 0.007 0.007 0.007 0.007 0.007 0.007 0.007 0.007 0.007 0.007 0.007 0.007 0.007 0.007 0.007 0.007 0.007 0.583 0.583 0.583 0.583 0.583 0.583 0.583 0.583 0.583 0.583 0.583 0.583 0.583 0.583 0.583 0.583 0.583 0.583 0.583 0.583 0.583 0.583 -0.714 -0.714 -0.714 -0.714 -0.714 -0.714 -0.714 -0.714 -0.714 -0.714 -0.714 -0.714 -0.714 -0.714 -0.714 -0.714 -0.714 -0.714 -0.714 -0.714 -0.714 -0.714
0.03 0.33631 9.00000 2.3488228321 2.5808761938    2.343  1.940  3.6654  2.481    7  0.000  0.360     0.00     0.00     0.00     0.00     0.00 -1 -9.51e-12      0.00 6.466e-01 3.232e-01 3.409e-03 4.154e-03 1.262e-02 -1.000 3.026e-02       4628          0          0          0          0      14.57      14.57 -0.081 0.017 0.591 -0.705 0.017 0.017 0.017 0.017 0.017 0.017 0.017 0.017 0.017 0.017 0.017 0.017 0.017 0.017 0.017 0.017 0.017 0.017 0.017 0.017 0.017 0.017 0.591 0.591 0.591 0.591 0.591 0.591 0.591 0.591 0.591 0.591 0.591 0.591 0.591 0.591 0.591 0.591 0.591 0.591 0.591 0.591 0.591 0.591 -0.705 -0.705 -0.705 -0.705 -0.705 -0.705 -0.705 -0.705 -0.705 -0.705 -0.705 -0.705 -0.705 -0.705 -0.705 -0.705 -0.705 -0.705 -0.705 -0.705 -0.705 -0.705
0.03 0.33631 9.00000 2.3489165306 2.5808789454    2.343  1.935  3.6657  2.488    7  0.000  0.360     0.00     0.00     0.00     0.00     0.00 -1 -9.18e-12      0.00 6.466e-01 3.232e-01 3.409e-03 4.154e-03 1.262e-02 -1.000 3.026e-02       4630          0          0          0          0      14.47      14.47 -0.068 0.029 0.603 -0.691 0.029 0.029 0.029 0.029 0.029 0.029 0.029 0.029 0.029 0.029 0.029 0.029 0.029 0.029 0.029 0.029 0.029 0.029 0.029 0.029 0.029 0.029 0.603 0.603 0.603 0.603 0.603 0.603 0.603 0.603 0.603 0.603 0.603 0.603 0.603 0.603 0.603 0.603 0.603 0.603 0.603 0.603 0.603 0.603 -0.691 -0.691 -0.691 -0.691 -0.691 -0.691 -0.691 -0.691 -0.691 -0.691 -0.691 -0.691 -0.691 -0.691 -0.691 -0.691 -0.691 -0.691 -0.691 -0.691 -0.691 -0.691
0.03 0.33631 9.00000 2.3489804268 2.5808808217    2.343  1.945  3.6651  2.475    7  0.000  0.360     0.00     0.00     0.00     0.00     0.00 -1 -9.72e-12      0.00 6.466e-01 3.232e-01 3.409e-03 4.154e-03 1.262e-02 -1.000 3.026e-02       4624          0          0          0          0      14.68      14.68 -0.094 0.005 0.581 -0.717 0.005 0.005 0.005 0.005 0.005 0.005 0.005 0.005 0.005 0.005 0.005 0.005 0.005 0.005 0.005 0.005 0.005 0.005 0.005 0.005 0.005 0.005 0.581 0.581 0.581 0.581 0.581 0.581 0.581 0.581 0.581 0.581 0.581 0.581 0.581 0.581 0.581 0.581 0.581 0.581 0.581 0.581 0.581 0.581 -0.717 -0.717 -0.717 -0.717 -0.717 -0.717 -0.717 -0.717 -0.717 -0.717 -0.717 -0.717 -0.717 -0.717 -0.717 -0.717 -0.717 -0.717 -0.717 -0.717 -0.717 -0.717
0.03 0.33631 9.00000 2.3490412235 2.5808826068    2.343  1.928  3.6662  2.496    7  0.000  0.360     0.00     0.00     0.00     0.00     0.00 -1 -8.84e-12      0.00 6.466e-01 3.232e-01 3.409e-03 4.154e-03 1.262e-02 -1.000 3.026e-02       4636          0          0          0          0      14.32      14.32 -0.051 0.044 0.616 -0.675 0.044 0.044 0.044 0.044 0.044 0.044 0.044 0.044 0.044 0.044 0.044 0.044 0.044 0.044 0.044 0.044 0.044 0.044 0.044 0.044 0.044 0.044 0.616 0.616 0.616 0.616 0.616 0.616 0.616 0.616 0.616 0.616 0.616 0.616 0.616 0.616 0.616 0.616 0.616 0.616 0.616 0.616 0.616 0.616 -0.675 -0.675 -0.675 -0.675 -0.675 -0.675 -0.675 -0.675 -0.675 -0.675 -0.675 -0.675 -0.675 -0.675 -0.675 -0.675 -0.675 -0.675 -0.675 -0.675 -0.675 -0.675
0.03 0.33631 9.00000 2.3490960598 2.5808842169    2.343  1.939  3.6655  2.482    7  0.000  0.360     0.00     0.00     0.00     0.00     0.00 -1 -9.37e-12      0.00 6.466e-01 3.232e-01 3.409e-03 4.154e-03 1.262e-02 -1.000 3.026e-02       4628          0          0          0          0      14.56      14.56 -0.078 0.019 0.594 -0.702 0.019 0.019 0.019 0.019 0.019 0.019 0.019 0.019 0.019 0.019 0.019 0.019 0.019 0.019 0.019 0.019 0.019 0.019 0.019 0.019 0.019 0.019 0.594 0.594 0.594 0.594 0.594 0.594 0.594 0.594 0.594 0.594 0.594 0.594 0.594 0.594 0.594 0.594 0.594 0.594 0.594 0.594 0.594 0.594 -0.702 -0.702 -0.702 -0.702 -0.702 -0.702 -0.702 -0.702 -0.702 -0.702 -0.702 -0.702 -0.702 -0.702 -0.702 -0.702 -0.702 -0.702 -0.702 -0.702 -0.702 -0.702
0.03 0.33631 9.00000 2.3491711617 2.5808864218    2.344  1.939  3.6656  2.483    7  0.000  0.360     0.00     0.00     0.00     0.00     0.00 -1 -9.45e-12      0.00 6.466e-01 3.232e-01 3.409e-03 4.154e-03 1.262e-02 -1.000 3.026e-02       4629          0          0          0          0      14.54      14.54 -0.077 0.020 0.594 -0.701 0.020 0.020 0.020 0.020 0.020 0.020 0.020 0.020 0.020 0.020 0.020 0.020 0.020 0.020 0.020 0.020 0.020 0.020 0.020 0.020 0.020 0.020 0.594 0.594 0.594 0.594 0.594 0.594 0.594 0.594 0.594 0.594 0.594 0.594 0.594 0.594 0.594 0.594 0.594 0.594 0.594 0.594 0.594 0.594 -0.701 -0.701 -0.701 -0.701 -0.701 -0.701 -0.701 -0.701 -0.701 -0.701 -0.701 -0.701 -0.701 -0.701 -0.701 -0.701 -0.701 -0.701 -0.701 -0.701 -0.701 -0.701
0.03 0.33631 9.00000 2.3492174149 2.5808877797    2.344  1.941  3.6652  2.480    7  0.000  0.360     0.00     0.00     0.00     0.00     0.00 -1 -9.42e-12      0.00 6.466e-01 3.232e-01 3.409e-03 4.155e-03 1.262e-02 -1.000 3.026e-02       4625          0          0          0          0      14.61      14.61 -0.082 0.016 0.592 -0.706 0.016 0.016 0.016 0.016 0.016 0.016 0.016 0.016 0.016 0.016 0.016 0.016 0.016 0.016 0.016 0.016 0.016 0.016 0.016 0.016 0.016 0.016 0.592 0.592 0.592 0.592 0.592 0.592 0.592 0.592 0.592 0.592 0.592 0.592 0.592 0.592 0.592 0.592 0.592 0.592 0.592 0.592 0.592 0.592 -0.706 -0.706 -0.706 -0.706 -0.706 -0.706 -0.706 -0.706 -0.706 -0.706 -0.706 -0.706 -0.706 -0.706 -0.706 -0.706 -0.706 -0.706 -0.706 -0.706 -0.706 -0.706
0.03 0.33631 9.00000 2.3492503166 2.5808887455    2.344  1.945  3.6651  2.475    7  0.000  0.360     0.00     0.00     0.00     0.00     0.00 -1 -9.71e-12      0.00 6.466e-01 3.232e-01 3.409e-03 4.155e-03 1.262e-02 -1.000 3.026e-02       4624          0          0          0          0      14.67      14.67 -0.093 0.006 0.582 -0.716 0.006 0.006 0.006 0.006 0.006 0.006 0.006 0.006 0.006 0.006 0.006 0.006 0.006 0.006 0.006 0.006 0.006 0.006 0.006 0.006 0.006 0.006 0.582 0.582 0.582 0.582 0.582 0.582 0.582 0.582 0.582 0.582 0.582 0.582 0.582 0.582 0.582 0.582 0.582 0.582 0.582 0.582 0.582 0.582 -0.716 -0.716 -0.716 -0.716 -0.716 -0.716 -0.716 -0.716 -0.716 -0.716 -0.716 -0.716 -0.716 -0.716 -0.716 -0.716 -0.716 -0.716 -0.716 -0.716 -0.716 -0.716
0.03 0.33631 9.00000 2.3492879868 2.5808898514    2.344  1.946  3.6651  2.475    7  0.000  0.360     0.00     0.00     0.00     0.00     0.00 -1 -9.75e-12      0.00 6.466e-01 3.232e-01 3.409e-03 4.155e-03 1.262e-02 -1.000 3.026e-02       4624          0          0          0          0      14.68      14.68 -0.094 0.005 0.581 -0.717 0.005 0.005 0.005 0.005 0.005 0.005 0.005 0.005 0.005 0.005 0.005 0.005 0.005 0.005 0.005 0.005 0.005 0.005 0.005 0.005 0.005 0.005 0.581 0.581 0.581 0.581 0.581 0.581 0.581 0.581 0.581 0.581 0.581 0.581 0.581 0.581 0.581 0.581 0.581 0.581 0.581 0.581 0.581 0.581 -0.717 -0.717 -0.717 -0.717 -0.717 -0.717 -0.717 -0.717 -0.717 -0.717 -0.717 -0.717 -0.717 -0.717 -0.717 -0.717 -0.717 -0.717 -0.717 -0.717 -0.717 -0.717
0.03 0.33631 9.00000 2.3493289948 2.5808910551    2.344  1.936  3.6657  2.486    7  0.000  0.360     0.00     0.00     0.00     0.00     0.00 -1 -9.26e-12      0.00 6.466e-01 3.232e-01 3.409e-03 4.155e-03 1.262e-02 -1.000 3.026e-02       4630          0          0          0          0       14.5       14.5 -0.071 0.026 0.600 -0.695 0.026 0.026 0.026 0.026 0.026 0.026 0.026 0.026 0.026 0.026 0.026 0.026 0.026 0.026 0.026 0.026 0.026 0.026 0.026 0.026 0.026 0.026 0.600 0.600 0.600 0.600 0.600 0.600 0.600 0.600 0.600 0.600 0.600 0.600 0.600 0.600 0.600 0.600 0.600 0.600 0.600 0.600 0.600 0.600 -0.695 -0.695 -0.695 -0.695 -0.695 -0.695 -0.695 -0.695 -0.695 -0.695 -0.695 -0.695 -0.695 -0.695 -0.695 -0.695 -0.695 -0.695 -0.695 -0.695 -0.695 -0.695
0.03 0.33631 9.00000 2.3494098186 2.5808934275    2.344  1.949  3.6647  2.470    7  0.000  0.360     0.00     0.00     0.00     0.00     0.00 -1 -9.82e-12      0.00 6.466e-01 3.232e-01 3.409e-03 4.155e-03 1.262e-02 -1.000 3.026e-02       4620          0          0          0          0      14.76      14.76 -0.103 -0.002 0.575 -0.725 -0.002 -0.002 -0.002 -0.002 -0.002 -0.002 -0.002 -0.002 -0.002 -0.002 -0.002 -0.002 -0.002 -0.002 -0.002 -0.002 -0.002 -0.002 -0.002 -0.002 -0.002 -0.002 0.575 0.575 0.575 0.575 0.575 0.575 0.575 0.575 0.575 0.575 0.575 0.575 0.575 0.575 0.575 0.575 0.575 0.575 0.575 0.575 0.575 0.575 -0.725 -0.725 -0.725 -0.725 -0.725 -0.725 -0.725 -0.725 -0.725 -0.725 -0.725 -0.725 -0.725 -0.725 -0.725 -0.725 -0.725 -0.725 -0.725 -0.725 -0.725 -0.725
0.03 0.33631 9.00000 2.3495593071 2.5808978148    2.344  1.952  3.6645  2.466    7  0.000  0.360     0.00     0.00     0.00     0.00     0.00 -1 -9.92e-12      0.00 6.466e-01 3.232e-01 3.409e-03 4.155e-03 1.262e-02 -1.000 3.026e-02       4618          0          0          0          0      14.83      14.83 -0.109 -0.008 0.570 -0.731 -0.008 -0.008 -0.008 -0.008 -0.008 -0.008 -0.008 -0.008 -0.008 -0.008 -0.008 -0.008 -0.008 -0.008 -0.008 -0.008 -0.008 -0.008 -0.008 -0.008 -0.008 -0.008 0.570 0.570 0.570 0.570 0.570 0.570 0.570 0.570 0.570 0.570 0.570 0.570 0.570 0.570 0.570 0.570 0.570 0.570 0.570 0.570 0.570 0.570 -0.731 -0.731 -0.731 -0.731 -0.731 -0.731 -0.731 -0.731 -0.731 -0.731 -0.731 -0.731 -0.731 -0.731 -0.731 -0.731 -0.731 -0.731 -0.731 -0.731 -0.731 -0.731
0.03 0.33631 9.00000 2.3496291637 2.5808998648    2.344  1.949  3.6646  2.469    7  0.000  0.360     0.00     0.00     0.00     0.00     0.00 -1  -9.8e-12      0.00 6.466e-01 3.232e-01 3.409e-03 4.155e-03 1.262e-02 -1.000 3.026e-02       4619          0          0          0          0      14.78      14.78 -0.103 -0.002 0.575 -0.725 -0.002 -0.002 -0.002 -0.002 -0.002 -0.002 -0.002 -0.002 -0.002 -0.002 -0.002 -0.002 -0.002 -0.002 -0.002 -0.002 -0.002 -0.002 -0.002 -0.002 -0.002 -0.002 0.575 0.575 0.575 0.575 0.575 0.575 0.575 0.575 0.575 0.575 0.575 0.575 0.575 0.575 0.575 0.575 0.575 0.575 0.575 0.575 0.575 0.575 -0.725 -0.725 -0.725 -0.725 -0.725 -0.725 -0.725 -0.725 -0.725 -0.725 -0.725 -0.725 -0.725 -0.725 -0.725 -0.725 -0.725 -0.725 -0.725 -0.725 -0.725 -0.725
0.03 0.33631 9.00000 2.3496899605 2.5809016488    2.344  1.948  3.6648  2.471    7  0.000  0.360     0.00     0.00     0.00     0.00     0.00 -1 -9.86e-12      0.00 6.466e-01 3.232e-01 3.409e-03 4.155e-03 1.261e-02 -1.000 3.026e-02       4621          0          0          0          0      14.76      14.76 -0.101 -0.001 0.576 -0.724 -0.001 -0.001 -0.001 -0.001 -0.001 -0.001 -0.001 -0.001 -0.001 -0.001 -0.001 -0.001 -0.001 -0.001 -0.001 -0.001 -0.001 -0.001 -0.001 -0.001 -0.001 -0.001 0.576 0.576 0.576 0.576 0.576 0.576 0.576 0.576 0.576 0.576 0.576 0.576 0.576 0.576 0.576 0.576 0.576 0.576 0.576 0.576 0.576 0.576 -0.724 -0.724 -0.724 -0.724 -0.724 -0.724 -0.724 -0.724 -0.724 -0.724 -0.724 -0.724 -0.724 -0.724 -0.724 -0.724 -0.724 -0.724 -0.724 -0.724 -0.724 -0.724
0.03 0.33631 9.00000 2.3497457504 2.5809032858    2.344  1.952  3.6645  2.466    7  0.000  0.360     0.00     0.00     0.00     0.00     0.00 -1 -1.01e-11      0.00 6.466e-01 3.232e-01 3.409e-03 4.155e-03 1.261e-02 -1.000 3.026e-02       4618          0          0          0          0      14.84      14.84 -0.111 -0.010 0.568 -0.733 -0.010 -0.010 -0.010 -0.010 -0.010 -0.010 -0.010 -0.010 -0.010 -0.010 -0.010 -0.010 -0.010 -0.010 -0.010 -0.010 -0.010 -0.010 -0.010 -0.010 -0.010 -0.010 0.568 0.568 0.568 0.568 0.568 0.568 0.568 0.568 0.568 0.568 0.568 0.568 0.568 0.568 0.568 0.568 0.568 0.568 0.568 0.568 0.568 0.568 -0.733 -0.733 -0.733 -0.733 -0.733 -0.733 -0.733 -0.733 -0.733 -0.733 -0.733 -0.733 -0.733 -0.733 -0.733 -0.733 -0.733 -0.733 -0.733 -0.733 -0.733 -0.733
0.03 0.33631 9.00000 2.3498167992 2.5809053704    2.344  1.952  3.6645  2.466    7  0.000  0.360     0.00     0.00     0.00     0.00     0.00 -1 -9.98e-12      0.00 6.466e-01 3.232e-01 3.409e-03 4.155e-03 1.261e-02 -1.000 3.026e-02       4617          0          0          0          0      14.84      14.84 -0.109 -0.008 0.570 -0.731 -0.008 -0.008 -0.008 -0.008 -0.008 -0.008 -0.008 -0.008 -0.008 -0.008 -0.008 -0.008 -0.008 -0.008 -0.008 -0.008 -0.008 -0.008 -0.008 -0.008 -0.008 -0.008 0.570 0.570 0.570 0.570 0.570 0.570 0.570 0.570 0.570 0.570 0.570 0.570 0.570 0.570 0.570 0.570 0.570 0.570 0.570 0.570 0.570 0.570 -0.731 -0.731 -0.731 -0.731 -0.731 -0.731 -0.731 -0.731 -0.731 -0.731 -0.731 -0.731 -0.731 -0.731 -0.731 -0.731 -0.731 -0.731 -0.731 -0.731 -0.731 -0.731
0.03 0.33631 9.00000 2.3498694897 2.5809069163    2.344  1.956  3.6642  2.460    7  0.000  0.360     0.00     0.00     0.00     0.00     0.00 -1 -1.03e-11      0.00 6.466e-01 3.232e-01 3.409e-03 4.155e-03 1.261e-02 -1.000 3.026e-02       4615          0          0          0          0      14.93      14.93 -0.121 -0.019 0.560 -0.743 -0.019 -0.019 -0.019 -0.019 -0.019 -0.019 -0.019 -0.019 -0.019 -0.019 -0.019 -0.019 -0.019 -0.019 -0.019 -0.019 -0.019 -0.019 -0.019 -0.019 -0.019 -0.019 0.560 0.560 0.560 0.560 0.560 0.560 0.560 0.560 0.560 0.560 0.560 0.560 0.560 0.560 0.560 0.560 0.560 0.560 0.560 0.560 0.560 0.560 -0.743 -0.743 -0.743 -0.743 -0.743 -0.743 -0.743 -0.743 -0.743 -0.743 -0.743 -0.743 -0.743 -0.743 -0.743 -0.743 -0.743 -0.743 -0.743 -0.743 -0.743 -0.743
0.03 0.33631 9.00000 2.3499042988 2.5809079375    2.344  1.959  3.6640  2.457    7  0.000  0.360     0.00     0.00     0.00     0.00     0.00 -1 -1.03e-11      0.00 6.466e-01 3.232e-01 3.409e-03 4.155e-03 1.261e-02 -1.000 3.026e-02       4612          0          0          0          0      14.99      14.99 -0.127 -0.023 0.556 -0.748 -0.023 -0.023 -0.023 -0.023 -0.023 -0.023 -0.023 -0.023 -0.023 -0.023 -0.023 -0.023 -0.023 -0.023 -0.023 -0.023 -0.023 -0.023 -0.023 -0.023 -0.023 -0.023 0.556 0.556 0.556 0.556 0.556 0.556 0.556 0.556 0.556 0.556 0.556 0.556 0.556 0.556 0.556 0.556 0.556 0.556 0.556 0.556 0.556 0.556 -0.748 -0.748 -0.748 -0.748 -0.748 -0.748 -0.748 -0.748 -0.748 -0.748 -0.748 -0.748 -0.748 -0.748 -0.748 -0.748 -0.748 -0.748 -0.748 -0.748 -0.748 -0.748
0.03 0.33631 9.00000 2.3499400616 2.5809089867    2.344  1.957  3.6640  2.459    7  0.000  0.360     0.00     0.00     0.00     0.00     0.00 -1 -1.02e-11      0.00 6.466e-01 3.232e-01 3.409e-03 4.155e-03 1.261e-02 -1.000 3.026e-02       4612          0          0          0          0      14.97      14.97 -0.123 -0.019 0.560 -0.744 -0.019 -0.019 -0.019 -0.019 -0.019 -0.019 -0.019 -0.019 -0.019 -0.019 -0.019 -0.019 -0.019 -0.019 -0.019 -0.019 -0.019 -0.019 -0.019 -0.019 -0.019 -0.019 0.560 0.560 0.560 0.560 0.560 0.560 0.560 0.560 0.560 0.560 0.560 0.560 0.560 0.560 0.560 0.560 0.560 0.560 0.560 0.560 0.560 0.560 -0.744 -0.744 -0.744 -0.744 -0.744 -0.744 -0.744 -0.744 -0.744 -0.744 -0.744 -0.744 -0.744 -0.744 -0.744 -0.744 -0.744 -0.744 -0.744 -0.744 -0.744 -0.744
0.03 0.33631 9.00000 2.3499832153 2.5809102526    2.344  1.958  3.6640  2.458    7  0.000  0.360     0.00     0.00     0.00     0.00     0.00 -1 -1.03e-11      0.00 6.466e-01 3.232e-01 3.409e-03 4.155e-03 1.261e-02 -1.000 3.026e-02       4612          0          0          0          0      14.97      14.97 -0.124 -0.021 0.558 -0.746 -0.021 -0.021 -0.021 -0.021 -0.021 -0.021 -0.021 -0.021 -0.021 -0.021 -0.021 -0.021 -0.021 -0.021 -0.021 -0.021 -0.021 -0.021 -0.021 -0.021 -0.021 -0.021 0.558 0.558 0.558 0.558 0.558 0.558 0.558 0.558 0.558 0.558 0.558 0.558 0.558 0.558 0.558 0.558 0.558 0.558 0.558 0.558 0.558 0.558 -0.746 -0.746 -0.746 -0.746 -0.746 -0.746 -0.746 -0.746 -0.746 -0.746 -0.746 -0.746 -0.746 -0.746 -0.746 -0.746 -0.746 -0.746 -0.746 -0.746 -0.746 -0.746
0.03 0.33631 9.00000 2.3501226902 2.5809143438    2.344  1.961  3.6636  2.453    7  0.000  0.360     0.00     0.00     0.00     0.00     0.00 -1 -1.03e-11      0.00 6.466e-01 3.232e-01 3.409e-03 4.155e-03 1.261e-02 -1.000 3.026e-02       4609          0          0          0          0      15.05      15.05 -0.133 -0.029 0.552 -0.754 -0.029 -0.029 -0.029 -0.029 -0.029 -0.029 -0.029 -0.029 -0.029 -0.029 -0.029 -0.029 -0.029 -0.029 -0.029 -0.029 -0.029 -0.029 -0.029 -0.029 -0.029 -0.029 0.552 0.552 0.552 0.552 0.552 0.552 0.552 0.552 0.552 0.552 0.552 0.552 0.552 0.552 0.552 0.552 0.552 0.552 0.552 0.552 0.552 0.552 -0.754 -0.754 -0.754 -0.754 -0.754 -0.754 -0.754 -0.754 -0.754 -0.754 -0.754 -0.754 -0.754 -0.754 -0.754 -0.754 -0.754 -0.754 -0.754 -0.754 -0.754 -0.754
0.03 0.33631 9.00000 2.3502209187 2.5809172247    2.345  1.954  3.6644  2.464    7  0.000  0.360     0.00     0.00     0.00     0.00     0.00 -1 -1.01e-11      0.00 6.466e-01 3.232e-01 3.409e-03 4.155e-03 1.261e-02 -1.000 3.026e-02       4616          0          0          0          0      14.88      14.88 -0.114 -0.012 0.566 -0.736 -0.012 -0.012 -0.012 -0.012 -0.012 -0.012 -0.012 -0.012 -0.012 -0.012 -0.012 -0.012 -0.012 -0.012 -0.012 -0.012 -0.012 -0.012 -0.012 -0.012 -0.012 -0.012 0.566 0.566 0.566 0.566 0.566 0.566 0.566 0.566 0.566 0.566 0.566 0.566 0.566 0.566 0.566 0.566 0.566 0.566 0.566 0.566 0.566 0.566 -0.736 -0.736 -0.736 -0.736 -0.736 -0.736 -0.736 -0.736 -0.736 -0.736 -0.736 -0.736 -0.736 -0.736 -0.736 -0.736 -0.736 -0.736 -0.736 -0.736 -0.736 -0.736
0.03 0.33631 9.00000 2.3502867222 2.5809191545    2.345  1.969  3.6632  2.444    7  0.000  0.360     0.00     0.00     0.00     0.00     0.00 -1 -1.09e-11      0.00 6.466e-01 3.232e-01 3.409e-03 4.155e-03 1.261e-02 -1.000 3.026e-02       4604          0          0          0          0      15.22      15.22 -0.153 -0.046 0.536 -0.773 -0.046 -0.046 -0.046 -0.046 -0.046 -0.046 -0.046 -0.046 -0.046 -0.046 -0.046 -0.046 -0.046 -0.046 -0.046 -0.046 -0.046 -0.046 -0.046 -0.046 -0.046 -0.046 0.536 0.536 0.536 0.536 0.536 0.536 0.536 0.536 0.536 0.536 0.536 0.536 0.536 0.536 0.536 0.536 0.536 0.536 0.536 0.536 0.536 0.536 -0.773 -0.773 -0.773 -0.773 -0.773 -0.773 -0.773 -0.773 -0.773 -0.773 -0.773 -0.773 -0.773 -0.773 -0.773 -0.773 -0.773 -0.773 -0.773 -0.773 -0.773 -0.773
0.03 0.33631 9.00000 2.3503444195 2.5809208465    2.345  1.968  3.6633  2.445    7  0.000  0.360     0.00     0.00     0.00     0.00     0.00 -1 -1.09e-11      0.00 6.466e-01 3.232e-01 3.409e-03 4.155e-03 1.261e-02 -1.000 3.026e-02       4605          0          0          0          0       15.2       15.2 -0.151 -0.045 0.537 -0.772 -0.045 -0.045 -0.045 -0.045 -0.045 -0.045 -0.045 -0.045 -0.045 -0.045 -0.045 -0.045 -0.045 -0.045 -0.045 -0.045 -0.045 -0.045 -0.045 -0.045 -0.045 -0.045 0.537 0.537 0.537 0.537 0.537 0.537 0.537 0.537 0.537 0.537 0.537 0.537 0.537 0.537 0.537 0.537 0.537 0.537 0.537 0.537 0.537 0.537 -0.772 -0.772 -0.772 -0.772 -0.772 -0.772 -0.772 -0.772 -0.772 -0.772 -0.772 -0.772 -0.772 -0.772 -0.772 -0.772 -0.772 -0.772 -0.772 -0.772 -0.772 -0.772
0.03 0.33631 9.00000 2.3504025936 2.5809225524    2.345  1.968  3.6632  2.445    7  0.000  0.360     0.00     0.00     0.00     0.00     0.00 -1 -1.08e-11      0.00 6.466e-01 3.232e-01 3.409e-03 4.155e-03 1.261e-02 -1.000 3.026e-02       4604          0          0          0          0      15.21      15.21 -0.151 -0.044 0.538 -0.771 -0.044 -0.044 -0.044 -0.044 -0.044 -0.044 -0.044 -0.044 -0.044 -0.044 -0.044 -0.044 -0.044 -0.044 -0.044 -0.044 -0.044 -0.044 -0.044 -0.044 -0.044 -0.044 0.538 0.538 0.538 0.538 0.538 0.538 0.538 0.538 0.538 0.538 0.538 0.538 0.538 0.538 0.538 0.538 0.538 0.538 0.538 0.538 0.538 0.538 -0.771 -0.771 -0.771 -0.771 -0.771 -0.771 -0.771 -0.771 -0.771 -0.771 -0.771 -0.771 -0.771 -0.771 -0.771 -0.771 -0.771 -0.771 -0.771 -0.771 -0.771 -0.771
0.03 0.33631 9.00000 2.3504812717 2.5809248593    2.345  1.973  3.6629  2.439    7  0.000  0.360     0.00     0.00     0.00     0.00     0.00 -1 -1.11e-11      0.00 6.466e-01 3.232e-01 3.409e-03 4.155e-03 1.261e-02 -1.000 3.026e-02       4601          0          0          0          0      15.31      15.31 -0.162 -0.055 0.529 -0.782 -0.055 -0.055 -0.055 -0.055 -0.055 -0.055 -0.055 -0.055 -0.055 -0.055 -0.055 -0.055 -0.055 -0.055 -0.055 -0.055 -0.055 -0.055 -0.055 -0.055 -0.055 -0.055 0.529 0.529 0.529 0.529 0.529 0.529 0.529 0.529 0.529 0.529 0.529 0.529 0.529 0.529 0.529 0.529 0.529 0.529 0.529 0.529 0.529 0.529 -0.782 -0.782 -0.782 -0.782 -0.782 -0.782 -0.782 -0.782 -0.782 -0.782 -0.782 -0.782 -0.782 -0.782 -0.782 -0.782 -0.782 -0.782 -0.782 -0.782 -0.782 -0.782
0.03 0.33631 9.00000 2.3505218029 2.5809260477    2.345  1.966  3.6633  2.447    7  0.000  0.360     0.00     0.00     0.00     0.00     0.00 -1 -1.07e-11      0.00 6.466e-01 3.232e-01 3.409e-03 4.155e-03 1.261e-02 -1.000 3.026e-02       4605          0          0          0          0      15.17      15.17 -0.145 -0.039 0.542 -0.766 -0.039 -0.039 -0.039 -0.039 -0.039 -0.039 -0.039 -0.039 -0.039 -0.039 -0.039 -0.039 -0.039 -0.039 -0.039 -0.039 -0.039 -0.039 -0.039 -0.039 -0.039 -0.039 0.542 0.542 0.542 0.542 0.542 0.542 0.542 0.542 0.542 0.542 0.542 0.542 0.542 0.542 0.542 0.542 0.542 0.542 0.542 0.542 0.542 0.542 -0.766 -0.766 -0.766 -0.766 -0.766 -0.766 -0.766 -0.766 -0.766 -0.766 -0.766 -0.766 -0.766 -0.766 -0.766 -0.766 -0.766 -0.766 -0.766 -0.766 -0.766 -0.766
0.03 0.33631 9.00000 2.3505601883 2.5809271731    2.345  1.971  3.6629  2.440    7  0.000  0.360     0.00     0.00     0.00     0.00     0.00 -1 -1.09e-11      0.00 6.466e-01 3.232e-01 3.409e-03 4.155e-03 1.261e-02 -1.000 3.026e-02       4601          0          0          0          0      15.28      15.28 -0.159 -0.051 0.532 -0.779 -0.051 -0.051 -0.051 -0.051 -0.051 -0.051 -0.051 -0.051 -0.051 -0.051 -0.051 -0.051 -0.051 -0.051 -0.051 -0.051 -0.051 -0.051 -0.051 -0.051 -0.051 -0.051 0.532 0.532 0.532 0.532 0.532 0.532 0.532 0.532 0.532 0.532 0.532 0.532 0.532 0.532 0.532 0.532 0.532 0.532 0.532 0.532 0.532 0.532 -0.779 -0.779 -0.779 -0.779 -0.779 -0.779 -0.779 -0.779 -0.779 -0.779 -0.779 -0.779 -0.779 -0.779 -0.779 -0.779 -0.779 -0.779 -0.779 -0.779 -0.779 -0.779
0.03 0.33631 9.00000 2.3505997658 2.5809283334    2.345  1.975  3.6626  2.435    7  0.000  0.360     0.00     0.00     0.00     0.00     0.00 -1 -1.12e-11      0.00 6.466e-01 3.232e-01 3.409e-03 4.155e-03 1.261e-02 -1.000 3.026e-02       4598          0          0          0          0      15.37      15.37 -0.168 -0.060 0.524 -0.788 -0.060 -0.060 -0.060 -0.060 -0.060 -0.060 -0.060 -0.060 -0.060 -0.060 -0.060 -0.060 -0.060 -0.060 -0.060 -0.060 -0.060 -0.060 -0.060 -0.060 -0.060 -0.060 0.524 0.524 0.524 0.524 0.524 0.524 0.524 0.524 0.524 0.524 0.524 0.524 0.524 0.524 0.524 0.524 0.524 0.524 0.524 0.524 0.524 0.524 -0.788 -0.788 -0.788 -0.788 -0.788 -0.788 -0.788 -0.788 -0.788 -0.788 -0.788 -0.788 -0.788 -0.788 -0.788 -0.788 -0.788 -0.788 -0.788 -0.788 -0.788 -0.788
0.03 0.33631 9.00000 2.3506457806 2.5809296824    2.345  1.974  3.6628  2.438    7  0.000  0.360     0.00     0.00     0.00     0.00     0.00 -1 -1.11e-11      0.00 6.466e-01 3.232e-01 3.409e-03 4.155e-03 1.261e-02 -1.000 3.026e-02       4600          0          0          0          0      15.33      15.33 -0.164 -0.056 0.528 -0.784 -0.056 -0.056 -0.056 -0.056 -0.056 -0.056 -0.056 -0.056 -0.056 -0.056 -0.056 -0.056 -0.056 -0.056 -0.056 -0.056 -0.056 -0.056 -0.056 -0.056 -0.056 -0.056 0.528 0.528 0.528 0.528 0.528 0.528 0.528 0.528 0.528 0.528 0.528 0.528 0.528 0.528 0.528 0.528 0.528 0.528 0.528 0.528 0.528 0.528 -0.784 -0.784 -0.784 -0.784 -0.784 -0.784 -0.784 -0.784 -0.784 -0.784 -0.784 -0.784 -0.784 -0.784 -0.784 -0.784 -0.784 -0.784 -0.784 -0.784 -0.784 -0.784
0.03 0.33631 9.00000 2.3508124352 2.5809345676    2.345  1.976  3.6626  2.435    7  0.000  0.360     0.00     0.00     0.00     0.00     0.00 -1 -1.12e-11      0.00 6.466e-01 3.232e-01 3.409e-03 4.156e-03 1.261e-02 -1.000 3.026e-02       4598          0          0          0          0      15.38      15.38 -0.169 -0.061 0.523 -0.789 -0.061 -0.061 -0.061 -0.061 -0.061 -0.061 -0.061 -0.061 -0.061 -0.061 -0.061 -0.061 -0.061 -0.061 -0.061 -0.061 -0.061 -0.061 -0.061 -0.061 -0.061 -0.061 0.523 0.523 0.523 0.523 0.523 0.523 0.523 0.523 0.523 0.523 0.523 0.523 0.523 0.523 0.523 0.523 0.523 0.523 0.523 0.523 0.523 0.523 -0.789 -0.789 -0.789 -0.789 -0.789 -0.789 -0.789 -0.789 -0.789 -0.789 -0.789 -0.789 -0.789 -0.789 -0.789 -0.789 -0.789 -0.789 -0.789 -0.789 -0.789 -0.789
0.03 0.33631 9.00000 2.3508887291 2.5809368037    2.345  1.981  3.6622  2.428    7  0.000  0.360     0.00     0.00     0.00     0.00     0.00 -1 -1.14e-11      0.00 6.466e-01 3.232e-01 3.409e-03 4.156e-03 1.261e-02 -1.000 3.026e-02       4593          0          0          0          0       15.5       15.5 -0.182 -0.072 0.514 -0.802 -0.072 -0.072 -0.072 -0.072 -0.072 -0.072 -0.072 -0.072 -0.072 -0.072 -0.072 -0.072 -0.072 -0.072 -0.072 -0.072 -0.072 -0.072 -0.072 -0.072 -0.072 -0.072 0.514 0.514 0.514 0.514 0.514 0.514 0.514 0.514 0.514 0.514 0.514 0.514 0.514 0.514 0.514 0.514 0.514 0.514 0.514 0.514 0.514 0.514 -0.802 -0.802 -0.802 -0.802 -0.802 -0.802 -0.802 -0.802 -0.802 -0.802 -0.802 -0.802 -0.802 -0.802 -0.802 -0.802 -0.802 -0.802 -0.802 -0.802 -0.802 -0.802
0.03 0.33631 9.00000 2.3509500027 2.5809385995    2.345  1.979  3.6623  2.430    7  0.000  0.360     0.00     0.00     0.00     0.00     0.00 -1 -1.13e-11      0.00 6.466e-01 3.232e-01 3.409e-03 4.156e-03 1.261e-02 -1.000 3.026e-02       4595          0          0          0          0      15.47      15.47 -0.178 -0.069 0.516 -0.798 -0.069 -0.069 -0.069 -0.069 -0.069 -0.069 -0.069 -0.069 -0.069 -0.069 -0.069 -0.069 -0.069 -0.069 -0.069 -0.069 -0.069 -0.069 -0.069 -0.069 -0.069 -0.069 0.516 0.516 0.516 0.516 0.516 0.516 0.516 0.516 0.516 0.516 0.516 0.516 0.516 0.516 0.516 0.516 0.516 0.516 0.516 0.516 0.516 0.516 -0.798 -0.798 -0.798 -0.798 -0.798 -0.798 -0.798 -0.798 -0.798 -0.798 -0.798 -0.798 -0.798 -0.798 -0.798 -0.798 -0.798 -0.798 -0.798 -0.798 -0.798 -0.798
0.03 0.33631 9.00000 2.3510069847 2.5809402695    2.345  1.982  3.6621  2.426    7  0.000  0.360     0.00     0.00     0.00     0.00     0.00 -1 -1.15e-11      0.00 6.466e-01 3.232e-01 3.409e-03 4.156e-03 1.261e-02 -1.000 3.026e-02       4592          0          0          0          0      15.54      15.54 -0.186 -0.076 0.511 -0.805 -0.076 -0.076 -0.076 -0.076 -0.076 -0.076 -0.076 -0.076 -0.076 -0.076 -0.076 -0.076 -0.076 -0.076 -0.076 -0.076 -0.076 -0.076 -0.076 -0.076 -0.076 -0.076 0.511 0.511 0.511 0.511 0.511 0.511 0.511 0.511 0.511 0.511 0.511 0.511 0.511 0.511 0.511 0.511 0.511 0.511 0.511 0.511 0.511 0.511 -0.805 -0.805 -0.805 -0.805 -0.805 -0.805 -0.805 -0.805 -0.805 -0.805 -0.805 -0.805 -0.805 -0.805 -0.805 -0.805 -0.805 -0.805 -0.805 -0.805 -0.805 -0.805
0.03 0.33631 9.00000 2.3510663509 2.5809420091    2.345  1.984  3.6620  2.425    7  0.000  0.360     0.00     0.00     0.00     0.00     0.00 -1 -1.16e-11      0.00 6.466e-01 3.232e-01 3.409e-03 4.156e-03 1.261e-02 -1.000 3.026e-02       4591          0          0          0          0      15.57      15.57 -0.189 -0.078 0.508 -0.808 -0.078 -0.078 -0.078 -0.078 -0.078 -0.078 -0.078 -0.078 -0.078 -0.078 -0.078 -0.078 -0.078 -0.078 -0.078 -0.078 -0.078 -0.078 -0.078 -0.078 -0.078 -0.078 0.508 0.508 0.508 0.508 0.508 0.508 0.508 0.508 0.508 0.508 0.508 0.508 0.508 0.508 0.508 0.508 0.508 0.508 0.508 0.508 0.508 0.508 -0.808 -0.808 -0.808 -0.808 -0.808 -0.808 -0.808 -0.808 -0.808 -0.808 -0.808 -0.808 -0.808 -0.808 -0.808 -0.808 -0.808 -0.808 -0.808 -0.808 -0.808 -0.808
0.03 0.33631 9.00000 2.3511369228 2.5809440771    2.345  1.985  3.6619  2.422    7  0.000  0.360     0.00     0.00     0.00     0.00     0.00 -1 -1.17e-11      0.00 6.466e-01 3.232e-01 3.409e-03 4.156e-03 1.261e-02 -1.000 3.026e-02       4590          0          0          0          0      15.61      15.61 -0.194 -0.082 0.505 -0.813 -0.082 -0.082 -0.082 -0.082 -0.082 -0.082 -0.082 -0.082 -0.082 -0.082 -0.082 -0.082 -0.082 -0.082 -0.082 -0.082 -0.082 -0.082 -0.082 -0.082 -0.082 -0.082 0.505 0.505 0.505 0.505 0.505 0.505 0.505 0.505 0.505 0.505 0.505 0.505 0.505 0.505 0.505 0.505 0.505 0.505 0.505 0.505 0.505 0.505 -0.813 -0.813 -0.813 -0.813 -0.813 -0.813 -0.813 -0.813 -0.813 -0.813 -0.813 -0.813 -0.813 -0.813 -0.813 -0.813 -0.813 -0.813 -0.813 -0.813 -0.813 -0.813
0.03 0.33631 9.00000 2.3511719704 2.5809451040    2.346  1.988  3.6616  2.419    7  0.000  0.360     0.00     0.00     0.00     0.00     0.00 -1 -1.18e-11      0.00 6.466e-01 3.232e-01 3.409e-03 4.156e-03 1.261e-02 -1.000 3.026e-02       4587          0          0          0          0      15.67      15.67 -0.200 -0.087 0.500 -0.818 -0.087 -0.087 -0.087 -0.087 -0.087 -0.087 -0.087 -0.087 -0.087 -0.087 -0.087 -0.087 -0.087 -0.087 -0.087 -0.087 -0.087 -0.087 -0.087 -0.087 -0.087 -0.087 0.500 0.500 0.500 0.500 0.500 0.500 0.500 0.500 0.500 0.500 0.500 0.500 0.500 0.500 0.500 0.500 0.500 0.500 0.500 0.500 0.500 0.500 -0.818 -0.818 -0.818 -0.818 -0.818 -0.818 -0.818 -0.818 -0.818 -0.818 -0.818 -0.818 -0.818 -0.818 -0.818 -0.818 -0.818 -0.818 -0.818 -0.818 -0.818 -0.818
0.03 0.33631 9.00000 2.3512146473 2.5809463544    2.346  1.987  3.6618  2.421    7  0.000  0.360     0.00     0.00     0.00     0.00     0.00 -1 -1.17e-11      0.00 6.466e-01 3.232e-01 3.409e-03 4.156e-03 1.261e-02 -1.000 3.026e-02       4589          0          0          0          0      15.64      15.64 -0.197 -0.085 0.502 -0.815 -0.085 -0.085 -0.085 -0.085 -0.085 -0.085 -0.085 -0.085 -0.085 -0.085 -0.085 -0.085 -0.085 -0.085 -0.085 -0.085 -0.085 -0.085 -0.085 -0.085 -0.085 -0.085 0.502 0.502 0.502 0.502 0.502 0.502 0.502 0.502 0.502 0.502 0.502 0.502 0.502 0.502 0.502 0.502 0.502 0.502 0.502 0.502 0.502 0.502 -0.815 -0.815 -0.815 -0.815 -0.815 -0.815 -0.815 -0.815 -0.815 -0.815 -0.815 -0.815 -0.815 -0.815 -0.815 -0.815 -0.815 -0.815 -0.815 -0.815 -0.815 -0.815
0.03 0.33631 9.00000 2.3512675762 2.5809479052    2.346  1.987  3.6618  2.421    7  0.000  0.360     0.00     0.00     0.00     0.00     0.00 -1 -1.18e-11      0.00 6.466e-01 3.232e-01 3.409e-03 4.156e-03 1.261e-02 -1.000 3.026e-02       4589          0          0          0          0      15.64      15.64 -0.197 -0.085 0.502 -0.816 -0.085 -0.085 -0.085 -0.085 -0.085 -0.085 -0.085 -0.085 -0.085 -0.085 -0.085 -0.085 -0.085 -0.085 -0.085 -0.085 -0.085 -0.085 -0.085 -0.085 -0.085 -0.085 0.502 0.502 0.502 0.502 0.502 0.502 0.502 0.502 0.502 0.502 0.502 0.502 0.502 0.502 0.502 0.502 0.502 0.502 0.502 0.502 0.502 0.502 -0.816 -0.816 -0.816 -0.816 -0.816 -0.816 -0.816 -0.816 -0.816 -0.816 -0.816 -0.816 -0.816 -0.816 -0.816 -0.816 -0.816 -0.816 -0.816 -0.816 -0.816 -0.816
0.03 0.33631 9.00000 2.3514151573 2.5809522287    2.346  1.994  3.6612  2.412    7  0.000  0.360     0.00     0.00     0.00     0.00     0.00 -1 -1.21e-11      0.00 6.466e-01 3.232e-01 3.409e-03 4.156e-03 1.261e-02 -1.000 3.026e-02       4583          0          0          0          0       15.8       15.8 -0.214 -0.100 0.489 -0.832 -0.100 -0.100 -0.100 -0.100 -0.100 -0.100 -0.100 -0.100 -0.100 -0.100 -0.100 -0.100 -0.100 -0.100 -0.100 -0.100 -0.100 -0.100 -0.100 -0.100 -0.100 -0.100 0.489 0.489 0.489 0.489 0.489 0.489 0.489 0.489 0.489 0.489 0.489 0.489 0.489 0.489 0.489 0.489 0.489 0.489 0.489 0.489 0.489 0.489 -0.832 -0.832 -0.832 -0.832 -0.832 -0.832 -0.832 -0.832 -0.832 -0.832 -0.832 -0.832 -0.832 -0.832 -0.832 -0.832 -0.832 -0.832 -0.832 -0.832 -0.832 -0.832
0.03 0.33631 9.00000 2.3514938354 2.5809545333    2.346  1.995  3.6611  2.409    7  0.000  0.360     0.00     0.00     0.00     0.00     0.00 -1 -1.22e-11      0.00 6.466e-01 3.232e-01 3.409e-03 4.156e-03 1.261e-02 -1.000 3.026e-02       4582          0          0          0          0      15.84      15.84 -0.218 -0.104 0.486 -0.836 -0.104 -0.104 -0.104 -0.104 -0.104 -0.104 -0.104 -0.104 -0.104 -0.104 -0.104 -0.104 -0.104 -0.104 -0.104 -0.104 -0.104 -0.104 -0.104 -0.104 -0.104 -0.104 0.486 0.486 0.486 0.486 0.486 0.486 0.486 0.486 0.486 0.486 0.486 0.486 0.486 0.486 0.486 0.486 0.486 0.486 0.486 0.486 0.486 0.486 -0.836 -0.836 -0.836 -0.836 -0.836 -0.836 -0.836 -0.836 -0.836 -0.836 -0.836 -0.836 -0.836 -0.836 -0.836 -0.836 -0.836 -0.836 -0.836 -0.836 -0.836 -0.836
0.03 0.33631 9.00000 2.3515579700 2.5809564119    2.346  1.997  3.6610  2.408    7  0.000  0.360     0.00     0.00     0.00     0.00     0.00 -1 -1.23e-11      0.00 6.466e-01 3.232e-01 3.409e-03 4.156e-03 1.261e-02 -1.000 3.026e-02       4581          0          0          0          0      15.87      15.87 -0.222 -0.107 0.483 -0.839 -0.107 -0.107 -0.107 -0.107 -0.107 -0.107 -0.107 -0.107 -0.107 -0.107 -0.107 -0.107 -0.107 -0.107 -0.107 -0.107 -0.107 -0.107 -0.107 -0.107 -0.107 -0.107 0.483 0.483 0.483 0.483 0.483 0.483 0.483 0.483 0.483 0.483 0.483 0.483 0.483 0.483 0.483 0.483 0.483 0.483 0.483 0.483 0.483 0.483 -0.839 -0.839 -0.839 -0.839 -0.839 -0.839 -0.839 -0.839 -0.839 -0.839 -0.839 -0.839 -0.839 -0.839 -0.839 -0.839 -0.839 -0.839 -0.839 -0.839 -0.839 -0.839
0.03 0.33631 9.00000 2.3516156673 2.5809581018    2.346  1.998  3.6609  2.406    7  0.000  0.360     0.00     0.00     0.00     0.00     0.00 -1 -1.24e-11      0.00 6.466e-01 3.232e-01 3.409e-03 4.156e-03 1.261e-02 -1.000 3.026e-02       4580          0          0          0          0       15.9       15.9 -0.225 -0.109 0.481 -0.842 -0.109 -0.109 -0.109 -0.109 -0.109 -0.109 -0.109 -0.109 -0.109 -0.109 -0.109 -0.109 -0.109 -0.109 -0.109 -0.109 -0.109 -0.109 -0.109 -0.109 -0.109 -0.109 0.481 0.481 0.481 0.481 0.481 0.481 0.481 0.481 0.481 0.481 0.481 0.481 0.481 0.481 0.481 0.481 0.481 0.481 0.481 0.481 0.481 0.481 -0.842 -0.842 -0.842 -0.842 -0.842 -0.842 -0.842 -0.842 -0.842 -0.842 -0.842 -0.842 -0.842 -0.842 -0.842 -0.842 -0.842 -0.842 -0.842 -0.842 -0.842 -0.842
0.03 0.33631 9.00000 2.3516731262 2.5809597846    2.346  1.999  3.6608  2.405    7  0.000  0.360     0.00     0.00     0.00     0.00     0.00 -1 -1.24e-11      0.00 6.466e-01 3.232e-01 3.409e-03 4.156e-03 1.261e-02 -1.000 3.026e-02       4579          0          0          0          0      15.93      15.93 -0.228 -0.112 0.478 -0.845 -0.112 -0.112 -0.112 -0.112 -0.112 -0.112 -0.112 -0.112 -0.112 -0.112 -0.112 -0.112 -0.112 -0.112 -0.112 -0.112 -0.112 -0.112 -0.112 -0.112 -0.112 -0.112 0.478 0.478 0.478 0.478 0.478 0.478 0.478 0.478 0.478 0.478 0.478 0.478 0.478 0.478 0.478 0.478 0.478 0.478 0.478 0.478 0.478 0.478 -0.845 -0.845 -0.845 -0.845 -0.845 -0.845 -0.845 -0.845 -0.845 -0.845 -0.845 -0.845 -0.845 -0.845 -0.845 -0.845 -0.845 -0.845 -0.845 -0.845 -0.845 -0.845
0.03 0.33631 9.00000 2.3517506123 2.5809620537    2.346  2.001  3.6607  2.403    7  0.000  0.360     0.00     0.00     0.00     0.00     0.00 -1 -1.25e-11      0.00 6.466e-01 3.232e-01 3.409e-03 4.156e-03 1.261e-02 -1.000 3.026e-02       4578          0          0          0          0      15.97      15.97 -0.232 -0.116 0.475 -0.849 -0.116 -0.116 -0.116 -0.116 -0.116 -0.116 -0.116 -0.116 -0.116 -0.116 -0.116 -0.116 -0.116 -0.116 -0.116 -0.116 -0.116 -0.116 -0.116 -0.116 -0.116 -0.116 0.475 0.475 0.475 0.475 0.475 0.475 0.475 0.475 0.475 0.475 0.475 0.475 0.475 0.475 0.475 0.475 0.475 0.475 0.475 0.475 0.475 0.475 -0.849 -0.849 -0.849 -0.849 -0.849 -0.849 -0.849 -0.849 -0.849 -0.849 -0.849 -0.849 -0.849 -0.849 -0.849 -0.849 -0.849 -0.849 -0.849 -0.849 -0.849 -0.849
0.03 0.33631 9.00000 2.3517873287 2.5809631289    2.346  2.001  3.6606  2.402    7  0.000  0.360     0.00     0.00     0.00     0.00     0.00 -1 -1.26e-11      0.00 6.466e-01 3.232e-01 3.409e-03 4.156e-03 1.261e-02 -1.000 3.026e-02       4577          0          0          0          0      15.99      15.99 -0.233 -0.117 0.474 -0.851 -0.117 -0.117 -0.117 -0.117 -0.117 -0.117 -0.117 -0.117 -0.117 -0.117 -0.117 -0.117 -0.117 -0.117 -0.117 -0.117 -0.117 -0.117 -0.117 -0.117 -0.117 -0.117 0.474 0.474 0.474 0.474 0.474 0.474 0.474 0.474 0.474 0.474 0.474 0.474 0.474 0.474 0.474 0.474 0.474 0.474 0.474 0.474 0.474 0.474 -0.851 -0.851 -0.851 -0.851 -0.851 -0.851 -0.851 -0.851 -0.851 -0.851 -0.851 -0.851 -0.851 -0.851 -0.851 -0.851 -0.851 -0.851 -0.851 -0.851 -0.851 -0.851
0.03 0.33631 9.00000 2.3518280983 2.5809643227    2.346  2.002  3.6606  2.400    7  0.000  0.360     0.00     0.00     0.00     0.00     0.00 -1 -1.26e-11      0.00 6.466e-01 3.232e-01 3.409e-03 4.156e-03 1.261e-02 -1.000 3.026e-02       4576          0          0          0          0      16.01      16.01 -0.236 -0.119 0.472 -0.853 -0.119 -0.119 -0.119 -0.119 -0.119 -0.119 -0.119 -0.119 -0.119 -0.119 -0.119 -0.119 -0.119 -0.119 -0.119 -0.119 -0.119 -0.119 -0.119 -0.119 -0.119 -0.119 0.472 0.472 0.472 0.472 0.472 0.472 0.472 0.472 0.472 0.472 0.472 0.472 0.472 0.472 0.472 0.472 0.472 0.472 0.472 0.472 0.472 0.472 -0.853 -0.853 -0.853 -0.853 -0.853 -0.853 -0.853 -0.853 -0.853 -0.853 -0.853 -0.853 -0.853 -0.853 -0.853 -0.853 -0.853 -0.853 -0.853 -0.853 -0.853 -0.853
0.03 0.33631 9.00000 2.3518793583 2.5809658237    2.346  2.003  3.6605  2.399    7  0.000  0.360     0.00     0.00     0.00     0.00     0.00 -1 -1.27e-11      0.00 6.466e-01 3.232e-01 3.409e-03 4.156e-03 1.261e-02 -1.000 3.026e-02       4575          0          0          0          0      16.03      16.03 -0.238 -0.121 0.470 -0.855 -0.121 -0.121 -0.121 -0.121 -0.121 -0.121 -0.121 -0.121 -0.121 -0.121 -0.121 -0.121 -0.121 -0.121 -0.121 -0.121 -0.121 -0.121 -0.121 -0.121 -0.121 -0.121 0.470 0.470 0.470 0.470 0.470 0.470 0.470 0.470 0.470 0.470 0.470 0.470 0.470 0.470 0.470 0.470 0.470 0.470 0.470 0.470 0.470 0.470 -0.855 -0.855 -0.855 -0.855 -0.855 -0.855 -0.855 -0.855 -0.855 -0.855 -0.855 -0.855 -0.855 -0.855 -0.855 -0.855 -0.855 -0.855 -0.855 -0.855 -0.855 -0.855
0.03 0.33631 9.00000 2.3520278931 2.5809701725    2.346  2.006  3.6603  2.395    7  0.000  0.360     0.00     0.00     0.00     0.00     0.00 -1 -1.28e-11      0.00 6.465e-01 3.232e-01 3.409e-03 4.156e-03 1.261e-02 -1.000 3.026e-02       4573          0          0          0          0      16.11      16.11 -0.246 -0.128 0.464 -0.863 -0.128 -0.128 -0.128 -0.128 -0.128 -0.128 -0.128 -0.128 -0.128 -0.128 -0.128 -0.128 -0.128 -0.128 -0.128 -0.128 -0.128 -0.128 -0.128 -0.128 -0.128 -0.128 0.464 0.464 0.464 0.464 0.464 0.464 0.464 0.464 0.464 0.464 0.464 0.464 0.464 0.464 0.464 0.464 0.464 0.464 0.464 0.464 0.464 0.464 -0.863 -0.863 -0.863 -0.863 -0.863 -0.863 -0.863 -0.863 -0.863 -0.863 -0.863 -0.863 -0.863 -0.863 -0.863 -0.863 -0.863 -0.863 -0.863 -0.863 -0.863 -0.863
0.03 0.33631 9.00000 2.3521060944 2.5809724619    2.346  2.008  3.6601  2.393    7  0.000  0.360     0.00     0.00     0.00     0.00     0.00 -1 -1.29e-11      0.00 6.465e-01 3.232e-01 3.409e-03 4.156e-03 1.261e-02 -1.000 3.026e-02       4572          0          0          0          0      16.15      16.15 -0.250 -0.132 0.461 -0.867 -0.132 -0.132 -0.132 -0.132 -0.132 -0.132 -0.132 -0.132 -0.132 -0.132 -0.132 -0.132 -0.132 -0.132 -0.132 -0.132 -0.132 -0.132 -0.132 -0.132 -0.132 -0.132 0.461 0.461 0.461 0.461 0.461 0.461 0.461 0.461 0.461 0.461 0.461 0.461 0.461 0.461 0.461 0.461 0.461 0.461 0.461 0.461 0.461 0.461 -0.867 -0.867 -0.867 -0.867 -0.867 -0.867 -0.867 -0.867 -0.867 -0.867 -0.867 -0.867 -0.867 -0.867 -0.867 -0.867 -0.867 -0.867 -0.867 -0.867 -0.867 -0.867
0.03 0.33631 9.00000 2.3521697521 2.5809743253    2.347  2.009  3.6600  2.391    7  0.000  0.360     0.00     0.00     0.00     0.00     0.00 -1  -1.3e-11      0.00 6.465e-01 3.232e-01 3.409e-03 4.156e-03 1.261e-02 -1.000 3.026e-02       4570          0          0          0          0      16.18      16.18 -0.253 -0.135 0.458 -0.870 -0.135 -0.135 -0.135 -0.135 -0.135 -0.135 -0.135 -0.135 -0.135 -0.135 -0.135 -0.135 -0.135 -0.135 -0.135 -0.135 -0.135 -0.135 -0.135 -0.135 -0.135 -0.135 0.458 0.458 0.458 0.458 0.458 0.458 0.458 0.458 0.458 0.458 0.458 0.458 0.458 0.458 0.458 0.458 0.458 0.458 0.458 0.458 0.458 0.458 -0.870 -0.870 -0.870 -0.870 -0.870 -0.870 -0.870 -0.870 -0.870 -0.870 -0.870 -0.870 -0.870 -0.870 -0.870 -0.870 -0.870 -0.870 -0.870 -0.870 -0.870 -0.870
0.03 0.33631 9.00000 2.3522293568 2.5809760700    2.347  2.011  3.6599  2.390    7  0.000  0.360     0.00     0.00     0.00     0.00     0.00 -1 -1.31e-11      0.00 6.465e-01 3.232e-01 3.409e-03 4.157e-03 1.261e-02 -1.000 3.026e-02       4569          0          0          0          0      16.21      16.21 -0.256 -0.137 0.456 -0.873 -0.137 -0.137 -0.137 -0.137 -0.137 -0.137 -0.137 -0.137 -0.137 -0.137 -0.137 -0.137 -0.137 -0.137 -0.137 -0.137 -0.137 -0.137 -0.137 -0.137 -0.137 -0.137 0.456 0.456 0.456 0.456 0.456 0.456 0.456 0.456 0.456 0.456 0.456 0.456 0.456 0.456 0.456 0.456 0.456 0.456 0.456 0.456 0.456 0.456 -0.873 -0.873 -0.873 -0.873 -0.873 -0.873 -0.873 -0.873 -0.873 -0.873 -0.873 -0.873 -0.873 -0.873 -0.873 -0.873 -0.873 -0.873 -0.873 -0.873 -0.873 -0.873
0.03 0.33631 9.00000 2.3522884846 2.5809778006    2.347  2.012  3.6598  2.388    7  0.000  0.360     0.00     0.00     0.00     0.00     0.00 -1 -1.31e-11      0.00 6.465e-01 3.232e-01 3.409e-03 4.157e-03 1.261e-02 -1.000 3.026e-02       4568          0          0          0          0      16.24      16.24 -0.260 -0.140 0.454 -0.876 -0.140 -0.140 -0.140 -0.140 -0.140 -0.140 -0.140 -0.140 -0.140 -0.140 -0.140 -0.140 -0.140 -0.140 -0.140 -0.140 -0.140 -0.140 -0.140 -0.140 -0.140 -0.140 0.454 0.454 0.454 0.454 0.454 0.454 0.454 0.454 0.454 0.454 0.454 0.454 0.454 0.454 0.454 0.454 0.454 0.454 0.454 0.454 0.454 0.454 -0.876 -0.876 -0.876 -0.876 -0.876 -0.876 -0.876 -0.876 -0.876 -0.876 -0.876 -0.876 -0.876 -0.876 -0.876 -0.876 -0.876 -0.876 -0.876 -0.876 -0.876 -0.876
0.03 0.33631 9.00000 2.3523633480 2.5809799917    2.347  2.013  3.6597  2.386    7  0.000  0.360     0.00     0.00     0.00     0.00     0.00 -1 -1.32e-11      0.00 6.465e-01 3.232e-01 3.409e-03 4.157e-03 1.261e-02 -1.000 3.026e-02       4567          0          0          0          0      16.28      16.28 -0.263 -0.143 0.451 -0.880 -0.143 -0.143 -0.143 -0.143 -0.143 -0.143 -0.143 -0.143 -0.143 -0.143 -0.143 -0.143 -0.143 -0.143 -0.143 -0.143 -0.143 -0.143 -0.143 -0.143 -0.143 -0.143 0.451 0.451 0.451 0.451 0.451 0.451 0.451 0.451 0.451 0.451 0.451 0.451 0.451 0.451 0.451 0.451 0.451 0.451 0.451 0.451 0.451 0.451 -0.880 -0.880 -0.880 -0.880 -0.880 -0.880 -0.880 -0.880 -0.880 -0.880 -0.880 -0.880 -0.880 -0.880 -0.880 -0.880 -0.880 -0.880 -0.880 -0.880 -0.880 -0.880
0.03 0.33631 9.00000 2.3524045944 2.5809811988    2.347  2.014  3.6597  2.385    7  0.000  0.360     0.00     0.00     0.00     0.00     0.00 -1 -1.33e-11      0.00 6.465e-01 3.232e-01 3.409e-03 4.157e-03 1.261e-02 -1.000 3.026e-02       4566          0          0          0          0       16.3       16.3 -0.266 -0.145 0.449 -0.882 -0.145 -0.145 -0.145 -0.145 -0.145 -0.145 -0.145 -0.145 -0.145 -0.145 -0.145 -0.145 -0.145 -0.145 -0.145 -0.145 -0.145 -0.145 -0.145 -0.145 -0.145 -0.145 0.449 0.449 0.449 0.449 0.449 0.449 0.449 0.449 0.449 0.449 0.449 0.449 0.449 0.449 0.449 0.449 0.449 0.449 0.449 0.449 0.449 0.449 -0.882 -0.882 -0.882 -0.882 -0.882 -0.882 -0.882 -0.882 -0.882 -0.882 -0.882 -0.882 -0.882 -0.882 -0.882 -0.882 -0.882 -0.882 -0.882 -0.882 -0.882 -0.882
0.03 0.33631 9.00000 2.3524391651 2.5809822105    2.347  2.015  3.6596  2.384    7  0.000  0.360     0.00     0.00     0.00     0.00     0.00 -1 -1.33e-11      0.00 6.465e-01 3.232e-01 3.409e-03 4.157e-03 1.261e-02 -1.000 3.026e-02       4566          0          0          0          0      16.32      16.32 -0.267 -0.147 0.448 -0.883 -0.147 -0.147 -0.147 -0.147 -0.147 -0.147 -0.147 -0.147 -0.147 -0.147 -0.147 -0.147 -0.147 -0.147 -0.147 -0.147 -0.147 -0.147 -0.147 -0.147 -0.147 -0.147 0.448 0.448 0.448 0.448 0.448 0.448 0.448 0.448 0.448 0.448 0.448 0.448 0.448 0.448 0.448 0.448 0.448 0.448 0.448 0.448 0.448 0.448 -0.883 -0.883 -0.883 -0.883 -0.883 -0.883 -0.883 -0.883 -0.883 -0.883 -0.883 -0.883 -0.883 -0.883 -0.883 -0.883 -0.883 -0.883 -0.883 -0.883 -0.883 -0.883
0.03 0.33631 9.00000 2.3524928093 2.5809837803    2.347  2.016  3.6595  2.382    7  0.000  0.360     0.00     0.00     0.00     0.00     0.00 -1 -1.34e-11      0.00 6.465e-01 3.232e-01 3.409e-03 4.157e-03 1.261e-02 -1.000 3.026e-02       4565          0          0          0          0      16.34      16.34 -0.270 -0.149 0.446 -0.886 -0.149 -0.149 -0.149 -0.149 -0.149 -0.149 -0.149 -0.149 -0.149 -0.149 -0.149 -0.149 -0.149 -0.149 -0.149 -0.149 -0.149 -0.149 -0.149 -0.149 -0.149 -0.149 0.446 0.446 0.446 0.446 0.446 0.446 0.446 0.446 0.446 0.446 0.446 0.446 0.446 0.446 0.446 0.446 0.446 0.446 0.446 0.446 0.446 0.446 -0.886 -0.886 -0.886 -0.886 -0.886 -0.886 -0.886 -0.886 -0.886 -0.886 -0.886 -0.886 -0.886 -0.886 -0.886 -0.886 -0.886 -0.886 -0.886 -0.886 -0.886 -0.886
0.03 0.33631 9.00000 2.3526511192 2.5809884125    2.347  2.019  3.6593  2.378    7  0.000  0.360     0.00     0.00     0.00     0.00     0.00 -1 -1.36e-11      0.00 6.465e-01 3.232e-01 3.409e-03 4.157e-03 1.261e-02 -1.000 3.026e-02       4562          0          0          0          0      16.42      16.42 -0.278 -0.156 0.439 -0.894 -0.156 -0.156 -0.156 -0.156 -0.156 -0.156 -0.156 -0.156 -0.156 -0.156 -0.156 -0.156 -0.156 -0.156 -0.156 -0.156 -0.156 -0.156 -0.156 -0.156 -0.156 -0.156 0.439 0.439 0.439 0.439 0.439 0.439 0.439 0.439 0.439 0.439 0.439 0.439 0.439 0.439 0.439 0.439 0.439 0.439 0.439 0.439 0.439 0.439 -0.894 -0.894 -0.894 -0.894 -0.894 -0.894 -0.894 -0.894 -0.894 -0.894 -0.894 -0.894 -0.894 -0.894 -0.894 -0.894 -0.894 -0.894 -0.894 -0.894 -0.894 -0.894
0.03 0.33631 9.00000 2.3527257442 2.5809905959    2.347  2.021  3.6591  2.376    7  0.000  0.360     0.00     0.00     0.00     0.00     0.00 -1 -1.37e-11      0.00 6.465e-01 3.232e-01 3.409e-03 4.157e-03 1.261e-02 -1.000 3.026e-02       4561          0          0          0          0      16.46      16.46 -0.282 -0.160 0.436 -0.897 -0.160 -0.160 -0.160 -0.160 -0.160 -0.160 -0.160 -0.160 -0.160 -0.160 -0.160 -0.160 -0.160 -0.160 -0.160 -0.160 -0.160 -0.160 -0.160 -0.160 -0.160 -0.160 0.436 0.436 0.436 0.436 0.436 0.436 0.436 0.436 0.436 0.436 0.436 0.436 0.436 0.436 0.436 0.436 0.436 0.436 0.436 0.436 0.436 0.436 -0.897 -0.897 -0.897 -0.897 -0.897 -0.897 -0.897 -0.897 -0.897 -0.897 -0.897 -0.897 -0.897 -0.897 -0.897 -0.897 -0.897 -0.897 -0.897 -0.897 -0.897 -0.897
0.03 0.33631 9.00000 2.3527882099 2.5809924233    2.347  2.022  3.6590  2.374    7  0.000  0.360     0.00     0.00     0.00     0.00     0.00 -1 -1.38e-11      0.00 6.465e-01 3.232e-01 3.409e-03 4.157e-03 1.261e-02 -1.000 3.026e-02       4560          0          0          0          0      16.49      16.49 -0.286 -0.163 0.434 -0.900 -0.163 -0.163 -0.163 -0.163 -0.163 -0.163 -0.163 -0.163 -0.163 -0.163 -0.163 -0.163 -0.163 -0.163 -0.163 -0.163 -0.163 -0.163 -0.163 -0.163 -0.163 -0.163 0.434 0.434 0.434 0.434 0.434 0.434 0.434 0.434 0.434 0.434 0.434 0.434 0.434 0.434 0.434 0.434 0.434 0.434 0.434 0.434 0.434 0.434 -0.900 -0.900 -0.900 -0.900 -0.900 -0.900 -0.900 -0.900 -0.900 -0.900 -0.900 -0.900 -0.900 -0.900 -0.900 -0.900 -0.900 -0.900 -0.900 -0.900 -0.900 -0.900
0.03 0.33631 9.00000 2.3528468609 2.5809941390    2.347  2.023  3.6589  2.373    7  0.000  0.360     0.00     0.00     0.00     0.00     0.00 -1 -1.38e-11      0.00 6.465e-01 3.232e-01 3.409e-03 4.157e-03 1.261e-02 -1.000 3.026e-02       4559          0          0          0          0      16.52      16.52 -0.288 -0.165 0.432 -0.903 -0.165 -0.165 -0.165 -0.165 -0.165 -0.165 -0.165 -0.165 -0.165 -0.165 -0.165 -0.165 -0.165 -0.165 -0.165 -0.165 -0.165 -0.165 -0.165 -0.165 -0.165 -0.165 0.432 0.432 0.432 0.432 0.432 0.432 0.432 0.432 0.432 0.432 0.432 0.432 0.432 0.432 0.432 0.432 0.432 0.432 0.432 0.432 0.432 0.432 -0.903 -0.903 -0.903 -0.903 -0.903 -0.903 -0.903 -0.903 -0.903 -0.903 -0.903 -0.903 -0.903 -0.903 -0.903 -0.903 -0.903 -0.903 -0.903 -0.903 -0.903 -0.903
0.03 0.33631 9.00000 2.3529288769 2.5809965381    2.347  2.025  3.6588  2.371    7  0.000  0.360     0.00     0.00     0.00     0.00     0.00 -1 -1.39e-11      0.00 6.465e-01 3.232e-01 3.409e-03 4.157e-03 1.261e-02 -1.000 3.026e-02       4558          0          0          0          0      16.56      16.56 -0.292 -0.169 0.429 -0.907 -0.169 -0.169 -0.169 -0.169 -0.169 -0.169 -0.169 -0.169 -0.169 -0.169 -0.169 -0.169 -0.169 -0.169 -0.169 -0.169 -0.169 -0.169 -0.169 -0.169 -0.169 -0.169 0.429 0.429 0.429 0.429 0.429 0.429 0.429 0.429 0.429 0.429 0.429 0.429 0.429 0.429 0.429 0.429 0.429 0.429 0.429 0.429 0.429 0.429 -0.907 -0.907 -0.907 -0.907 -0.907 -0.907 -0.907 -0.907 -0.907 -0.907 -0.907 -0.907 -0.907 -0.907 -0.907 -0.907 -0.907 -0.907 -0.907 -0.907 -0.907 -0.907
0.03 0.33631 9.00000 2.3529775143 2.5809979607    2.347  2.026  3.6588  2.370    7  0.000  0.360     0.00     0.00     0.00     0.00     0.00 -1  -1.4e-11      0.00 6.465e-01 3.232e-01 3.409e-03 4.157e-03 1.261e-02 -1.000 3.026e-02       4557          0          0          0          0      16.58      16.58 -0.294 -0.170 0.427 -0.909 -0.170 -0.170 -0.170 -0.170 -0.170 -0.170 -0.170 -0.170 -0.170 -0.170 -0.170 -0.170 -0.170 -0.170 -0.170 -0.170 -0.170 -0.170 -0.170 -0.170 -0.170 -0.170 0.427 0.427 0.427 0.427 0.427 0.427 0.427 0.427 0.427 0.427 0.427 0.427 0.427 0.427 0.427 0.427 0.427 0.427 0.427 0.427 0.427 0.427 -0.909 -0.909 -0.909 -0.909 -0.909 -0.909 -0.909 -0.909 -0.909 -0.909 -0.909 -0.909 -0.909 -0.909 -0.909 -0.909 -0.909 -0.909 -0.909 -0.909 -0.909 -0.909
0.03 0.33631 9.00000 2.3530158997 2.5809990835    2.347  2.026  3.6587  2.369    7  0.000  0.360     0.00     0.00     0.00     0.00     0.00 -1  -1.4e-11      0.00 6.465e-01 3.232e-01 3.409e-03 4.157e-03 1.261e-02 -1.000 3.026e-02       4557          0          0          0          0       16.6       16.6 -0.296 -0.172 0.426 -0.911 -0.172 -0.172 -0.172 -0.172 -0.172 -0.172 -0.172 -0.172 -0.172 -0.172 -0.172 -0.172 -0.172 -0.172 -0.172 -0.172 -0.172 -0.172 -0.172 -0.172 -0.172 -0.172 0.426 0.426 0.426 0.426 0.426 0.426 0.426 0.426 0.426 0.426 0.426 0.426 0.426 0.426 0.426 0.426 0.426 0.426 0.426 0.426 0.426 0.426 -0.911 -0.911 -0.911 -0.911 -0.911 -0.911 -0.911 -0.911 -0.911 -0.911 -0.911 -0.911 -0.911 -0.911 -0.911 -0.911 -0.911 -0.911 -0.911 -0.911 -0.911 -0.911
0.03 0.33631 9.00000 2.3530611992 2.5810004083    2.347  2.027  3.6587  2.368    7  0.000  0.360     0.00     0.00     0.00     0.00     0.00 -1 -1.41e-11      0.00 6.465e-01 3.232e-01 3.409e-03 4.157e-03 1.261e-02 -1.000 3.026e-02       4556          0          0          0          0      16.62      16.62 -0.298 -0.174 0.425 -0.913 -0.174 -0.174 -0.174 -0.174 -0.174 -0.174 -0.174 -0.174 -0.174 -0.174 -0.174 -0.174 -0.174 -0.174 -0.174 -0.174 -0.174 -0.174 -0.174 -0.174 -0.174 -0.174 0.425 0.425 0.425 0.425 0.425 0.425 0.425 0.425 0.425 0.425 0.425 0.425 0.425 0.425 0.425 0.425 0.425 0.425 0.425 0.425 0.425 0.425 -0.913 -0.913 -0.913 -0.913 -0.913 -0.913 -0.913 -0.913 -0.913 -0.913 -0.913 -0.913 -0.913 -0.913 -0.913 -0.913 -0.913 -0.913 -0.913 -0.913 -0.913 -0.913
0.03 0.33631 9.00000 2.3531279564 2.5810023607    2.347  2.028  3.6586  2.366    7  0.000  0.360     0.00     0.00     0.00     0.00     0.00 -1 -1.42e-11      0.00 6.465e-01 3.232e-01 3.409e-03 4.157e-03 1.261e-02 -1.000 3.026e-02       4555          0          0          0          0      16.65      16.65 -0.301 -0.176 0.422 -0.915 -0.176 -0.176 -0.176 -0.176 -0.176 -0.176 -0.176 -0.176 -0.176 -0.176 -0.176 -0.176 -0.176 -0.176 -0.176 -0.176 -0.176 -0.176 -0.176 -0.176 -0.176 -0.176 0.422 0.422 0.422 0.422 0.422 0.422 0.422 0.422 0.422 0.422 0.422 0.422 0.422 0.422 0.422 0.422 0.422 0.422 0.422 0.422 0.422 0.422 -0.915 -0.915 -0.915 -0.915 -0.915 -0.915 -0.915 -0.915 -0.915 -0.915 -0.915 -0.915 -0.915 -0.915 -0.915 -0.915 -0.915 -0.915 -0.915 -0.915 -0.915 -0.915
0.03 0.33631 9.00000 2.3532767296 2.5810067112    2.348  2.031  3.6584  2.363    7  0.000  0.360     0.00     0.00     0.00     0.00     0.00 -1 -1.43e-11      0.00 6.465e-01 3.232e-01 3.409e-03 4.157e-03 1.261e-02 -1.000 3.026e-02       4553          0          0          0          0      16.72      16.72 -0.308 -0.182 0.417 -0.922 -0.182 -0.182 -0.182 -0.182 -0.182 -0.182 -0.182 -0.182 -0.182 -0.182 -0.182 -0.182 -0.182 -0.182 -0.182 -0.182 -0.182 -0.182 -0.182 -0.182 -0.182 -0.182 0.417 0.417 0.417 0.417 0.417 0.417 0.417 0.417 0.417 0.417 0.417 0.417 0.417 0.417 0.417 0.417 0.417 0.417 0.417 0.417 0.417 0.417 -0.922 -0.922 -0.922 -0.922 -0.922 -0.922 -0.922 -0.922 -0.922 -0.922 -0.922 -0.922 -0.922 -0.922 -0.922 -0.922 -0.922 -0.922 -0.922 -0.922 -0.922 -0.922
0.03 0.33631 9.00000 2.3533461094 2.5810087398    2.348  2.032  3.6583  2.361    7  0.000  0.360     0.00     0.00     0.00     0.00     0.00 -1 -1.44e-11      0.00 6.465e-01 3.232e-01 3.409e-03 4.157e-03 1.261e-02 -1.000 3.026e-02       4552          0          0          0          0      16.75      16.75 -0.311 -0.185 0.415 -0.925 -0.185 -0.185 -0.185 -0.185 -0.185 -0.185 -0.185 -0.185 -0.185 -0.185 -0.185 -0.185 -0.185 -0.185 -0.185 -0.185 -0.185 -0.185 -0.185 -0.185 -0.185 -0.185 0.415 0.415 0.415 0.415 0.415 0.415 0.415 0.415 0.415 0.415 0.415 0.415 0.415 0.415 0.415 0.415 0.415 0.415 0.415 0.415 0.415 0.415 -0.925 -0.925 -0.925 -0.925 -0.925 -0.925 -0.925 -0.925 -0.925 -0.925 -0.925 -0.925 -0.925 -0.925 -0.925 -0.925 -0.925 -0.925 -0.925 -0.925 -0.925 -0.925
0.03 0.33631 9.00000 2.3534083366 2.5810105592    2.348  2.033  3.6582  2.360    7  0.000  0.360     0.00     0.00     0.00     0.00     0.00 -1 -1.45e-11      0.00 6.465e-01 3.232e-01 3.409e-03 4.157e-03 1.261e-02 -1.000 3.026e-02       4551          0          0          0          0      16.78      16.78 -0.313 -0.187 0.413 -0.927 -0.187 -0.187 -0.187 -0.187 -0.187 -0.187 -0.187 -0.187 -0.187 -0.187 -0.187 -0.187 -0.187 -0.187 -0.187 -0.187 -0.187 -0.187 -0.187 -0.187 -0.187 -0.187 0.413 0.413 0.413 0.413 0.413 0.413 0.413 0.413 0.413 0.413 0.413 0.413 0.413 0.413 0.413 0.413 0.413 0.413 0.413 0.413 0.413 0.413 -0.927 -0.927 -0.927 -0.927 -0.927 -0.927 -0.927 -0.927 -0.927 -0.927 -0.927 -0.927 -0.927 -0.927 -0.927 -0.927 -0.927 -0.927 -0.927 -0.927 -0.927 -0.927
0.03 0.33631 9.00000 2.3534655571 2.5810122320    2.348  2.034  3.6581  2.359    7  0.000  0.360     0.00     0.00     0.00     0.00     0.00 -1 -1.46e-11      0.00 6.465e-01 3.232e-01 3.409e-03 4.157e-03 1.261e-02 -1.000 3.026e-02       4550          0          0          0          0       16.8       16.8 -0.316 -0.189 0.411 -0.930 -0.189 -0.189 -0.189 -0.189 -0.189 -0.189 -0.189 -0.189 -0.189 -0.189 -0.189 -0.189 -0.189 -0.189 -0.189 -0.189 -0.189 -0.189 -0.189 -0.189 -0.189 -0.189 0.411 0.411 0.411 0.411 0.411 0.411 0.411 0.411 0.411 0.411 0.411 0.411 0.411 0.411 0.411 0.411 0.411 0.411 0.411 0.411 0.411 0.411 -0.930 -0.930 -0.930 -0.930 -0.930 -0.930 -0.930 -0.930 -0.930 -0.930 -0.930 -0.930 -0.930 -0.930 -0.930 -0.930 -0.930 -0.930 -0.930 -0.930 -0.930 -0.930
0.03 0.33631 9.00000 2.3535482883 2.5810146506    2.348  2.036  3.6580  2.357    7  0.000  0.360     0.00     0.00     0.00     0.00     0.00 -1 -1.47e-11      0.00 6.465e-01 3.232e-01 3.409e-03 4.157e-03 1.261e-02 -1.000 3.026e-02       4549          0          0          0          0      16.84      16.84 -0.320 -0.192 0.408 -0.933 -0.192 -0.192 -0.192 -0.192 -0.192 -0.192 -0.192 -0.192 -0.192 -0.192 -0.192 -0.192 -0.192 -0.192 -0.192 -0.192 -0.192 -0.192 -0.192 -0.192 -0.192 -0.192 0.408 0.408 0.408 0.408 0.408 0.408 0.408 0.408 0.408 0.408 0.408 0.408 0.408 0.408 0.408 0.408 0.408 0.408 0.408 0.408 0.408 0.408 -0.933 -0.933 -0.933 -0.933 -0.933 -0.933 -0.933 -0.933 -0.933 -0.933 -0.933 -0.933 -0.933 -0.933 -0.933 -0.933 -0.933 -0.933 -0.933 -0.933 -0.933 -0.933
0.03 0.33631 9.00000 2.3535892963 2.5810158493    2.348  2.037  3.6579  2.356    7  0.000  0.360     0.00     0.00     0.00     0.00     0.00 -1 -1.47e-11      0.00 6.465e-01 3.232e-01 3.409e-03 4.157e-03 1.261e-02 -1.000 3.026e-02       4549          0          0          0          0      16.86      16.86 -0.321 -0.194 0.407 -0.935 -0.194 -0.194 -0.194 -0.194 -0.194 -0.194 -0.194 -0.194 -0.194 -0.194 -0.194 -0.194 -0.194 -0.194 -0.194 -0.194 -0.194 -0.194 -0.194 -0.194 -0.194 -0.194 0.407 0.407 0.407 0.407 0.407 0.407 0.407 0.407 0.407 0.407 0.407 0.407 0.407 0.407 0.407 0.407 0.407 0.407 0.407 0.407 0.407 0.407 -0.935 -0.935 -0.935 -0.935 -0.935 -0.935 -0.935 -0.935 -0.935 -0.935 -0.935 -0.935 -0.935 -0.935 -0.935 -0.935 -0.935 -0.935 -0.935 -0.935 -0.935 -0.935
0.03 0.33631 9.00000 2.3536291122 2.5810170132    2.348  2.037  3.6579  2.355    7  0.000  0.360     0.00     0.00     0.00     0.00     0.00 -1 -1.48e-11      0.00 6.465e-01 3.232e-01 3.409e-03 4.157e-03 1.261e-02 -1.000 3.026e-02       4548          0          0          0          0      16.87      16.87 -0.323 -0.195 0.406 -0.936 -0.195 -0.195 -0.195 -0.195 -0.195 -0.195 -0.195 -0.195 -0.195 -0.195 -0.195 -0.195 -0.195 -0.195 -0.195 -0.195 -0.195 -0.195 -0.195 -0.195 -0.195 -0.195 0.406 0.406 0.406 0.406 0.406 0.406 0.406 0.406 0.406 0.406 0.406 0.406 0.406 0.406 0.406 0.406 0.406 0.406 0.406 0.406 0.406 0.406 -0.936 -0.936 -0.936 -0.936 -0.936 -0.936 -0.936 -0.936 -0.936 -0.936 -0.936 -0.936 -0.936 -0.936 -0.936 -0.936 -0.936 -0.936 -0.936 -0.936 -0.936 -0.936
0.03 0.33631 9.00000 2.3536784649 2.5810184557    2.348  2.038  3.6578  2.354    7  0.000  0.360     0.00     0.00     0.00     0.00     0.00 -1 -1.48e-11      0.00 6.465e-01 3.232e-01 3.409e-03 4.158e-03 1.261e-02 -1.000 3.026e-02       4547          0          0          0          0       16.9       16.9 -0.325 -0.197 0.404 -0.938 -0.197 -0.197 -0.197 -0.197 -0.197 -0.197 -0.197 -0.197 -0.197 -0.197 -0.197 -0.197 -0.197 -0.197 -0.197 -0.197 -0.197 -0.197 -0.197 -0.197 -0.197 -0.197 0.404 0.404 0.404 0.404 0.404 0.404 0.404 0.404 0.404 0.404 0.404 0.404 0.404 0.404 0.404 0.404 0.404 0.404 0.404 0.404 0.404 0.404 -0.938 -0.938 -0.938 -0.938 -0.938 -0.938 -0.938 -0.938 -0.938 -0.938 -0.938 -0.938 -0.938 -0.938 -0.938 -0.938 -0.938 -0.938 -0.938 -0.938 -0.938 -0.938
0.03 0.33631 9.00000 2.3538269997 2.5810227969    2.348  2.041  3.6576  2.350    7  0.000  0.360     0.00     0.00     0.00     0.00     0.00 -1  -1.5e-11      0.00 6.465e-01 3.232e-01 3.409e-03 4.158e-03 1.261e-02 -1.000 3.026e-02       4545          0          0          0          0      16.96      16.96 -0.332 -0.203 0.399 -0.945 -0.203 -0.203 -0.203 -0.203 -0.203 -0.203 -0.203 -0.203 -0.203 -0.203 -0.203 -0.203 -0.203 -0.203 -0.203 -0.203 -0.203 -0.203 -0.203 -0.203 -0.203 -0.203 0.399 0.399 0.399 0.399 0.399 0.399 0.399 0.399 0.399 0.399 0.399 0.399 0.399 0.399 0.399 0.399 0.399 0.399 0.399 0.399 0.399 0.399 -0.945 -0.945 -0.945 -0.945 -0.945 -0.945 -0.945 -0.945 -0.945 -0.945 -0.945 -0.945 -0.945 -0.945 -0.945 -0.945 -0.945 -0.945 -0.945 -0.945 -0.945 -0.945
0.03 0.33631 9.00000 2.3539092541 2.5810252007    2.348  2.042  3.6575  2.349    7  0.000  0.360     0.00     0.00     0.00     0.00     0.00 -1 -1.51e-11      0.00 6.465e-01 3.232e-01 3.409e-03 4.158e-03 1.261e-02 -1.000 3.026e-02       4544          0          0          0          0         17         17 -0.336 -0.206 0.396 -0.948 -0.206 -0.206 -0.206 -0.206 -0.206 -0.206 -0.206 -0.206 -0.206 -0.206 -0.206 -0.206 -0.206 -0.206 -0.206 -0.206 -0.206 -0.206 -0.206 -0.206 -0.206 -0.206 0.396 0.396 0.396 0.396 0.396 0.396 0.396 0.396 0.396 0.396 0.396 0.396 0.396 0.396 0.396 0.396 0.396 0.396 0.396 0.396 0.396 0.396 -0.948 -0.948 -0.948 -0.948 -0.948 -0.948 -0.948 -0.948 -0.948 -0.948 -0.948 -0.948 -0.948 -0.948 -0.948 -0.948 -0.948 -0.948 -0.948 -0.948 -0.948 -0.948
0.03 0.33631 9.00000 2.3539721966 2.5810270399    2.348  2.043  3.6574  2.347    7  0.000  0.360     0.00     0.00     0.00     0.00     0.00 -1 -1.52e-11      0.00 6.465e-01 3.232e-01 3.409e-03 4.158e-03 1.261e-02 -1.000 3.026e-02       4543          0          0          0          0      17.03      17.03 -0.338 -0.209 0.394 -0.951 -0.209 -0.209 -0.209 -0.209 -0.209 -0.209 -0.209 -0.209 -0.209 -0.209 -0.209 -0.209 -0.209 -0.209 -0.209 -0.209 -0.209 -0.209 -0.209 -0.209 -0.209 -0.209 0.394 0.394 0.394 0.394 0.394 0.394 0.394 0.394 0.394 0.394 0.394 0.394 0.394 0.394 0.394 0.394 0.394 0.394 0.394 0.394 0.394 0.394 -0.951 -0.951 -0.951 -0.951 -0.951 -0.951 -0.951 -0.951 -0.951 -0.951 -0.951 -0.951 -0.951 -0.951 -0.951 -0.951 -0.951 -0.951 -0.951 -0.951 -0.951 -0.951
0.03 0.33631 9.00000 2.3540310860 2.5810287606    2.348  2.044  3.6573  2.346    7  0.000  0.360     0.00     0.00     0.00     0.00     0.00 -1 -1.53e-11      0.00 6.465e-01 3.232e-01 3.409e-03 4.158e-03 1.261e-02 -1.000 3.026e-02       4542          0          0          0          0      17.06      17.06 -0.341 -0.211 0.392 -0.953 -0.211 -0.211 -0.211 -0.211 -0.211 -0.211 -0.211 -0.211 -0.211 -0.211 -0.211 -0.211 -0.211 -0.211 -0.211 -0.211 -0.211 -0.211 -0.211 -0.211 -0.211 -0.211 0.392 0.392 0.392 0.392 0.392 0.392 0.392 0.392 0.392 0.392 0.392 0.392 0.392 0.392 0.392 0.392 0.392 0.392 0.392 0.392 0.392 0.392 -0.953 -0.953 -0.953 -0.953 -0.953 -0.953 -0.953 -0.953 -0.953 -0.953 -0.953 -0.953 -0.953 -0.953 -0.953 -0.953 -0.953 -0.953 -0.953 -0.953 -0.953 -0.953
0.03 0.33631 9.00000 2.3541147709 2.5810312057    2.348  2.046  3.6572  2.344    7  0.000  0.360     0.00     0.00     0.00     0.00     0.00 -1 -1.54e-11      0.00 6.465e-01 3.232e-01 3.409e-03 4.158e-03 1.261e-02 -1.000 3.026e-02       4541          0          0          0          0      17.09      17.09 -0.345 -0.214 0.389 -0.957 -0.214 -0.214 -0.214 -0.214 -0.214 -0.214 -0.214 -0.214 -0.214 -0.214 -0.214 -0.214 -0.214 -0.214 -0.214 -0.214 -0.214 -0.214 -0.214 -0.214 -0.214 -0.214 0.389 0.389 0.389 0.389 0.389 0.389 0.389 0.389 0.389 0.389 0.389 0.389 0.389 0.389 0.389 0.389 0.389 0.389 0.389 0.389 0.389 0.389 -0.957 -0.957 -0.957 -0.957 -0.957 -0.957 -0.957 -0.957 -0.957 -0.957 -0.957 -0.957 -0.957 -0.957 -0.957 -0.957 -0.957 -0.957 -0.957 -0.957 -0.957 -0.957
0.03 0.33631 9.00000 2.3541634083 2.5810326267    2.348  2.047  3.6572  2.343    7  0.000  0.360     0.00     0.00     0.00     0.00     0.00 -1 -1.55e-11      0.00 6.465e-01 3.232e-01 3.409e-03 4.158e-03 1.261e-02 -1.000 3.026e-02       4540          0          0          0          0      17.12      17.12 -0.347 -0.216 0.388 -0.959 -0.216 -0.216 -0.216 -0.216 -0.216 -0.216 -0.216 -0.216 -0.216 -0.216 -0.216 -0.216 -0.216 -0.216 -0.216 -0.216 -0.216 -0.216 -0.216 -0.216 -0.216 -0.216 0.388 0.388 0.388 0.388 0.388 0.388 0.388 0.388 0.388 0.388 0.388 0.388 0.388 0.388 0.388 0.388 0.388 0.388 0.388 0.388 0.388 0.388 -0.959 -0.959 -0.959 -0.959 -0.959 -0.959 -0.959 -0.959 -0.959 -0.959 -0.959 -0.959 -0.959 -0.959 -0.959 -0.959 -0.959 -0.959 -0.959 -0.959 -0.959 -0.959
0.03 0.33631 9.00000 2.3542058468 2.5810338665    2.348  2.047  3.6571  2.342    7  0.000  0.360     0.00     0.00     0.00     0.00     0.00 -1 -1.55e-11      0.00 6.465e-01 3.232e-01 3.408e-03 4.158e-03 1.261e-02 -1.000 3.026e-02       4540          0          0          0          0      17.13      17.13 -0.349 -0.218 0.386 -0.961 -0.218 -0.218 -0.218 -0.218 -0.218 -0.218 -0.218 -0.218 -0.218 -0.218 -0.218 -0.218 -0.218 -0.218 -0.218 -0.218 -0.218 -0.218 -0.218 -0.218 -0.218 -0.218 0.386 0.386 0.386 0.386 0.386 0.386 0.386 0.386 0.386 0.386 0.386 0.386 0.386 0.386 0.386 0.386 0.386 0.386 0.386 0.386 0.386 0.386 -0.961 -0.961 -0.961 -0.961 -0.961 -0.961 -0.961 -0.961 -0.961 -0.961 -0.961 -0.961 -0.961 -0.961 -0.961 -0.961 -0.961 -0.961 -0.961 -0.961 -0.961 -0.961
0.03 0.33631 9.00000 2.3542470932 2.5810350714    2.349  2.048  3.6571  2.341    7  0.000  0.360     0.00     0.00     0.00     0.00     0.00 -1 -1.56e-11      0.00 6.465e-01 3.232e-01 3.408e-03 4.158e-03 1.261e-02 -1.000 3.026e-02       4539          0          0          0          0      17.15      17.15 -0.351 -0.219 0.385 -0.962 -0.219 -0.219 -0.219 -0.219 -0.219 -0.219 -0.219 -0.219 -0.219 -0.219 -0.219 -0.219 -0.219 -0.219 -0.219 -0.219 -0.219 -0.219 -0.219 -0.219 -0.219 -0.219 0.385 0.385 0.385 0.385 0.385 0.385 0.385 0.385 0.385 0.385 0.385 0.385 0.385 0.385 0.385 0.385 0.385 0.385 0.385 0.385 0.385 0.385 -0.962 -0.962 -0.962 -0.962 -0.962 -0.962 -0.962 -0.962 -0.962 -0.962 -0.962 -0.962 -0.962 -0.962 -0.962 -0.962 -0.962 -0.962 -0.962 -0.962 -0.962 -0.962
0.03 0.33631 9.00000 2.3543603420 2.5810383796    2.349  2.050  3.6569  2.338    7  0.000  0.360     0.00     0.00     0.00     0.00     0.00 -1 -1.57e-11      0.00 6.465e-01 3.232e-01 3.408e-03 4.158e-03 1.261e-02 -1.000 3.026e-02       4538          0          0          0          0       17.2       17.2 -0.356 -0.224 0.381 -0.967 -0.224 -0.224 -0.224 -0.224 -0.224 -0.224 -0.224 -0.224 -0.224 -0.224 -0.224 -0.224 -0.224 -0.224 -0.224 -0.224 -0.224 -0.224 -0.224 -0.224 -0.224 -0.224 0.381 0.381 0.381 0.381 0.381 0.381 0.381 0.381 0.381 0.381 0.381 0.381 0.381 0.381 0.381 0.381 0.381 0.381 0.381 0.381 0.381 0.381 -0.967 -0.967 -0.967 -0.967 -0.967 -0.967 -0.967 -0.967 -0.967 -0.967 -0.967 -0.967 -0.967 -0.967 -0.967 -0.967 -0.967 -0.967 -0.967 -0.967 -0.967 -0.967
0.03 0.33631 9.00000 2.3544714451 2.5810416246    2.349  2.052  3.6568  2.336    7  0.000  0.360     0.00     0.00     0.00     0.00     0.00 -1 -1.59e-11      0.00 6.465e-01 3.232e-01 3.408e-03 4.158e-03 1.261e-02 -1.000 3.026e-02       4536          0          0          0          0      17.25      17.25 -0.360 -0.228 0.377 -0.972 -0.228 -0.228 -0.228 -0.228 -0.228 -0.228 -0.228 -0.228 -0.228 -0.228 -0.228 -0.228 -0.228 -0.228 -0.228 -0.228 -0.228 -0.228 -0.228 -0.228 -0.228 -0.228 0.377 0.377 0.377 0.377 0.377 0.377 0.377 0.377 0.377 0.377 0.377 0.377 0.377 0.377 0.377 0.377 0.377 0.377 0.377 0.377 0.377 0.377 -0.972 -0.972 -0.972 -0.972 -0.972 -0.972 -0.972 -0.972 -0.972 -0.972 -0.972 -0.972 -0.972 -0.972 -0.972 -0.972 -0.972 -0.972 -0.972 -0.972 -0.972 -0.972
0.03 0.33631 9.00000 2.3545360565 2.5810435116    2.349  2.053  3.6567  2.334    7  0.000  0.360     0.00     0.00     0.00     0.00     0.00 -1  -1.6e-11      0.00 6.465e-01 3.232e-01 3.408e-03 4.158e-03 1.261e-02 -1.000 3.026e-02       4535          0          0          0          0      17.28      17.28 -0.363 -0.230 0.375 -0.975 -0.230 -0.230 -0.230 -0.230 -0.230 -0.230 -0.230 -0.230 -0.230 -0.230 -0.230 -0.230 -0.230 -0.230 -0.230 -0.230 -0.230 -0.230 -0.230 -0.230 -0.230 -0.230 0.375 0.375 0.375 0.375 0.375 0.375 0.375 0.375 0.375 0.375 0.375 0.375 0.375 0.375 0.375 0.375 0.375 0.375 0.375 0.375 0.375 0.375 -0.975 -0.975 -0.975 -0.975 -0.975 -0.975 -0.975 -0.975 -0.975 -0.975 -0.975 -0.975 -0.975 -0.975 -0.975 -0.975 -0.975 -0.975 -0.975 -0.975 -0.975 -0.975
0.03 0.33631 9.00000 2.3545956612 2.5810452523    2.349  2.054  3.6566  2.333    7  0.000  0.360     0.00     0.00     0.00     0.00     0.00 -1  -1.6e-11      0.00 6.465e-01 3.232e-01 3.408e-03 4.158e-03 1.261e-02 -1.000 3.026e-02       4534          0          0          0          0      17.31      17.31 -0.366 -0.233 0.373 -0.977 -0.233 -0.233 -0.233 -0.233 -0.233 -0.233 -0.233 -0.233 -0.233 -0.233 -0.233 -0.233 -0.233 -0.233 -0.233 -0.233 -0.233 -0.233 -0.233 -0.233 -0.233 -0.233 0.373 0.373 0.373 0.373 0.373 0.373 0.373 0.373 0.373 0.373 0.373 0.373 0.373 0.373 0.373 0.373 0.373 0.373 0.373 0.373 0.373 0.373 -0.977 -0.977 -0.977 -0.977 -0.977 -0.977 -0.977 -0.977 -0.977 -0.977 -0.977 -0.977 -0.977 -0.977 -0.977 -0.977 -0.977 -0.977 -0.977 -0.977 -0.977 -0.977
0.03 0.33631 9.00000 2.3546566963 2.5810470346    2.349  2.055  3.6565  2.331    7  0.000  0.360     0.00     0.00     0.00     0.00     0.00 -1 -1.61e-11      0.00 6.465e-01 3.232e-01 3.408e-03 4.158e-03 1.261e-02 -1.000 3.026e-02       4534          0          0          0          0      17.34      17.34 -0.369 -0.235 0.371 -0.980 -0.235 -0.235 -0.235 -0.235 -0.235 -0.235 -0.235 -0.235 -0.235 -0.235 -0.235 -0.235 -0.235 -0.235 -0.235 -0.235 -0.235 -0.235 -0.235 -0.235 -0.235 -0.235 0.371 0.371 0.371 0.371 0.371 0.371 0.371 0.371 0.371 0.371 0.371 0.371 0.371 0.371 0.371 0.371 0.371 0.371 0.371 0.371 0.371 0.371 -0.980 -0.980 -0.980 -0.980 -0.980 -0.980 -0.980 -0.980 -0.980 -0.980 -0.980 -0.980 -0.980 -0.980 -0.980 -0.980 -0.980 -0.980 -0.980 -0.980 -0.980 -0.980
0.03 0.33631 9.00000 2.3547351360 2.5810493250    2.349  2.057  3.6564  2.330    7  0.000  0.360     0.00     0.00     0.00     0.00     0.00 -1 -1.62e-11      0.00 6.465e-01 3.232e-01 3.408e-03 4.158e-03 1.261e-02 -1.000 3.026e-02       4532          0          0          0          0      17.37      17.37 -0.372 -0.238 0.368 -0.983 -0.238 -0.238 -0.238 -0.238 -0.238 -0.238 -0.238 -0.238 -0.238 -0.238 -0.238 -0.238 -0.238 -0.238 -0.238 -0.238 -0.238 -0.238 -0.238 -0.238 -0.238 -0.238 0.368 0.368 0.368 0.368 0.368 0.368 0.368 0.368 0.368 0.368 0.368 0.368 0.368 0.368 0.368 0.368 0.368 0.368 0.368 0.368 0.368 0.368 -0.983 -0.983 -0.983 -0.983 -0.983 -0.983 -0.983 -0.983 -0.983 -0.983 -0.983 -0.983 -0.983 -0.983 -0.983 -0.983 -0.983 -0.983 -0.983 -0.983 -0.983 -0.983
0.03 0.33631 9.00000 2.3547747135 2.5810504806    2.349  2.058  3.6564  2.329    7  0.000  0.360     0.00     0.00     0.00     0.00     0.00 -1 -1.63e-11      0.00 6.465e-01 3.232e-01 3.408e-03 4.158e-03 1.261e-02 -1.000 3.026e-02       4532          0          0          0          0      17.39      17.39 -0.374 -0.239 0.367 -0.985 -0.239 -0.239 -0.239 -0.239 -0.239 -0.239 -0.239 -0.239 -0.239 -0.239 -0.239 -0.239 -0.239 -0.239 -0.239 -0.239 -0.239 -0.239 -0.239 -0.239 -0.239 -0.239 0.367 0.367 0.367 0.367 0.367 0.367 0.367 0.367 0.367 0.367 0.367 0.367 0.367 0.367 0.367 0.367 0.367 0.367 0.367 0.367 0.367 0.367 -0.985 -0.985 -0.985 -0.985 -0.985 -0.985 -0.985 -0.985 -0.985 -0.985 -0.985 -0.985 -0.985 -0.985 -0.985 -0.985 -0.985 -0.985 -0.985 -0.985 -0.985 -0.985
0.03 0.33631 9.00000 2.3548231125 2.5810518937    2.349  2.058  3.6563  2.328    7  0.000  0.360     0.00     0.00     0.00     0.00     0.00 -1 -1.63e-11      0.00 6.465e-01 3.232e-01 3.408e-03 4.158e-03 1.261e-02 -1.000 3.026e-02       4531          0          0          0          0      17.41      17.41 -0.376 -0.241 0.366 -0.987 -0.241 -0.241 -0.241 -0.241 -0.241 -0.241 -0.241 -0.241 -0.241 -0.241 -0.241 -0.241 -0.241 -0.241 -0.241 -0.241 -0.241 -0.241 -0.241 -0.241 -0.241 -0.241 0.366 0.366 0.366 0.366 0.366 0.366 0.366 0.366 0.366 0.366 0.366 0.366 0.366 0.366 0.366 0.366 0.366 0.366 0.366 0.366 0.366 0.366 -0.987 -0.987 -0.987 -0.987 -0.987 -0.987 -0.987 -0.987 -0.987 -0.987 -0.987 -0.987 -0.987 -0.987 -0.987 -0.987 -0.987 -0.987 -0.987 -0.987 -0.987 -0.987
0.03 0.33631 9.00000 2.3548891544 2.5810538218    2.349  2.060  3.6562  2.326    7  0.000  0.360     0.00     0.00     0.00     0.00     0.00 -1 -1.64e-11      0.00 6.465e-01 3.232e-01 3.408e-03 4.158e-03 1.261e-02 -1.000 3.026e-02       4530          0          0          0          0      17.44      17.44 -0.379 -0.244 0.363 -0.989 -0.244 -0.244 -0.244 -0.244 -0.244 -0.244 -0.244 -0.244 -0.244 -0.244 -0.244 -0.244 -0.244 -0.244 -0.244 -0.244 -0.244 -0.244 -0.244 -0.244 -0.244 -0.244 0.363 0.363 0.363 0.363 0.363 0.363 0.363 0.363 0.363 0.363 0.363 0.363 0.363 0.363 0.363 0.363 0.363 0.363 0.363 0.363 0.363 0.363 -0.989 -0.989 -0.989 -0.989 -0.989 -0.989 -0.989 -0.989 -0.989 -0.989 -0.989 -0.989 -0.989 -0.989 -0.989 -0.989 -0.989 -0.989 -0.989 -0.989 -0.989 -0.989
0.03 0.33631 9.00000 2.3550386429 2.5810581857    2.349  2.062  3.6560  2.323    7  0.000  0.360     0.00     0.00     0.00     0.00     0.00 -1 -1.66e-11      0.00 6.465e-01 3.232e-01 3.408e-03 4.158e-03 1.261e-02 -1.000 3.026e-02       4528          0          0          0          0      17.51      17.51 -0.385 -0.250 0.358 -0.996 -0.250 -0.250 -0.250 -0.250 -0.250 -0.250 -0.250 -0.250 -0.250 -0.250 -0.250 -0.250 -0.250 -0.250 -0.250 -0.250 -0.250 -0.250 -0.250 -0.250 -0.250 -0.250 0.358 0.358 0.358 0.358 0.358 0.358 0.358 0.358 0.358 0.358 0.358 0.358 0.358 0.358 0.358 0.358 0.358 0.358 0.358 0.358 0.358 0.358 -0.996 -0.996 -0.996 -0.996 -0.996 -0.996 -0.996 -0.996 -0.996 -0.996 -0.996 -0.996 -0.996 -0.996 -0.996 -0.996 -0.996 -0.996 -0.996 -0.996 -0.996 -0.996
0.03 0.33631 9.00000 2.3551061153 2.5810601552    2.349  2.063  3.6559  2.321    7  0.000  0.360     0.00     0.00     0.00     0.00     0.00 -1 -1.67e-11      0.00 6.465e-01 3.232e-01 3.408e-03 4.158e-03 1.261e-02 -1.000 3.026e-02       4527          0          0          0          0      17.54      17.54 -0.388 -0.252 0.356 -0.998 -0.252 -0.252 -0.252 -0.252 -0.252 -0.252 -0.252 -0.252 -0.252 -0.252 -0.252 -0.252 -0.252 -0.252 -0.252 -0.252 -0.252 -0.252 -0.252 -0.252 -0.252 -0.252 0.356 0.356 0.356 0.356 0.356 0.356 0.356 0.356 0.356 0.356 0.356 0.356 0.356 0.356 0.356 0.356 0.356 0.356 0.356 0.356 0.356 0.356 -0.998 -0.998 -0.998 -0.998 -0.998 -0.998 -0.998 -0.998 -0.998 -0.998 -0.998 -0.998 -0.998 -0.998 -0.998 -0.998 -0.998 -0.998 -0.998 -0.998 -0.998 -0.998
0.03 0.33631 9.00000 2.3551642895 2.5810618531    2.349  2.064  3.6558  2.320    7  0.000  0.360     0.00     0.00     0.00     0.00     0.00 -1 -1.69e-11      0.00 6.465e-01 3.232e-01 3.408e-03 4.158e-03 1.261e-02 -1.000 3.026e-02       4526          0          0          0          0      17.57      17.57 -0.391 -0.254 0.354 -1.001 -0.254 -0.254 -0.254 -0.254 -0.254 -0.254 -0.254 -0.254 -0.254 -0.254 -0.254 -0.254 -0.254 -0.254 -0.254 -0.254 -0.254 -0.254 -0.254 -0.254 -0.254 -0.254 0.354 0.354 0.354 0.354 0.354 0.354 0.354 0.354 0.354 0.354 0.354 0.354 0.354 0.354 0.354 0.354 0.354 0.354 0.354 0.354 0.354 0.354 -1.001 -1.001 -1.001 -1.001 -1.001 -1.001 -1.001 -1.001 -1.001 -1.001 -1.001 -1.001 -1.001 -1.001 -1.001 -1.001 -1.001 -1.001 -1.001 -1.001 -1.001 -1.001
0.03 0.33631 9.00000 2.3552250862 2.5810636275    2.350  2.066  3.6557  2.318    7  0.000  0.360     0.00     0.00     0.00     0.00     0.00 -1  -1.7e-11      0.00 6.465e-01 3.232e-01 3.408e-03 4.159e-03 1.261e-02 -1.000 3.026e-02       4525          0          0          0          0       17.6       17.6 -0.394 -0.257 0.352 -1.004 -0.257 -0.257 -0.257 -0.257 -0.257 -0.257 -0.257 -0.257 -0.257 -0.257 -0.257 -0.257 -0.257 -0.257 -0.257 -0.257 -0.257 -0.257 -0.257 -0.257 -0.257 -0.257 0.352 0.352 0.352 0.352 0.352 0.352 0.352 0.352 0.352 0.352 0.352 0.352 0.352 0.352 0.352 0.352 0.352 0.352 0.352 0.352 0.352 0.352 -1.004 -1.004 -1.004 -1.004 -1.004 -1.004 -1.004 -1.004 -1.004 -1.004 -1.004 -1.004 -1.004 -1.004 -1.004 -1.004 -1.004 -1.004 -1.004 -1.004 -1.004 -1.004
0.03 0.33631 9.00000 2.3553085327 2.5810660628    2.350  2.067  3.6556  2.316    7  0.000  0.360     0.00     0.00     0.00     0.00     0.00 -1 -1.72e-11      0.00 6.465e-01 3.232e-01 3.408e-03 4.159e-03 1.261e-02 -1.000 3.026e-02       4524          0          0          0          0      17.64      17.64 -0.398 -0.260 0.349 -1.007 -0.260 -0.260 -0.260 -0.260 -0.260 -0.260 -0.260 -0.260 -0.260 -0.260 -0.260 -0.260 -0.260 -0.260 -0.260 -0.260 -0.260 -0.260 -0.260 -0.260 -0.260 -0.260 0.349 0.349 0.349 0.349 0.349 0.349 0.349 0.349 0.349 0.349 0.349 0.349 0.349 0.349 0.349 0.349 0.349 0.349 0.349 0.349 0.349 0.349 -1.007 -1.007 -1.007 -1.007 -1.007 -1.007 -1.007 -1.007 -1.007 -1.007 -1.007 -1.007 -1.007 -1.007 -1.007 -1.007 -1.007 -1.007 -1.007 -1.007 -1.007 -1.007
0.03 0.33631 9.00000 2.3553512096 2.5810673082    2.350  2.068  3.6556  2.315    7  0.000  0.360     0.00     0.00     0.00     0.00     0.00 -1 -1.73e-11      0.00 6.465e-01 3.232e-01 3.408e-03 4.159e-03 1.261e-02 -1.000 3.026e-02       4524          0          0          0          0      17.66      17.66 -0.400 -0.262 0.347 -1.009 -0.262 -0.262 -0.262 -0.262 -0.262 -0.262 -0.262 -0.262 -0.262 -0.262 -0.262 -0.262 -0.262 -0.262 -0.262 -0.262 -0.262 -0.262 -0.262 -0.262 -0.262 -0.262 0.347 0.347 0.347 0.347 0.347 0.347 0.347 0.347 0.347 0.347 0.347 0.347 0.347 0.347 0.347 0.347 0.347 0.347 0.347 0.347 0.347 0.347 -1.009 -1.009 -1.009 -1.009 -1.009 -1.009 -1.009 -1.009 -1.009 -1.009 -1.009 -1.009 -1.009 -1.009 -1.009 -1.009 -1.009 -1.009 -1.009 -1.009 -1.009 -1.009
0.03 0.33631 9.00000 2.3553895950 2.5810684283    2.350  2.069  3.6555  2.314    7  0.000  0.360     0.00     0.00     0.00     0.00     0.00 -1 -1.74e-11      0.00 6.465e-01 3.232e-01 3.408e-03 4.159e-03 1.261e-02 -1.000 3.026e-02       4523          0          0          0          0      17.68      17.68 -0.402 -0.264 0.346 -1.011 -0.264 -0.264 -0.264 -0.264 -0.264 -0.264 -0.264 -0.264 -0.264 -0.264 -0.264 -0.264 -0.264 -0.264 -0.264 -0.264 -0.264 -0.264 -0.264 -0.264 -0.264 -0.264 0.346 0.346 0.346 0.346 0.346 0.346 0.346 0.346 0.346 0.346 0.346 0.346 0.346 0.346 0.346 0.346 0.346 0.346 0.346 0.346 0.346 0.346 -1.011 -1.011 -1.011 -1.011 -1.011 -1.011 -1.011 -1.011 -1.011 -1.011 -1.011 -1.011 -1.011 -1.011 -1.011 -1.011 -1.011 -1.011 -1.011 -1.011 -1.011 -1.011
0.03 0.33631 9.00000 2.3554487228 2.5810701536    2.350  2.070  3.6554  2.313    7  0.000  0.360     0.00     0.00     0.00     0.00     0.00 -1 -1.76e-11      0.00 6.465e-01 3.232e-01 3.408e-03 4.159e-03 1.261e-02 -1.000 3.026e-02       4522          0          0          0          0      17.71      17.71 -0.404 -0.266 0.344 -1.014 -0.266 -0.266 -0.266 -0.266 -0.266 -0.266 -0.266 -0.266 -0.266 -0.266 -0.266 -0.266 -0.266 -0.266 -0.266 -0.266 -0.266 -0.266 -0.266 -0.266 -0.266 -0.266 0.344 0.344 0.344 0.344 0.344 0.344 0.344 0.344 0.344 0.344 0.344 0.344 0.344 0.344 0.344 0.344 0.344 0.344 0.344 0.344 0.344 0.344 -1.014 -1.014 -1.014 -1.014 -1.014 -1.014 -1.014 -1.014 -1.014 -1.014 -1.014 -1.014 -1.014 -1.014 -1.014 -1.014 -1.014 -1.014 -1.014 -1.014 -1.014 -1.014
0.03 0.33631 9.00000 2.3556032181 2.5810746611    2.350  2.073  3.6552  2.309    7  0.000  0.360     0.00     0.00     0.00     0.00     0.00 -1  -1.8e-11      0.00 6.465e-01 3.232e-01 3.408e-03 4.159e-03 1.261e-02 -1.000 3.026e-02       4520          0          0          0          0      17.79      17.79 -0.411 -0.272 0.339 -1.020 -0.272 -0.272 -0.272 -0.272 -0.272 -0.272 -0.272 -0.272 -0.272 -0.272 -0.272 -0.272 -0.272 -0.272 -0.272 -0.272 -0.272 -0.272 -0.272 -0.272 -0.272 -0.272 0.339 0.339 0.339 0.339 0.339 0.339 0.339 0.339 0.339 0.339 0.339 0.339 0.339 0.339 0.339 0.339 0.339 0.339 0.339 0.339 0.339 0.339 -1.020 -1.020 -1.020 -1.020 -1.020 -1.020 -1.020 -1.020 -1.020 -1.020 -1.020 -1.020 -1.020 -1.020 -1.020 -1.020 -1.020 -1.020 -1.020 -1.020 -1.020 -1.020
0.03 0.33631 9.00000 2.3556728363 2.5810766921    2.350  2.074  3.6551  2.308    7  0.000  0.360     0.00     0.00     0.00     0.00     0.00 -1 -1.82e-11      0.00 6.465e-01 3.232e-01 3.408e-03 4.159e-03 1.261e-02 -1.000 3.026e-02       4519          0          0          0          0      17.82      17.82 -0.415 -0.275 0.336 -1.023 -0.275 -0.275 -0.275 -0.275 -0.275 -0.275 -0.275 -0.275 -0.275 -0.275 -0.275 -0.275 -0.275 -0.275 -0.275 -0.275 -0.275 -0.275 -0.275 -0.275 -0.275 -0.275 0.336 0.336 0.336 0.336 0.336 0.336 0.336 0.336 0.336 0.336 0.336 0.336 0.336 0.336 0.336 0.336 0.336 0.336 0.336 0.336 0.336 0.336 -1.023 -1.023 -1.023 -1.023 -1.023 -1.023 -1.023 -1.023 -1.023 -1.023 -1.023 -1.023 -1.023 -1.023 -1.023 -1.023 -1.023 -1.023 -1.023 -1.023 -1.023 -1.023
0.03 0.33631 9.00000 2.3557367325 2.5810785560    2.350  2.075  3.6550  2.306    7  0.000  0.360     0.00     0.00     0.00     0.00     0.00 -1 -1.83e-11      0.00 6.465e-01 3.232e-01 3.408e-03 4.159e-03 1.261e-02 -1.000 3.026e-02       4518          0          0          0          0      17.86      17.86 -0.418 -0.278 0.334 -1.026 -0.278 -0.278 -0.278 -0.278 -0.278 -0.278 -0.278 -0.278 -0.278 -0.278 -0.278 -0.278 -0.278 -0.278 -0.278 -0.278 -0.278 -0.278 -0.278 -0.278 -0.278 -0.278 0.334 0.334 0.334 0.334 0.334 0.334 0.334 0.334 0.334 0.334 0.334 0.334 0.334 0.334 0.334 0.334 0.334 0.334 0.334 0.334 0.334 0.334 -1.026 -1.026 -1.026 -1.026 -1.026 -1.026 -1.026 -1.026 -1.026 -1.026 -1.026 -1.026 -1.026 -1.026 -1.026 -1.026 -1.026 -1.026 -1.026 -1.026 -1.026 -1.026
0.03 0.33631 9.00000 2.3557968140 2.5810803086    2.350  2.076  3.6549  2.305    7  0.000  0.360     0.00     0.00     0.00     0.00     0.00 -1 -1.85e-11      0.00 6.465e-01 3.232e-01 3.408e-03 4.159e-03 1.261e-02 -1.000 3.026e-02       4517          0          0          0          0      17.89      17.89 -0.420 -0.280 0.332 -1.029 -0.280 -0.280 -0.280 -0.280 -0.280 -0.280 -0.280 -0.280 -0.280 -0.280 -0.280 -0.280 -0.280 -0.280 -0.280 -0.280 -0.280 -0.280 -0.280 -0.280 -0.280 -0.280 0.332 0.332 0.332 0.332 0.332 0.332 0.332 0.332 0.332 0.332 0.332 0.332 0.332 0.332 0.332 0.332 0.332 0.332 0.332 0.332 0.332 0.332 -1.029 -1.029 -1.029 -1.029 -1.029 -1.029 -1.029 -1.029 -1.029 -1.029 -1.029 -1.029 -1.029 -1.029 -1.029 -1.029 -1.029 -1.029 -1.029 -1.029 -1.029 -1.029
0.03 0.33631 9.00000 2.3558795452 2.5810827216    2.350  2.078  3.6548  2.303    7  0.000  0.360     0.00     0.00     0.00     0.00     0.00 -1 -1.87e-11      0.00 6.465e-01 3.232e-01 3.408e-03 4.159e-03 1.261e-02 -1.000 3.026e-02       4516          0          0          0          0      17.93      17.93 -0.424 -0.283 0.329 -1.032 -0.283 -0.283 -0.283 -0.283 -0.283 -0.283 -0.283 -0.283 -0.283 -0.283 -0.283 -0.283 -0.283 -0.283 -0.283 -0.283 -0.283 -0.283 -0.283 -0.283 -0.283 -0.283 0.329 0.329 0.329 0.329 0.329 0.329 0.329 0.329 0.329 0.329 0.329 0.329 0.329 0.329 0.329 0.329 0.329 0.329 0.329 0.329 0.329 0.329 -1.032 -1.032 -1.032 -1.032 -1.032 -1.032 -1.032 -1.032 -1.032 -1.032 -1.032 -1.032 -1.032 -1.032 -1.032 -1.032 -1.032 -1.032 -1.032 -1.032 -1.032 -1.032
0.03 0.33631 9.00000 2.3559243679 2.5810840289    2.350  2.079  3.6547  2.302    7  0.000  0.360     0.00     0.00     0.00     0.00     0.00 -1 -1.88e-11      0.00 6.465e-01 3.232e-01 3.408e-03 4.159e-03 1.261e-02 -1.000 3.026e-02       4515          0          0          0          0      17.95      17.95 -0.426 -0.285 0.327 -1.034 -0.285 -0.285 -0.285 -0.285 -0.285 -0.285 -0.285 -0.285 -0.285 -0.285 -0.285 -0.285 -0.285 -0.285 -0.285 -0.285 -0.285 -0.285 -0.285 -0.285 -0.285 -0.285 0.327 0.327 0.327 0.327 0.327 0.327 0.327 0.327 0.327 0.327 0.327 0.327 0.327 0.327 0.327 0.327 0.327 0.327 0.327 0.327 0.327 0.327 -1.034 -1.034 -1.034 -1.034 -1.034 -1.034 -1.034 -1.034 -1.034 -1.034 -1.034 -1.034 -1.034 -1.034 -1.034 -1.034 -1.034 -1.034 -1.034 -1.034 -1.034 -1.034
0.03 0.33631 9.00000 2.3559629917 2.5810851553    2.350  2.079  3.6547  2.301    7  0.000  0.360     0.00     0.00     0.00     0.00     0.00 -1 -1.89e-11      0.00 6.465e-01 3.232e-01 3.408e-03 4.159e-03 1.261e-02 -1.000 3.026e-02       4515          0          0          0          0      17.97      17.97 -0.428 -0.287 0.326 -1.036 -0.287 -0.287 -0.287 -0.287 -0.287 -0.287 -0.287 -0.287 -0.287 -0.287 -0.287 -0.287 -0.287 -0.287 -0.287 -0.287 -0.287 -0.287 -0.287 -0.287 -0.287 -0.287 0.326 0.326 0.326 0.326 0.326 0.326 0.326 0.326 0.326 0.326 0.326 0.326 0.326 0.326 0.326 0.326 0.326 0.326 0.326 0.326 0.326 0.326 -1.036 -1.036 -1.036 -1.036 -1.036 -1.036 -1.036 -1.036 -1.036 -1.036 -1.036 -1.036 -1.036 -1.036 -1.036 -1.036 -1.036 -1.036 -1.036 -1.036 -1.036 -1.036
0.03 0.33631 9.00000 2.3560221195 2.5810868796    2.350  2.080  3.6546  2.299    7  0.000  0.360     0.00     0.00     0.00     0.00     0.00 -1 -1.91e-11      0.00 6.465e-01 3.232e-01 3.408e-03 4.159e-03 1.261e-02 -1.000 3.026e-02       4514          0          0          0          0         18         18 -0.431 -0.289 0.324 -1.039 -0.289 -0.289 -0.289 -0.289 -0.289 -0.289 -0.289 -0.289 -0.289 -0.289 -0.289 -0.289 -0.289 -0.289 -0.289 -0.289 -0.289 -0.289 -0.289 -0.289 -0.289 -0.289 0.324 0.324 0.324 0.324 0.324 0.324 0.324 0.324 0.324 0.324 0.324 0.324 0.324 0.324 0.324 0.324 0.324 0.324 0.324 0.324 0.324 0.324 -1.039 -1.039 -1.039 -1.039 -1.039 -1.039 -1.039 -1.039 -1.039 -1.039 -1.039 -1.039 -1.039 -1.039 -1.039 -1.039 -1.039 -1.039 -1.039 -1.039 -1.039 -1.039
0.03 0.33631 9.00000 2.3561763763 2.5810913777    2.350  2.083  3.6544  2.296    7  0.000  0.360     0.00     0.00     0.00     0.00     0.00 -1 -1.95e-11      0.00 6.465e-01 3.232e-01 3.408e-03 4.159e-03 1.261e-02 -1.000 3.026e-02       4512          0          0          0          0      18.08      18.08 -0.438 -0.295 0.319 -1.046 -0.295 -0.295 -0.295 -0.295 -0.295 -0.295 -0.295 -0.295 -0.295 -0.295 -0.295 -0.295 -0.295 -0.295 -0.295 -0.295 -0.295 -0.295 -0.295 -0.295 -0.295 -0.295 0.319 0.319 0.319 0.319 0.319 0.319 0.319 0.319 0.319 0.319 0.319 0.319 0.319 0.319 0.319 0.319 0.319 0.319 0.319 0.319 0.319 0.319 -1.046 -1.046 -1.046 -1.046 -1.046 -1.046 -1.046 -1.046 -1.046 -1.046 -1.046 -1.046 -1.046 -1.046 -1.046 -1.046 -1.046 -1.046 -1.046 -1.046 -1.046 -1.046
0.03 0.33631 9.00000 2.3562500477 2.5810935257    2.350  2.085  3.6543  2.294    7  0.000  0.360     0.00     0.00     0.00     0.00     0.00 -1 -1.97e-11      0.00 6.465e-01 3.232e-01 3.408e-03 4.159e-03 1.261e-02 -1.000 3.026e-02       4510          0          0          0          0      18.11      18.11 -0.441 -0.298 0.316 -1.049 -0.298 -0.298 -0.298 -0.298 -0.298 -0.298 -0.298 -0.298 -0.298 -0.298 -0.298 -0.298 -0.298 -0.298 -0.298 -0.298 -0.298 -0.298 -0.298 -0.298 -0.298 -0.298 0.316 0.316 0.316 0.316 0.316 0.316 0.316 0.316 0.316 0.316 0.316 0.316 0.316 0.316 0.316 0.316 0.316 0.316 0.316 0.316 0.316 0.316 -1.049 -1.049 -1.049 -1.049 -1.049 -1.049 -1.049 -1.049 -1.049 -1.049 -1.049 -1.049 -1.049 -1.049 -1.049 -1.049 -1.049 -1.049 -1.049 -1.049 -1.049 -1.049
0.03 0.33631 9.00000 2.3563096523 2.5810952635    2.351  2.086  3.6542  2.292    7  0.000  0.360     0.00     0.00     0.00     0.00     0.00 -1 -1.99e-11      0.00 6.465e-01 3.232e-01 3.408e-03 4.159e-03 1.261e-02 -1.000 3.026e-02       4510          0          0          0          0      18.14      18.14 -0.444 -0.301 0.314 -1.051 -0.301 -0.301 -0.301 -0.301 -0.301 -0.301 -0.301 -0.301 -0.301 -0.301 -0.301 -0.301 -0.301 -0.301 -0.301 -0.301 -0.301 -0.301 -0.301 -0.301 -0.301 -0.301 0.314 0.314 0.314 0.314 0.314 0.314 0.314 0.314 0.314 0.314 0.314 0.314 0.314 0.314 0.314 0.314 0.314 0.314 0.314 0.314 0.314 0.314 -1.051 -1.051 -1.051 -1.051 -1.051 -1.051 -1.051 -1.051 -1.051 -1.051 -1.051 -1.051 -1.051 -1.051 -1.051 -1.051 -1.051 -1.051 -1.051 -1.051 -1.051 -1.051
0.03 0.33631 9.00000 2.3563699722 2.5810970220    2.351  2.087  3.6541  2.291    7  0.000  0.360     0.00     0.00     0.00     0.00     0.00 -1    -2e-11      0.00 6.465e-01 3.232e-01 3.408e-03 4.159e-03 1.261e-02 -1.000 3.026e-02       4509          0          0          0          0      18.17      18.17 -0.447 -0.303 0.312 -1.054 -0.303 -0.303 -0.303 -0.303 -0.303 -0.303 -0.303 -0.303 -0.303 -0.303 -0.303 -0.303 -0.303 -0.303 -0.303 -0.303 -0.303 -0.303 -0.303 -0.303 -0.303 -0.303 0.312 0.312 0.312 0.312 0.312 0.312 0.312 0.312 0.312 0.312 0.312 0.312 0.312 0.312 0.312 0.312 0.312 0.312 0.312 0.312 0.312 0.312 -1.054 -1.054 -1.054 -1.054 -1.054 -1.054 -1.054 -1.054 -1.054 -1.054 -1.054 -1.054 -1.054 -1.054 -1.054 -1.054 -1.054 -1.054 -1.054 -1.054 -1.054 -1.054
0.03 0.33631 9.00000 2.3564531803 2.5810994476    2.351  2.088  3.6540  2.289    7  0.000  0.360     0.00     0.00     0.00     0.00     0.00 -1 -2.03e-11      0.00 6.465e-01 3.232e-01 3.408e-03 4.159e-03 1.261e-02 -1.000 3.026e-02       4507          0          0          0          0      18.22      18.22 -0.451 -0.306 0.309 -1.058 -0.306 -0.306 -0.306 -0.306 -0.306 -0.306 -0.306 -0.306 -0.306 -0.306 -0.306 -0.306 -0.306 -0.306 -0.306 -0.306 -0.306 -0.306 -0.306 -0.306 -0.306 -0.306 0.309 0.309 0.309 0.309 0.309 0.309 0.309 0.309 0.309 0.309 0.309 0.309 0.309 0.309 0.309 0.309 0.309 0.309 0.309 0.309 0.309 0.309 -1.058 -1.058 -1.058 -1.058 -1.058 -1.058 -1.058 -1.058 -1.058 -1.058 -1.058 -1.058 -1.058 -1.058 -1.058 -1.058 -1.058 -1.058 -1.058 -1.058 -1.058 -1.058
0.03 0.33631 9.00000 2.3564956188 2.5811006846    2.351  2.089  3.6539  2.288    7  0.000  0.360     0.00     0.00     0.00     0.00     0.00 -1 -2.04e-11      0.00 6.465e-01 3.232e-01 3.408e-03 4.159e-03 1.261e-02 -1.000 3.026e-02       4507          0          0          0          0      18.24      18.24 -0.453 -0.308 0.307 -1.060 -0.308 -0.308 -0.308 -0.308 -0.308 -0.308 -0.308 -0.308 -0.308 -0.308 -0.308 -0.308 -0.308 -0.308 -0.308 -0.308 -0.308 -0.308 -0.308 -0.308 -0.308 -0.308 0.307 0.307 0.307 0.307 0.307 0.307 0.307 0.307 0.307 0.307 0.307 0.307 0.307 0.307 0.307 0.307 0.307 0.307 0.307 0.307 0.307 0.307 -1.060 -1.060 -1.060 -1.060 -1.060 -1.060 -1.060 -1.060 -1.060 -1.060 -1.060 -1.060 -1.060 -1.060 -1.060 -1.060 -1.060 -1.060 -1.060 -1.060 -1.060 -1.060
0.03 0.33631 9.00000 2.3565368652 2.5811018869    2.351  2.090  3.6539  2.287    7  0.000  0.360     0.00     0.00     0.00     0.00     0.00 -1 -2.05e-11      0.00 6.465e-01 3.232e-01 3.408e-03 4.159e-03 1.261e-02 -1.000 3.026e-02       4506          0          0          0          0      18.26      18.26 -0.455 -0.310 0.306 -1.061 -0.310 -0.310 -0.310 -0.310 -0.310 -0.310 -0.310 -0.310 -0.310 -0.310 -0.310 -0.310 -0.310 -0.310 -0.310 -0.310 -0.310 -0.310 -0.310 -0.310 -0.310 -0.310 0.306 0.306 0.306 0.306 0.306 0.306 0.306 0.306 0.306 0.306 0.306 0.306 0.306 0.306 0.306 0.306 0.306 0.306 0.306 0.306 0.306 0.306 -1.061 -1.061 -1.061 -1.061 -1.061 -1.061 -1.061 -1.061 -1.061 -1.061 -1.061 -1.061 -1.061 -1.061 -1.061 -1.061 -1.061 -1.061 -1.061 -1.061 -1.061 -1.061
0.03 0.33631 9.00000 2.3566133976 2.5811041175    2.351  2.091  3.6538  2.285    7  0.000  0.360     0.00     0.00     0.00     0.00     0.00 -1 -2.08e-11      0.00 6.465e-01 3.232e-01 3.408e-03 4.159e-03 1.261e-02 -1.000 3.026e-02       4505          0          0          0          0       18.3       18.3 -0.458 -0.313 0.303 -1.065 -0.313 -0.313 -0.313 -0.313 -0.313 -0.313 -0.313 -0.313 -0.313 -0.313 -0.313 -0.313 -0.313 -0.313 -0.313 -0.313 -0.313 -0.313 -0.313 -0.313 -0.313 -0.313 0.303 0.303 0.303 0.303 0.303 0.303 0.303 0.303 0.303 0.303 0.303 0.303 0.303 0.303 0.303 0.303 0.303 0.303 0.303 0.303 0.303 0.303 -1.065 -1.065 -1.065 -1.065 -1.065 -1.065 -1.065 -1.065 -1.065 -1.065 -1.065 -1.065 -1.065 -1.065 -1.065 -1.065 -1.065 -1.065 -1.065 -1.065 -1.065 -1.065
0.03 0.33631 9.00000 2.3567593098 2.5811083698    2.351  2.094  3.6536  2.282    7  0.000  0.360     0.00     0.00     0.00     0.00     0.00 -1 -2.12e-11      0.00 6.465e-01 3.232e-01 3.408e-03 4.160e-03 1.261e-02 -1.000 3.026e-02       4503          0          0          0          0      18.37      18.37 -0.465 -0.319 0.298 -1.071 -0.319 -0.319 -0.319 -0.319 -0.319 -0.319 -0.319 -0.319 -0.319 -0.319 -0.319 -0.319 -0.319 -0.319 -0.319 -0.319 -0.319 -0.319 -0.319 -0.319 -0.319 -0.319 0.298 0.298 0.298 0.298 0.298 0.298 0.298 0.298 0.298 0.298 0.298 0.298 0.298 0.298 0.298 0.298 0.298 0.298 0.298 0.298 0.298 0.298 -1.071 -1.071 -1.071 -1.071 -1.071 -1.071 -1.071 -1.071 -1.071 -1.071 -1.071 -1.071 -1.071 -1.071 -1.071 -1.071 -1.071 -1.071 -1.071 -1.071 -1.071 -1.071
0.03 0.33631 9.00000 2.3568243980 2.5811102665    2.351  2.095  3.6535  2.280    7  0.000  0.360     0.00     0.00     0.00     0.00     0.00 -1 -2.14e-11      0.00 6.465e-01 3.232e-01 3.408e-03 4.160e-03 1.261e-02 -1.000 3.026e-02       4502          0          0          0          0       18.4       18.4 -0.468 -0.321 0.296 -1.074 -0.321 -0.321 -0.321 -0.321 -0.321 -0.321 -0.321 -0.321 -0.321 -0.321 -0.321 -0.321 -0.321 -0.321 -0.321 -0.321 -0.321 -0.321 -0.321 -0.321 -0.321 -0.321 0.296 0.296 0.296 0.296 0.296 0.296 0.296 0.296 0.296 0.296 0.296 0.296 0.296 0.296 0.296 0.296 0.296 0.296 0.296 0.296 0.296 0.296 -1.074 -1.074 -1.074 -1.074 -1.074 -1.074 -1.074 -1.074 -1.074 -1.074 -1.074 -1.074 -1.074 -1.074 -1.074 -1.074 -1.074 -1.074 -1.074 -1.074 -1.074 -1.074
0.03 0.33631 9.00000 2.3568859100 2.5811120589    2.351  2.096  3.6534  2.279    7  0.000  0.360     0.00     0.00     0.00     0.00     0.00 -1 -2.16e-11      0.00 6.465e-01 3.232e-01 3.408e-03 4.160e-03 1.261e-02 -1.000 3.026e-02       4501          0          0          0          0      18.43      18.43 -0.471 -0.324 0.294 -1.077 -0.324 -0.324 -0.324 -0.324 -0.324 -0.324 -0.324 -0.324 -0.324 -0.324 -0.324 -0.324 -0.324 -0.324 -0.324 -0.324 -0.324 -0.324 -0.324 -0.324 -0.324 -0.324 0.294 0.294 0.294 0.294 0.294 0.294 0.294 0.294 0.294 0.294 0.294 0.294 0.294 0.294 0.294 0.294 0.294 0.294 0.294 0.294 0.294 0.294 -1.077 -1.077 -1.077 -1.077 -1.077 -1.077 -1.077 -1.077 -1.077 -1.077 -1.077 -1.077 -1.077 -1.077 -1.077 -1.077 -1.077 -1.077 -1.077 -1.077 -1.077 -1.077
0.03 0.33631 9.00000 2.3569560051 2.5811141012    2.351  2.098  3.6533  2.277    7  0.000  0.360     0.00     0.00     0.00     0.00     0.00 -1 -2.18e-11      0.00 6.465e-01 3.232e-01 3.408e-03 4.160e-03 1.261e-02 -1.000 3.026e-02       4500          0          0          0          0      18.47      18.47 -0.474 -0.327 0.291 -1.080 -0.327 -0.327 -0.327 -0.327 -0.327 -0.327 -0.327 -0.327 -0.327 -0.327 -0.327 -0.327 -0.327 -0.327 -0.327 -0.327 -0.327 -0.327 -0.327 -0.327 -0.327 -0.327 0.291 0.291 0.291 0.291 0.291 0.291 0.291 0.291 0.291 0.291 0.291 0.291 0.291 0.291 0.291 0.291 0.291 0.291 0.291 0.291 0.291 0.291 -1.080 -1.080 -1.080 -1.080 -1.080 -1.080 -1.080 -1.080 -1.080 -1.080 -1.080 -1.080 -1.080 -1.080 -1.080 -1.080 -1.080 -1.080 -1.080 -1.080 -1.080 -1.080
0.03 0.33631 9.00000 2.3570268154 2.5811161642    2.351  2.099  3.6532  2.275    7  0.000  0.360     0.00     0.00     0.00     0.00     0.00 -1  -2.2e-11      0.00 6.465e-01 3.232e-01 3.408e-03 4.160e-03 1.261e-02 -1.000 3.026e-02       4499          0          0          0          0       18.5       18.5 -0.477 -0.329 0.289 -1.083 -0.329 -0.329 -0.329 -0.329 -0.329 -0.329 -0.329 -0.329 -0.329 -0.329 -0.329 -0.329 -0.329 -0.329 -0.329 -0.329 -0.329 -0.329 -0.329 -0.329 -0.329 -0.329 0.289 0.289 0.289 0.289 0.289 0.289 0.289 0.289 0.289 0.289 0.289 0.289 0.289 0.289 0.289 0.289 0.289 0.289 0.289 0.289 0.289 0.289 -1.083 -1.083 -1.083 -1.083 -1.083 -1.083 -1.083 -1.083 -1.083 -1.083 -1.083 -1.083 -1.083 -1.083 -1.083 -1.083 -1.083 -1.083 -1.083 -1.083 -1.083 -1.083
0.03 0.33631 9.00000 2.3570706844 2.5811174422    2.351  2.100  3.6531  2.274    7  0.000  0.360     0.00     0.00     0.00     0.00     0.00 -1 -2.22e-11      0.00 6.465e-01 3.232e-01 3.408e-03 4.160e-03 1.261e-02 -1.000 3.026e-02       4498          0          0          0          0      18.52      18.52 -0.479 -0.331 0.287 -1.085 -0.331 -0.331 -0.331 -0.331 -0.331 -0.331 -0.331 -0.331 -0.331 -0.331 -0.331 -0.331 -0.331 -0.331 -0.331 -0.331 -0.331 -0.331 -0.331 -0.331 -0.331 -0.331 0.287 0.287 0.287 0.287 0.287 0.287 0.287 0.287 0.287 0.287 0.287 0.287 0.287 0.287 0.287 0.287 0.287 0.287 0.287 0.287 0.287 0.287 -1.085 -1.085 -1.085 -1.085 -1.085 -1.085 -1.085 -1.085 -1.085 -1.085 -1.085 -1.085 -1.085 -1.085 -1.085 -1.085 -1.085 -1.085 -1.085 -1.085 -1.085 -1.085
0.03 0.33631 9.00000 2.3571109772 2.5811186160    2.351  2.100  3.6531  2.273    7  0.000  0.360     0.00     0.00     0.00     0.00     0.00 -1 -2.23e-11      0.00 6.465e-01 3.232e-01 3.408e-03 4.160e-03 1.261e-02 -1.000 3.026e-02       4498          0          0          0          0      18.55      18.55 -0.481 -0.333 0.286 -1.087 -0.333 -0.333 -0.333 -0.333 -0.333 -0.333 -0.333 -0.333 -0.333 -0.333 -0.333 -0.333 -0.333 -0.333 -0.333 -0.333 -0.333 -0.333 -0.333 -0.333 -0.333 -0.333 0.286 0.286 0.286 0.286 0.286 0.286 0.286 0.286 0.286 0.286 0.286 0.286 0.286 0.286 0.286 0.286 0.286 0.286 0.286 0.286 0.286 0.286 -1.087 -1.087 -1.087 -1.087 -1.087 -1.087 -1.087 -1.087 -1.087 -1.087 -1.087 -1.087 -1.087 -1.087 -1.087 -1.087 -1.087 -1.087 -1.087 -1.087 -1.087 -1.087
0.03 0.33631 9.00000 2.3572475910 2.5811225955    2.351  2.103  3.6528  2.269    7  0.000  0.360     0.00     0.00     0.00     0.00     0.00 -1  -2.3e-11      0.00 6.465e-01 3.232e-01 3.408e-03 4.160e-03 1.261e-02 -1.000 3.026e-02       4496          0          0          0          0      18.63      18.63 -0.488 -0.339 0.280 -1.093 -0.339 -0.339 -0.339 -0.339 -0.339 -0.339 -0.339 -0.339 -0.339 -0.339 -0.339 -0.339 -0.339 -0.339 -0.339 -0.339 -0.339 -0.339 -0.339 -0.339 -0.339 -0.339 0.280 0.280 0.280 0.280 0.280 0.280 0.280 0.280 0.280 0.280 0.280 0.280 0.280 0.280 0.280 0.280 0.280 0.280 0.280 0.280 0.280 0.280 -1.093 -1.093 -1.093 -1.093 -1.093 -1.093 -1.093 -1.093 -1.093 -1.093 -1.093 -1.093 -1.093 -1.093 -1.093 -1.093 -1.093 -1.093 -1.093 -1.093 -1.093 -1.093
0.03 0.33631 9.00000 2.3573403358 2.5811252967    2.352  2.105  3.6527  2.267    7  0.000  0.360     0.00     0.00     0.00     0.00     0.00 -1 -2.34e-11      0.00 6.465e-01 3.232e-01 3.408e-03 4.160e-03 1.261e-02 -1.000 3.026e-02       4494          0          0          0          0      18.68      18.68 -0.493 -0.343 0.277 -1.098 -0.343 -0.343 -0.343 -0.343 -0.343 -0.343 -0.343 -0.343 -0.343 -0.343 -0.343 -0.343 -0.343 -0.343 -0.343 -0.343 -0.343 -0.343 -0.343 -0.343 -0.343 -0.343 0.277 0.277 0.277 0.277 0.277 0.277 0.277 0.277 0.277 0.277 0.277 0.277 0.277 0.277 0.277 0.277 0.277 0.277 0.277 0.277 0.277 0.277 -1.098 -1.098 -1.098 -1.098 -1.098 -1.098 -1.098 -1.098 -1.098 -1.098 -1.098 -1.098 -1.098 -1.098 -1.098 -1.098 -1.098 -1.098 -1.098 -1.098 -1.098 -1.098
0.03 0.33631 9.00000 2.3574042320 2.5811271576    2.352  2.107  3.6526  2.265    7  0.000  0.360     0.00     0.00     0.00     0.00     0.00 -1 -2.38e-11      0.00 6.465e-01 3.232e-01 3.408e-03 4.160e-03 1.261e-02 -1.000 3.026e-02       4493          0          0          0          0      18.72      18.72 -0.497 -0.346 0.274 -1.101 -0.346 -0.346 -0.346 -0.346 -0.346 -0.346 -0.346 -0.346 -0.346 -0.346 -0.346 -0.346 -0.346 -0.346 -0.346 -0.346 -0.346 -0.346 -0.346 -0.346 -0.346 -0.346 0.274 0.274 0.274 0.274 0.274 0.274 0.274 0.274 0.274 0.274 0.274 0.274 0.274 0.274 0.274 0.274 0.274 0.274 0.274 0.274 0.274 0.274 -1.101 -1.101 -1.101 -1.101 -1.101 -1.101 -1.101 -1.101 -1.101 -1.101 -1.101 -1.101 -1.101 -1.101 -1.101 -1.101 -1.101 -1.101 -1.101 -1.101 -1.101 -1.101
0.03 0.33631 9.00000 2.3574650288 2.5811289281    2.352  2.108  3.6525  2.263    7  0.000  0.360     0.00     0.00     0.00     0.00     0.00 -1 -2.41e-11      0.00 6.465e-01 3.232e-01 3.408e-03 4.160e-03 1.261e-02 -1.000 3.026e-02       4492          0          0          0          0      18.76      18.76 -0.500 -0.349 0.272 -1.104 -0.349 -0.349 -0.349 -0.349 -0.349 -0.349 -0.349 -0.349 -0.349 -0.349 -0.349 -0.349 -0.349 -0.349 -0.349 -0.349 -0.349 -0.349 -0.349 -0.349 -0.349 -0.349 0.272 0.272 0.272 0.272 0.272 0.272 0.272 0.272 0.272 0.272 0.272 0.272 0.272 0.272 0.272 0.272 0.272 0.272 0.272 0.272 0.272 0.272 -1.104 -1.104 -1.104 -1.104 -1.104 -1.104 -1.104 -1.104 -1.104 -1.104 -1.104 -1.104 -1.104 -1.104 -1.104 -1.104 -1.104 -1.104 -1.104 -1.104 -1.104 -1.104
0.03 0.33631 9.00000 2.3575544357 2.5811315316    2.352  2.110  3.6524  2.261    7  0.000  0.360     0.00     0.00     0.00     0.00     0.00 -1 -2.45e-11      0.00 6.465e-01 3.233e-01 3.408e-03 4.160e-03 1.261e-02 -1.000 3.026e-02       4490          0          0          0          0      18.81      18.81 -0.505 -0.353 0.268 -1.109 -0.353 -0.353 -0.353 -0.353 -0.353 -0.353 -0.353 -0.353 -0.353 -0.353 -0.353 -0.353 -0.353 -0.353 -0.353 -0.353 -0.353 -0.353 -0.353 -0.353 -0.353 -0.353 0.268 0.268 0.268 0.268 0.268 0.268 0.268 0.268 0.268 0.268 0.268 0.268 0.268 0.268 0.268 0.268 0.268 0.268 0.268 0.268 0.268 0.268 -1.109 -1.109 -1.109 -1.109 -1.109 -1.109 -1.109 -1.109 -1.109 -1.109 -1.109 -1.109 -1.109 -1.109 -1.109 -1.109 -1.109 -1.109 -1.109 -1.109 -1.109 -1.109
0.03 0.33631 9.00000 2.3576021194 2.5811329201    2.352  2.111  3.6523  2.260    7  0.000  0.360     0.00     0.00     0.00     0.00     0.00 -1 -2.48e-11      0.00 6.465e-01 3.233e-01 3.408e-03 4.160e-03 1.261e-02 -1.000 3.026e-02       4490          0          0          0          0      18.84      18.84 -0.507 -0.355 0.266 -1.111 -0.355 -0.355 -0.355 -0.355 -0.355 -0.355 -0.355 -0.355 -0.355 -0.355 -0.355 -0.355 -0.355 -0.355 -0.355 -0.355 -0.355 -0.355 -0.355 -0.355 -0.355 -0.355 0.266 0.266 0.266 0.266 0.266 0.266 0.266 0.266 0.266 0.266 0.266 0.266 0.266 0.266 0.266 0.266 0.266 0.266 0.266 0.266 0.266 0.266 -1.111 -1.111 -1.111 -1.111 -1.111 -1.111 -1.111 -1.111 -1.111 -1.111 -1.111 -1.111 -1.111 -1.111 -1.111 -1.111 -1.111 -1.111 -1.111 -1.111 -1.111 -1.111
0.03 0.33631 9.00000 2.3576469421 2.5811342252    2.352  2.112  3.6522  2.258    7  0.000  0.360     0.00     0.00     0.00     0.00     0.00 -1  -2.5e-11      0.00 6.465e-01 3.233e-01 3.408e-03 4.160e-03 1.261e-02 -1.000 3.026e-02       4489          0          0          0          0      18.87      18.87 -0.509 -0.357 0.264 -1.113 -0.357 -0.357 -0.357 -0.357 -0.357 -0.357 -0.357 -0.357 -0.357 -0.357 -0.357 -0.357 -0.357 -0.357 -0.357 -0.357 -0.357 -0.357 -0.357 -0.357 -0.357 -0.357 0.264 0.264 0.264 0.264 0.264 0.264 0.264 0.264 0.264 0.264 0.264 0.264 0.264 0.264 0.264 0.264 0.264 0.264 0.264 0.264 0.264 0.264 -1.113 -1.113 -1.113 -1.113 -1.113 -1.113 -1.113 -1.113 -1.113 -1.113 -1.113 -1.113 -1.113 -1.113 -1.113 -1.113 -1.113 -1.113 -1.113 -1.113 -1.113 -1.113
0.03 0.33631 9.00000 2.3576989174 2.5811357384    2.352  2.113  3.6521  2.257    7  0.000  0.360     0.00     0.00     0.00     0.00     0.00 -1 -2.53e-11      0.00 6.465e-01 3.233e-01 3.408e-03 4.160e-03 1.261e-02 -1.000 3.026e-02       4488          0          0          0          0       18.9       18.9 -0.512 -0.360 0.262 -1.116 -0.360 -0.360 -0.360 -0.360 -0.360 -0.360 -0.360 -0.360 -0.360 -0.360 -0.360 -0.360 -0.360 -0.360 -0.360 -0.360 -0.360 -0.360 -0.360 -0.360 -0.360 -0.360 0.262 0.262 0.262 0.262 0.262 0.262 0.262 0.262 0.262 0.262 0.262 0.262 0.262 0.262 0.262 0.262 0.262 0.262 0.262 0.262 0.262 0.262 -1.116 -1.116 -1.116 -1.116 -1.116 -1.116 -1.116 -1.116 -1.116 -1.116 -1.116 -1.116 -1.116 -1.116 -1.116 -1.116 -1.116 -1.116 -1.116 -1.116 -1.116 -1.116
0.03 0.33631 9.00000 2.3578505516 2.5811401528    2.352  2.116  3.6519  2.253    7  0.000  0.360     0.00     0.00     0.00     0.00     0.00 -1 -2.62e-11      0.00 6.465e-01 3.233e-01 3.408e-03 4.160e-03 1.261e-02 -1.000 3.026e-02       4485          0          0          0          0      18.99      18.99 -0.520 -0.367 0.256 -1.124 -0.367 -0.367 -0.367 -0.367 -0.367 -0.367 -0.367 -0.367 -0.367 -0.367 -0.367 -0.367 -0.367 -0.367 -0.367 -0.367 -0.367 -0.367 -0.367 -0.367 -0.367 -0.367 0.256 0.256 0.256 0.256 0.256 0.256 0.256 0.256 0.256 0.256 0.256 0.256 0.256 0.256 0.256 0.256 0.256 0.256 0.256 0.256 0.256 0.256 -1.124 -1.124 -1.124 -1.124 -1.124 -1.124 -1.124 -1.124 -1.124 -1.124 -1.124 -1.124 -1.124 -1.124 -1.124 -1.124 -1.124 -1.124 -1.124 -1.124 -1.124 -1.124
0.03 0.33631 9.00000 2.3579227924 2.5811422557    2.352  2.118  3.6518  2.251    7  0.000  0.360     0.00     0.00     0.00     0.00     0.00 -1 -2.66e-11      0.00 6.465e-01 3.233e-01 3.408e-03 4.160e-03 1.261e-02 -1.000 3.026e-02       4484          0          0          0          0      19.04      19.04 -0.524 -0.370 0.253 -1.127 -0.370 -0.370 -0.370 -0.370 -0.370 -0.370 -0.370 -0.370 -0.370 -0.370 -0.370 -0.370 -0.370 -0.370 -0.370 -0.370 -0.370 -0.370 -0.370 -0.370 -0.370 -0.370 0.253 0.253 0.253 0.253 0.253 0.253 0.253 0.253 0.253 0.253 0.253 0.253 0.253 0.253 0.253 0.253 0.253 0.253 0.253 0.253 0.253 0.253 -1.127 -1.127 -1.127 -1.127 -1.127 -1.127 -1.127 -1.127 -1.127 -1.127 -1.127 -1.127 -1.127 -1.127 -1.127 -1.127 -1.127 -1.127 -1.127 -1.127 -1.127 -1.127
0.03 0.33631 9.00000 2.3579835892 2.5811440253    2.352  2.119  3.6517  2.249    7  0.000  0.360     0.00     0.00     0.00     0.00     0.00 -1  -2.7e-11      0.00 6.465e-01 3.233e-01 3.408e-03 4.160e-03 1.261e-02 -1.000 3.026e-02       4483          0          0          0          0      19.07      19.07 -0.527 -0.373 0.251 -1.130 -0.373 -0.373 -0.373 -0.373 -0.373 -0.373 -0.373 -0.373 -0.373 -0.373 -0.373 -0.373 -0.373 -0.373 -0.373 -0.373 -0.373 -0.373 -0.373 -0.373 -0.373 -0.373 0.251 0.251 0.251 0.251 0.251 0.251 0.251 0.251 0.251 0.251 0.251 0.251 0.251 0.251 0.251 0.251 0.251 0.251 0.251 0.251 0.251 0.251 -1.130 -1.130 -1.130 -1.130 -1.130 -1.130 -1.130 -1.130 -1.130 -1.130 -1.130 -1.130 -1.130 -1.130 -1.130 -1.130 -1.130 -1.130 -1.130 -1.130 -1.130 -1.130
0.03 0.33631 9.00000 2.3580470085 2.5811458711    2.352  2.120  3.6516  2.248    7  0.000  0.360     0.00     0.00     0.00     0.00     0.00 -1 -2.73e-11      0.00 6.465e-01 3.233e-01 3.408e-03 4.160e-03 1.261e-02 -1.000 3.026e-02       4482          0          0          0          0      19.11      19.11 -0.530 -0.376 0.248 -1.133 -0.376 -0.376 -0.376 -0.376 -0.376 -0.376 -0.376 -0.376 -0.376 -0.376 -0.376 -0.376 -0.376 -0.376 -0.376 -0.376 -0.376 -0.376 -0.376 -0.376 -0.376 -0.376 0.248 0.248 0.248 0.248 0.248 0.248 0.248 0.248 0.248 0.248 0.248 0.248 0.248 0.248 0.248 0.248 0.248 0.248 0.248 0.248 0.248 0.248 -1.133 -1.133 -1.133 -1.133 -1.133 -1.133 -1.133 -1.133 -1.133 -1.133 -1.133 -1.133 -1.133 -1.133 -1.133 -1.133 -1.133 -1.133 -1.133 -1.133 -1.133 -1.133
0.03 0.33631 9.00000 2.3581328392 2.5811483691    2.352  2.122  3.6514  2.245    7  0.000  0.360     0.00     0.00     0.00     0.00     0.00 -1 -2.79e-11      0.00 6.465e-01 3.233e-01 3.408e-03 4.160e-03 1.261e-02 -1.000 3.026e-02       4481          0          0          0          0      19.17      19.17 -0.535 -0.379 0.245 -1.138 -0.379 -0.379 -0.379 -0.379 -0.379 -0.379 -0.379 -0.379 -0.379 -0.379 -0.379 -0.379 -0.379 -0.379 -0.379 -0.379 -0.379 -0.379 -0.379 -0.379 -0.379 -0.379 0.245 0.245 0.245 0.245 0.245 0.245 0.245 0.245 0.245 0.245 0.245 0.245 0.245 0.245 0.245 0.245 0.245 0.245 0.245 0.245 0.245 0.245 -1.138 -1.138 -1.138 -1.138 -1.138 -1.138 -1.138 -1.138 -1.138 -1.138 -1.138 -1.138 -1.138 -1.138 -1.138 -1.138 -1.138 -1.138 -1.138 -1.138 -1.138 -1.138
0.03 0.33631 9.00000 2.3581759930 2.5811496249    2.352  2.123  3.6514  2.244    7  0.000  0.360     0.00     0.00     0.00     0.00     0.00 -1 -2.81e-11      0.00 6.465e-01 3.233e-01 3.408e-03 4.161e-03 1.261e-02 -1.000 3.026e-02       4480          0          0          0          0      19.19      19.19 -0.537 -0.381 0.243 -1.140 -0.381 -0.381 -0.381 -0.381 -0.381 -0.381 -0.381 -0.381 -0.381 -0.381 -0.381 -0.381 -0.381 -0.381 -0.381 -0.381 -0.381 -0.381 -0.381 -0.381 -0.381 -0.381 0.243 0.243 0.243 0.243 0.243 0.243 0.243 0.243 0.243 0.243 0.243 0.243 0.243 0.243 0.243 0.243 0.243 0.243 0.243 0.243 0.243 0.243 -1.140 -1.140 -1.140 -1.140 -1.140 -1.140 -1.140 -1.140 -1.140 -1.140 -1.140 -1.140 -1.140 -1.140 -1.140 -1.140 -1.140 -1.140 -1.140 -1.140 -1.140 -1.140
0.03 0.33631 9.00000 2.3582248688 2.5811510472    2.352  2.124  3.6513  2.243    7  0.000  0.360     0.00     0.00     0.00     0.00     0.00 -1 -2.84e-11      0.00 6.465e-01 3.233e-01 3.408e-03 4.161e-03 1.261e-02 -1.000 3.026e-02       4479          0          0          0          0      19.22      19.22 -0.540 -0.384 0.241 -1.142 -0.384 -0.384 -0.384 -0.384 -0.384 -0.384 -0.384 -0.384 -0.384 -0.384 -0.384 -0.384 -0.384 -0.384 -0.384 -0.384 -0.384 -0.384 -0.384 -0.384 -0.384 -0.384 0.241 0.241 0.241 0.241 0.241 0.241 0.241 0.241 0.241 0.241 0.241 0.241 0.241 0.241 0.241 0.241 0.241 0.241 0.241 0.241 0.241 0.241 -1.142 -1.142 -1.142 -1.142 -1.142 -1.142 -1.142 -1.142 -1.142 -1.142 -1.142 -1.142 -1.142 -1.142 -1.142 -1.142 -1.142 -1.142 -1.142 -1.142 -1.142 -1.142
0.03 0.33631 9.00000 2.3583028316 2.5811533158    2.352  2.126  3.6511  2.241    7  0.000  0.360     0.00     0.00     0.00     0.00     0.00 -1 -2.89e-11      0.00 6.465e-01 3.233e-01 3.408e-03 4.161e-03 1.261e-02 -1.000 3.026e-02       4478          0          0          0          0      19.27      19.27 -0.544 -0.387 0.238 -1.146 -0.387 -0.387 -0.387 -0.387 -0.387 -0.387 -0.387 -0.387 -0.387 -0.387 -0.387 -0.387 -0.387 -0.387 -0.387 -0.387 -0.387 -0.387 -0.387 -0.387 -0.387 -0.387 0.238 0.238 0.238 0.238 0.238 0.238 0.238 0.238 0.238 0.238 0.238 0.238 0.238 0.238 0.238 0.238 0.238 0.238 0.238 0.238 0.238 0.238 -1.146 -1.146 -1.146 -1.146 -1.146 -1.146 -1.146 -1.146 -1.146 -1.146 -1.146 -1.146 -1.146 -1.146 -1.146 -1.146 -1.146 -1.146 -1.146 -1.146 -1.146 -1.146
0.03 0.33631 9.00000 2.3584401608 2.5811573114    2.353  2.128  3.6509  2.237    7  0.000  0.360     0.00     0.00     0.00     0.00     0.00 -1 -2.98e-11      0.00 6.465e-01 3.233e-01 3.408e-03 4.161e-03 1.261e-02 -1.000 3.026e-02       4476          0          0          0          0      19.35      19.35 -0.551 -0.394 0.233 -1.153 -0.394 -0.394 -0.394 -0.394 -0.394 -0.394 -0.394 -0.394 -0.394 -0.394 -0.394 -0.394 -0.394 -0.394 -0.394 -0.394 -0.394 -0.394 -0.394 -0.394 -0.394 -0.394 0.233 0.233 0.233 0.233 0.233 0.233 0.233 0.233 0.233 0.233 0.233 0.233 0.233 0.233 0.233 0.233 0.233 0.233 0.233 0.233 0.233 0.233 -1.153 -1.153 -1.153 -1.153 -1.153 -1.153 -1.153 -1.153 -1.153 -1.153 -1.153 -1.153 -1.153 -1.153 -1.153 -1.153 -1.153 -1.153 -1.153 -1.153 -1.153 -1.153
0.03 0.33631 9.00000 2.3585076332 2.5811592743    2.353  2.130  3.6508  2.235    7  0.000  0.360     0.00     0.00     0.00     0.00     0.00 -1 -3.02e-11      0.00 6.465e-01 3.233e-01 3.408e-03 4.161e-03 1.261e-02 -1.000 3.026e-02       4475          0          0          0          0      19.39      19.39 -0.555 -0.397 0.230 -1.156 -0.397 -0.397 -0.397 -0.397 -0.397 -0.397 -0.397 -0.397 -0.397 -0.397 -0.397 -0.397 -0.397 -0.397 -0.397 -0.397 -0.397 -0.397 -0.397 -0.397 -0.397 -0.397 0.230 0.230 0.230 0.230 0.230 0.230 0.230 0.230 0.230 0.230 0.230 0.230 0.230 0.230 0.230 0.230 0.230 0.230 0.230 0.230 0.230 0.230 -1.156 -1.156 -1.156 -1.156 -1.156 -1.156 -1.156 -1.156 -1.156 -1.156 -1.156 -1.156 -1.156 -1.156 -1.156 -1.156 -1.156 -1.156 -1.156 -1.156 -1.156 -1.156
0.03 0.33631 9.00000 2.3585696220 2.5811610776    2.353  2.131  3.6507  2.233    7  0.000  0.360     0.00     0.00     0.00     0.00     0.00 -1 -3.06e-11      0.00 6.465e-01 3.233e-01 3.408e-03 4.161e-03 1.261e-02 -1.000 3.026e-02       4474          0          0          0          0      19.43      19.43 -0.558 -0.399 0.228 -1.160 -0.399 -0.399 -0.399 -0.399 -0.399 -0.399 -0.399 -0.399 -0.399 -0.399 -0.399 -0.399 -0.399 -0.399 -0.399 -0.399 -0.399 -0.399 -0.399 -0.399 -0.399 -0.399 0.228 0.228 0.228 0.228 0.228 0.228 0.228 0.228 0.228 0.228 0.228 0.228 0.228 0.228 0.228 0.228 0.228 0.228 0.228 0.228 0.228 0.228 -1.160 -1.160 -1.160 -1.160 -1.160 -1.160 -1.160 -1.160 -1.160 -1.160 -1.160 -1.160 -1.160 -1.160 -1.160 -1.160 -1.160 -1.160 -1.160 -1.160 -1.160 -1.160
0.03 0.33631 9.00000 2.3586597443 2.5811636991    2.353  2.133  3.6506  2.231    7  0.000  0.360     0.00     0.00     0.00     0.00     0.00 -1 -3.12e-11      0.00 6.465e-01 3.233e-01 3.408e-03 4.161e-03 1.261e-02 -1.000 3.026e-02       4472          0          0          0          0      19.48      19.48 -0.563 -0.404 0.224 -1.164 -0.404 -0.404 -0.404 -0.404 -0.404 -0.404 -0.404 -0.404 -0.404 -0.404 -0.404 -0.404 -0.404 -0.404 -0.404 -0.404 -0.404 -0.404 -0.404 -0.404 -0.404 -0.404 0.224 0.224 0.224 0.224 0.224 0.224 0.224 0.224 0.224 0.224 0.224 0.224 0.224 0.224 0.224 0.224 0.224 0.224 0.224 0.224 0.224 0.224 -1.164 -1.164 -1.164 -1.164 -1.164 -1.164 -1.164 -1.164 -1.164 -1.164 -1.164 -1.164 -1.164 -1.164 -1.164 -1.164 -1.164 -1.164 -1.164 -1.164 -1.164 -1.164
0.03 0.33631 9.00000 2.3587102890 2.5811651693    2.353  2.134  3.6505  2.229    7  0.000  0.360     0.00     0.00     0.00     0.00     0.00 -1 -3.16e-11      0.00 6.465e-01 3.233e-01 3.408e-03 4.161e-03 1.261e-02 -1.000 3.026e-02       4471          0          0          0          0      19.52      19.52 -0.565 -0.406 0.222 -1.167 -0.406 -0.406 -0.406 -0.406 -0.406 -0.406 -0.406 -0.406 -0.406 -0.406 -0.406 -0.406 -0.406 -0.406 -0.406 -0.406 -0.406 -0.406 -0.406 -0.406 -0.406 -0.406 0.222 0.222 0.222 0.222 0.222 0.222 0.222 0.222 0.222 0.222 0.222 0.222 0.222 0.222 0.222 0.222 0.222 0.222 0.222 0.222 0.222 0.222 -1.167 -1.167 -1.167 -1.167 -1.167 -1.167 -1.167 -1.167 -1.167 -1.167 -1.167 -1.167 -1.167 -1.167 -1.167 -1.167 -1.167 -1.167 -1.167 -1.167 -1.167 -1.167
0.03 0.33631 9.00000 2.3587512970 2.5811663620    2.353  2.135  3.6504  2.228    7  0.000  0.360     0.00     0.00     0.00     0.00     0.00 -1 -3.19e-11      0.00 6.465e-01 3.233e-01 3.408e-03 4.161e-03 1.261e-02 -1.000 3.026e-02       4470          0          0          0          0      19.54      19.54 -0.567 -0.408 0.220 -1.169 -0.408 -0.408 -0.408 -0.408 -0.408 -0.408 -0.408 -0.408 -0.408 -0.408 -0.408 -0.408 -0.408 -0.408 -0.408 -0.408 -0.408 -0.408 -0.408 -0.408 -0.408 -0.408 0.220 0.220 0.220 0.220 0.220 0.220 0.220 0.220 0.220 0.220 0.220 0.220 0.220 0.220 0.220 0.220 0.220 0.220 0.220 0.220 0.220 0.220 -1.169 -1.169 -1.169 -1.169 -1.169 -1.169 -1.169 -1.169 -1.169 -1.169 -1.169 -1.169 -1.169 -1.169 -1.169 -1.169 -1.169 -1.169 -1.169 -1.169 -1.169 -1.169
0.03 0.33631 9.00000 2.3588109016 2.5811680955    2.353  2.136  3.6503  2.227    7  0.000  0.360     0.00     0.00     0.00     0.00     0.00 -1 -3.23e-11      0.00 6.465e-01 3.233e-01 3.408e-03 4.161e-03 1.261e-02 -1.000 3.026e-02       4470          0          0          0          0      19.58      19.58 -0.571 -0.410 0.218 -1.172 -0.410 -0.410 -0.410 -0.410 -0.410 -0.410 -0.410 -0.410 -0.410 -0.410 -0.410 -0.410 -0.410 -0.410 -0.410 -0.410 -0.410 -0.410 -0.410 -0.410 -0.410 -0.410 0.218 0.218 0.218 0.218 0.218 0.218 0.218 0.218 0.218 0.218 0.218 0.218 0.218 0.218 0.218 0.218 0.218 0.218 0.218 0.218 0.218 0.218 -1.172 -1.172 -1.172 -1.172 -1.172 -1.172 -1.172 -1.172 -1.172 -1.172 -1.172 -1.172 -1.172 -1.172 -1.172 -1.172 -1.172 -1.172 -1.172 -1.172 -1.172 -1.172
0.03 0.33631 9.00000 2.3589565754 2.5811723318    2.353  2.139  3.6501  2.223    7  0.000  0.360     0.00     0.00     0.00     0.00     0.00 -1 -3.33e-11      0.00 6.465e-01 3.233e-01 3.408e-03 4.161e-03 1.261e-02 -1.000 3.026e-02       4467          0          0          0          0      19.66      19.66 -0.578 -0.417 0.212 -1.179 -0.417 -0.417 -0.417 -0.417 -0.417 -0.417 -0.417 -0.417 -0.417 -0.417 -0.417 -0.417 -0.417 -0.417 -0.417 -0.417 -0.417 -0.417 -0.417 -0.417 -0.417 -0.417 0.212 0.212 0.212 0.212 0.212 0.212 0.212 0.212 0.212 0.212 0.212 0.212 0.212 0.212 0.212 0.212 0.212 0.212 0.212 0.212 0.212 0.212 -1.179 -1.179 -1.179 -1.179 -1.179 -1.179 -1.179 -1.179 -1.179 -1.179 -1.179 -1.179 -1.179 -1.179 -1.179 -1.179 -1.179 -1.179 -1.179 -1.179 -1.179 -1.179
0.03 0.33631 9.00000 2.3590295315 2.5811744532    2.353  2.141  3.6500  2.221    7  0.000  0.360     0.00     0.00     0.00     0.00     0.00 -1 -3.39e-11      0.00 6.465e-01 3.233e-01 3.408e-03 4.161e-03 1.261e-02 -1.000 3.026e-02       4466          0          0          0          0      19.71      19.71 -0.582 -0.420 0.209 -1.182 -0.420 -0.420 -0.420 -0.420 -0.420 -0.420 -0.420 -0.420 -0.420 -0.420 -0.420 -0.420 -0.420 -0.420 -0.420 -0.420 -0.420 -0.420 -0.420 -0.420 -0.420 -0.420 0.209 0.209 0.209 0.209 0.209 0.209 0.209 0.209 0.209 0.209 0.209 0.209 0.209 0.209 0.209 0.209 0.209 0.209 0.209 0.209 0.209 0.209 -1.182 -1.182 -1.182 -1.182 -1.182 -1.182 -1.182 -1.182 -1.182 -1.182 -1.182 -1.182 -1.182 -1.182 -1.182 -1.182 -1.182 -1.182 -1.182 -1.182 -1.182 -1.182
0.03 0.33631 9.00000 2.3590927124 2.5811762902    2.353  2.142  3.6499  2.219    7  0.000  0.360     0.00     0.00     0.00     0.00     0.00 -1 -3.44e-11      0.00 6.465e-01 3.233e-01 3.408e-03 4.161e-03 1.261e-02 -1.000 3.026e-02       4465          0          0          0          0      19.75      19.75 -0.586 -0.423 0.207 -1.186 -0.423 -0.423 -0.423 -0.423 -0.423 -0.423 -0.423 -0.423 -0.423 -0.423 -0.423 -0.423 -0.423 -0.423 -0.423 -0.423 -0.423 -0.423 -0.423 -0.423 -0.423 -0.423 0.207 0.207 0.207 0.207 0.207 0.207 0.207 0.207 0.207 0.207 0.207 0.207 0.207 0.207 0.207 0.207 0.207 0.207 0.207 0.207 0.207 0.207 -1.186 -1.186 -1.186 -1.186 -1.186 -1.186 -1.186 -1.186 -1.186 -1.186 -1.186 -1.186 -1.186 -1.186 -1.186 -1.186 -1.186 -1.186 -1.186 -1.186 -1.186 -1.186
0.03 0.33631 9.00000 2.3591573238 2.5811781687    2.353  2.144  3.6498  2.217    7  0.000  0.360     0.00     0.00     0.00     0.00     0.00 -1 -3.49e-11      0.00 6.465e-01 3.233e-01 3.408e-03 4.161e-03 1.261e-02 -1.000 3.026e-02       4464          0          0          0          0       19.8       19.8 -0.589 -0.427 0.204 -1.189 -0.427 -0.427 -0.427 -0.427 -0.427 -0.427 -0.427 -0.427 -0.427 -0.427 -0.427 -0.427 -0.427 -0.427 -0.427 -0.427 -0.427 -0.427 -0.427 -0.427 -0.427 -0.427 0.204 0.204 0.204 0.204 0.204 0.204 0.204 0.204 0.204 0.204 0.204 0.204 0.204 0.204 0.204 0.204 0.204 0.204 0.204 0.204 0.204 0.204 -1.189 -1.189 -1.189 -1.189 -1.189 -1.189 -1.189 -1.189 -1.189 -1.189 -1.189 -1.189 -1.189 -1.189 -1.189 -1.189 -1.189 -1.189 -1.189 -1.189 -1.189 -1.189
0.03 0.33631 9.00000 2.3592424393 2.5811806432    2.353  2.146  3.6496  2.214    7  0.000  0.360     0.00     0.00     0.00     0.00     0.00 -1 -3.56e-11      0.00 6.465e-01 3.233e-01 3.408e-03 4.161e-03 1.261e-02 -1.000 3.026e-02       4462          0          0          0          0      19.86      19.86 -0.594 -0.431 0.200 -1.194 -0.431 -0.431 -0.431 -0.431 -0.431 -0.431 -0.431 -0.431 -0.431 -0.431 -0.431 -0.431 -0.431 -0.431 -0.431 -0.431 -0.431 -0.431 -0.431 -0.431 -0.431 -0.431 0.200 0.200 0.200 0.200 0.200 0.200 0.200 0.200 0.200 0.200 0.200 0.200 0.200 0.200 0.200 0.200 0.200 0.200 0.200 0.200 0.200 0.200 -1.194 -1.194 -1.194 -1.194 -1.194 -1.194 -1.194 -1.194 -1.194 -1.194 -1.194 -1.194 -1.194 -1.194 -1.194 -1.194 -1.194 -1.194 -1.194 -1.194 -1.194 -1.194
0.03 0.33631 9.00000 2.3592884541 2.5811819808    2.353  2.147  3.6495  2.213    7  0.000  0.360     0.00     0.00     0.00     0.00     0.00 -1  -3.6e-11      0.00 6.465e-01 3.233e-01 3.408e-03 4.161e-03 1.261e-02 -1.000 3.026e-02       4461          0          0          0          0      19.89      19.89 -0.597 -0.433 0.198 -1.197 -0.433 -0.433 -0.433 -0.433 -0.433 -0.433 -0.433 -0.433 -0.433 -0.433 -0.433 -0.433 -0.433 -0.433 -0.433 -0.433 -0.433 -0.433 -0.433 -0.433 -0.433 -0.433 0.198 0.198 0.198 0.198 0.198 0.198 0.198 0.198 0.198 0.198 0.198 0.198 0.198 0.198 0.198 0.198 0.198 0.198 0.198 0.198 0.198 0.198 -1.197 -1.197 -1.197 -1.197 -1.197 -1.197 -1.197 -1.197 -1.197 -1.197 -1.197 -1.197 -1.197 -1.197 -1.197 -1.197 -1.197 -1.197 -1.197 -1.197 -1.197 -1.197
0.03 0.33631 9.00000 2.3593351841 2.5811833392    2.353  2.148  3.6494  2.211    7  0.000  0.360     0.00     0.00     0.00     0.00     0.00 -1 -3.64e-11      0.00 6.465e-01 3.233e-01 3.408e-03 4.161e-03 1.261e-02 -1.000 3.026e-02       4460          0          0          0          0      19.92      19.92 -0.600 -0.436 0.196 -1.199 -0.436 -0.436 -0.436 -0.436 -0.436 -0.436 -0.436 -0.436 -0.436 -0.436 -0.436 -0.436 -0.436 -0.436 -0.436 -0.436 -0.436 -0.436 -0.436 -0.436 -0.436 -0.436 0.196 0.196 0.196 0.196 0.196 0.196 0.196 0.196 0.196 0.196 0.196 0.196 0.196 0.196 0.196 0.196 0.196 0.196 0.196 0.196 0.196 0.196 -1.199 -1.199 -1.199 -1.199 -1.199 -1.199 -1.199 -1.199 -1.199 -1.199 -1.199 -1.199 -1.199 -1.199 -1.199 -1.199 -1.199 -1.199 -1.199 -1.199 -1.199 -1.199
0.03 0.33631 9.00000 2.3594646454 2.5811871021    2.354  2.151  3.6492  2.208    7  0.000  0.360     0.00     0.00     0.00     0.00     0.00 -1 -3.76e-11      0.00 6.465e-01 3.233e-01 3.408e-03 4.161e-03 1.261e-02 -1.000 3.026e-02       4458          0          0          0          0      20.02      20.02 -0.607 -0.442 0.191 -1.206 -0.442 -0.442 -0.442 -0.442 -0.442 -0.442 -0.442 -0.442 -0.442 -0.442 -0.442 -0.442 -0.442 -0.442 -0.442 -0.442 -0.442 -0.442 -0.442 -0.442 -0.442 -0.442 0.191 0.191 0.191 0.191 0.191 0.191 0.191 0.191 0.191 0.191 0.191 0.191 0.191 0.191 0.191 0.191 0.191 0.191 0.191 0.191 0.191 0.191 -1.206 -1.206 -1.206 -1.206 -1.206 -1.206 -1.206 -1.206 -1.206 -1.206 -1.206 -1.206 -1.206 -1.206 -1.206 -1.206 -1.206 -1.206 -1.206 -1.206 -1.206 -1.206
0.03 0.33631 9.00000 2.3595535755 2.5811896867    2.354  2.153  3.6490  2.205    7  0.000  0.360     0.00     0.00     0.00     0.00     0.00 -1 -3.84e-11      0.00 6.465e-01 3.233e-01 3.408e-03 4.161e-03 1.261e-02 -1.000 3.026e-02       4456          0          0          0          0      20.08      20.08 -0.613 -0.447 0.187 -1.211 -0.447 -0.447 -0.447 -0.447 -0.447 -0.447 -0.447 -0.447 -0.447 -0.447 -0.447 -0.447 -0.447 -0.447 -0.447 -0.447 -0.447 -0.447 -0.447 -0.447 -0.447 -0.447 0.187 0.187 0.187 0.187 0.187 0.187 0.187 0.187 0.187 0.187 0.187 0.187 0.187 0.187 0.187 0.187 0.187 0.187 0.187 0.187 0.187 0.187 -1.211 -1.211 -1.211 -1.211 -1.211 -1.211 -1.211 -1.211 -1.211 -1.211 -1.211 -1.211 -1.211 -1.211 -1.211 -1.211 -1.211 -1.211 -1.211 -1.211 -1.211 -1.211
0.03 0.33631 9.00000 2.3596210480 2.5811916475    2.354  2.155  3.6489  2.203    7  0.000  0.360     0.00     0.00     0.00     0.00     0.00 -1  -3.9e-11      0.00 6.465e-01 3.233e-01 3.408e-03 4.161e-03 1.261e-02 -1.000 3.026e-02       4455          0          0          0          0      20.13      20.13 -0.617 -0.450 0.184 -1.215 -0.450 -0.450 -0.450 -0.450 -0.450 -0.450 -0.450 -0.450 -0.450 -0.450 -0.450 -0.450 -0.450 -0.450 -0.450 -0.450 -0.450 -0.450 -0.450 -0.450 -0.450 -0.450 0.184 0.184 0.184 0.184 0.184 0.184 0.184 0.184 0.184 0.184 0.184 0.184 0.184 0.184 0.184 0.184 0.184 0.184 0.184 0.184 0.184 0.184 -1.215 -1.215 -1.215 -1.215 -1.215 -1.215 -1.215 -1.215 -1.215 -1.215 -1.215 -1.215 -1.215 -1.215 -1.215 -1.215 -1.215 -1.215 -1.215 -1.215 -1.215 -1.215
0.03 0.33631 9.00000 2.3596830368 2.5811934488    2.354  2.156  3.6488  2.201    7  0.000  0.360     0.00     0.00     0.00     0.00     0.00 -1 -3.96e-11      0.00 6.465e-01 3.233e-01 3.408e-03 4.162e-03 1.261e-02 -1.000 3.026e-02       4454          0          0          0          0      20.18      20.18 -0.620 -0.453 0.181 -1.218 -0.453 -0.453 -0.453 -0.453 -0.453 -0.453 -0.453 -0.453 -0.453 -0.453 -0.453 -0.453 -0.453 -0.453 -0.453 -0.453 -0.453 -0.453 -0.453 -0.453 -0.453 -0.453 0.181 0.181 0.181 0.181 0.181 0.181 0.181 0.181 0.181 0.181 0.181 0.181 0.181 0.181 0.181 0.181 0.181 0.181 0.181 0.181 0.181 0.181 -1.218 -1.218 -1.218 -1.218 -1.218 -1.218 -1.218 -1.218 -1.218 -1.218 -1.218 -1.218 -1.218 -1.218 -1.218 -1.218 -1.218 -1.218 -1.218 -1.218 -1.218 -1.218
0.03 0.33631 9.00000 2.3597755432 2.5811961368    2.354  2.158  3.6486  2.198    7  0.000  0.360     0.00     0.00     0.00     0.00     0.00 -1 -4.05e-11      0.00 6.465e-01 3.233e-01 3.408e-03 4.162e-03 1.261e-02 -1.000 3.026e-02       4452          0          0          0          0      20.24      20.24 -0.626 -0.458 0.177 -1.223 -0.458 -0.458 -0.458 -0.458 -0.458 -0.458 -0.458 -0.458 -0.458 -0.458 -0.458 -0.458 -0.458 -0.458 -0.458 -0.458 -0.458 -0.458 -0.458 -0.458 -0.458 -0.458 0.177 0.177 0.177 0.177 0.177 0.177 0.177 0.177 0.177 0.177 0.177 0.177 0.177 0.177 0.177 0.177 0.177 0.177 0.177 0.177 0.177 0.177 -1.223 -1.223 -1.223 -1.223 -1.223 -1.223 -1.223 -1.223 -1.223 -1.223 -1.223 -1.223 -1.223 -1.223 -1.223 -1.223 -1.223 -1.223 -1.223 -1.223 -1.223 -1.223
0.03 0.33631 9.00000 2.3598189354 2.5811973975    2.354  2.159  3.6485  2.197    7  0.000  0.360     0.00     0.00     0.00     0.00     0.00 -1  -4.1e-11      0.00 6.465e-01 3.233e-01 3.408e-03 4.162e-03 1.261e-02 -1.000 3.026e-02       4451          0          0          0          0      20.27      20.27 -0.628 -0.460 0.176 -1.226 -0.460 -0.460 -0.460 -0.460 -0.460 -0.460 -0.460 -0.460 -0.460 -0.460 -0.460 -0.460 -0.460 -0.460 -0.460 -0.460 -0.460 -0.460 -0.460 -0.460 -0.460 -0.460 0.176 0.176 0.176 0.176 0.176 0.176 0.176 0.176 0.176 0.176 0.176 0.176 0.176 0.176 0.176 0.176 0.176 0.176 0.176 0.176 0.176 0.176 -1.226 -1.226 -1.226 -1.226 -1.226 -1.226 -1.226 -1.226 -1.226 -1.226 -1.226 -1.226 -1.226 -1.226 -1.226 -1.226 -1.226 -1.226 -1.226 -1.226 -1.226 -1.226
0.03 0.33631 9.00000 2.3598654270 2.5811987483    2.354  2.160  3.6485  2.195    7  0.000  0.360     0.00     0.00     0.00     0.00     0.00 -1 -4.14e-11      0.00 6.465e-01 3.233e-01 3.408e-03 4.162e-03 1.261e-02 -1.000 3.026e-02       4450          0          0          0          0      20.31      20.31 -0.631 -0.462 0.174 -1.228 -0.462 -0.462 -0.462 -0.462 -0.462 -0.462 -0.462 -0.462 -0.462 -0.462 -0.462 -0.462 -0.462 -0.462 -0.462 -0.462 -0.462 -0.462 -0.462 -0.462 -0.462 -0.462 0.174 0.174 0.174 0.174 0.174 0.174 0.174 0.174 0.174 0.174 0.174 0.174 0.174 0.174 0.174 0.174 0.174 0.174 0.174 0.174 0.174 0.174 -1.228 -1.228 -1.228 -1.228 -1.228 -1.228 -1.228 -1.228 -1.228 -1.228 -1.228 -1.228 -1.228 -1.228 -1.228 -1.228 -1.228 -1.228 -1.228 -1.228 -1.228 -1.228
0.03 0.33631 9.00000 2.3599405289 2.5812009301    2.354  2.162  3.6483  2.193    7  0.000  0.360     0.00     0.00     0.00     0.00     0.00 -1 -4.22e-11      0.00 6.465e-01 3.233e-01 3.408e-03 4.162e-03 1.261e-02 -1.000 3.026e-02       4449          0          0          0          0      20.36      20.36 -0.635 -0.466 0.170 -1.233 -0.466 -0.466 -0.466 -0.466 -0.466 -0.466 -0.466 -0.466 -0.466 -0.466 -0.466 -0.466 -0.466 -0.466 -0.466 -0.466 -0.466 -0.466 -0.466 -0.466 -0.466 -0.466 0.170 0.170 0.170 0.170 0.170 0.170 0.170 0.170 0.170 0.170 0.170 0.170 0.170 0.170 0.170 0.170 0.170 0.170 0.170 0.170 0.170 0.170 -1.233 -1.233 -1.233 -1.233 -1.233 -1.233 -1.233 -1.233 -1.233 -1.233 -1.233 -1.233 -1.233 -1.233 -1.233 -1.233 -1.233 -1.233 -1.233 -1.233 -1.233 -1.233
0.03 0.33631 9.00000 2.3600802422 2.5812049886    2.354  2.165  3.6481  2.189    7  0.000  0.360     0.00     0.00     0.00     0.00     0.00 -1 -4.36e-11      0.00 6.465e-01 3.233e-01 3.408e-03 4.162e-03 1.261e-02 -1.000 3.026e-02       4446          0          0          0          0      20.46      20.46 -0.644 -0.473 0.164 -1.240 -0.473 -0.473 -0.473 -0.473 -0.473 -0.473 -0.473 -0.473 -0.473 -0.473 -0.473 -0.473 -0.473 -0.473 -0.473 -0.473 -0.473 -0.473 -0.473 -0.473 -0.473 -0.473 0.164 0.164 0.164 0.164 0.164 0.164 0.164 0.164 0.164 0.164 0.164 0.164 0.164 0.164 0.164 0.164 0.164 0.164 0.164 0.164 0.164 0.164 -1.240 -1.240 -1.240 -1.240 -1.240 -1.240 -1.240 -1.240 -1.240 -1.240 -1.240 -1.240 -1.240 -1.240 -1.240 -1.240 -1.240 -1.240 -1.240 -1.240 -1.240 -1.240
0.03 0.33631 9.00000 2.3601503372 2.5812070246    2.354  2.167  3.6479  2.187    7  0.000  0.360     0.00     0.00     0.00     0.00     0.00 -1 -4.44e-11      0.00 6.465e-01 3.233e-01 3.408e-03 4.162e-03 1.261e-02 -1.000 3.026e-02       4445          0          0          0          0      20.51      20.51 -0.648 -0.476 0.161 -1.244 -0.476 -0.476 -0.476 -0.476 -0.476 -0.476 -0.476 -0.476 -0.476 -0.476 -0.476 -0.476 -0.476 -0.476 -0.476 -0.476 -0.476 -0.476 -0.476 -0.476 -0.476 -0.476 0.161 0.161 0.161 0.161 0.161 0.161 0.161 0.161 0.161 0.161 0.161 0.161 0.161 0.161 0.161 0.161 0.161 0.161 0.161 0.161 0.161 0.161 -1.244 -1.244 -1.244 -1.244 -1.244 -1.244 -1.244 -1.244 -1.244 -1.244 -1.244 -1.244 -1.244 -1.244 -1.244 -1.244 -1.244 -1.244 -1.244 -1.244 -1.244 -1.244
0.03 0.33631 9.00000 2.3602125645 2.5812088319    2.354  2.169  3.6478  2.185    7  0.000  0.360     0.00     0.00     0.00     0.00     0.00 -1 -4.51e-11      0.00 6.465e-01 3.233e-01 3.408e-03 4.162e-03 1.261e-02 -1.000 3.026e-02       4444          0          0          0          0      20.56      20.56 -0.651 -0.480 0.159 -1.248 -0.480 -0.480 -0.480 -0.480 -0.480 -0.480 -0.480 -0.480 -0.480 -0.480 -0.480 -0.480 -0.480 -0.480 -0.480 -0.480 -0.480 -0.480 -0.480 -0.480 -0.480 -0.480 0.159 0.159 0.159 0.159 0.159 0.159 0.159 0.159 0.159 0.159 0.159 0.159 0.159 0.159 0.159 0.159 0.159 0.159 0.159 0.159 0.159 0.159 -1.248 -1.248 -1.248 -1.248 -1.248 -1.248 -1.248 -1.248 -1.248 -1.248 -1.248 -1.248 -1.248 -1.248 -1.248 -1.248 -1.248 -1.248 -1.248 -1.248 -1.248 -1.248
0.03 0.33631 9.00000 2.3603060246 2.5812115461    2.354  2.171  3.6477  2.182    7  0.000  0.360     0.00     0.00     0.00     0.00     0.00 -1 -4.61e-11      0.00 6.465e-01 3.233e-01 3.408e-03 4.162e-03 1.261e-02 -1.000 3.026e-02       4442          0          0          0          0      20.63      20.63 -0.657 -0.484 0.155 -1.253 -0.484 -0.484 -0.484 -0.484 -0.484 -0.484 -0.484 -0.484 -0.484 -0.484 -0.484 -0.484 -0.484 -0.484 -0.484 -0.484 -0.484 -0.484 -0.484 -0.484 -0.484 -0.484 0.155 0.155 0.155 0.155 0.155 0.155 0.155 0.155 0.155 0.155 0.155 0.155 0.155 0.155 0.155 0.155 0.155 0.155 0.155 0.155 0.155 0.155 -1.253 -1.253 -1.253 -1.253 -1.253 -1.253 -1.253 -1.253 -1.253 -1.253 -1.253 -1.253 -1.253 -1.253 -1.253 -1.253 -1.253 -1.253 -1.253 -1.253 -1.253 -1.253
0.03 0.33631 9.00000 2.3603556156 2.5812129863    2.354  2.172  3.6476  2.180    7  0.000  0.360     0.00     0.00     0.00     0.00     0.00 -1 -4.66e-11      0.00 6.465e-01 3.233e-01 3.408e-03 4.162e-03 1.261e-02 -1.000 3.026e-02       4441          0          0          0          0      20.66      20.66 -0.660 -0.487 0.153 -1.255 -0.487 -0.487 -0.487 -0.487 -0.487 -0.487 -0.487 -0.487 -0.487 -0.487 -0.487 -0.487 -0.487 -0.487 -0.487 -0.487 -0.487 -0.487 -0.487 -0.487 -0.487 -0.487 0.153 0.153 0.153 0.153 0.153 0.153 0.153 0.153 0.153 0.153 0.153 0.153 0.153 0.153 0.153 0.153 0.153 0.153 0.153 0.153 0.153 0.153 -1.255 -1.255 -1.255 -1.255 -1.255 -1.255 -1.255 -1.255 -1.255 -1.255 -1.255 -1.255 -1.255 -1.255 -1.255 -1.255 -1.255 -1.255 -1.255 -1.255 -1.255 -1.255
0.03 0.33631 9.00000 2.3603997231 2.5812142671    2.354  2.173  3.6475  2.179    7  0.000  0.360     0.00     0.00     0.00     0.00     0.00 -1 -4.71e-11      0.00 6.465e-01 3.233e-01 3.408e-03 4.162e-03 1.261e-02 -1.000 3.026e-02       4440          0          0          0          0      20.69      20.69 -0.662 -0.489 0.151 -1.258 -0.489 -0.489 -0.489 -0.489 -0.489 -0.489 -0.489 -0.489 -0.489 -0.489 -0.489 -0.489 -0.489 -0.489 -0.489 -0.489 -0.489 -0.489 -0.489 -0.489 -0.489 -0.489 0.151 0.151 0.151 0.151 0.151 0.151 0.151 0.151 0.151 0.151 0.151 0.151 0.151 0.151 0.151 0.151 0.151 0.151 0.151 0.151 0.151 0.151 -1.258 -1.258 -1.258 -1.258 -1.258 -1.258 -1.258 -1.258 -1.258 -1.258 -1.258 -1.258 -1.258 -1.258 -1.258 -1.258 -1.258 -1.258 -1.258 -1.258 -1.258 -1.258
0.03 0.33631 9.00000 2.3604645729 2.5812161501    2.354  2.174  3.6474  2.177    7  0.000  0.360     0.00     0.00     0.00     0.00     0.00 -1 -4.79e-11      0.00 6.465e-01 3.233e-01 3.408e-03 4.162e-03 1.261e-02 -1.000 3.026e-02       4439          0          0          0          0      20.74      20.74 -0.666 -0.492 0.148 -1.261 -0.492 -0.492 -0.492 -0.492 -0.492 -0.492 -0.492 -0.492 -0.492 -0.492 -0.492 -0.492 -0.492 -0.492 -0.492 -0.492 -0.492 -0.492 -0.492 -0.492 -0.492 -0.492 0.148 0.148 0.148 0.148 0.148 0.148 0.148 0.148 0.148 0.148 0.148 0.148 0.148 0.148 0.148 0.148 0.148 0.148 0.148 0.148 0.148 0.148 -1.261 -1.261 -1.261 -1.261 -1.261 -1.261 -1.261 -1.261 -1.261 -1.261 -1.261 -1.261 -1.261 -1.261 -1.261 -1.261 -1.261 -1.261 -1.261 -1.261 -1.261 -1.261
0.03 0.33631 9.00000 2.3606114388 2.5812204142    2.355  2.178  3.6471  2.172    7  0.000  0.360     0.00     0.00     0.00     0.00     0.00 -1 -4.96e-11      0.00 6.465e-01 3.233e-01 3.408e-03 4.162e-03 1.261e-02 -1.000 3.026e-02       4436          0          0          0          0      20.85      20.85 -0.675 -0.500 0.142 -1.270 -0.500 -0.500 -0.500 -0.500 -0.500 -0.500 -0.500 -0.500 -0.500 -0.500 -0.500 -0.500 -0.500 -0.500 -0.500 -0.500 -0.500 -0.500 -0.500 -0.500 -0.500 -0.500 0.142 0.142 0.142 0.142 0.142 0.142 0.142 0.142 0.142 0.142 0.142 0.142 0.142 0.142 0.142 0.142 0.142 0.142 0.142 0.142 0.142 0.142 -1.270 -1.270 -1.270 -1.270 -1.270 -1.270 -1.270 -1.270 -1.270 -1.270 -1.270 -1.270 -1.270 -1.270 -1.270 -1.270 -1.270 -1.270 -1.270 -1.270 -1.270 -1.270
0.03 0.33631 9.00000 2.3606805801 2.5812224214    2.355  2.180  3.6470  2.170    7  0.000  0.360     0.00     0.00     0.00     0.00     0.00 -1 -5.04e-11      0.00 6.465e-01 3.233e-01 3.408e-03 4.162e-03 1.261e-02 -1.000 3.026e-02       4435          0          0          0          0      20.89      20.89 -0.679 -0.503 0.139 -1.273 -0.503 -0.503 -0.503 -0.503 -0.503 -0.503 -0.503 -0.503 -0.503 -0.503 -0.503 -0.503 -0.503 -0.503 -0.503 -0.503 -0.503 -0.503 -0.503 -0.503 -0.503 -0.503 0.139 0.139 0.139 0.139 0.139 0.139 0.139 0.139 0.139 0.139 0.139 0.139 0.139 0.139 0.139 0.139 0.139 0.139 0.139 0.139 0.139 0.139 -1.273 -1.273 -1.273 -1.273 -1.273 -1.273 -1.273 -1.273 -1.273 -1.273 -1.273 -1.273 -1.273 -1.273 -1.273 -1.273 -1.273 -1.273 -1.273 -1.273 -1.273 -1.273
0.03 0.33631 9.00000 2.3607447147 2.5812242832    2.355  2.181  3.6469  2.168    7  0.000  0.360     0.00     0.00     0.00     0.00     0.00 -1 -5.12e-11      0.00 6.465e-01 3.233e-01 3.408e-03 4.162e-03 1.261e-02 -1.000 3.026e-02       4434          0          0          0          0      20.94      20.94 -0.683 -0.506 0.136 -1.277 -0.506 -0.506 -0.506 -0.506 -0.506 -0.506 -0.506 -0.506 -0.506 -0.506 -0.506 -0.506 -0.506 -0.506 -0.506 -0.506 -0.506 -0.506 -0.506 -0.506 -0.506 -0.506 0.136 0.136 0.136 0.136 0.136 0.136 0.136 0.136 0.136 0.136 0.136 0.136 0.136 0.136 0.136 0.136 0.136 0.136 0.136 0.136 0.136 0.136 -1.277 -1.277 -1.277 -1.277 -1.277 -1.277 -1.277 -1.277 -1.277 -1.277 -1.277 -1.277 -1.277 -1.277 -1.277 -1.277 -1.277 -1.277 -1.277 -1.277 -1.277 -1.277
0.03 0.33631 9.00000 2.3608362675 2.5812269406    2.355  2.184  3.6467  2.165    7  0.000  0.360     0.00     0.00     0.00     0.00     0.00 -1 -5.25e-11      0.00 6.465e-01 3.233e-01 3.408e-03 4.162e-03 1.261e-02 -1.000 3.026e-02       4432          0          0          0          0      21.02      21.02 -0.689 -0.512 0.131 -1.283 -0.512 -0.512 -0.512 -0.512 -0.512 -0.512 -0.512 -0.512 -0.512 -0.512 -0.512 -0.512 -0.512 -0.512 -0.512 -0.512 -0.512 -0.512 -0.512 -0.512 -0.512 -0.512 0.131 0.131 0.131 0.131 0.131 0.131 0.131 0.131 0.131 0.131 0.131 0.131 0.131 0.131 0.131 0.131 0.131 0.131 0.131 0.131 0.131 0.131 -1.283 -1.283 -1.283 -1.283 -1.283 -1.283 -1.283 -1.283 -1.283 -1.283 -1.283 -1.283 -1.283 -1.283 -1.283 -1.283 -1.283 -1.283 -1.283 -1.283 -1.283 -1.283
0.03 0.33631 9.00000 2.3608927727 2.5812285807    2.355  2.185  3.6465  2.163    7  0.000  0.360     0.00     0.00     0.00     0.00     0.00 -1 -5.33e-11      0.00 6.465e-01 3.233e-01 3.408e-03 4.162e-03 1.261e-02 -1.000 3.026e-02       4431          0          0          0          0      21.07      21.07 -0.693 -0.515 0.128 -1.286 -0.515 -0.515 -0.515 -0.515 -0.515 -0.515 -0.515 -0.515 -0.515 -0.515 -0.515 -0.515 -0.515 -0.515 -0.515 -0.515 -0.515 -0.515 -0.515 -0.515 -0.515 -0.515 0.128 0.128 0.128 0.128 0.128 0.128 0.128 0.128 0.128 0.128 0.128 0.128 0.128 0.128 0.128 0.128 0.128 0.128 0.128 0.128 0.128 0.128 -1.286 -1.286 -1.286 -1.286 -1.286 -1.286 -1.286 -1.286 -1.286 -1.286 -1.286 -1.286 -1.286 -1.286 -1.286 -1.286 -1.286 -1.286 -1.286 -1.286 -1.286 -1.286
0.03 0.33631 9.00000 2.3609368801 2.5812298608    2.355  2.186  3.6464  2.161    7  0.000  0.360     0.00     0.00     0.00     0.00     0.00 -1  -5.4e-11      0.00 6.465e-01 3.233e-01 3.408e-03 4.162e-03 1.261e-02 -1.000 3.026e-02       4430          0          0          0          0      21.11      21.11 -0.696 -0.518 0.126 -1.289 -0.518 -0.518 -0.518 -0.518 -0.518 -0.518 -0.518 -0.518 -0.518 -0.518 -0.518 -0.518 -0.518 -0.518 -0.518 -0.518 -0.518 -0.518 -0.518 -0.518 -0.518 -0.518 0.126 0.126 0.126 0.126 0.126 0.126 0.126 0.126 0.126 0.126 0.126 0.126 0.126 0.126 0.126 0.126 0.126 0.126 0.126 0.126 0.126 0.126 -1.289 -1.289 -1.289 -1.289 -1.289 -1.289 -1.289 -1.289 -1.289 -1.289 -1.289 -1.289 -1.289 -1.289 -1.289 -1.289 -1.289 -1.289 -1.289 -1.289 -1.289 -1.289
0.03 0.33631 9.00000 2.3609972000 2.5812316114    2.355  2.188  3.6463  2.159    7  0.000  0.360     0.00     0.00     0.00     0.00     0.00 -1 -5.49e-11      0.00 6.465e-01 3.233e-01 3.408e-03 4.162e-03 1.261e-02 -1.000 3.026e-02       4428          0          0          0          0      21.17      21.17 -0.700 -0.521 0.123 -1.293 -0.521 -0.521 -0.521 -0.521 -0.521 -0.521 -0.521 -0.521 -0.521 -0.521 -0.521 -0.521 -0.521 -0.521 -0.521 -0.521 -0.521 -0.521 -0.521 -0.521 -0.521 -0.521 0.123 0.123 0.123 0.123 0.123 0.123 0.123 0.123 0.123 0.123 0.123 0.123 0.123 0.123 0.123 0.123 0.123 0.123 0.123 0.123 0.123 0.123 -1.293 -1.293 -1.293 -1.293 -1.293 -1.293 -1.293 -1.293 -1.293 -1.293 -1.293 -1.293 -1.293 -1.293 -1.293 -1.293 -1.293 -1.293 -1.293 -1.293 -1.293 -1.293
0.03 0.33631 9.00000 2.3611435890 2.5812358594    2.355  2.192  3.6460  2.154    7  0.000  0.360     0.00     0.00     0.00     0.00     0.00 -1 -5.72e-11      0.00 6.465e-01 3.233e-01 3.407e-03 4.162e-03 1.261e-02 -1.000 3.026e-02       4425          0          0          0          0      21.31      21.31 -0.710 -0.530 0.115 -1.303 -0.530 -0.530 -0.530 -0.530 -0.530 -0.530 -0.530 -0.530 -0.530 -0.530 -0.530 -0.530 -0.530 -0.530 -0.530 -0.530 -0.530 -0.530 -0.530 -0.530 -0.530 -0.530 0.115 0.115 0.115 0.115 0.115 0.115 0.115 0.115 0.115 0.115 0.115 0.115 0.115 0.115 0.115 0.115 0.115 0.115 0.115 0.115 0.115 0.115 -1.303 -1.303 -1.303 -1.303 -1.303 -1.303 -1.303 -1.303 -1.303 -1.303 -1.303 -1.303 -1.303 -1.303 -1.303 -1.303 -1.303 -1.303 -1.303 -1.303 -1.303 -1.303
0.03 0.33631 9.00000 2.3612158298 2.5812379555    2.355  2.194  3.6458  2.151    7  0.000  0.360     0.00     0.00     0.00     0.00     0.00 -1 -5.84e-11      0.00 6.465e-01 3.233e-01 3.407e-03 4.163e-03 1.261e-02 -1.000 3.026e-02       4424          0          0          0          0      21.37      21.37 -0.716 -0.534 0.112 -1.308 -0.534 -0.534 -0.534 -0.534 -0.534 -0.534 -0.534 -0.534 -0.534 -0.534 -0.534 -0.534 -0.534 -0.534 -0.534 -0.534 -0.534 -0.534 -0.534 -0.534 -0.534 -0.534 0.112 0.112 0.112 0.112 0.112 0.112 0.112 0.112 0.112 0.112 0.112 0.112 0.112 0.112 0.112 0.112 0.112 0.112 0.112 0.112 0.112 0.112 -1.308 -1.308 -1.308 -1.308 -1.308 -1.308 -1.308 -1.308 -1.308 -1.308 -1.308 -1.308 -1.308 -1.308 -1.308 -1.308 -1.308 -1.308 -1.308 -1.308 -1.308 -1.308
0.03 0.33631 9.00000 2.3612794876 2.5812398025    2.355  2.196  3.6457  2.149    7  0.000  0.360     0.00     0.00     0.00     0.00     0.00 -1 -5.94e-11      0.00 6.465e-01 3.233e-01 3.407e-03 4.163e-03 1.261e-02 -1.000 3.026e-02       4422          0          0          0          0      21.43      21.43 -0.720 -0.538 0.108 -1.312 -0.538 -0.538 -0.538 -0.538 -0.538 -0.538 -0.538 -0.538 -0.538 -0.538 -0.538 -0.538 -0.538 -0.538 -0.538 -0.538 -0.538 -0.538 -0.538 -0.538 -0.538 -0.538 0.108 0.108 0.108 0.108 0.108 0.108 0.108 0.108 0.108 0.108 0.108 0.108 0.108 0.108 0.108 0.108 0.108 0.108 0.108 0.108 0.108 0.108 -1.312 -1.312 -1.312 -1.312 -1.312 -1.312 -1.312 -1.312 -1.312 -1.312 -1.312 -1.312 -1.312 -1.312 -1.312 -1.312 -1.312 -1.312 -1.312 -1.312 -1.312 -1.312
0.03 0.33631 9.00000 2.3613686562 2.5812423894    2.355  2.199  3.6455  2.146    7  0.000  0.360     0.00     0.00     0.00     0.00     0.00 -1 -6.09e-11      0.00 6.465e-01 3.233e-01 3.407e-03 4.163e-03 1.261e-02 -1.000 3.026e-02       4420          0          0          0          0      21.51      21.51 -0.726 -0.544 0.104 -1.318 -0.544 -0.544 -0.544 -0.544 -0.544 -0.544 -0.544 -0.544 -0.544 -0.544 -0.544 -0.544 -0.544 -0.544 -0.544 -0.544 -0.544 -0.544 -0.544 -0.544 -0.544 -0.544 0.104 0.104 0.104 0.104 0.104 0.104 0.104 0.104 0.104 0.104 0.104 0.104 0.104 0.104 0.104 0.104 0.104 0.104 0.104 0.104 0.104 0.104 -1.318 -1.318 -1.318 -1.318 -1.318 -1.318 -1.318 -1.318 -1.318 -1.318 -1.318 -1.318 -1.318 -1.318 -1.318 -1.318 -1.318 -1.318 -1.318 -1.318 -1.318 -1.318
0.03 0.33631 9.00000 2.3614292145 2.5812441462    2.355  2.200  3.6454  2.143    7  0.000  0.360     0.00     0.00     0.00     0.00     0.00 -1  -6.2e-11      0.00 6.465e-01 3.233e-01 3.407e-03 4.163e-03 1.261e-02 -1.000 3.026e-02       4419          0          0          0          0      21.57      21.57 -0.731 -0.547 0.101 -1.322 -0.547 -0.547 -0.547 -0.547 -0.547 -0.547 -0.547 -0.547 -0.547 -0.547 -0.547 -0.547 -0.547 -0.547 -0.547 -0.547 -0.547 -0.547 -0.547 -0.547 -0.547 -0.547 0.101 0.101 0.101 0.101 0.101 0.101 0.101 0.101 0.101 0.101 0.101 0.101 0.101 0.101 0.101 0.101 0.101 0.101 0.101 0.101 0.101 0.101 -1.322 -1.322 -1.322 -1.322 -1.322 -1.322 -1.322 -1.322 -1.322 -1.322 -1.322 -1.322 -1.322 -1.322 -1.322 -1.322 -1.322 -1.322 -1.322 -1.322 -1.322 -1.322
0.03 0.33631 9.00000 2.3614752293 2.5812454810    2.355  2.202  3.6453  2.142    7  0.000  0.360     0.00     0.00     0.00     0.00     0.00 -1 -6.28e-11      0.00 6.465e-01 3.233e-01 3.407e-03 4.163e-03 1.261e-02 -1.000 3.026e-02       4418          0          0          0          0      21.61      21.61 -0.734 -0.550 0.098 -1.325 -0.550 -0.550 -0.550 -0.550 -0.550 -0.550 -0.550 -0.550 -0.550 -0.550 -0.550 -0.550 -0.550 -0.550 -0.550 -0.550 -0.550 -0.550 -0.550 -0.550 -0.550 -0.550 0.098 0.098 0.098 0.098 0.098 0.098 0.098 0.098 0.098 0.098 0.098 0.098 0.098 0.098 0.098 0.098 0.098 0.098 0.098 0.098 0.098 0.098 -1.325 -1.325 -1.325 -1.325 -1.325 -1.325 -1.325 -1.325 -1.325 -1.325 -1.325 -1.325 -1.325 -1.325 -1.325 -1.325 -1.325 -1.325 -1.325 -1.325 -1.325 -1.325
0.03 0.33631 9.00000 2.3615338802 2.5812471822    2.355  2.203  3.6451  2.139    7  0.000  0.360     0.00     0.00     0.00     0.00     0.00 -1 -6.38e-11      0.00 6.465e-01 3.233e-01 3.407e-03 4.163e-03 1.261e-02 -1.000 3.026e-02       4416          0          0          0          0      21.67      21.67 -0.738 -0.554 0.095 -1.329 -0.554 -0.554 -0.554 -0.554 -0.554 -0.554 -0.554 -0.554 -0.554 -0.554 -0.554 -0.554 -0.554 -0.554 -0.554 -0.554 -0.554 -0.554 -0.554 -0.554 -0.554 -0.554 0.095 0.095 0.095 0.095 0.095 0.095 0.095 0.095 0.095 0.095 0.095 0.095 0.095 0.095 0.095 0.095 0.095 0.095 0.095 0.095 0.095 0.095 -1.329 -1.329 -1.329 -1.329 -1.329 -1.329 -1.329 -1.329 -1.329 -1.329 -1.329 -1.329 -1.329 -1.329 -1.329 -1.329 -1.329 -1.329 -1.329 -1.329 -1.329 -1.329
0.03 0.33631 9.00000 2.3616826534 2.5812514972    2.356  2.207  3.6448  2.134    7  0.000  0.360     0.00     0.00     0.00     0.00     0.00 -1 -6.65e-11      0.00 6.465e-01 3.233e-01 3.407e-03 4.163e-03 1.261e-02 -1.000 3.026e-02       4413          0          0          0          0      21.81      21.81 -0.748 -0.562 0.088 -1.339 -0.562 -0.562 -0.562 -0.562 -0.562 -0.562 -0.562 -0.562 -0.562 -0.562 -0.562 -0.562 -0.562 -0.562 -0.562 -0.562 -0.562 -0.562 -0.562 -0.562 -0.562 -0.562 0.088 0.088 0.088 0.088 0.088 0.088 0.088 0.088 0.088 0.088 0.088 0.088 0.088 0.088 0.088 0.088 0.088 0.088 0.088 0.088 0.088 0.088 -1.339 -1.339 -1.339 -1.339 -1.339 -1.339 -1.339 -1.339 -1.339 -1.339 -1.339 -1.339 -1.339 -1.339 -1.339 -1.339 -1.339 -1.339 -1.339 -1.339 -1.339 -1.339
0.03 0.33631 9.00000 2.3617548943 2.5812535922    2.356  2.209  3.6446  2.131    7  0.000  0.360     0.00     0.00     0.00     0.00     0.00 -1 -6.79e-11      0.00 6.465e-01 3.233e-01 3.407e-03 4.163e-03 1.261e-02 -1.000 3.026e-02       4411          0          0          0          0      21.87      21.87 -0.754 -0.567 0.084 -1.343 -0.567 -0.567 -0.567 -0.567 -0.567 -0.567 -0.567 -0.567 -0.567 -0.567 -0.567 -0.567 -0.567 -0.567 -0.567 -0.567 -0.567 -0.567 -0.567 -0.567 -0.567 -0.567 0.084 0.084 0.084 0.084 0.084 0.084 0.084 0.084 0.084 0.084 0.084 0.084 0.084 0.084 0.084 0.084 0.084 0.084 0.084 0.084 0.084 0.084 -1.343 -1.343 -1.343 -1.343 -1.343 -1.343 -1.343 -1.343 -1.343 -1.343 -1.343 -1.343 -1.343 -1.343 -1.343 -1.343 -1.343 -1.343 -1.343 -1.343 -1.343 -1.343
0.03 0.33631 9.00000 2.3618185520 2.5812554382    2.356  2.211  3.6445  2.129    7  0.000  0.360     0.00     0.00     0.00     0.00     0.00 -1 -6.91e-11      0.00 6.465e-01 3.233e-01 3.407e-03 4.163e-03 1.261e-02 -1.000 3.026e-02       4410          0          0          0          0      21.93      21.93 -0.758 -0.571 0.081 -1.348 -0.571 -0.571 -0.571 -0.571 -0.571 -0.571 -0.571 -0.571 -0.571 -0.571 -0.571 -0.571 -0.571 -0.571 -0.571 -0.571 -0.571 -0.571 -0.571 -0.571 -0.571 -0.571 0.081 0.081 0.081 0.081 0.081 0.081 0.081 0.081 0.081 0.081 0.081 0.081 0.081 0.081 0.081 0.081 0.081 0.081 0.081 0.081 0.081 0.081 -1.348 -1.348 -1.348 -1.348 -1.348 -1.348 -1.348 -1.348 -1.348 -1.348 -1.348 -1.348 -1.348 -1.348 -1.348 -1.348 -1.348 -1.348 -1.348 -1.348 -1.348 -1.348
0.03 0.33631 9.00000 2.3619101048 2.5812580929    2.356  2.214  3.6443  2.126    7  0.000  0.360     0.00     0.00     0.00     0.00     0.00 -1 -7.09e-11      0.00 6.464e-01 3.233e-01 3.407e-03 4.163e-03 1.261e-02 -1.000 3.026e-02       4408          0          0          0          0      22.02      22.02 -0.764 -0.576 0.076 -1.354 -0.576 -0.576 -0.576 -0.576 -0.576 -0.576 -0.576 -0.576 -0.576 -0.576 -0.576 -0.576 -0.576 -0.576 -0.576 -0.576 -0.576 -0.576 -0.576 -0.576 -0.576 -0.576 0.076 0.076 0.076 0.076 0.076 0.076 0.076 0.076 0.076 0.076 0.076 0.076 0.076 0.076 0.076 0.076 0.076 0.076 0.076 0.076 0.076 0.076 -1.354 -1.354 -1.354 -1.354 -1.354 -1.354 -1.354 -1.354 -1.354 -1.354 -1.354 -1.354 -1.354 -1.354 -1.354 -1.354 -1.354 -1.354 -1.354 -1.354 -1.354 -1.354
0.03 0.33631 9.00000 2.3619699478 2.5812598280    2.356  2.215  3.6442  2.123    7  0.000  0.360     0.00     0.00     0.00     0.00     0.00 -1 -7.21e-11      0.00 6.464e-01 3.233e-01 3.407e-03 4.163e-03 1.261e-02 -1.000 3.026e-02       4407          0          0          0          0      22.07      22.07 -0.769 -0.580 0.073 -1.358 -0.580 -0.580 -0.580 -0.580 -0.580 -0.580 -0.580 -0.580 -0.580 -0.580 -0.580 -0.580 -0.580 -0.580 -0.580 -0.580 -0.580 -0.580 -0.580 -0.580 -0.580 -0.580 0.073 0.073 0.073 0.073 0.073 0.073 0.073 0.073 0.073 0.073 0.073 0.073 0.073 0.073 0.073 0.073 0.073 0.073 0.073 0.073 0.073 0.073 -1.358 -1.358 -1.358 -1.358 -1.358 -1.358 -1.358 -1.358 -1.358 -1.358 -1.358 -1.358 -1.358 -1.358 -1.358 -1.358 -1.358 -1.358 -1.358 -1.358 -1.358 -1.358
0.03 0.33631 9.00000 2.3620135784 2.5812610930    2.356  2.217  3.6441  2.122    7  0.000  0.360     0.00     0.00     0.00     0.00     0.00 -1  -7.3e-11      0.00 6.464e-01 3.233e-01 3.407e-03 4.163e-03 1.261e-02 -1.000 3.026e-02       4406          0          0          0          0      22.11      22.11 -0.772 -0.582 0.071 -1.361 -0.582 -0.582 -0.582 -0.582 -0.582 -0.582 -0.582 -0.582 -0.582 -0.582 -0.582 -0.582 -0.582 -0.582 -0.582 -0.582 -0.582 -0.582 -0.582 -0.582 -0.582 -0.582 0.071 0.071 0.071 0.071 0.071 0.071 0.071 0.071 0.071 0.071 0.071 0.071 0.071 0.071 0.071 0.071 0.071 0.071 0.071 0.071 0.071 0.071 -1.361 -1.361 -1.361 -1.361 -1.361 -1.361 -1.361 -1.361 -1.361 -1.361 -1.361 -1.361 -1.361 -1.361 -1.361 -1.361 -1.361 -1.361 -1.361 -1.361 -1.361 -1.361
0.03 0.33631 9.00000 2.3620727062 2.5812628072    2.356  2.218  3.6439  2.120    7  0.000  0.360     0.00     0.00     0.00     0.00     0.00 -1 -7.42e-11      0.00 6.464e-01 3.233e-01 3.407e-03 4.163e-03 1.261e-02 -1.000 3.026e-02       4404          0          0          0          0      22.17      22.17 -0.776 -0.586 0.068 -1.365 -0.586 -0.586 -0.586 -0.586 -0.586 -0.586 -0.586 -0.586 -0.586 -0.586 -0.586 -0.586 -0.586 -0.586 -0.586 -0.586 -0.586 -0.586 -0.586 -0.586 -0.586 -0.586 0.068 0.068 0.068 0.068 0.068 0.068 0.068 0.068 0.068 0.068 0.068 0.068 0.068 0.068 0.068 0.068 0.068 0.068 0.068 0.068 0.068 0.068 -1.365 -1.365 -1.365 -1.365 -1.365 -1.365 -1.365 -1.365 -1.365 -1.365 -1.365 -1.365 -1.365 -1.365 -1.365 -1.365 -1.365 -1.365 -1.365 -1.365 -1.365 -1.365
0.03 0.33631 9.00000 2.3622214794 2.5812671199    2.356  2.223  3.6436  2.114    7  0.000  0.360     0.00     0.00     0.00     0.00     0.00 -1 -7.73e-11      0.00 6.464e-01 3.233e-01 3.407e-03 4.163e-03 1.261e-02 -1.000 3.026e-02       4401          0          0          0          0      22.31      22.31 -0.786 -0.595 0.060 -1.374 -0.595 -0.595 -0.595 -0.595 -0.595 -0.595 -0.595 -0.595 -0.595 -0.595 -0.595 -0.595 -0.595 -0.595 -0.595 -0.595 -0.595 -0.595 -0.595 -0.595 -0.595 -0.595 0.060 0.060 0.060 0.060 0.060 0.060 0.060 0.060 0.060 0.060 0.060 0.060 0.060 0.060 0.060 0.060 0.060 0.060 0.060 0.060 0.060 0.060 -1.374 -1.374 -1.374 -1.374 -1.374 -1.374 -1.374 -1.374 -1.374 -1.374 -1.374 -1.374 -1.374 -1.374 -1.374 -1.374 -1.374 -1.374 -1.374 -1.374 -1.374 -1.374
0.03 0.33631 9.00000 2.3622937202 2.5812692138    2.356  2.225  3.6435  2.111    7  0.000  0.360     0.00     0.00     0.00     0.00     0.00 -1 -7.89e-11      0.00 6.464e-01 3.233e-01 3.407e-03 4.163e-03 1.261e-02 -1.000 3.026e-02       4399          0          0          0          0      22.37      22.37 -0.792 -0.599 0.056 -1.379 -0.599 -0.599 -0.599 -0.599 -0.599 -0.599 -0.599 -0.599 -0.599 -0.599 -0.599 -0.599 -0.599 -0.599 -0.599 -0.599 -0.599 -0.599 -0.599 -0.599 -0.599 -0.599 0.056 0.056 0.056 0.056 0.056 0.056 0.056 0.056 0.056 0.056 0.056 0.056 0.056 0.056 0.056 0.056 0.056 0.056 0.056 0.056 0.056 0.056 -1.379 -1.379 -1.379 -1.379 -1.379 -1.379 -1.379 -1.379 -1.379 -1.379 -1.379 -1.379 -1.379 -1.379 -1.379 -1.379 -1.379 -1.379 -1.379 -1.379 -1.379 -1.379
0.03 0.33631 9.00000 2.3623602390 2.5812711417    2.356  2.226  3.6433  2.109    7  0.000  0.360     0.00     0.00     0.00     0.00     0.00 -1 -8.04e-11      0.00 6.464e-01 3.233e-01 3.407e-03 4.163e-03 1.261e-02 -1.000 3.026e-02       4398          0          0          0          0      22.43      22.43 -0.796 -0.603 0.053 -1.384 -0.603 -0.603 -0.603 -0.603 -0.603 -0.603 -0.603 -0.603 -0.603 -0.603 -0.603 -0.603 -0.603 -0.603 -0.603 -0.603 -0.603 -0.603 -0.603 -0.603 -0.603 -0.603 0.053 0.053 0.053 0.053 0.053 0.053 0.053 0.053 0.053 0.053 0.053 0.053 0.053 0.053 0.053 0.053 0.053 0.053 0.053 0.053 0.053 0.053 -1.384 -1.384 -1.384 -1.384 -1.384 -1.384 -1.384 -1.384 -1.384 -1.384 -1.384 -1.384 -1.384 -1.384 -1.384 -1.384 -1.384 -1.384 -1.384 -1.384 -1.384 -1.384
0.03 0.33631 9.00000 2.3624570370 2.5812739470    2.356  2.229  3.6431  2.105    7  0.000  0.360     0.00     0.00     0.00     0.00     0.00 -1 -8.26e-11      0.00 6.464e-01 3.233e-01 3.407e-03 4.163e-03 1.261e-02 -1.000 3.026e-02       4396          0          0          0          0      22.52      22.52 -0.803 -0.609 0.048 -1.390 -0.609 -0.609 -0.609 -0.609 -0.609 -0.609 -0.609 -0.609 -0.609 -0.609 -0.609 -0.609 -0.609 -0.609 -0.609 -0.609 -0.609 -0.609 -0.609 -0.609 -0.609 -0.609 0.048 0.048 0.048 0.048 0.048 0.048 0.048 0.048 0.048 0.048 0.048 0.048 0.048 0.048 0.048 0.048 0.048 0.048 0.048 0.048 0.048 0.048 -1.390 -1.390 -1.390 -1.390 -1.390 -1.390 -1.390 -1.390 -1.390 -1.390 -1.390 -1.390 -1.390 -1.390 -1.390 -1.390 -1.390 -1.390 -1.390 -1.390 -1.390 -1.390
0.03 0.33631 9.00000 2.3625099659 2.5812754808    2.356  2.231  3.6430  2.103    7  0.000  0.360     0.00     0.00     0.00     0.00     0.00 -1 -8.41e-11      0.00 6.464e-01 3.233e-01 3.407e-03 4.163e-03 1.261e-02 -1.000 3.026e-02       4394          0          0          0          0      22.58      22.58 -0.807 -0.613 0.045 -1.394 -0.613 -0.613 -0.613 -0.613 -0.613 -0.613 -0.613 -0.613 -0.613 -0.613 -0.613 -0.613 -0.613 -0.613 -0.613 -0.613 -0.613 -0.613 -0.613 -0.613 -0.613 -0.613 0.045 0.045 0.045 0.045 0.045 0.045 0.045 0.045 0.045 0.045 0.045 0.045 0.045 0.045 0.045 0.045 0.045 0.045 0.045 0.045 0.045 0.045 -1.394 -1.394 -1.394 -1.394 -1.394 -1.394 -1.394 -1.394 -1.394 -1.394 -1.394 -1.394 -1.394 -1.394 -1.394 -1.394 -1.394 -1.394 -1.394 -1.394 -1.394 -1.394
0.03 0.33631 9.00000 2.3625600338 2.5812769317    2.356  2.233  3.6428  2.101    7  0.000  0.360     0.00     0.00     0.00     0.00     0.00 -1 -8.56e-11      0.00 6.464e-01 3.233e-01 3.407e-03 4.163e-03 1.261e-02 -1.000 3.026e-02       4393          0          0          0          0      22.65      22.65 -0.812 -0.617 0.041 -1.399 -0.617 -0.617 -0.617 -0.617 -0.617 -0.617 -0.617 -0.617 -0.617 -0.617 -0.617 -0.617 -0.617 -0.617 -0.617 -0.617 -0.617 -0.617 -0.617 -0.617 -0.617 -0.617 0.041 0.041 0.041 0.041 0.041 0.041 0.041 0.041 0.041 0.041 0.041 0.041 0.041 0.041 0.041 0.041 0.041 0.041 0.041 0.041 0.041 0.041 -1.399 -1.399 -1.399 -1.399 -1.399 -1.399 -1.399 -1.399 -1.399 -1.399 -1.399 -1.399 -1.399 -1.399 -1.399 -1.399 -1.399 -1.399 -1.399 -1.399 -1.399 -1.399
0.03 0.33631 9.00000 2.3626139164 2.5812784930    2.357  2.235  3.6426  2.098    7  0.000  0.360     0.00     0.00     0.00     0.00     0.00 -1 -8.74e-11      0.00 6.464e-01 3.233e-01 3.407e-03 4.163e-03 1.261e-02 -1.000 3.026e-02       4391          0          0          0          0      22.73      22.73 -0.818 -0.621 0.037 -1.404 -0.621 -0.621 -0.621 -0.621 -0.621 -0.621 -0.621 -0.621 -0.621 -0.621 -0.621 -0.621 -0.621 -0.621 -0.621 -0.621 -0.621 -0.621 -0.621 -0.621 -0.621 -0.621 0.037 0.037 0.037 0.037 0.037 0.037 0.037 0.037 0.037 0.037 0.037 0.037 0.037 0.037 0.037 0.037 0.037 0.037 0.037 0.037 0.037 0.037 -1.404 -1.404 -1.404 -1.404 -1.404 -1.404 -1.404 -1.404 -1.404 -1.404 -1.404 -1.404 -1.404 -1.404 -1.404 -1.404 -1.404 -1.404 -1.404 -1.404 -1.404 -1.404
0.03 0.33631 9.00000 2.3627729416 2.5812831004    2.357  2.241  3.6421  2.090    7  0.000  0.360     0.00     0.00     0.00     0.00     0.00 -1 -9.29e-11      0.00 6.464e-01 3.233e-01 3.407e-03 4.164e-03 1.261e-02 -1.000 3.026e-02       4386          0          0          0          0      22.95      22.95 -0.833 -0.635 0.026 -1.418 -0.635 -0.635 -0.635 -0.635 -0.635 -0.635 -0.635 -0.635 -0.635 -0.635 -0.635 -0.635 -0.635 -0.635 -0.635 -0.635 -0.635 -0.635 -0.635 -0.635 -0.635 -0.635 0.026 0.026 0.026 0.026 0.026 0.026 0.026 0.026 0.026 0.026 0.026 0.026 0.026 0.026 0.026 0.026 0.026 0.026 0.026 0.026 0.026 0.026 -1.418 -1.418 -1.418 -1.418 -1.418 -1.418 -1.418 -1.418 -1.418 -1.418 -1.418 -1.418 -1.418 -1.418 -1.418 -1.418 -1.418 -1.418 -1.418 -1.418 -1.418 -1.418
0.03 0.33631 9.00000 2.3628406525 2.5812850620    2.357  2.244  3.6419  2.086    7  0.000  0.360     0.00     0.00     0.00     0.00     0.00 -1 -9.54e-11      0.00 6.464e-01 3.233e-01 3.407e-03 4.164e-03 1.261e-02 -1.000 3.026e-02       4384          0          0          0          0      23.05      23.05 -0.840 -0.641 0.021 -1.425 -0.641 -0.641 -0.641 -0.641 -0.641 -0.641 -0.641 -0.641 -0.641 -0.641 -0.641 -0.641 -0.641 -0.641 -0.641 -0.641 -0.641 -0.641 -0.641 -0.641 -0.641 -0.641 0.021 0.021 0.021 0.021 0.021 0.021 0.021 0.021 0.021 0.021 0.021 0.021 0.021 0.021 0.021 0.021 0.021 0.021 0.021 0.021 0.021 0.021 -1.425 -1.425 -1.425 -1.425 -1.425 -1.425 -1.425 -1.425 -1.425 -1.425 -1.425 -1.425 -1.425 -1.425 -1.425 -1.425 -1.425 -1.425 -1.425 -1.425 -1.425 -1.425
0.03 0.33631 9.00000 2.3629062176 2.5812869612    2.357  2.247  3.6417  2.083    7  0.000  0.360     0.00     0.00     0.00     0.00     0.00 -1 -9.78e-11      0.00 6.464e-01 3.233e-01 3.407e-03 4.164e-03 1.261e-02 -1.000 3.026e-02       4382          0          0          0          0      23.14      23.14 -0.846 -0.646 0.016 -1.431 -0.646 -0.646 -0.646 -0.646 -0.646 -0.646 -0.646 -0.646 -0.646 -0.646 -0.646 -0.646 -0.646 -0.646 -0.646 -0.646 -0.646 -0.646 -0.646 -0.646 -0.646 -0.646 0.016 0.016 0.016 0.016 0.016 0.016 0.016 0.016 0.016 0.016 0.016 0.016 0.016 0.016 0.016 0.016 0.016 0.016 0.016 0.016 0.016 0.016 -1.431 -1.431 -1.431 -1.431 -1.431 -1.431 -1.431 -1.431 -1.431 -1.431 -1.431 -1.431 -1.431 -1.431 -1.431 -1.431 -1.431 -1.431 -1.431 -1.431 -1.431 -1.431
0.03 0.33631 9.00000 2.3630051613 2.5812898272    2.357  2.251  3.6414  2.077    7  0.000  0.360     0.00     0.00     0.00     0.00     0.00 -1 -1.02e-10      0.00 6.464e-01 3.233e-01 3.407e-03 4.164e-03 1.261e-02 -1.000 3.026e-02       4379          0          0          0          0      23.28      23.28 -0.856 -0.655 0.009 -1.440 -0.655 -0.655 -0.655 -0.655 -0.655 -0.655 -0.655 -0.655 -0.655 -0.655 -0.655 -0.655 -0.655 -0.655 -0.655 -0.655 -0.655 -0.655 -0.655 -0.655 -0.655 -0.655 0.009 0.009 0.009 0.009 0.009 0.009 0.009 0.009 0.009 0.009 0.009 0.009 0.009 0.009 0.009 0.009 0.009 0.009 0.009 0.009 0.009 0.009 -1.440 -1.440 -1.440 -1.440 -1.440 -1.440 -1.440 -1.440 -1.440 -1.440 -1.440 -1.440 -1.440 -1.440 -1.440 -1.440 -1.440 -1.440 -1.440 -1.440 -1.440 -1.440
0.03 0.33631 9.00000 2.3630530834 2.5812912152    2.357  2.252  3.6413  2.075    7  0.000  0.360     0.00     0.00     0.00     0.00     0.00 -1 -1.04e-10      0.00 6.464e-01 3.233e-01 3.407e-03 4.164e-03 1.261e-02 -1.000 3.026e-02       4377          0          0          0          0      23.34      23.34 -0.861 -0.659 0.005 -1.444 -0.659 -0.659 -0.659 -0.659 -0.659 -0.659 -0.659 -0.659 -0.659 -0.659 -0.659 -0.659 -0.659 -0.659 -0.659 -0.659 -0.659 -0.659 -0.659 -0.659 -0.659 -0.659 0.005 0.005 0.005 0.005 0.005 0.005 0.005 0.005 0.005 0.005 0.005 0.005 0.005 0.005 0.005 0.005 0.005 0.005 0.005 0.005 0.005 0.005 -1.444 -1.444 -1.444 -1.444 -1.444 -1.444 -1.444 -1.444 -1.444 -1.444 -1.444 -1.444 -1.444 -1.444 -1.444 -1.444 -1.444 -1.444 -1.444 -1.444 -1.444 -1.444
0.03 0.33631 9.00000 2.3630986214 2.5812925341    2.357  2.254  3.6411  2.073    7  0.000  0.360     0.00     0.00     0.00     0.00     0.00 -1 -1.05e-10      0.00 6.464e-01 3.233e-01 3.407e-03 4.164e-03 1.261e-02 -1.000 3.026e-02       4376          0          0          0          0      23.41      23.41 -0.866 -0.662 0.002 -1.449 -0.662 -0.662 -0.662 -0.662 -0.662 -0.662 -0.662 -0.662 -0.662 -0.662 -0.662 -0.662 -0.662 -0.662 -0.662 -0.662 -0.662 -0.662 -0.662 -0.662 -0.662 -0.662 0.002 0.002 0.002 0.002 0.002 0.002 0.002 0.002 0.002 0.002 0.002 0.002 0.002 0.002 0.002 0.002 0.002 0.002 0.002 0.002 0.002 0.002 -1.449 -1.449 -1.449 -1.449 -1.449 -1.449 -1.449 -1.449 -1.449 -1.449 -1.449 -1.449 -1.449 -1.449 -1.449 -1.449 -1.449 -1.449 -1.449 -1.449 -1.449 -1.449
0.03 0.33631 9.00000 2.3631975651 2.5812953995    2.357  2.258  3.6408  2.067    7  0.000  0.360     0.00     0.00     0.00     0.00     0.00 -1 -1.09e-10      0.00 6.464e-01 3.233e-01 3.407e-03 4.164e-03 1.261e-02 -1.000 3.026e-02       4373          0          0          0          0      23.55      23.55 -0.875 -0.671 -0.005 -1.458 -0.671 -0.671 -0.671 -0.671 -0.671 -0.671 -0.671 -0.671 -0.671 -0.671 -0.671 -0.671 -0.671 -0.671 -0.671 -0.671 -0.671 -0.671 -0.671 -0.671 -0.671 -0.671 -0.005 -0.005 -0.005 -0.005 -0.005 -0.005 -0.005 -0.005 -0.005 -0.005 -0.005 -0.005 -0.005 -0.005 -0.005 -0.005 -0.005 -0.005 -0.005 -0.005 -0.005 -0.005 -1.458 -1.458 -1.458 -1.458 -1.458 -1.458 -1.458 -1.458 -1.458 -1.458 -1.458 -1.458 -1.458 -1.458 -1.458 -1.458 -1.458 -1.458 -1.458 -1.458 -1.458 -1.458
0.03 0.33631 9.00000 2.3633229733 2.5812990309    2.357  2.263  3.6404  2.061    7  0.000  0.360     0.00     0.00     0.00     0.00     0.00 -1 -1.15e-10      0.00 6.464e-01 3.233e-01 3.407e-03 4.164e-03 1.261e-02 -1.000 3.026e-02       4369          0          0          0          0      23.72      23.72 -0.888 -0.681 -0.014 -1.469 -0.681 -0.681 -0.681 -0.681 -0.681 -0.681 -0.681 -0.681 -0.681 -0.681 -0.681 -0.681 -0.681 -0.681 -0.681 -0.681 -0.681 -0.681 -0.681 -0.681 -0.681 -0.681 -0.014 -0.014 -0.014 -0.014 -0.014 -0.014 -0.014 -0.014 -0.014 -0.014 -0.014 -0.014 -0.014 -0.014 -0.014 -0.014 -0.014 -0.014 -0.014 -0.014 -0.014 -0.014 -1.469 -1.469 -1.469 -1.469 -1.469 -1.469 -1.469 -1.469 -1.469 -1.469 -1.469 -1.469 -1.469 -1.469 -1.469 -1.469 -1.469 -1.469 -1.469 -1.469 -1.469 -1.469
0.03 0.33631 9.00000 2.3633894920 2.5813009569    2.357  2.266  3.6402  2.058    7  0.000  0.360     0.00     0.00     0.00     0.00     0.00 -1 -1.18e-10      0.00 6.464e-01 3.233e-01 3.407e-03 4.164e-03 1.261e-02 -1.000 3.026e-02       4367          0          0          0          0      23.82      23.82 -0.894 -0.687 -0.019 -1.476 -0.687 -0.687 -0.687 -0.687 -0.687 -0.687 -0.687 -0.687 -0.687 -0.687 -0.687 -0.687 -0.687 -0.687 -0.687 -0.687 -0.687 -0.687 -0.687 -0.687 -0.687 -0.687 -0.019 -0.019 -0.019 -0.019 -0.019 -0.019 -0.019 -0.019 -0.019 -0.019 -0.019 -0.019 -0.019 -0.019 -0.019 -0.019 -0.019 -0.019 -0.019 -0.019 -0.019 -0.019 -1.476 -1.476 -1.476 -1.476 -1.476 -1.476 -1.476 -1.476 -1.476 -1.476 -1.476 -1.476 -1.476 -1.476 -1.476 -1.476 -1.476 -1.476 -1.476 -1.476 -1.476 -1.476
0.03 0.33631 9.00000 2.3634552956 2.5813028621    2.357  2.268  3.6400  2.054    7  0.000  0.360     0.00     0.00     0.00     0.00     0.00 -1 -1.21e-10      0.00 6.464e-01 3.233e-01 3.407e-03 4.164e-03 1.261e-02 -1.000 3.026e-02       4365          0          0          0          0      23.91      23.91 -0.901 -0.693 -0.024 -1.482 -0.693 -0.693 -0.693 -0.693 -0.693 -0.693 -0.693 -0.693 -0.693 -0.693 -0.693 -0.693 -0.693 -0.693 -0.693 -0.693 -0.693 -0.693 -0.693 -0.693 -0.693 -0.693 -0.024 -0.024 -0.024 -0.024 -0.024 -0.024 -0.024 -0.024 -0.024 -0.024 -0.024 -0.024 -0.024 -0.024 -0.024 -0.024 -0.024 -0.024 -0.024 -0.024 -0.024 -0.024 -1.482 -1.482 -1.482 -1.482 -1.482 -1.482 -1.482 -1.482 -1.482 -1.482 -1.482 -1.482 -1.482 -1.482 -1.482 -1.482 -1.482 -1.482 -1.482 -1.482 -1.482 -1.482
0.03 0.33631 9.00000 2.3635509014 2.5813056299    2.357  2.272  3.6397  2.049    7  0.000  0.360     0.00     0.00     0.00     0.00     0.00 -1 -1.25e-10      0.00 6.464e-01 3.233e-01 3.407e-03 4.164e-03 1.261e-02 -1.000 3.026e-02       4362          0          0          0          0      24.04      24.04 -0.910 -0.700 -0.030 -1.490 -0.700 -0.700 -0.700 -0.700 -0.700 -0.700 -0.700 -0.700 -0.700 -0.700 -0.700 -0.700 -0.700 -0.700 -0.700 -0.700 -0.700 -0.700 -0.700 -0.700 -0.700 -0.700 -0.030 -0.030 -0.030 -0.030 -0.030 -0.030 -0.030 -0.030 -0.030 -0.030 -0.030 -0.030 -0.030 -0.030 -0.030 -0.030 -0.030 -0.030 -0.030 -0.030 -0.030 -0.030 -1.490 -1.490 -1.490 -1.490 -1.490 -1.490 -1.490 -1.490 -1.490 -1.490 -1.490 -1.490 -1.490 -1.490 -1.490 -1.490 -1.490 -1.490 -1.490 -1.490 -1.490 -1.490
0.03 0.33631 9.00000 2.3635983467 2.5813070034    2.357  2.274  3.6396  2.047    7  0.000  0.360     0.00     0.00     0.00     0.00     0.00 -1 -1.28e-10      0.00 6.464e-01 3.233e-01 3.407e-03 4.164e-03 1.261e-02 -1.000 3.026e-02       4360          0          0          0          0      24.11      24.11 -0.915 -0.704 -0.034 -1.495 -0.704 -0.704 -0.704 -0.704 -0.704 -0.704 -0.704 -0.704 -0.704 -0.704 -0.704 -0.704 -0.704 -0.704 -0.704 -0.704 -0.704 -0.704 -0.704 -0.704 -0.704 -0.704 -0.034 -0.034 -0.034 -0.034 -0.034 -0.034 -0.034 -0.034 -0.034 -0.034 -0.034 -0.034 -0.034 -0.034 -0.034 -0.034 -0.034 -0.034 -0.034 -0.034 -0.034 -0.034 -1.495 -1.495 -1.495 -1.495 -1.495 -1.495 -1.495 -1.495 -1.495 -1.495 -1.495 -1.495 -1.495 -1.495 -1.495 -1.495 -1.495 -1.495 -1.495 -1.495 -1.495 -1.495
0.03 0.33631 9.00000 2.3636510372 2.5813085286    2.357  2.276  3.6394  2.044    7  0.000  0.360     0.00     0.00     0.00     0.00     0.00 -1  -1.3e-10      0.00 6.464e-01 3.233e-01 3.407e-03 4.164e-03 1.261e-02 -1.000 3.026e-02       4358          0          0          0          0      24.18      24.18 -0.920 -0.709 -0.037 -1.500 -0.709 -0.709 -0.709 -0.709 -0.709 -0.709 -0.709 -0.709 -0.709 -0.709 -0.709 -0.709 -0.709 -0.709 -0.709 -0.709 -0.709 -0.709 -0.709 -0.709 -0.709 -0.709 -0.037 -0.037 -0.037 -0.037 -0.037 -0.037 -0.037 -0.037 -0.037 -0.037 -0.037 -0.037 -0.037 -0.037 -0.037 -0.037 -0.037 -0.037 -0.037 -0.037 -0.037 -0.037 -1.500 -1.500 -1.500 -1.500 -1.500 -1.500 -1.500 -1.500 -1.500 -1.500 -1.500 -1.500 -1.500 -1.500 -1.500 -1.500 -1.500 -1.500 -1.500 -1.500 -1.500 -1.500
0.03 0.33631 9.00000 2.3637909889 2.5813125793    2.357  2.282  3.6389  2.036    7  0.000  0.360     0.00     0.00     0.00     0.00     0.00 -1 -1.38e-10      0.00 6.464e-01 3.233e-01 3.407e-03 4.164e-03 1.261e-02 -1.000 3.026e-02       4354          0          0          0          0       24.4       24.4 -0.935 -0.721 -0.048 -1.514 -0.721 -0.721 -0.721 -0.721 -0.721 -0.721 -0.721 -0.721 -0.721 -0.721 -0.721 -0.721 -0.721 -0.721 -0.721 -0.721 -0.721 -0.721 -0.721 -0.721 -0.721 -0.721 -0.048 -0.048 -0.048 -0.048 -0.048 -0.048 -0.048 -0.048 -0.048 -0.048 -0.048 -0.048 -0.048 -0.048 -0.048 -0.048 -0.048 -0.048 -0.048 -0.048 -0.048 -0.048 -1.514 -1.514 -1.514 -1.514 -1.514 -1.514 -1.514 -1.514 -1.514 -1.514 -1.514 -1.514 -1.514 -1.514 -1.514 -1.514 -1.514 -1.514 -1.514 -1.514 -1.514 -1.514
0.03 0.33631 9.00000 2.3638727665 2.5813149461    2.358  2.286  3.6386  2.031    7  0.000  0.360     0.00     0.00     0.00     0.00     0.00 -1 -1.44e-10      0.00 6.464e-01 3.233e-01 3.407e-03 4.164e-03 1.261e-02 -1.000 3.026e-02       4350          0          0          0          0      24.56      24.56 -0.946 -0.730 -0.055 -1.523 -0.730 -0.730 -0.730 -0.730 -0.730 -0.730 -0.730 -0.730 -0.730 -0.730 -0.730 -0.730 -0.730 -0.730 -0.730 -0.730 -0.730 -0.730 -0.730 -0.730 -0.730 -0.730 -0.055 -0.055 -0.055 -0.055 -0.055 -0.055 -0.055 -0.055 -0.055 -0.055 -0.055 -0.055 -0.055 -0.055 -0.055 -0.055 -0.055 -0.055 -0.055 -0.055 -0.055 -0.055 -1.523 -1.523 -1.523 -1.523 -1.523 -1.523 -1.523 -1.523 -1.523 -1.523 -1.523 -1.523 -1.523 -1.523 -1.523 -1.523 -1.523 -1.523 -1.523 -1.523 -1.523 -1.523
0.03 0.33631 9.00000 2.3639392853 2.5813168710    2.358  2.290  3.6383  2.026    7  0.000  0.360     0.00     0.00     0.00     0.00     0.00 -1 -1.48e-10      0.00 6.464e-01 3.233e-01 3.407e-03 4.164e-03 1.261e-02 -1.000 3.026e-02       4348          0          0          0          0      24.69      24.69 -0.954 -0.737 -0.061 -1.531 -0.737 -0.737 -0.737 -0.737 -0.737 -0.737 -0.737 -0.737 -0.737 -0.737 -0.737 -0.737 -0.737 -0.737 -0.737 -0.737 -0.737 -0.737 -0.737 -0.737 -0.737 -0.737 -0.061 -0.061 -0.061 -0.061 -0.061 -0.061 -0.061 -0.061 -0.061 -0.061 -0.061 -0.061 -0.061 -0.061 -0.061 -0.061 -0.061 -0.061 -0.061 -0.061 -0.061 -0.061 -1.531 -1.531 -1.531 -1.531 -1.531 -1.531 -1.531 -1.531 -1.531 -1.531 -1.531 -1.531 -1.531 -1.531 -1.531 -1.531 -1.531 -1.531 -1.531 -1.531 -1.531 -1.531
0.03 0.33631 9.00000 2.3640165329 2.5813191063    2.358  2.294  3.6380  2.021    7  0.000  0.360     0.00     0.00     0.00     0.00     0.00 -1 -1.54e-10      0.00 6.464e-01 3.233e-01 3.407e-03 4.164e-03 1.261e-02 -1.000 3.026e-02       4345          0          0          0          0      24.84      24.84 -0.964 -0.745 -0.068 -1.540 -0.745 -0.745 -0.745 -0.745 -0.745 -0.745 -0.745 -0.745 -0.745 -0.745 -0.745 -0.745 -0.745 -0.745 -0.745 -0.745 -0.745 -0.745 -0.745 -0.745 -0.745 -0.745 -0.068 -0.068 -0.068 -0.068 -0.068 -0.068 -0.068 -0.068 -0.068 -0.068 -0.068 -0.068 -0.068 -0.068 -0.068 -0.068 -0.068 -0.068 -0.068 -0.068 -0.068 -0.068 -1.540 -1.540 -1.540 -1.540 -1.540 -1.540 -1.540 -1.540 -1.540 -1.540 -1.540 -1.540 -1.540 -1.540 -1.540 -1.540 -1.540 -1.540 -1.540 -1.540 -1.540 -1.540
0.03 0.33631 9.00000 2.3640983105 2.5813214725    2.358  2.298  3.6377  2.015    7  0.000  0.360     0.00     0.00     0.00     0.00     0.00 -1  -1.6e-10      0.00 6.464e-01 3.233e-01 3.407e-03 4.164e-03 1.261e-02 -1.000 3.026e-02       4341          0          0          0          0         25         25 -0.974 -0.754 -0.075 -1.550 -0.754 -0.754 -0.754 -0.754 -0.754 -0.754 -0.754 -0.754 -0.754 -0.754 -0.754 -0.754 -0.754 -0.754 -0.754 -0.754 -0.754 -0.754 -0.754 -0.754 -0.754 -0.754 -0.075 -0.075 -0.075 -0.075 -0.075 -0.075 -0.075 -0.075 -0.075 -0.075 -0.075 -0.075 -0.075 -0.075 -0.075 -0.075 -0.075 -0.075 -0.075 -0.075 -0.075 -0.075 -1.550 -1.550 -1.550 -1.550 -1.550 -1.550 -1.550 -1.550 -1.550 -1.550 -1.550 -1.550 -1.550 -1.550 -1.550 -1.550 -1.550 -1.550 -1.550 -1.550 -1.550 -1.550
0.03 0.33631 9.00000 2.3641431332 2.5813227694    2.358  2.300  3.6375  2.012    7  0.000  0.360     0.00     0.00     0.00     0.00     0.00 -1 -1.64e-10      0.00 6.464e-01 3.233e-01 3.407e-03 4.164e-03 1.261e-02 -1.000 3.026e-02       4339          0          0          0          0      25.09      25.09 -0.980 -0.759 -0.079 -1.555 -0.759 -0.759 -0.759 -0.759 -0.759 -0.759 -0.759 -0.759 -0.759 -0.759 -0.759 -0.759 -0.759 -0.759 -0.759 -0.759 -0.759 -0.759 -0.759 -0.759 -0.759 -0.759 -0.079 -0.079 -0.079 -0.079 -0.079 -0.079 -0.079 -0.079 -0.079 -0.079 -0.079 -0.079 -0.079 -0.079 -0.079 -0.079 -0.079 -0.079 -0.079 -0.079 -0.079 -0.079 -1.555 -1.555 -1.555 -1.555 -1.555 -1.555 -1.555 -1.555 -1.555 -1.555 -1.555 -1.555 -1.555 -1.555 -1.555 -1.555 -1.555 -1.555 -1.555 -1.555 -1.555 -1.555
0.03 0.33631 9.00000 2.3641993999 2.5813243972    2.358  2.303  3.6373  2.009    7  0.000  0.360     0.00     0.00     0.00     0.00     0.00 -1 -1.68e-10      0.00 6.464e-01 3.233e-01 3.407e-03 4.165e-03 1.261e-02 -1.000 3.026e-02       4337          0          0          0          0      25.19      25.19 -0.987 -0.765 -0.084 -1.561 -0.765 -0.765 -0.765 -0.765 -0.765 -0.765 -0.765 -0.765 -0.765 -0.765 -0.765 -0.765 -0.765 -0.765 -0.765 -0.765 -0.765 -0.765 -0.765 -0.765 -0.765 -0.765 -0.084 -0.084 -0.084 -0.084 -0.084 -0.084 -0.084 -0.084 -0.084 -0.084 -0.084 -0.084 -0.084 -0.084 -0.084 -0.084 -0.084 -0.084 -0.084 -0.084 -0.084 -0.084 -1.561 -1.561 -1.561 -1.561 -1.561 -1.561 -1.561 -1.561 -1.561 -1.561 -1.561 -1.561 -1.561 -1.561 -1.561 -1.561 -1.561 -1.561 -1.561 -1.561 -1.561 -1.561
0.03 0.33631 9.00000 2.3643603325 2.5813290527    2.358  2.311  3.6366  1.998    7  0.000  0.360     0.00     0.00     0.00     0.00     0.00 -1 -1.82e-10      0.00 6.464e-01 3.233e-01 3.407e-03 4.165e-03 1.261e-02 -1.000 3.026e-02       4331          0          0          0          0      25.51      25.51 -1.008 -0.782 -0.098 -1.580 -0.782 -0.782 -0.782 -0.782 -0.782 -0.782 -0.782 -0.782 -0.782 -0.782 -0.782 -0.782 -0.782 -0.782 -0.782 -0.782 -0.782 -0.782 -0.782 -0.782 -0.782 -0.782 -0.098 -0.098 -0.098 -0.098 -0.098 -0.098 -0.098 -0.098 -0.098 -0.098 -0.098 -0.098 -0.098 -0.098 -0.098 -0.098 -0.098 -0.098 -0.098 -0.098 -0.098 -0.098 -1.580 -1.580 -1.580 -1.580 -1.580 -1.580 -1.580 -1.580 -1.580 -1.580 -1.580 -1.580 -1.580 -1.580 -1.580 -1.580 -1.580 -1.580 -1.580 -1.580 -1.580 -1.580
0.03 0.33631 9.00000 2.3644313812 2.5813311078    2.358  2.315  3.6363  1.993    7  0.000  0.360     0.00     0.00     0.00     0.00     0.00 -1 -1.88e-10      0.00 6.464e-01 3.233e-01 3.407e-03 4.165e-03 1.261e-02 -1.000 3.026e-02       4328          0          0          0          0      25.65      25.65 -1.017 -0.789 -0.104 -1.589 -0.789 -0.789 -0.789 -0.789 -0.789 -0.789 -0.789 -0.789 -0.789 -0.789 -0.789 -0.789 -0.789 -0.789 -0.789 -0.789 -0.789 -0.789 -0.789 -0.789 -0.789 -0.789 -0.104 -0.104 -0.104 -0.104 -0.104 -0.104 -0.104 -0.104 -0.104 -0.104 -0.104 -0.104 -0.104 -0.104 -0.104 -0.104 -0.104 -0.104 -0.104 -0.104 -0.104 -0.104 -1.589 -1.589 -1.589 -1.589 -1.589 -1.589 -1.589 -1.589 -1.589 -1.589 -1.589 -1.589 -1.589 -1.589 -1.589 -1.589 -1.589 -1.589 -1.589 -1.589 -1.589 -1.589
0.03 0.33631 9.00000 2.3644990921 2.5813330662    2.358  2.318  3.6361  1.989    7  0.000  0.360     0.00     0.00     0.00     0.00     0.00 -1 -1.94e-10      0.00 6.464e-01 3.233e-01 3.407e-03 4.165e-03 1.261e-02 -1.000 3.026e-02       4325          0          0          0          0      25.78      25.78 -1.025 -0.796 -0.110 -1.597 -0.796 -0.796 -0.796 -0.796 -0.796 -0.796 -0.796 -0.796 -0.796 -0.796 -0.796 -0.796 -0.796 -0.796 -0.796 -0.796 -0.796 -0.796 -0.796 -0.796 -0.796 -0.796 -0.110 -0.110 -0.110 -0.110 -0.110 -0.110 -0.110 -0.110 -0.110 -0.110 -0.110 -0.110 -0.110 -0.110 -0.110 -0.110 -0.110 -0.110 -0.110 -0.110 -0.110 -0.110 -1.597 -1.597 -1.597 -1.597 -1.597 -1.597 -1.597 -1.597 -1.597 -1.597 -1.597 -1.597 -1.597 -1.597 -1.597 -1.597 -1.597 -1.597 -1.597 -1.597 -1.597 -1.597
0.03 0.33631 9.00000 2.3646006584 2.5813360036    2.358  2.323  3.6356  1.982    7  0.000  0.360     0.00     0.00     0.00     0.00     0.00 -1 -2.04e-10      0.00 6.464e-01 3.233e-01 3.407e-03 4.165e-03 1.261e-02 -1.000 3.026e-02       4321          0          0          0          0      25.98      25.98 -1.038 -0.807 -0.119 -1.609 -0.807 -0.807 -0.807 -0.807 -0.807 -0.807 -0.807 -0.807 -0.807 -0.807 -0.807 -0.807 -0.807 -0.807 -0.807 -0.807 -0.807 -0.807 -0.807 -0.807 -0.807 -0.807 -0.119 -0.119 -0.119 -0.119 -0.119 -0.119 -0.119 -0.119 -0.119 -0.119 -0.119 -0.119 -0.119 -0.119 -0.119 -0.119 -0.119 -0.119 -0.119 -0.119 -0.119 -0.119 -1.609 -1.609 -1.609 -1.609 -1.609 -1.609 -1.609 -1.609 -1.609 -1.609 -1.609 -1.609 -1.609 -1.609 -1.609 -1.609 -1.609 -1.609 -1.609 -1.609 -1.609 -1.609
0.03 0.33631 9.00000 2.3646512032 2.5813374653    2.358  2.326  3.6354  1.978    7  0.000  0.360     0.00     0.00     0.00     0.00     0.00 -1 -2.09e-10      0.00 6.464e-01 3.233e-01 3.407e-03 4.165e-03 1.261e-02 -1.000 3.026e-02       4319          0          0          0          0      26.08      26.08 -1.045 -0.813 -0.124 -1.615 -0.813 -0.813 -0.813 -0.813 -0.813 -0.813 -0.813 -0.813 -0.813 -0.813 -0.813 -0.813 -0.813 -0.813 -0.813 -0.813 -0.813 -0.813 -0.813 -0.813 -0.813 -0.813 -0.124 -0.124 -0.124 -0.124 -0.124 -0.124 -0.124 -0.124 -0.124 -0.124 -0.124 -0.124 -0.124 -0.124 -0.124 -0.124 -0.124 -0.124 -0.124 -0.124 -0.124 -0.124 -1.615 -1.615 -1.615 -1.615 -1.615 -1.615 -1.615 -1.615 -1.615 -1.615 -1.615 -1.615 -1.615 -1.615 -1.615 -1.615 -1.615 -1.615 -1.615 -1.615 -1.615 -1.615
0.03 0.33631 9.00000 2.3646960258 2.5813387614    2.358  2.329  3.6352  1.975    7  0.000  0.360     0.00     0.00     0.00     0.00     0.00 -1 -2.14e-10      0.00 6.464e-01 3.233e-01 3.407e-03 4.165e-03 1.261e-02 -1.000 3.026e-02       4317          0          0          0          0      26.19      26.19 -1.052 -0.818 -0.128 -1.621 -0.818 -0.818 -0.818 -0.818 -0.818 -0.818 -0.818 -0.818 -0.818 -0.818 -0.818 -0.818 -0.818 -0.818 -0.818 -0.818 -0.818 -0.818 -0.818 -0.818 -0.818 -0.818 -0.128 -0.128 -0.128 -0.128 -0.128 -0.128 -0.128 -0.128 -0.128 -0.128 -0.128 -0.128 -0.128 -0.128 -0.128 -0.128 -0.128 -0.128 -0.128 -0.128 -0.128 -0.128 -1.621 -1.621 -1.621 -1.621 -1.621 -1.621 -1.621 -1.621 -1.621 -1.621 -1.621 -1.621 -1.621 -1.621 -1.621 -1.621 -1.621 -1.621 -1.621 -1.621 -1.621 -1.621
0.03 0.33631 9.00000 2.3648331165 2.5813427253    2.358  2.337  3.6345  1.964    7  0.000  0.360     0.00     0.00     0.00     0.00     0.00 -1 -2.31e-10      0.00 6.464e-01 3.233e-01 3.407e-03 4.165e-03 1.261e-02 -1.000 3.026e-02       4310          0          0          0          0      26.53      26.53 -1.073 -0.836 -0.143 -1.641 -0.836 -0.836 -0.836 -0.836 -0.836 -0.836 -0.836 -0.836 -0.836 -0.836 -0.836 -0.836 -0.836 -0.836 -0.836 -0.836 -0.836 -0.836 -0.836 -0.836 -0.836 -0.836 -0.143 -0.143 -0.143 -0.143 -0.143 -0.143 -0.143 -0.143 -0.143 -0.143 -0.143 -0.143 -0.143 -0.143 -0.143 -0.143 -0.143 -0.143 -0.143 -0.143 -0.143 -0.143 -1.641 -1.641 -1.641 -1.641 -1.641 -1.641 -1.641 -1.641 -1.641 -1.641 -1.641 -1.641 -1.641 -1.641 -1.641 -1.641 -1.641 -1.641 -1.641 -1.641 -1.641 -1.641
0.03 0.33631 9.00000 2.3649265766 2.5813454274    2.358  2.343  3.6341  1.956    7  0.000  0.360     0.00     0.00     0.00     0.00     0.00 -1 -2.44e-10      0.00 6.464e-01 3.233e-01 3.407e-03 4.165e-03 1.261e-02 -1.000 3.026e-02       4306          0          0          0          0      26.76      26.76 -1.087 -0.848 -0.153 -1.654 -0.848 -0.848 -0.848 -0.848 -0.848 -0.848 -0.848 -0.848 -0.848 -0.848 -0.848 -0.848 -0.848 -0.848 -0.848 -0.848 -0.848 -0.848 -0.848 -0.848 -0.848 -0.848 -0.153 -0.153 -0.153 -0.153 -0.153 -0.153 -0.153 -0.153 -0.153 -0.153 -0.153 -0.153 -0.153 -0.153 -0.153 -0.153 -0.153 -0.153 -0.153 -0.153 -0.153 -0.153 -1.654 -1.654 -1.654 -1.654 -1.654 -1.654 -1.654 -1.654 -1.654 -1.654 -1.654 -1.654 -1.654 -1.654 -1.654 -1.654 -1.654 -1.654 -1.654 -1.654 -1.654 -1.654
0.03 0.33631 9.00000 2.3649926186 2.5813473366    2.358  2.347  3.6338  1.951    7  0.000  0.360     0.00     0.00     0.00     0.00     0.00 -1 -2.53e-10      0.00 6.464e-01 3.233e-01 3.407e-03 4.165e-03 1.261e-02 -1.000 3.026e-02       4302          0          0          0          0      26.93      26.93 -1.097 -0.856 -0.160 -1.663 -0.856 -0.856 -0.856 -0.856 -0.856 -0.856 -0.856 -0.856 -0.856 -0.856 -0.856 -0.856 -0.856 -0.856 -0.856 -0.856 -0.856 -0.856 -0.856 -0.856 -0.856 -0.856 -0.160 -0.160 -0.160 -0.160 -0.160 -0.160 -0.160 -0.160 -0.160 -0.160 -0.160 -0.160 -0.160 -0.160 -0.160 -0.160 -0.160 -0.160 -0.160 -0.160 -0.160 -0.160 -1.663 -1.663 -1.663 -1.663 -1.663 -1.663 -1.663 -1.663 -1.663 -1.663 -1.663 -1.663 -1.663 -1.663 -1.663 -1.663 -1.663 -1.663 -1.663 -1.663 -1.663 -1.663
0.03 0.33631 9.00000 2.3650665283 2.5813494731    2.358  2.351  3.6334  1.945    7  0.000  0.360     0.00     0.00     0.00     0.00     0.00 -1 -2.63e-10      0.00 6.464e-01 3.233e-01 3.407e-03 4.165e-03 1.261e-02 -1.000 3.026e-02       4299          0          0          0          0      27.11      27.11 -1.108 -0.865 -0.167 -1.674 -0.865 -0.865 -0.865 -0.865 -0.865 -0.865 -0.865 -0.865 -0.865 -0.865 -0.865 -0.865 -0.865 -0.865 -0.865 -0.865 -0.865 -0.865 -0.865 -0.865 -0.865 -0.865 -0.167 -0.167 -0.167 -0.167 -0.167 -0.167 -0.167 -0.167 -0.167 -0.167 -0.167 -0.167 -0.167 -0.167 -0.167 -0.167 -0.167 -0.167 -0.167 -0.167 -0.167 -0.167 -1.674 -1.674 -1.674 -1.674 -1.674 -1.674 -1.674 -1.674 -1.674 -1.674 -1.674 -1.674 -1.674 -1.674 -1.674 -1.674 -1.674 -1.674 -1.674 -1.674 -1.674 -1.674
0.03 0.33631 9.00000 2.3651549816 2.5813520299    2.358  2.357  3.6330  1.938    7  0.000  0.360     0.00     0.00     0.00     0.00     0.00 -1 -2.77e-10      0.00 6.464e-01 3.233e-01 3.407e-03 4.165e-03 1.261e-02 -1.000 3.026e-02       4295          0          0          0          0      27.33      27.33 -1.122 -0.877 -0.177 -1.686 -0.877 -0.877 -0.877 -0.877 -0.877 -0.877 -0.877 -0.877 -0.877 -0.877 -0.877 -0.877 -0.877 -0.877 -0.877 -0.877 -0.877 -0.877 -0.877 -0.877 -0.877 -0.877 -0.177 -0.177 -0.177 -0.177 -0.177 -0.177 -0.177 -0.177 -0.177 -0.177 -0.177 -0.177 -0.177 -0.177 -0.177 -0.177 -0.177 -0.177 -0.177 -0.177 -0.177 -0.177 -1.686 -1.686 -1.686 -1.686 -1.686 -1.686 -1.686 -1.686 -1.686 -1.686 -1.686 -1.686 -1.686 -1.686 -1.686 -1.686 -1.686 -1.686 -1.686 -1.686 -1.686 -1.686
0.03 0.33631 9.00000 2.3651993275 2.5813533116    2.359  2.359  3.6328  1.934    7  0.000  0.360     0.00     0.00     0.00     0.00     0.00 -1 -2.84e-10      0.00 6.464e-01 3.233e-01 3.407e-03 4.165e-03 1.261e-02 -1.000 3.026e-02       4292          0          0          0          0      27.44      27.44 -1.128 -0.882 -0.181 -1.692 -0.882 -0.882 -0.882 -0.882 -0.882 -0.882 -0.882 -0.882 -0.882 -0.882 -0.882 -0.882 -0.882 -0.882 -0.882 -0.882 -0.882 -0.882 -0.882 -0.882 -0.882 -0.882 -0.181 -0.181 -0.181 -0.181 -0.181 -0.181 -0.181 -0.181 -0.181 -0.181 -0.181 -0.181 -0.181 -0.181 -0.181 -0.181 -0.181 -0.181 -0.181 -0.181 -0.181 -0.181 -1.692 -1.692 -1.692 -1.692 -1.692 -1.692 -1.692 -1.692 -1.692 -1.692 -1.692 -1.692 -1.692 -1.692 -1.692 -1.692 -1.692 -1.692 -1.692 -1.692 -1.692 -1.692
0.03 0.33631 9.00000 2.3652682304 2.5813553030    2.359  2.364  3.6324  1.929    7  0.000  0.360     0.00     0.00     0.00     0.00     0.00 -1 -2.95e-10      0.00 6.464e-01 3.233e-01 3.407e-03 4.165e-03 1.261e-02 -1.000 3.026e-02       4289          0          0          0          0      27.61      27.61 -1.139 -0.891 -0.189 -1.702 -0.891 -0.891 -0.891 -0.891 -0.891 -0.891 -0.891 -0.891 -0.891 -0.891 -0.891 -0.891 -0.891 -0.891 -0.891 -0.891 -0.891 -0.891 -0.891 -0.891 -0.891 -0.891 -0.189 -0.189 -0.189 -0.189 -0.189 -0.189 -0.189 -0.189 -0.189 -0.189 -0.189 -0.189 -0.189 -0.189 -0.189 -0.189 -0.189 -0.189 -0.189 -0.189 -0.189 -0.189 -1.702 -1.702 -1.702 -1.702 -1.702 -1.702 -1.702 -1.702 -1.702 -1.702 -1.702 -1.702 -1.702 -1.702 -1.702 -1.702 -1.702 -1.702 -1.702 -1.702 -1.702 -1.702
0.03 0.33631 9.00000 2.3654186726 2.5813596505    2.359  2.374  3.6316  1.915    7  0.000  0.360     0.00     0.00     0.00     0.00     0.00 -1 -3.22e-10      0.00 6.464e-01 3.233e-01 3.407e-03 4.165e-03 1.261e-02 -1.000 3.026e-02       4281          0          0          0          0      28.06      28.06 -1.164 -0.912 -0.206 -1.726 -0.912 -0.912 -0.912 -0.912 -0.912 -0.912 -0.912 -0.912 -0.912 -0.912 -0.912 -0.912 -0.912 -0.912 -0.912 -0.912 -0.912 -0.912 -0.912 -0.912 -0.912 -0.912 -0.206 -0.206 -0.206 -0.206 -0.206 -0.206 -0.206 -0.206 -0.206 -0.206 -0.206 -0.206 -0.206 -0.206 -0.206 -0.206 -0.206 -0.206 -0.206 -0.206 -0.206 -0.206 -1.726 -1.726 -1.726 -1.726 -1.726 -1.726 -1.726 -1.726 -1.726 -1.726 -1.726 -1.726 -1.726 -1.726 -1.726 -1.726 -1.726 -1.726 -1.726 -1.726 -1.726 -1.726
0.03 0.33631 9.00000 2.3654901981 2.5813617173    2.359  2.379  3.6312  1.909    7  0.000  0.360     0.00     0.00     0.00     0.00     0.00 -1 -3.37e-10      0.00 6.464e-01 3.233e-01 3.407e-03 4.165e-03 1.261e-02 -1.000 3.026e-02       4277          0          0          0          0      28.28      28.28 -1.177 -0.923 -0.215 -1.737 -0.923 -0.923 -0.923 -0.923 -0.923 -0.923 -0.923 -0.923 -0.923 -0.923 -0.923 -0.923 -0.923 -0.923 -0.923 -0.923 -0.923 -0.923 -0.923 -0.923 -0.923 -0.923 -0.215 -0.215 -0.215 -0.215 -0.215 -0.215 -0.215 -0.215 -0.215 -0.215 -0.215 -0.215 -0.215 -0.215 -0.215 -0.215 -0.215 -0.215 -0.215 -0.215 -0.215 -0.215 -1.737 -1.737 -1.737 -1.737 -1.737 -1.737 -1.737 -1.737 -1.737 -1.737 -1.737 -1.737 -1.737 -1.737 -1.737 -1.737 -1.737 -1.737 -1.737 -1.737 -1.737 -1.737
0.03 0.33631 9.00000 2.3655610085 2.5813637632    2.359  2.384  3.6308  1.902    7  0.000  0.360     0.00     0.00     0.00     0.00     0.00 -1 -3.52e-10      0.00 6.464e-01 3.233e-01 3.407e-03 4.165e-03 1.261e-02 -1.000 3.026e-02       4273          0          0          0          0       28.5       28.5 -1.190 -0.933 -0.224 -1.749 -0.933 -0.933 -0.933 -0.933 -0.933 -0.933 -0.933 -0.933 -0.933 -0.933 -0.933 -0.933 -0.933 -0.933 -0.933 -0.933 -0.933 -0.933 -0.933 -0.933 -0.933 -0.933 -0.224 -0.224 -0.224 -0.224 -0.224 -0.224 -0.224 -0.224 -0.224 -0.224 -0.224 -0.224 -0.224 -0.224 -0.224 -0.224 -0.224 -0.224 -0.224 -0.224 -0.224 -0.224 -1.749 -1.749 -1.749 -1.749 -1.749 -1.749 -1.749 -1.749 -1.749 -1.749 -1.749 -1.749 -1.749 -1.749 -1.749 -1.749 -1.749 -1.749 -1.749 -1.749 -1.749 -1.749
0.03 0.33631 9.00000 2.3656630516 2.5813667113    2.359  2.391  3.6302  1.892    7  0.000  0.360     0.00     0.00     0.00     0.00     0.00 -1 -3.75e-10      0.00 6.464e-01 3.233e-01 3.407e-03 4.165e-03 1.261e-02 -1.000 3.026e-02       4267          0          0          0          0      28.81      28.81 -1.208 -0.948 -0.236 -1.766 -0.948 -0.948 -0.948 -0.948 -0.948 -0.948 -0.948 -0.948 -0.948 -0.948 -0.948 -0.948 -0.948 -0.948 -0.948 -0.948 -0.948 -0.948 -0.948 -0.948 -0.948 -0.948 -0.236 -0.236 -0.236 -0.236 -0.236 -0.236 -0.236 -0.236 -0.236 -0.236 -0.236 -0.236 -0.236 -0.236 -0.236 -0.236 -0.236 -0.236 -0.236 -0.236 -0.236 -0.236 -1.766 -1.766 -1.766 -1.766 -1.766 -1.766 -1.766 -1.766 -1.766 -1.766 -1.766 -1.766 -1.766 -1.766 -1.766 -1.766 -1.766 -1.766 -1.766 -1.766 -1.766 -1.766
0.03 0.33631 9.00000 2.3657128811 2.5813681508    2.359  2.395  3.6299  1.888    7  0.000  0.360     0.00     0.00     0.00     0.00     0.00 -1 -3.87e-10      0.00 6.464e-01 3.233e-01 3.407e-03 4.166e-03 1.261e-02 -1.000 3.026e-02       4264          0          0          0          0      28.97      28.97 -1.217 -0.956 -0.242 -1.774 -0.956 -0.956 -0.956 -0.956 -0.956 -0.956 -0.956 -0.956 -0.956 -0.956 -0.956 -0.956 -0.956 -0.956 -0.956 -0.956 -0.956 -0.956 -0.956 -0.956 -0.956 -0.956 -0.242 -0.242 -0.242 -0.242 -0.242 -0.242 -0.242 -0.242 -0.242 -0.242 -0.242 -0.242 -0.242 -0.242 -0.242 -0.242 -0.242 -0.242 -0.242 -0.242 -0.242 -0.242 -1.774 -1.774 -1.774 -1.774 -1.774 -1.774 -1.774 -1.774 -1.774 -1.774 -1.774 -1.774 -1.774 -1.774 -1.774 -1.774 -1.774 -1.774 -1.774 -1.774 -1.774 -1.774
0.03 0.33631 9.00000 2.3657665253 2.5813697005    2.359  2.398  3.6296  1.883    7  0.000  0.360     0.00     0.00     0.00     0.00     0.00 -1    -4e-10      0.00 6.464e-01 3.233e-01 3.407e-03 4.166e-03 1.261e-02 -1.000 3.026e-02       4261          0          0          0          0      29.13      29.13 -1.226 -0.963 -0.248 -1.783 -0.963 -0.963 -0.963 -0.963 -0.963 -0.963 -0.963 -0.963 -0.963 -0.963 -0.963 -0.963 -0.963 -0.963 -0.963 -0.963 -0.963 -0.963 -0.963 -0.963 -0.963 -0.963 -0.248 -0.248 -0.248 -0.248 -0.248 -0.248 -0.248 -0.248 -0.248 -0.248 -0.248 -0.248 -0.248 -0.248 -0.248 -0.248 -0.248 -0.248 -0.248 -0.248 -0.248 -0.248 -1.783 -1.783 -1.783 -1.783 -1.783 -1.783 -1.783 -1.783 -1.783 -1.783 -1.783 -1.783 -1.783 -1.783 -1.783 -1.783 -1.783 -1.783 -1.783 -1.783 -1.783 -1.783
0.03 0.33631 9.00000 2.3659167290 2.5813740390    2.359  2.409  3.6288  1.869    7  0.000  0.360     0.00     0.00     0.00     0.00     0.00 -1  -4.4e-10      0.00 6.464e-01 3.233e-01 3.407e-03 4.166e-03 1.261e-02 -1.000 3.026e-02       4253          0          0          0          0       29.6       29.6 -1.253 -0.985 -0.265 -1.807 -0.985 -0.985 -0.985 -0.985 -0.985 -0.985 -0.985 -0.985 -0.985 -0.985 -0.985 -0.985 -0.985 -0.985 -0.985 -0.985 -0.985 -0.985 -0.985 -0.985 -0.985 -0.985 -0.265 -0.265 -0.265 -0.265 -0.265 -0.265 -0.265 -0.265 -0.265 -0.265 -0.265 -0.265 -0.265 -0.265 -0.265 -0.265 -0.265 -0.265 -0.265 -0.265 -0.265 -0.265 -1.807 -1.807 -1.807 -1.807 -1.807 -1.807 -1.807 -1.807 -1.807 -1.807 -1.807 -1.807 -1.807 -1.807 -1.807 -1.807 -1.807 -1.807 -1.807 -1.807 -1.807 -1.807
0.03 0.33631 9.00000 2.3659920692 2.5813762149    2.359  2.415  3.6283  1.861    7  0.000  0.360     0.00     0.00     0.00     0.00     0.00 -1 -4.63e-10      0.00 6.464e-01 3.233e-01 3.407e-03 4.166e-03 1.261e-02 -1.000 3.026e-02       4248          0          0          0          0      29.88      29.88 -1.268 -0.997 -0.275 -1.821 -0.997 -0.997 -0.997 -0.997 -0.997 -0.997 -0.997 -0.997 -0.997 -0.997 -0.997 -0.997 -0.997 -0.997 -0.997 -0.997 -0.997 -0.997 -0.997 -0.997 -0.997 -0.997 -0.275 -0.275 -0.275 -0.275 -0.275 -0.275 -0.275 -0.275 -0.275 -0.275 -0.275 -0.275 -0.275 -0.275 -0.275 -0.275 -0.275 -0.275 -0.275 -0.275 -0.275 -0.275 -1.821 -1.821 -1.821 -1.821 -1.821 -1.821 -1.821 -1.821 -1.821 -1.821 -1.821 -1.821 -1.821 -1.821 -1.821 -1.821 -1.821 -1.821 -1.821 -1.821 -1.821 -1.821
0.03 0.33631 9.00000 2.3660624027 2.5813782461    2.359  2.421  3.6278  1.853    7  0.000  0.360     0.00     0.00     0.00     0.00     0.00 -1 -4.87e-10      0.00 6.464e-01 3.233e-01 3.407e-03 4.166e-03 1.261e-02 -1.000 3.026e-02       4243          0          0          0          0      30.15      30.15 -1.283 -1.009 -0.284 -1.834 -1.009 -1.009 -1.009 -1.009 -1.009 -1.009 -1.009 -1.009 -1.009 -1.009 -1.009 -1.009 -1.009 -1.009 -1.009 -1.009 -1.009 -1.009 -1.009 -1.009 -1.009 -1.009 -0.284 -0.284 -0.284 -0.284 -0.284 -0.284 -0.284 -0.284 -0.284 -0.284 -0.284 -0.284 -0.284 -0.284 -0.284 -0.284 -0.284 -0.284 -0.284 -0.284 -0.284 -0.284 -1.834 -1.834 -1.834 -1.834 -1.834 -1.834 -1.834 -1.834 -1.834 -1.834 -1.834 -1.834 -1.834 -1.834 -1.834 -1.834 -1.834 -1.834 -1.834 -1.834 -1.834 -1.834
0.03 0.33631 9.00000 2.3661704063 2.5813813649    2.359  2.430  3.6270  1.841    7  0.000  0.360     0.00     0.00     0.00     0.00     0.00 -1 -5.26e-10      0.00 6.464e-01 3.233e-01 3.407e-03 4.166e-03 1.261e-02 -1.000 3.026e-02       4236          0          0          0          0      30.58      30.58 -1.306 -1.027 -0.299 -1.855 -1.027 -1.027 -1.027 -1.027 -1.027 -1.027 -1.027 -1.027 -1.027 -1.027 -1.027 -1.027 -1.027 -1.027 -1.027 -1.027 -1.027 -1.027 -1.027 -1.027 -1.027 -1.027 -0.299 -0.299 -0.299 -0.299 -0.299 -0.299 -0.299 -0.299 -0.299 -0.299 -0.299 -0.299 -0.299 -0.299 -0.299 -0.299 -0.299 -0.299 -0.299 -0.299 -0.299 -0.299 -1.855 -1.855 -1.855 -1.855 -1.855 -1.855 -1.855 -1.855 -1.855 -1.855 -1.855 -1.855 -1.855 -1.855 -1.855 -1.855 -1.855 -1.855 -1.855 -1.855 -1.855 -1.855
0.03 0.33631 9.00000 2.3662228584 2.5813828794    2.359  2.435  3.6267  1.835    7  0.000  0.360     0.00     0.00     0.00     0.00     0.00 -1 -5.46e-10      0.00 6.464e-01 3.233e-01 3.407e-03 4.166e-03 1.261e-02 -1.000 3.026e-02       4233          0          0          0          0      30.78      30.78 -1.317 -1.036 -0.306 -1.865 -1.036 -1.036 -1.036 -1.036 -1.036 -1.036 -1.036 -1.036 -1.036 -1.036 -1.036 -1.036 -1.036 -1.036 -1.036 -1.036 -1.036 -1.036 -1.036 -1.036 -1.036 -1.036 -0.306 -0.306 -0.306 -0.306 -0.306 -0.306 -0.306 -0.306 -0.306 -0.306 -0.306 -0.306 -0.306 -0.306 -0.306 -0.306 -0.306 -0.306 -0.306 -0.306 -0.306 -0.306 -1.865 -1.865 -1.865 -1.865 -1.865 -1.865 -1.865 -1.865 -1.865 -1.865 -1.865 -1.865 -1.865 -1.865 -1.865 -1.865 -1.865 -1.865 -1.865 -1.865 -1.865 -1.865
0.03 0.33631 9.00000 2.3662750721 2.5813843870    2.359  2.439  3.6263  1.829    7  0.000  0.360     0.00     0.00     0.00     0.00     0.00 -1 -5.67e-10      0.00 6.464e-01 3.233e-01 3.407e-03 4.166e-03 1.261e-02 -1.000 3.026e-02       4229          0          0          0          0      30.99      30.99 -1.328 -1.045 -0.313 -1.875 -1.045 -1.045 -1.045 -1.045 -1.045 -1.045 -1.045 -1.045 -1.045 -1.045 -1.045 -1.045 -1.045 -1.045 -1.045 -1.045 -1.045 -1.045 -1.045 -1.045 -1.045 -1.045 -0.313 -0.313 -0.313 -0.313 -0.313 -0.313 -0.313 -0.313 -0.313 -0.313 -0.313 -0.313 -0.313 -0.313 -0.313 -0.313 -0.313 -0.313 -0.313 -0.313 -0.313 -0.313 -1.875 -1.875 -1.875 -1.875 -1.875 -1.875 -1.875 -1.875 -1.875 -1.875 -1.875 -1.875 -1.875 -1.875 -1.875 -1.875 -1.875 -1.875 -1.875 -1.875 -1.875 -1.875
0.03 0.33631 9.00000 2.3664145470 2.5813884136    2.359  2.452  3.6253  1.812    7  0.000  0.360     0.00     0.00     0.00     0.00     0.00 -1  -6.3e-10      0.00 6.464e-01 3.233e-01 3.407e-03 4.166e-03 1.261e-02 -1.000 3.026e-02       4219          0          0          0          0       31.6       31.6 -1.360 -1.071 -0.334 -1.904 -1.071 -1.071 -1.071 -1.071 -1.071 -1.071 -1.071 -1.071 -1.071 -1.071 -1.071 -1.071 -1.071 -1.071 -1.071 -1.071 -1.071 -1.071 -1.071 -1.071 -1.071 -1.071 -0.334 -0.334 -0.334 -0.334 -0.334 -0.334 -0.334 -0.334 -0.334 -0.334 -0.334 -0.334 -0.334 -0.334 -0.334 -0.334 -0.334 -0.334 -0.334 -0.334 -0.334 -0.334 -1.904 -1.904 -1.904 -1.904 -1.904 -1.904 -1.904 -1.904 -1.904 -1.904 -1.904 -1.904 -1.904 -1.904 -1.904 -1.904 -1.904 -1.904 -1.904 -1.904 -1.904 -1.904
0.03 0.33631 9.00000 2.3664987087 2.5813908431    2.359  2.460  3.6246  1.801    7  0.000  0.360     0.00     0.00     0.00     0.00     0.00 -1 -6.74e-10      0.00 6.464e-01 3.233e-01 3.407e-03 4.166e-03 1.261e-02 -1.000 3.026e-02       4213          0          0          0          0         32         32 -1.380 -1.088 -0.347 -1.922 -1.088 -1.088 -1.088 -1.088 -1.088 -1.088 -1.088 -1.088 -1.088 -1.088 -1.088 -1.088 -1.088 -1.088 -1.088 -1.088 -1.088 -1.088 -1.088 -1.088 -1.088 -1.088 -0.347 -0.347 -0.347 -0.347 -0.347 -0.347 -0.347 -0.347 -0.347 -0.347 -0.347 -0.347 -0.347 -0.347 -0.347 -0.347 -0.347 -0.347 -0.347 -0.347 -0.347 -0.347 -1.922 -1.922 -1.922 -1.922 -1.922 -1.922 -1.922 -1.922 -1.922 -1.922 -1.922 -1.922 -1.922 -1.922 -1.922 -1.922 -1.922 -1.922 -1.922 -1.922 -1.922 -1.922
0.03 0.33631 9.00000 2.3665697575 2.5813928939    2.359  2.467  3.6240  1.792    7  0.000  0.360     0.00     0.00     0.00     0.00     0.00 -1 -7.14e-10      0.00 6.464e-01 3.233e-01 3.407e-03 4.166e-03 1.261e-02 -1.000 3.026e-02       4207          0          0          0          0      32.35      32.35 -1.398 -1.102 -0.358 -1.938 -1.102 -1.102 -1.102 -1.102 -1.102 -1.102 -1.102 -1.102 -1.102 -1.102 -1.102 -1.102 -1.102 -1.102 -1.102 -1.102 -1.102 -1.102 -1.102 -1.102 -1.102 -1.102 -0.358 -0.358 -0.358 -0.358 -0.358 -0.358 -0.358 -0.358 -0.358 -0.358 -0.358 -0.358 -0.358 -0.358 -0.358 -0.358 -0.358 -0.358 -0.358 -0.358 -0.358 -0.358 -1.938 -1.938 -1.938 -1.938 -1.938 -1.938 -1.938 -1.938 -1.938 -1.938 -1.938 -1.938 -1.938 -1.938 -1.938 -1.938 -1.938 -1.938 -1.938 -1.938 -1.938 -1.938
0.03 0.33631 9.00000 2.3666720390 2.5813958460    2.359  2.477  3.6232  1.779    7  0.000  0.360     0.00     0.00     0.00     0.00     0.00 -1 -7.75e-10      0.00 6.464e-01 3.233e-01 3.407e-03 4.166e-03 1.261e-02 -1.000 3.026e-02       4199          0          0          0          0      32.84      32.84 -1.423 -1.122 -0.374 -1.961 -1.122 -1.122 -1.122 -1.122 -1.122 -1.122 -1.122 -1.122 -1.122 -1.122 -1.122 -1.122 -1.122 -1.122 -1.122 -1.122 -1.122 -1.122 -1.122 -1.122 -1.122 -1.122 -0.374 -0.374 -0.374 -0.374 -0.374 -0.374 -0.374 -0.374 -0.374 -0.374 -0.374 -0.374 -0.374 -0.374 -0.374 -0.374 -0.374 -0.374 -0.374 -0.374 -0.374 -0.374 -1.961 -1.961 -1.961 -1.961 -1.961 -1.961 -1.961 -1.961 -1.961 -1.961 -1.961 -1.961 -1.961 -1.961 -1.961 -1.961 -1.961 -1.961 -1.961 -1.961 -1.961 -1.961
0.03 0.33631 9.00000 2.3667409420 2.5813978346    2.359  2.484  3.6227  1.769    7  0.000  0.360     0.00     0.00     0.00     0.00     0.00 -1 -8.21e-10      0.00 6.464e-01 3.233e-01 3.407e-03 4.166e-03 1.261e-02 -1.000 3.026e-02       4194          0          0          0          0      33.19      33.19 -1.440 -1.136 -0.386 -1.977 -1.136 -1.136 -1.136 -1.136 -1.136 -1.136 -1.136 -1.136 -1.136 -1.136 -1.136 -1.136 -1.136 -1.136 -1.136 -1.136 -1.136 -1.136 -1.136 -1.136 -1.136 -1.136 -0.386 -0.386 -0.386 -0.386 -0.386 -0.386 -0.386 -0.386 -0.386 -0.386 -0.386 -0.386 -0.386 -0.386 -0.386 -0.386 -0.386 -0.386 -0.386 -0.386 -0.386 -0.386 -1.977 -1.977 -1.977 -1.977 -1.977 -1.977 -1.977 -1.977 -1.977 -1.977 -1.977 -1.977 -1.977 -1.977 -1.977 -1.977 -1.977 -1.977 -1.977 -1.977 -1.977 -1.977
0.03 0.33631 9.00000 2.3667907715 2.5813992726    2.359  2.490  3.6222  1.762    7  0.000  0.360     0.00     0.00     0.00     0.00     0.00 -1 -8.59e-10      0.00 6.464e-01 3.233e-01 3.407e-03 4.166e-03 1.261e-02 -1.000 3.026e-02       4189          0          0          0          0      33.49      33.49 -1.455 -1.148 -0.395 -1.990 -1.148 -1.148 -1.148 -1.148 -1.148 -1.148 -1.148 -1.148 -1.148 -1.148 -1.148 -1.148 -1.148 -1.148 -1.148 -1.148 -1.148 -1.148 -1.148 -1.148 -1.148 -1.148 -0.395 -0.395 -0.395 -0.395 -0.395 -0.395 -0.395 -0.395 -0.395 -0.395 -0.395 -0.395 -0.395 -0.395 -0.395 -0.395 -0.395 -0.395 -0.395 -0.395 -0.395 -0.395 -1.990 -1.990 -1.990 -1.990 -1.990 -1.990 -1.990 -1.990 -1.990 -1.990 -1.990 -1.990 -1.990 -1.990 -1.990 -1.990 -1.990 -1.990 -1.990 -1.990 -1.990 -1.990
0.03 0.33631 9.00000 2.3668761253 2.5814017356    2.359  2.500  3.6214  1.748    7  0.000  0.360     0.00     0.00     0.00     0.00     0.00 -1  -9.3e-10      0.00 6.464e-01 3.233e-01 3.407e-03 4.166e-03 1.261e-02 -1.000 3.026e-02       4181          0          0          0          0         34         34 -1.480 -1.168 -0.411 -2.013 -1.168 -1.168 -1.168 -1.168 -1.168 -1.168 -1.168 -1.168 -1.168 -1.168 -1.168 -1.168 -1.168 -1.168 -1.168 -1.168 -1.168 -1.168 -1.168 -1.168 -1.168 -1.168 -0.411 -0.411 -0.411 -0.411 -0.411 -0.411 -0.411 -0.411 -0.411 -0.411 -0.411 -0.411 -0.411 -0.411 -0.411 -0.411 -0.411 -0.411 -0.411 -0.411 -0.411 -0.411 -2.013 -2.013 -2.013 -2.013 -2.013 -2.013 -2.013 -2.013 -2.013 -2.013 -2.013 -2.013 -2.013 -2.013 -2.013 -2.013 -2.013 -2.013 -2.013 -2.013 -2.013 -2.013
0.03 0.33631 9.00000 2.3670120239 2.5814056567    2.359  2.516  3.6201  1.727    7  0.000  0.360     6.63     4.67     3.42     2.54     2.07  4 -1.05e-09      0.00 6.464e-01 3.233e-01 3.407e-03 4.166e-03 1.261e-02 -1.000 3.026e-02       4169          0          0          0          0      34.83      34.83 -1.519 -1.200 -0.436 -2.048 -1.200 -1.200 -1.200 -1.200 -1.200 -1.200 -1.200 -1.200 -1.200 -1.200 -1.200 -1.200 -1.200 -1.200 -1.200 -1.200 -1.200 -1.200 -1.200 -1.200 -1.200 -1.200 -0.436 -0.436 -0.436 -0.436 -0.436 -0.436 -0.436 -0.436 -0.436 -0.436 -0.436 -0.436 -0.436 -0.436 -0.436 -0.436 -0.436 -0.436 -0.436 -0.436 -0.436 -0.436 -2.048 -2.048 -2.048 -2.048 -2.048 -2.048 -2.048 -2.048 -2.048 -2.048 -2.048 -2.048 -2.048 -2.048 -2.048 -2.048 -2.048 -2.048 -2.048 -2.048 -2.048 -2.048
0.03 0.33631 9.00000 2.3670845032 2.5814077478    2.359  2.525  3.6193  1.715    7  0.000  0.360     6.80     4.78     3.50     2.59     2.11  4 -1.13e-09      0.00 6.464e-01 3.233e-01 3.407e-03 4.166e-03 1.261e-02 -1.000 3.026e-02       4161          0          0          0          0      35.32      35.32 -1.542 -1.218 -0.450 -2.069 -1.218 -1.218 -1.218 -1.218 -1.218 -1.218 -1.218 -1.218 -1.218 -1.218 -1.218 -1.218 -1.218 -1.218 -1.218 -1.218 -1.218 -1.218 -1.218 -1.218 -1.218 -1.218 -0.450 -0.450 -0.450 -0.450 -0.450 -0.450 -0.450 -0.450 -0.450 -0.450 -0.450 -0.450 -0.450 -0.450 -0.450 -0.450 -0.450 -0.450 -0.450 -0.450 -0.450 -0.450 -2.069 -2.069 -2.069 -2.069 -2.069 -2.069 -2.069 -2.069 -2.069 -2.069 -2.069 -2.069 -2.069 -2.069 -2.069 -2.069 -2.069 -2.069 -2.069 -2.069 -2.069 -2.069
0.03 0.33631 9.00000 2.3671665192 2.5814101138    2.359  2.537  3.6183  1.699    7  0.000  0.360     7.01     4.91     3.59     2.67     2.17  4 -1.24e-09      0.00 6.464e-01 3.233e-01 3.407e-03 4.166e-03 1.261e-02 -1.000 3.026e-02       4152          0          0          0          0      35.98      35.98 -1.572 -1.241 -0.466 -2.095 -1.241 -1.241 -1.241 -1.241 -1.241 -1.241 -1.241 -1.241 -1.241 -1.241 -1.241 -1.241 -1.241 -1.241 -1.241 -1.241 -1.241 -1.241 -1.241 -1.241 -1.241 -1.241 -0.466 -0.466 -0.466 -0.466 -0.466 -0.466 -0.466 -0.466 -0.466 -0.466 -0.466 -0.466 -0.466 -0.466 -0.466 -0.466 -0.466 -0.466 -0.466 -0.466 -0.466 -0.466 -2.095 -2.095 -2.095 -2.095 -2.095 -2.095 -2.095 -2.095 -2.095 -2.095 -2.095 -2.095 -2.095 -2.095 -2.095 -2.095 -2.095 -2.095 -2.095 -2.095 -2.095 -2.095
0.03 0.33631 9.00000 2.3672580719 2.5814127548    2.359  2.550  3.6172  1.682    7  0.000  0.360     7.26     5.07     3.71     2.75     2.24  4 -1.38e-09      0.00 6.464e-01 3.233e-01 3.407e-03 4.167e-03 1.261e-02 -1.000 3.026e-02       4142          0          0          0          0      36.72      36.72 -1.605 -1.266 -0.485 -2.124 -1.266 -1.266 -1.266 -1.266 -1.266 -1.266 -1.266 -1.266 -1.266 -1.266 -1.266 -1.266 -1.266 -1.266 -1.266 -1.266 -1.266 -1.266 -1.266 -1.266 -1.266 -1.266 -0.485 -0.485 -0.485 -0.485 -0.485 -0.485 -0.485 -0.485 -0.485 -0.485 -0.485 -0.485 -0.485 -0.485 -0.485 -0.485 -0.485 -0.485 -0.485 -0.485 -0.485 -0.485 -2.124 -2.124 -2.124 -2.124 -2.124 -2.124 -2.124 -2.124 -2.124 -2.124 -2.124 -2.124 -2.124 -2.124 -2.124 -2.124 -2.124 -2.124 -2.124 -2.124 -2.124 -2.124
0.03 0.33631 9.00000 2.3673119545 2.5814143089    2.359  2.558  3.6166  1.671    7  0.000  0.360     7.41     5.17     3.77     2.80     2.28  4 -1.46e-09      0.00 6.464e-01 3.233e-01 3.407e-03 4.167e-03 1.261e-02 -1.000 3.026e-02       4135          0          0          0          0      37.15      37.15 -1.624 -1.281 -0.496 -2.141 -1.281 -1.281 -1.281 -1.281 -1.281 -1.281 -1.281 -1.281 -1.281 -1.281 -1.281 -1.281 -1.281 -1.281 -1.281 -1.281 -1.281 -1.281 -1.281 -1.281 -1.281 -1.281 -0.496 -0.496 -0.496 -0.496 -0.496 -0.496 -0.496 -0.496 -0.496 -0.496 -0.496 -0.496 -0.496 -0.496 -0.496 -0.496 -0.496 -0.496 -0.496 -0.496 -0.496 -0.496 -2.141 -2.141 -2.141 -2.141 -2.141 -2.141 -2.141 -2.141 -2.141 -2.141 -2.141 -2.141 -2.141 -2.141 -2.141 -2.141 -2.141 -2.141 -2.141 -2.141 -2.141 -2.141
0.03 0.33631 9.00000 2.3673777580 2.5814162069    2.359  2.569  3.6157  1.657    7  0.000  0.360     7.62     5.31     3.87     2.87     2.34  4 -1.58e-09      0.00 6.464e-01 3.233e-01 3.407e-03 4.167e-03 1.261e-02 -1.000 3.026e-02       4127          0          0          0          0      37.78      37.78 -1.652 -1.302 -0.512 -2.165 -1.302 -1.302 -1.302 -1.302 -1.302 -1.302 -1.302 -1.302 -1.302 -1.302 -1.302 -1.302 -1.302 -1.302 -1.302 -1.302 -1.302 -1.302 -1.302 -1.302 -1.302 -1.302 -0.512 -0.512 -0.512 -0.512 -0.512 -0.512 -0.512 -0.512 -0.512 -0.512 -0.512 -0.512 -0.512 -0.512 -0.512 -0.512 -0.512 -0.512 -0.512 -0.512 -0.512 -0.512 -2.165 -2.165 -2.165 -2.165 -2.165 -2.165 -2.165 -2.165 -2.165 -2.165 -2.165 -2.165 -2.165 -2.165 -2.165 -2.165 -2.165 -2.165 -2.165 -2.165 -2.165 -2.165
0.03 0.33631 9.00000 2.3675355911 2.5814207586    2.359  2.596  3.6134  1.621    7  0.000  0.360     8.18     5.66     4.12     3.06     2.49  4 -1.94e-09      0.00 6.464e-01 3.234e-01 3.407e-03 4.167e-03 1.261e-02 -1.000 3.026e-02       4105          0          0          0          0      39.38      39.38 -1.719 -1.354 -0.550 -2.225 -1.354 -1.354 -1.354 -1.354 -1.354 -1.354 -1.354 -1.354 -1.354 -1.354 -1.354 -1.354 -1.354 -1.354 -1.354 -1.354 -1.354 -1.354 -1.354 -1.354 -1.354 -1.354 -0.550 -0.550 -0.550 -0.550 -0.550 -0.550 -0.550 -0.550 -0.550 -0.550 -0.550 -0.550 -0.550 -0.550 -0.550 -0.550 -0.550 -0.550 -0.550 -0.550 -0.550 -0.550 -2.225 -2.225 -2.225 -2.225 -2.225 -2.225 -2.225 -2.225 -2.225 -2.225 -2.225 -2.225 -2.225 -2.225 -2.225 -2.225 -2.225 -2.225 -2.225 -2.225 -2.225 -2.225
0.03 0.33631 9.00000 2.3676052094 2.5814227661    2.358  2.609  3.6123  1.603    7  0.000  0.360     8.47     5.85     4.24     3.15     2.57  4 -2.13e-09      0.00 6.464e-01 3.234e-01 3.407e-03 4.167e-03 1.261e-02 -1.000 3.026e-02       4095          0          0          0          0      40.19      40.19 -1.752 -1.380 -0.569 -2.254 -1.380 -1.380 -1.380 -1.380 -1.380 -1.380 -1.380 -1.380 -1.380 -1.380 -1.380 -1.380 -1.380 -1.380 -1.380 -1.380 -1.380 -1.380 -1.380 -1.380 -1.380 -1.380 -0.569 -0.569 -0.569 -0.569 -0.569 -0.569 -0.569 -0.569 -0.569 -0.569 -0.569 -0.569 -0.569 -0.569 -0.569 -0.569 -0.569 -0.569 -0.569 -0.569 -0.569 -0.569 -2.254 -2.254 -2.254 -2.254 -2.254 -2.254 -2.254 -2.254 -2.254 -2.254 -2.254 -2.254 -2.254 -2.254 -2.254 -2.254 -2.254 -2.254 -2.254 -2.254 -2.254 -2.254
0.03 0.33631 9.00000 2.3676865101 2.5814251103    2.358  2.625  3.6109  1.581    7  0.000  0.360     8.84     6.09     4.41     3.28     2.67  4 -2.41e-09      0.00 6.464e-01 3.234e-01 3.407e-03 4.167e-03 1.261e-02 -1.000 3.026e-02       4082          0          0          0          0      41.22      41.22 -1.793 -1.412 -0.593 -2.290 -1.412 -1.412 -1.412 -1.412 -1.412 -1.412 -1.412 -1.412 -1.412 -1.412 -1.412 -1.412 -1.412 -1.412 -1.412 -1.412 -1.412 -1.412 -1.412 -1.412 -1.412 -1.412 -0.593 -0.593 -0.593 -0.593 -0.593 -0.593 -0.593 -0.593 -0.593 -0.593 -0.593 -0.593 -0.593 -0.593 -0.593 -0.593 -0.593 -0.593 -0.593 -0.593 -0.593 -0.593 -2.290 -2.290 -2.290 -2.290 -2.290 -2.290 -2.290 -2.290 -2.290 -2.290 -2.290 -2.290 -2.290 -2.290 -2.290 -2.290 -2.290 -2.290 -2.290 -2.290 -2.290 -2.290
0.03 0.33631 9.00000 2.3677835464 2.5814279080    2.358  2.646  3.6092  1.554    7  0.000  0.360     9.33     6.39     4.62     3.44     2.81  4 -2.79e-09      0.00 6.464e-01 3.234e-01 3.406e-03 4.167e-03 1.261e-02 -1.000 3.026e-02       4066          0          0          0          0      42.51      42.51 -1.844 -1.450 -0.620 -2.334 -1.450 -1.450 -1.450 -1.450 -1.450 -1.450 -1.450 -1.450 -1.450 -1.450 -1.450 -1.450 -1.450 -1.450 -1.450 -1.450 -1.450 -1.450 -1.450 -1.450 -1.450 -1.450 -0.620 -0.620 -0.620 -0.620 -0.620 -0.620 -0.620 -0.620 -0.620 -0.620 -0.620 -0.620 -0.620 -0.620 -0.620 -0.620 -0.620 -0.620 -0.620 -0.620 -0.620 -0.620 -2.334 -2.334 -2.334 -2.334 -2.334 -2.334 -2.334 -2.334 -2.334 -2.334 -2.334 -2.334 -2.334 -2.334 -2.334 -2.334 -2.334 -2.334 -2.334 -2.334 -2.334 -2.334
0.03 0.33631 9.00000 2.3678326607 2.5814293239    2.358  2.657  3.6082  1.538    7  0.000  0.360     9.62     6.58     4.75     3.54     2.88  4 -3.03e-09      0.00 6.464e-01 3.234e-01 3.406e-03 4.167e-03 1.261e-02 -1.000 3.026e-02       4056          0          0          0          0      43.31      43.31 -1.873 -1.471 -0.634 -2.359 -1.471 -1.471 -1.471 -1.471 -1.471 -1.471 -1.471 -1.471 -1.471 -1.471 -1.471 -1.471 -1.471 -1.471 -1.471 -1.471 -1.471 -1.471 -1.471 -1.471 -1.471 -1.471 -0.634 -0.634 -0.634 -0.634 -0.634 -0.634 -0.634 -0.634 -0.634 -0.634 -0.634 -0.634 -0.634 -0.634 -0.634 -0.634 -0.634 -0.634 -0.634 -0.634 -0.634 -0.634 -2.359 -2.359 -2.359 -2.359 -2.359 -2.359 -2.359 -2.359 -2.359 -2.359 -2.359 -2.359 -2.359 -2.359 -2.359 -2.359 -2.359 -2.359 -2.359 -2.359 -2.359 -2.359
0.03 0.33631 9.00000 2.3679101467 2.5814315577    2.358  2.676  3.6066  1.513    7  0.000  0.360    10.11     6.88     4.96     3.69     3.01  4 -3.46e-09      0.00 6.464e-01 3.234e-01 3.406e-03 4.167e-03 1.261e-02 -1.000 3.026e-02       4041          0          0          0          0      44.58      44.58 -1.920 -1.505 -0.656 -2.399 -1.505 -1.505 -1.505 -1.505 -1.505 -1.505 -1.505 -1.505 -1.505 -1.505 -1.505 -1.505 -1.505 -1.505 -1.505 -1.505 -1.505 -1.505 -1.505 -1.505 -1.505 -1.505 -0.656 -0.656 -0.656 -0.656 -0.656 -0.656 -0.656 -0.656 -0.656 -0.656 -0.656 -0.656 -0.656 -0.656 -0.656 -0.656 -0.656 -0.656 -0.656 -0.656 -0.656 -0.656 -2.399 -2.399 -2.399 -2.399 -2.399 -2.399 -2.399 -2.399 -2.399 -2.399 -2.399 -2.399 -2.399 -2.399 -2.399 -2.399 -2.399 -2.399 -2.399 -2.399 -2.399 -2.399
0.03 0.33631 9.00000 2.3680586815 2.5814358391    2.357  2.714  3.6033  1.461    7  0.000  0.360    11.19     7.55     5.42     4.04     3.30  4  -4.5e-09      0.00 6.464e-01 3.234e-01 3.406e-03 4.167e-03 1.261e-02 -1.000 3.026e-02       4011          0          0          0          0      47.31      47.31 -2.015 -1.573 -0.701 -2.479 -1.573 -1.573 -1.573 -1.573 -1.573 -1.573 -1.573 -1.573 -1.573 -1.573 -1.573 -1.573 -1.573 -1.573 -1.573 -1.573 -1.573 -1.573 -1.573 -1.573 -1.573 -1.573 -0.701 -0.701 -0.701 -0.701 -0.701 -0.701 -0.701 -0.701 -0.701 -0.701 -0.701 -0.701 -0.701 -0.701 -0.701 -0.701 -0.701 -0.701 -0.701 -0.701 -0.701 -0.701 -2.479 -2.479 -2.479 -2.479 -2.479 -2.479 -2.479 -2.479 -2.479 -2.479 -2.479 -2.479 -2.479 -2.479 -2.479 -2.479 -2.479 -2.479 -2.479 -2.479 -2.479 -2.479
0.03 0.33631 9.00000 2.3681337833 2.5814380036    2.357  2.734  3.6015  1.434    7  0.000  0.360    11.80     7.94     5.68     4.24     3.46  4 -5.15e-09      0.00 6.464e-01 3.234e-01 3.406e-03 4.167e-03 1.261e-02 -1.000 3.026e-02       3995          0          0          0          0       48.8       48.8 -2.066 -1.609 -0.725 -2.522 -1.609 -1.609 -1.609 -1.609 -1.609 -1.609 -1.609 -1.609 -1.609 -1.609 -1.609 -1.609 -1.609 -1.609 -1.609 -1.609 -1.609 -1.609 -1.609 -1.609 -1.609 -1.609 -0.725 -0.725 -0.725 -0.725 -0.725 -0.725 -0.725 -0.725 -0.725 -0.725 -0.725 -0.725 -0.725 -0.725 -0.725 -0.725 -0.725 -0.725 -0.725 -0.725 -0.725 -0.725 -2.522 -2.522 -2.522 -2.522 -2.522 -2.522 -2.522 -2.522 -2.522 -2.522 -2.522 -2.522 -2.522 -2.522 -2.522 -2.522 -2.522 -2.522 -2.522 -2.522 -2.522 -2.522
0.03 0.33631 9.00000 2.3682219982 2.5814405458    2.356  2.759  3.5994  1.401    7  0.000  0.360    12.60     8.43     6.02     4.50     3.67  4 -6.03e-09      0.00 6.464e-01 3.234e-01 3.406e-03 4.167e-03 1.260e-02 -1.000 3.026e-02       3975          0          0          0          0      50.73      50.73 -2.127 -1.652 -0.752 -2.573 -1.652 -1.652 -1.652 -1.652 -1.652 -1.652 -1.652 -1.652 -1.652 -1.652 -1.652 -1.652 -1.652 -1.652 -1.652 -1.652 -1.652 -1.652 -1.652 -1.652 -1.652 -1.652 -0.752 -0.752 -0.752 -0.752 -0.752 -0.752 -0.752 -0.752 -0.752 -0.752 -0.752 -0.752 -0.752 -0.752 -0.752 -0.752 -0.752 -0.752 -0.752 -0.752 -0.752 -0.752 -2.573 -2.573 -2.573 -2.573 -2.573 -2.573 -2.573 -2.573 -2.573 -2.573 -2.573 -2.573 -2.573 -2.573 -2.573 -2.573 -2.573 -2.573 -2.573 -2.573 -2.573 -2.573
0.03 0.33631 9.00000 2.3683133125 2.5814431772    2.355  2.785  3.5971  1.366    7  0.000  0.360    13.50     8.98     6.39     4.78     3.90  4 -7.09e-09      0.00 6.464e-01 3.234e-01 3.406e-03 4.167e-03 1.260e-02 -1.000 3.026e-02       3954          0          0          0          0      52.79      52.79 -2.192 -1.695 -0.774 -2.625 -1.695 -1.695 -1.695 -1.695 -1.695 -1.695 -1.695 -1.695 -1.695 -1.695 -1.695 -1.695 -1.695 -1.695 -1.695 -1.695 -1.695 -1.695 -1.695 -1.695 -1.695 -1.695 -0.774 -0.774 -0.774 -0.774 -0.774 -0.774 -0.774 -0.774 -0.774 -0.774 -0.774 -0.774 -0.774 -0.774 -0.774 -0.774 -0.774 -0.774 -0.774 -0.774 -0.774 -0.774 -2.625 -2.625 -2.625 -2.625 -2.625 -2.625 -2.625 -2.625 -2.625 -2.625 -2.625 -2.625 -2.625 -2.625 -2.625 -2.625 -2.625 -2.625 -2.625 -2.625 -2.625 -2.625
0.03 0.33631 9.00000 2.3683631420 2.5814446130    2.355  2.799  3.5958  1.346    7  0.000  0.360    14.02     9.30     6.61     4.95     4.04  4 -7.74e-09      0.00 6.464e-01 3.234e-01 3.406e-03 4.167e-03 1.260e-02 -1.000 3.026e-02       3942          0          0          0          0      53.98      53.98 -2.227 -1.718 -0.786 -2.653 -1.718 -1.718 -1.718 -1.718 -1.718 -1.718 -1.718 -1.718 -1.718 -1.718 -1.718 -1.718 -1.718 -1.718 -1.718 -1.718 -1.718 -1.718 -1.718 -1.718 -1.718 -1.718 -0.786 -0.786 -0.786 -0.786 -0.786 -0.786 -0.786 -0.786 -0.786 -0.786 -0.786 -0.786 -0.786 -0.786 -0.786 -0.786 -0.786 -0.786 -0.786 -0.786 -0.786 -0.786 -2.653 -2.653 -2.653 -2.653 -2.653 -2.653 -2.653 -2.653 -2.653 -2.653 -2.653 -2.653 -2.653 -2.653 -2.653 -2.653 -2.653 -2.653 -2.653 -2.653 -2.653 -2.653
0.03 0.33631 9.00000 2.3685061932 2.5814487345    2.354  2.840  3.5921  1.290    7  0.000  0.360    15.66    10.29     7.28     5.46     4.46  4  -9.9e-09      0.00 6.464e-01 3.234e-01 3.406e-03 4.167e-03 1.260e-02 -1.000 3.026e-02       3909          0          0          0          0      57.56      57.56 -2.330 -1.785 -0.822 -2.736 -1.785 -1.785 -1.785 -1.785 -1.785 -1.785 -1.785 -1.785 -1.785 -1.785 -1.785 -1.785 -1.785 -1.785 -1.785 -1.785 -1.785 -1.785 -1.785 -1.785 -1.785 -1.785 -0.822 -0.822 -0.822 -0.822 -0.822 -0.822 -0.822 -0.822 -0.822 -0.822 -0.822 -0.822 -0.822 -0.822 -0.822 -0.822 -0.822 -0.822 -0.822 -0.822 -0.822 -0.822 -2.736 -2.736 -2.736 -2.736 -2.736 -2.736 -2.736 -2.736 -2.736 -2.736 -2.736 -2.736 -2.736 -2.736 -2.736 -2.736 -2.736 -2.736 -2.736 -2.736 -2.736 -2.736
0.03 0.33631 9.00000 2.3685963154 2.5814513308    2.352  2.866  3.5897  1.255    7  0.000  0.360    16.78    10.97     7.74     5.81     4.74  4 -1.15e-08      0.00 6.464e-01 3.234e-01 3.406e-03 4.167e-03 1.260e-02 -1.000 3.026e-02       3888          0          0          0          0      59.96      59.96 -2.394 -1.827 -0.842 -2.787 -1.827 -1.827 -1.827 -1.827 -1.827 -1.827 -1.827 -1.827 -1.827 -1.827 -1.827 -1.827 -1.827 -1.827 -1.827 -1.827 -1.827 -1.827 -1.827 -1.827 -1.827 -1.827 -0.842 -0.842 -0.842 -0.842 -0.842 -0.842 -0.842 -0.842 -0.842 -0.842 -0.842 -0.842 -0.842 -0.842 -0.842 -0.842 -0.842 -0.842 -0.842 -0.842 -0.842 -0.842 -2.787 -2.787 -2.787 -2.787 -2.787 -2.787 -2.787 -2.787 -2.787 -2.787 -2.787 -2.787 -2.787 -2.787 -2.787 -2.787 -2.787 -2.787 -2.787 -2.787 -2.787 -2.787
0.03 0.33631 9.00000 2.3686718941 2.5814535079    2.351  2.887  3.5878  1.225    7  0.000  0.360    17.78    11.57     8.14     6.11     5.00  4 -1.29e-08      0.00 6.464e-01 3.234e-01 3.406e-03 4.168e-03 1.260e-02 -1.000 3.026e-02       3870          0          0          0          0      61.99      61.99 -2.448 -1.857 -0.851 -2.828 -1.857 -1.857 -1.857 -1.857 -1.857 -1.857 -1.857 -1.857 -1.857 -1.857 -1.857 -1.857 -1.857 -1.857 -1.857 -1.857 -1.857 -1.857 -1.857 -1.857 -1.857 -1.857 -0.851 -0.851 -0.851 -0.851 -0.851 -0.851 -0.851 -0.851 -0.851 -0.851 -0.851 -0.851 -0.851 -0.851 -0.851 -0.851 -0.851 -0.851 -0.851 -0.851 -0.851 -0.851 -2.828 -2.828 -2.828 -2.828 -2.828 -2.828 -2.828 -2.828 -2.828 -2.828 -2.828 -2.828 -2.828 -2.828 -2.828 -2.828 -2.828 -2.828 -2.828 -2.828 -2.828 -2.828
0.03 0.33631 9.00000 2.3687896729 2.5814569004    2.349  2.920  3.5847  1.180    7  0.000  0.360    19.43    12.55     8.80     6.62     5.41  4 -1.54e-08      0.00 6.464e-01 3.234e-01 3.406e-03 4.168e-03 1.260e-02 -1.000 3.026e-02       3843          0          0          0          0      65.31      65.31 -2.529 -1.904 -0.864 -2.889 -1.904 -1.904 -1.904 -1.904 -1.904 -1.904 -1.904 -1.904 -1.904 -1.904 -1.904 -1.904 -1.904 -1.904 -1.904 -1.904 -1.904 -1.904 -1.904 -1.904 -1.904 -1.904 -0.864 -0.864 -0.864 -0.864 -0.864 -0.864 -0.864 -0.864 -0.864 -0.864 -0.864 -0.864 -0.864 -0.864 -0.864 -0.864 -0.864 -0.864 -0.864 -0.864 -0.864 -0.864 -2.889 -2.889 -2.889 -2.889 -2.889 -2.889 -2.889 -2.889 -2.889 -2.889 -2.889 -2.889 -2.889 -2.889 -2.889 -2.889 -2.889 -2.889 -2.889 -2.889 -2.889 -2.889
0.03 0.33631 9.00000 2.3688476086 2.5814585690    2.348  2.936  3.5832  1.158    7  0.000  0.360    20.29    13.06     9.14     6.88     5.62  4 -1.68e-08      0.00 6.464e-01 3.234e-01 3.406e-03 4.168e-03 1.260e-02 -1.000 3.026e-02       3829          0          0          0          0      66.96      66.96 -2.569 -1.927 -0.871 -2.920 -1.927 -1.927 -1.927 -1.927 -1.927 -1.927 -1.927 -1.927 -1.927 -1.927 -1.927 -1.927 -1.927 -1.927 -1.927 -1.927 -1.927 -1.927 -1.927 -1.927 -1.927 -1.927 -0.871 -0.871 -0.871 -0.871 -0.871 -0.871 -0.871 -0.871 -0.871 -0.871 -0.871 -0.871 -0.871 -0.871 -0.871 -0.871 -0.871 -0.871 -0.871 -0.871 -0.871 -0.871 -2.920 -2.920 -2.920 -2.920 -2.920 -2.920 -2.920 -2.920 -2.920 -2.920 -2.920 -2.920 -2.920 -2.920 -2.920 -2.920 -2.920 -2.920 -2.920 -2.920 -2.920 -2.920
0.03 0.33631 9.00000 2.3689031601 2.5814601688    2.347  2.950  3.5817  1.137    7  0.000  0.360    21.13    13.56     9.48     7.13     5.83  4 -1.82e-08      0.00 6.464e-01 3.234e-01 3.406e-03 4.168e-03 1.260e-02 -1.000 3.026e-02       3817          0          0          0          0      68.58      68.58 -2.606 -1.948 -0.876 -2.948 -1.948 -1.948 -1.948 -1.948 -1.948 -1.948 -1.948 -1.948 -1.948 -1.948 -1.948 -1.948 -1.948 -1.948 -1.948 -1.948 -1.948 -1.948 -1.948 -1.948 -1.948 -1.948 -0.876 -0.876 -0.876 -0.876 -0.876 -0.876 -0.876 -0.876 -0.876 -0.876 -0.876 -0.876 -0.876 -0.876 -0.876 -0.876 -0.876 -0.876 -0.876 -0.876 -0.876 -0.876 -2.948 -2.948 -2.948 -2.948 -2.948 -2.948 -2.948 -2.948 -2.948 -2.948 -2.948 -2.948 -2.948 -2.948 -2.948 -2.948 -2.948 -2.948 -2.948 -2.948 -2.948 -2.948
0.03 0.33631 9.00000 2.3690562248 2.5814645765    2.343  2.991  3.5778  1.081    7  0.000  0.360    23.60    15.02    10.44     7.87     6.44  4 -2.24e-08      0.00 6.464e-01 3.234e-01 3.406e-03 4.168e-03 1.260e-02 -1.000 3.026e-02       3782          0          0          0          0      73.11      73.11 -2.706 -2.000 -0.881 -3.021 -2.000 -2.000 -2.000 -2.000 -2.000 -2.000 -2.000 -2.000 -2.000 -2.000 -2.000 -2.000 -2.000 -2.000 -2.000 -2.000 -2.000 -2.000 -2.000 -2.000 -2.000 -2.000 -0.881 -0.881 -0.881 -0.881 -0.881 -0.881 -0.881 -0.881 -0.881 -0.881 -0.881 -0.881 -0.881 -0.881 -0.881 -0.881 -0.881 -0.881 -0.881 -0.881 -0.881 -0.881 -3.021 -3.021 -3.021 -3.021 -3.021 -3.021 -3.021 -3.021 -3.021 -3.021 -3.021 -3.021 -3.021 -3.021 -3.021 -3.021 -3.021 -3.021 -3.021 -3.021 -3.021 -3.021
0.03 0.33631 9.00000 2.3691403866 2.5814669998    2.341  3.012  3.5757  1.051    7  0.000  0.360    25.02    15.85    10.99     8.29     6.78  4 -2.48e-08      0.00 6.464e-01 3.234e-01 3.406e-03 4.168e-03 1.260e-02 -1.000 3.026e-02       3764          0          0          0          0      75.69      75.69 -2.759 -2.025 -0.878 -3.058 -2.025 -2.025 -2.025 -2.025 -2.025 -2.025 -2.025 -2.025 -2.025 -2.025 -2.025 -2.025 -2.025 -2.025 -2.025 -2.025 -2.025 -2.025 -2.025 -2.025 -2.025 -2.025 -0.878 -0.878 -0.878 -0.878 -0.878 -0.878 -0.878 -0.878 -0.878 -0.878 -0.878 -0.878 -0.878 -0.878 -0.878 -0.878 -0.878 -0.878 -0.878 -0.878 -0.878 -0.878 -3.058 -3.058 -3.058 -3.058 -3.058 -3.058 -3.058 -3.058 -3.058 -3.058 -3.058 -3.058 -3.058 -3.058 -3.058 -3.058 -3.058 -3.058 -3.058 -3.058 -3.058 -3.058
0.03 0.33631 9.00000 2.3692178726 2.5814692307    2.339  3.031  3.5738  1.023    7  0.000  0.360    26.41    16.65    11.53     8.70     7.12  4 -2.73e-08      0.00 6.464e-01 3.234e-01 3.406e-03 4.168e-03 1.260e-02 -1.000 3.026e-02       3747          0          0          0          0      78.07      78.07 -2.808 -2.048 -0.875 -3.092 -2.048 -2.048 -2.048 -2.048 -2.048 -2.048 -2.048 -2.048 -2.048 -2.048 -2.048 -2.048 -2.048 -2.048 -2.048 -2.048 -2.048 -2.048 -2.048 -2.048 -2.048 -2.048 -0.875 -0.875 -0.875 -0.875 -0.875 -0.875 -0.875 -0.875 -0.875 -0.875 -0.875 -0.875 -0.875 -0.875 -0.875 -0.875 -0.875 -0.875 -0.875 -0.875 -0.875 -0.875 -3.092 -3.092 -3.092 -3.092 -3.092 -3.092 -3.092 -3.092 -3.092 -3.092 -3.092 -3.092 -3.092 -3.092 -3.092 -3.092 -3.092 -3.092 -3.092 -3.092 -3.092 -3.092
0.03 0.33631 9.00000 2.3693370819 2.5814726625    2.334  3.060  3.5708  0.982    7  0.000  0.360    28.63    17.94    12.37     9.35     7.65  4 -3.13e-08      0.00 6.464e-01 3.234e-01 3.406e-03 4.168e-03 1.260e-02 -1.000 3.026e-02       3722          0          0          0          0      81.83      81.83 -2.879 -2.082 -0.871 -3.142 -2.082 -2.082 -2.082 -2.082 -2.082 -2.082 -2.082 -2.082 -2.082 -2.082 -2.082 -2.082 -2.082 -2.082 -2.082 -2.082 -2.082 -2.082 -2.082 -2.082 -2.082 -2.082 -0.871 -0.871 -0.871 -0.871 -0.871 -0.871 -0.871 -0.871 -0.871 -0.871 -0.871 -0.871 -0.871 -0.871 -0.871 -0.871 -0.871 -0.871 -0.871 -0.871 -0.871 -0.871 -3.142 -3.142 -3.142 -3.142 -3.142 -3.142 -3.142 -3.142 -3.142 -3.142 -3.142 -3.142 -3.142 -3.142 -3.142 -3.142 -3.142 -3.142 -3.142 -3.142 -3.142 -3.142
0.03 0.33631 9.00000 2.3693916798 2.5814742341    2.332  3.073  3.5695  0.963    7  0.000  0.360    29.70    18.56    12.78     9.67     7.91  4 -3.33e-08      0.00 6.464e-01 3.234e-01 3.406e-03 4.168e-03 1.260e-02 -1.000 3.026e-02       3710          0          0          0          0      83.57      83.57 -2.912 -2.096 -0.865 -3.164 -2.096 -2.096 -2.096 -2.096 -2.096 -2.096 -2.096 -2.096 -2.096 -2.096 -2.096 -2.096 -2.096 -2.096 -2.096 -2.096 -2.096 -2.096 -2.096 -2.096 -2.096 -2.096 -0.865 -0.865 -0.865 -0.865 -0.865 -0.865 -0.865 -0.865 -0.865 -0.865 -0.865 -0.865 -0.865 -0.865 -0.865 -0.865 -0.865 -0.865 -0.865 -0.865 -0.865 -0.865 -3.164 -3.164 -3.164 -3.164 -3.164 -3.164 -3.164 -3.164 -3.164 -3.164 -3.164 -3.164 -3.164 -3.164 -3.164 -3.164 -3.164 -3.164 -3.164 -3.164 -3.164 -3.164
0.03 0.33631 9.00000 2.3694646358 2.5814763341    2.329  3.090  3.5676  0.938    7  0.515  0.360    31.18    19.41    13.34    10.10     8.26  4 -3.61e-08      0.00 6.464e-01 3.234e-01 3.406e-03 4.168e-03 1.260e-02 -1.000 3.026e-02       3695          0          0          0          0      85.97      85.97 -2.955 -2.112 -0.852 -3.191 -2.112 -2.112 -2.112 -2.112 -2.112 -2.112 -2.112 -2.112 -2.112 -2.112 -2.112 -2.112 -2.112 -2.112 -2.112 -2.112 -2.112 -2.112 -2.112 -2.112 -2.112 -2.112 -0.852 -0.852 -0.852 -0.852 -0.852 -0.852 -0.852 -0.852 -0.852 -0.852 -0.852 -0.852 -0.852 -0.852 -0.852 -0.852 -0.852 -0.852 -0.852 -0.852 -0.852 -0.852 -3.191 -3.191 -3.191 -3.191 -3.191 -3.191 -3.191 -3.191 -3.191 -3.191 -3.191 -3.191 -3.191 -3.191 -3.191 -3.191 -3.191 -3.191 -3.191 -3.191 -3.191 -3.191
0.03 0.33631 9.00000 2.3696229458 2.5814808904    2.322  3.127  3.5637  0.884    7  0.515  0.360    34.64    21.38    14.63    11.09     9.07  4 -4.26e-08      0.00 6.464e-01 3.234e-01 3.406e-03 4.168e-03 1.260e-02 -1.000 3.026e-02       3661          0          0          0          0      91.29      91.29 -3.047 -2.145 -0.822 -3.249 -2.145 -2.145 -2.145 -2.145 -2.145 -2.145 -2.145 -2.145 -2.145 -2.145 -2.145 -2.145 -2.145 -2.145 -2.145 -2.145 -2.145 -2.145 -2.145 -2.145 -2.145 -2.145 -0.822 -0.822 -0.822 -0.822 -0.822 -0.822 -0.822 -0.822 -0.822 -0.822 -0.822 -0.822 -0.822 -0.822 -0.822 -0.822 -0.822 -0.822 -0.822 -0.822 -0.822 -0.822 -3.249 -3.249 -3.249 -3.249 -3.249 -3.249 -3.249 -3.249 -3.249 -3.249 -3.249 -3.249 -3.249 -3.249 -3.249 -3.249 -3.249 -3.249 -3.249 -3.249 -3.249 -3.249
0.03 0.33631 9.00000 2.3696963787 2.5814830036    2.318  3.143  3.5620  0.860    7  0.515  0.360    36.25    22.29    15.22    11.55     9.45  4 -4.56e-08      0.00 6.464e-01 3.234e-01 3.406e-03 4.168e-03 1.260e-02 -1.000 3.026e-02       3647          0          0          0          0      93.65      93.65 -3.086 -2.159 -0.808 -3.274 -2.159 -2.159 -2.159 -2.159 -2.159 -2.159 -2.159 -2.159 -2.159 -2.159 -2.159 -2.159 -2.159 -2.159 -2.159 -2.159 -2.159 -2.159 -2.159 -2.159 -2.159 -2.159 -0.808 -0.808 -0.808 -0.808 -0.808 -0.808 -0.808 -0.808 -0.808 -0.808 -0.808 -0.808 -0.808 -0.808 -0.808 -0.808 -0.808 -0.808 -0.808 -0.808 -0.808 -0.808 -3.274 -3.274 -3.274 -3.274 -3.274 -3.274 -3.274 -3.274 -3.274 -3.274 -3.274 -3.274 -3.274 -3.274 -3.274 -3.274 -3.274 -3.274 -3.274 -3.274 -3.274 -3.274
0.03 0.33631 9.00000 2.3698065281 2.5814861731    2.311  3.153  3.5607  0.843    7  0.536  0.360    37.45    22.98    15.67    11.89     9.73  4 -4.83e-08      0.00 6.464e-01 3.234e-01 3.406e-03 4.168e-03 1.260e-02 -1.000 3.026e-02       3636          0          0          0          0      95.37      95.37 -3.113 -2.167 -0.796 -3.289 -2.167 -2.167 -2.167 -2.167 -2.167 -2.167 -2.167 -2.167 -2.167 -2.167 -2.167 -2.167 -2.167 -2.167 -2.167 -2.167 -2.167 -2.167 -2.167 -2.167 -2.167 -2.167 -0.796 -0.796 -0.796 -0.796 -0.796 -0.796 -0.796 -0.796 -0.796 -0.796 -0.796 -0.796 -0.796 -0.796 -0.796 -0.796 -0.796 -0.796 -0.796 -0.796 -0.796 -0.796 -3.289 -3.289 -3.289 -3.289 -3.289 -3.289 -3.289 -3.289 -3.289 -3.289 -3.289 -3.289 -3.289 -3.289 -3.289 -3.289 -3.289 -3.289 -3.289 -3.289 -3.289 -3.289
#isochrone terminated
