# File generated by CMD 3.9 (http://stev.oapd.inaf.it/cmd) on Wed Feb 11 23:47:39 UTC 2026
# isochrones based on PARSEC release v2.0 
# Basic references: Costa et al. 2019a,2019b for the code, Nguyen et al. 2022,2025 for the tracks.
# Rotating tracks computed with omega_i=0.00, except for lower masses (see paper)
# Thermal pulse cycles included 
# LPV periods and growth rates added cf. Trabucchi et al. (2019)
# but fundamental-mode LPV periods + transition are from Trabucchi et al. (2021)
# Photometric system: Gaia's DR2 G, G_BP and G_RP (Vegamags, Gaia passbands from Evans et al. 2018)
# Using YBC version of bolometric corrections as in Chen et al. (2019)
# O-rich circumstellar dust ignored
# C-rich circumstellar AMCSIC15 dust from Groenewegen (2006)
# IMF: Kroupa (2001, 2002) + Kroupa et al. (2013) canonical two-part-power law IMF corrected for unresolved binaries 
# Kind of output: isochrone tables
# Zini     MH   logAge Mini        int_IMF         Mass   logL    logTe  logg  label   McoreTP C_O  period0  period1  period2  period3  period4  pmode  Mloss  tau1m   X   Y   Xc  Xn  Xo  Cexcess  Z  Teff0 omega angvel vtaneq angmom Rpol Req	 mbolmag  G_fSBmag  G_BP_fSBmag  G_RP_fSBmag G_fSB G_f0 G_fk G_i00 G_i05 G_i10 G_i15 G_i20 G_i25 G_i30 G_i35 G_i40 G_i45 G_i50 G_i55 G_i60 G_i65 G_i70 G_i75 G_i80 G_i85 G_i90 G_BP_fSB G_BP_f0 G_BP_fk G_BP_i00 G_BP_i05 G_BP_i10 G_BP_i15 G_BP_i20 G_BP_i25 G_BP_i30 G_BP_i35 G_BP_i40 G_BP_i45 G_BP_i50 G_BP_i55 G_BP_i60 G_BP_i65 G_BP_i70 G_BP_i75 G_BP_i80 G_BP_i85 G_BP_i90 G_RP_fSB G_RP_f0 G_RP_fk G_RP_i00 G_RP_i05 G_RP_i10 G_RP_i15 G_RP_i20 G_RP_i25 G_RP_i30 G_RP_i35 G_RP_i40 G_RP_i45 G_RP_i50 G_RP_i55 G_RP_i60 G_RP_i65 G_RP_i70 G_RP_i75 G_RP_i80 G_RP_i85 G_RP_i90
0.0152 0.01508 8.00000 0.0900000036 1.0816895926    0.090 -2.755  3.4013  4.705    0  0.000  0.545     0.00     0.00     0.00     0.00     0.00 -1    -1e-30      0.00 7.092e-01 2.755e-01 2.746e-03 7.408e-04 6.719e-03 -1.000 1.527e-02       2519          0          0          0          0     0.2208     0.2208 11.658 13.644 16.562 12.284 13.644 13.644 13.644 13.644 13.644 13.644 13.644 13.644 13.644 13.644 13.644 13.644 13.644 13.644 13.644 13.644 13.644 13.644 13.644 13.644 13.644 13.644 16.562 16.562 16.562 16.562 16.562 16.562 16.562 16.562 16.562 16.562 16.562 16.562 16.562 16.562 16.562 16.562 16.562 16.562 16.562 16.562 16.562 16.562 12.284 12.284 12.284 12.284 12.284 12.284 12.284 12.284 12.284 12.284 12.284 12.284 12.284 12.284 12.284 12.284 12.284 12.284 12.284 12.284 12.284 12.284
0.0152 0.01508 8.00000 0.0962922722 1.1393662013    0.096 -2.704  3.4083  4.711    0  0.000  0.545     0.00     0.00     0.00     0.00     0.00 -1    -1e-30      0.00 7.092e-01 2.755e-01 2.746e-03 7.408e-04 6.719e-03 -1.000 1.527e-02       2560          0          0          0          0      0.227      0.227 11.531 13.516 16.436 12.156 13.516 13.516 13.516 13.516 13.516 13.516 13.516 13.516 13.516 13.516 13.516 13.516 13.516 13.516 13.516 13.516 13.516 13.516 13.516 13.516 13.516 13.516 16.436 16.436 16.436 16.436 16.436 16.436 16.436 16.436 16.436 16.436 16.436 16.436 16.436 16.436 16.436 16.436 16.436 16.436 16.436 16.436 16.436 16.436 12.156 12.156 12.156 12.156 12.156 12.156 12.156 12.156 12.156 12.156 12.156 12.156 12.156 12.156 12.156 12.156 12.156 12.156 12.156 12.156 12.156 12.156
0.0152 0.01508 8.00000 0.1000000015 1.1711064122    0.100 -2.674  3.4126  4.714    0  0.000  0.545     0.00     0.00     0.00     0.00     0.00 -1    -1e-30      0.00 7.092e-01 2.755e-01 2.746e-03 7.408e-04 6.719e-03 -1.000 1.527e-02       2585          0          0          0          0     0.2303     0.2303 11.454 13.423 16.318 12.065 13.423 13.423 13.423 13.423 13.423 13.423 13.423 13.423 13.423 13.423 13.423 13.423 13.423 13.423 13.423 13.423 13.423 13.423 13.423 13.423 13.423 13.423 16.318 16.318 16.318 16.318 16.318 16.318 16.318 16.318 16.318 16.318 16.318 16.318 16.318 16.318 16.318 16.318 16.318 16.318 16.318 16.318 16.318 16.318 12.065 12.065 12.065 12.065 12.065 12.065 12.065 12.065 12.065 12.065 12.065 12.065 12.065 12.065 12.065 12.065 12.065 12.065 12.065 12.065 12.065 12.065
0.0152 0.01508 8.00000 0.1056551039 1.2166808755    0.106 -2.635  3.4177  4.719    0  0.000  0.545     0.00     0.00     0.00     0.00     0.00 -1    -1e-30      0.00 7.092e-01 2.755e-01 2.746e-03 7.408e-04 6.719e-03 -1.000 1.527e-02       2617          0          0          0          0     0.2359     0.2359 11.357 13.290 16.132 11.938 13.290 13.290 13.290 13.290 13.290 13.290 13.290 13.290 13.290 13.290 13.290 13.290 13.290 13.290 13.290 13.290 13.290 13.290 13.290 13.290 13.290 13.290 16.132 16.132 16.132 16.132 16.132 16.132 16.132 16.132 16.132 16.132 16.132 16.132 16.132 16.132 16.132 16.132 16.132 16.132 16.132 16.132 16.132 16.132 11.938 11.938 11.938 11.938 11.938 11.938 11.938 11.938 11.938 11.938 11.938 11.938 11.938 11.938 11.938 11.938 11.938 11.938 11.938 11.938 11.938 11.938
0.0152 0.01508 8.00000 0.1142512783 1.2802031002    0.114 -2.576  3.4256  4.726    0  0.000  0.545     0.00     0.00     0.00     0.00     0.00 -1    -1e-30      0.00 7.092e-01 2.755e-01 2.746e-03 7.408e-04 6.719e-03 -1.000 1.527e-02       2665          0          0          0          0     0.2432     0.2432 11.211 13.053 15.759 11.715 13.053 13.053 13.053 13.053 13.053 13.053 13.053 13.053 13.053 13.053 13.053 13.053 13.053 13.053 13.053 13.053 13.053 13.053 13.053 13.053 13.053 13.053 15.759 15.759 15.759 15.759 15.759 15.759 15.759 15.759 15.759 15.759 15.759 15.759 15.759 15.759 15.759 15.759 15.759 15.759 15.759 15.759 15.759 15.759 11.715 11.715 11.715 11.715 11.715 11.715 11.715 11.715 11.715 11.715 11.715 11.715 11.715 11.715 11.715 11.715 11.715 11.715 11.715 11.715 11.715 11.715
0.0152 0.01508 8.00000 0.1200000122 1.3193155232    0.120 -2.538  3.4310  4.730    0  0.000  0.545     0.00     0.00     0.00     0.00     0.00 -1    -1e-30      0.00 7.092e-01 2.755e-01 2.746e-03 7.408e-04 6.719e-03 -1.000 1.527e-02       2697          0          0          0          0     0.2474     0.2474 11.114 12.887 15.489 11.560 12.887 12.887 12.887 12.887 12.887 12.887 12.887 12.887 12.887 12.887 12.887 12.887 12.887 12.887 12.887 12.887 12.887 12.887 12.887 12.887 12.887 12.887 15.489 15.489 15.489 15.489 15.489 15.489 15.489 15.489 15.489 15.489 15.489 15.489 15.489 15.489 15.489 15.489 15.489 15.489 15.489 15.489 15.489 15.489 11.560 11.560 11.560 11.560 11.560 11.560 11.560 11.560 11.560 11.560 11.560 11.560 11.560 11.560 11.560 11.560 11.560 11.560 11.560 11.560 11.560 11.560
0.0152 0.01508 8.00000 0.1283245385 1.3718296364    0.128 -2.492  3.4363  4.735    0  0.000  0.545     0.00     0.00     0.00     0.00     0.00 -1    -1e-30      0.00 7.092e-01 2.755e-01 2.746e-03 7.408e-04 6.719e-03 -1.000 1.527e-02       2731          0          0          0          0     0.2548     0.2548 11.001 12.710 15.224 11.394 12.710 12.710 12.710 12.710 12.710 12.710 12.710 12.710 12.710 12.710 12.710 12.710 12.710 12.710 12.710 12.710 12.710 12.710 12.710 12.710 12.710 12.710 15.224 15.224 15.224 15.224 15.224 15.224 15.224 15.224 15.224 15.224 15.224 15.224 15.224 15.224 15.224 15.224 15.224 15.224 15.224 15.224 15.224 15.224 11.394 11.394 11.394 11.394 11.394 11.394 11.394 11.394 11.394 11.394 11.394 11.394 11.394 11.394 11.394 11.394 11.394 11.394 11.394 11.394 11.394 11.394
0.0152 0.01508 8.00000 0.1400000006 1.4384526719    0.140 -2.432  3.4434  4.741    0  0.000  0.545     0.00     0.00     0.00     0.00     0.00 -1    -1e-30      0.00 7.092e-01 2.755e-01 2.746e-03 7.408e-04 6.719e-03 -1.000 1.527e-02       2775          0          0          0          0      0.264      0.264 10.849 12.474 14.872 11.172 12.474 12.474 12.474 12.474 12.474 12.474 12.474 12.474 12.474 12.474 12.474 12.474 12.474 12.474 12.474 12.474 12.474 12.474 12.474 12.474 12.474 12.474 14.872 14.872 14.872 14.872 14.872 14.872 14.872 14.872 14.872 14.872 14.872 14.872 14.872 14.872 14.872 14.872 14.872 14.872 14.872 14.872 14.872 14.872 11.172 11.172 11.172 11.172 11.172 11.172 11.172 11.172 11.172 11.172 11.172 11.172 11.172 11.172 11.172 11.172 11.172 11.172 11.172 11.172 11.172 11.172
0.0152 0.01508 8.00000 0.1419693381 1.4489787594    0.142 -2.422  3.4445  4.742    0  0.000  0.545     0.00     0.00     0.00     0.00     0.00 -1    -1e-30      0.00 7.092e-01 2.755e-01 2.746e-03 7.408e-04 6.719e-03 -1.000 1.527e-02       2783          0          0          0          0     0.2656     0.2656 10.825 12.437 14.816 11.138 12.437 12.437 12.437 12.437 12.437 12.437 12.437 12.437 12.437 12.437 12.437 12.437 12.437 12.437 12.437 12.437 12.437 12.437 12.437 12.437 12.437 12.437 14.816 14.816 14.816 14.816 14.816 14.816 14.816 14.816 14.816 14.816 14.816 14.816 14.816 14.816 14.816 14.816 14.816 14.816 14.816 14.816 14.816 14.816 11.138 11.138 11.138 11.138 11.138 11.138 11.138 11.138 11.138 11.138 11.138 11.138 11.138 11.138 11.138 11.138 11.138 11.138 11.138 11.138 11.138 11.138
0.0152 0.01508 8.00000 0.1599999964 1.5372931554    0.160 -2.339  3.4543  4.750    0  0.000  0.545     0.00     0.00     0.00     0.00     0.00 -1    -1e-30      0.00 7.092e-01 2.755e-01 2.746e-03 7.408e-04 6.719e-03 -1.000 1.527e-02       2846          0          0          0          0     0.2795     0.2795 10.617 12.115 14.334 10.838 12.115 12.115 12.115 12.115 12.115 12.115 12.115 12.115 12.115 12.115 12.115 12.115 12.115 12.115 12.115 12.115 12.115 12.115 12.115 12.115 12.115 12.115 14.334 14.334 14.334 14.334 14.334 14.334 14.334 14.334 14.334 14.334 14.334 14.334 14.334 14.334 14.334 14.334 14.334 14.334 14.334 14.334 14.334 14.334 10.838 10.838 10.838 10.838 10.838 10.838 10.838 10.838 10.838 10.838 10.838 10.838 10.838 10.838 10.838 10.838 10.838 10.838 10.838 10.838 10.838 10.838
0.0152 0.01508 8.00000 0.1753205061 1.6027305526    0.175 -2.277  3.4612  4.755    0  0.000  0.545     0.00     0.00     0.00     0.00     0.00 -1    -1e-30      0.00 7.092e-01 2.755e-01 2.746e-03 7.408e-04 6.719e-03 -1.000 1.527e-02       2892          0          0          0          0     0.2917     0.2917 10.461 11.880 13.985 10.620 11.880 11.880 11.880 11.880 11.880 11.880 11.880 11.880 11.880 11.880 11.880 11.880 11.880 11.880 11.880 11.880 11.880 11.880 11.880 11.880 11.880 11.880 13.985 13.985 13.985 13.985 13.985 13.985 13.985 13.985 13.985 13.985 13.985 13.985 13.985 13.985 13.985 13.985 13.985 13.985 13.985 13.985 13.985 13.985 10.620 10.620 10.620 10.620 10.620 10.620 10.620 10.620 10.620 10.620 10.620 10.620 10.620 10.620 10.620 10.620 10.620 10.620 10.620 10.620 10.620 10.620
0.0152 0.01508 8.00000 0.2000000030 1.6938790862    0.200 -2.186  3.4712  4.762    0  0.000  0.545     0.00     0.00     0.00     0.00     0.00 -1    -1e-30      0.00 7.092e-01 2.755e-01 2.746e-03 7.408e-04 6.719e-03 -1.000 1.527e-02       2959          0          0          0          0     0.3081     0.3081 10.235 11.549 13.511 10.313 11.549 11.549 11.549 11.549 11.549 11.549 11.549 11.549 11.549 11.549 11.549 11.549 11.549 11.549 11.549 11.549 11.549 11.549 11.549 11.549 11.549 11.549 13.511 13.511 13.511 13.511 13.511 13.511 13.511 13.511 13.511 13.511 13.511 13.511 13.511 13.511 13.511 13.511 13.511 13.511 13.511 13.511 13.511 13.511 10.313 10.313 10.313 10.313 10.313 10.313 10.313 10.313 10.313 10.313 10.313 10.313 10.313 10.313 10.313 10.313 10.313 10.313 10.313 10.313 10.313 10.313
0.0152 0.01508 8.00000 0.2324315906 1.7935789990    0.232 -2.085  3.4816  4.767    0  0.000  0.545     0.00     0.00     0.00     0.00     0.00 -1    -1e-30      0.00 7.092e-01 2.755e-01 2.746e-03 7.408e-04 6.719e-03 -1.000 1.527e-02       3031          0          0          0          0     0.3311     0.3311 9.981 11.189 13.006 9.980 11.189 11.189 11.189 11.189 11.189 11.189 11.189 11.189 11.189 11.189 11.189 11.189 11.189 11.189 11.189 11.189 11.189 11.189 11.189 11.189 11.189 11.189 13.006 13.006 13.006 13.006 13.006 13.006 13.006 13.006 13.006 13.006 13.006 13.006 13.006 13.006 13.006 13.006 13.006 13.006 13.006 13.006 13.006 13.006 9.980 9.980 9.980 9.980 9.980 9.980 9.980 9.980 9.980 9.980 9.980 9.980 9.980 9.980 9.980 9.980 9.980 9.980 9.980 9.980 9.980 9.980
0.0152 0.01508 8.00000 0.2500000000 1.8403257998    0.250 -2.035  3.4867  4.769    0  0.000  0.545     0.00     0.00     0.00     0.00     0.00 -1    -1e-30      0.00 7.092e-01 2.755e-01 2.746e-03 7.408e-04 6.719e-03 -1.000 1.527e-02       3066          0          0          0          0     0.3416     0.3416 9.857 11.012 12.759 9.818 11.012 11.012 11.012 11.012 11.012 11.012 11.012 11.012 11.012 11.012 11.012 11.012 11.012 11.012 11.012 11.012 11.012 11.012 11.012 11.012 11.012 11.012 12.759 12.759 12.759 12.759 12.759 12.759 12.759 12.759 12.759 12.759 12.759 12.759 12.759 12.759 12.759 12.759 12.759 12.759 12.759 12.759 12.759 12.759 9.818 9.818 9.818 9.818 9.818 9.818 9.818 9.818 9.818 9.818 9.818 9.818 9.818 9.818 9.818 9.818 9.818 9.818 9.818 9.818 9.818 9.818
0.0152 0.01508 8.00000 0.2582511902 1.8608313035    0.258 -2.013  3.4888  4.770    0  0.000  0.545     0.00     0.00     0.00     0.00     0.00 -1    -1e-30      0.00 7.092e-01 2.755e-01 2.746e-03 7.408e-04 6.719e-03 -1.000 1.527e-02       3081          0          0          0          0     0.3471     0.3471 9.803 10.937 12.654 9.749 10.937 10.937 10.937 10.937 10.937 10.937 10.937 10.937 10.937 10.937 10.937 10.937 10.937 10.937 10.937 10.937 10.937 10.937 10.937 10.937 10.937 10.937 12.654 12.654 12.654 12.654 12.654 12.654 12.654 12.654 12.654 12.654 12.654 12.654 12.654 12.654 12.654 12.654 12.654 12.654 12.654 12.654 12.654 12.654 9.749 9.749 9.749 9.749 9.749 9.749 9.749 9.749 9.749 9.749 9.749 9.749 9.749 9.749 9.749 9.749 9.749 9.749 9.749 9.749 9.749 9.749
0.0152 0.01508 8.00000 0.3000000119 1.9529139769    0.300 -1.911  3.4984  4.771    0  0.000  0.545     0.00     0.00     0.00     0.00     0.00 -1    -1e-30      0.00 7.092e-01 2.755e-01 2.746e-03 7.408e-04 6.719e-03 -1.000 1.527e-02       3150          0          0          0          0     0.3733     0.3733 9.547 10.597 12.207 9.435 10.597 10.597 10.597 10.597 10.597 10.597 10.597 10.597 10.597 10.597 10.597 10.597 10.597 10.597 10.597 10.597 10.597 10.597 10.597 10.597 10.597 10.597 12.207 12.207 12.207 12.207 12.207 12.207 12.207 12.207 12.207 12.207 12.207 12.207 12.207 12.207 12.207 12.207 12.207 12.207 12.207 12.207 12.207 12.207 9.435 9.435 9.435 9.435 9.435 9.435 9.435 9.435 9.435 9.435 9.435 9.435 9.435 9.435 9.435 9.435 9.435 9.435 9.435 9.435 9.435 9.435
0.0152 0.01508 8.00000 0.3346391618 2.0174982291    0.335 -1.831  3.5056  4.768    0  0.000  0.545     0.00     0.00     0.00     0.00     0.00 -1    -1e-30      0.00 7.092e-01 2.755e-01 2.746e-03 7.408e-04 6.719e-03 -1.000 1.527e-02       3203          0          0          0          0     0.3962     0.3962 9.347 10.340 11.876 9.195 10.340 10.340 10.340 10.340 10.340 10.340 10.340 10.340 10.340 10.340 10.340 10.340 10.340 10.340 10.340 10.340 10.340 10.340 10.340 10.340 10.340 10.340 11.876 11.876 11.876 11.876 11.876 11.876 11.876 11.876 11.876 11.876 11.876 11.876 11.876 11.876 11.876 11.876 11.876 11.876 11.876 11.876 11.876 11.876 9.195 9.195 9.195 9.195 9.195 9.195 9.195 9.195 9.195 9.195 9.195 9.195 9.195 9.195 9.195 9.195 9.195 9.195 9.195 9.195 9.195 9.195
0.0152 0.01508 8.00000 0.3500000238 2.0434175133    0.350 -1.797  3.5087  4.766    0  0.000  0.545     0.00     0.00     0.00     0.00     0.00 -1    -1e-30      0.00 7.092e-01 2.755e-01 2.746e-03 7.408e-04 6.719e-03 -1.000 1.527e-02       3226          0          0          0          0     0.4056     0.4056 9.263 10.232 11.739 9.095 10.232 10.232 10.232 10.232 10.232 10.232 10.232 10.232 10.232 10.232 10.232 10.232 10.232 10.232 10.232 10.232 10.232 10.232 10.232 10.232 10.232 10.232 11.739 11.739 11.739 11.739 11.739 11.739 11.739 11.739 11.739 11.739 11.739 11.739 11.739 11.739 11.739 11.739 11.739 11.739 11.739 11.739 11.739 11.739 9.095 9.095 9.095 9.095 9.095 9.095 9.095 9.095 9.095 9.095 9.095 9.095 9.095 9.095 9.095 9.095 9.095 9.095 9.095 9.095 9.095 9.095
0.0152 0.01508 8.00000 0.3536984921 2.0494378941    0.354 -1.789  3.5095  4.765    0  0.000  0.545     0.00     0.00     0.00     0.00     0.00 -1    -1e-30      0.00 7.092e-01 2.755e-01 2.746e-03 7.408e-04 6.719e-03 -1.000 1.527e-02       3232          0          0          0          0     0.4082     0.4082 9.242 10.204 11.703 9.069 10.204 10.204 10.204 10.204 10.204 10.204 10.204 10.204 10.204 10.204 10.204 10.204 10.204 10.204 10.204 10.204 10.204 10.204 10.204 10.204 10.204 10.204 11.703 11.703 11.703 11.703 11.703 11.703 11.703 11.703 11.703 11.703 11.703 11.703 11.703 11.703 11.703 11.703 11.703 11.703 11.703 11.703 11.703 11.703 9.069 9.069 9.069 9.069 9.069 9.069 9.069 9.069 9.069 9.069 9.069 9.069 9.069 9.069 9.069 9.069 9.069 9.069 9.069 9.069 9.069 9.069
0.0152 0.01508 8.00000 0.3803058565 2.0904655701    0.380 -1.728  3.5153  4.759    0  0.000  0.545     0.00     0.00     0.00     0.00     0.00 -1    -1e-30      0.00 7.092e-01 2.755e-01 2.746e-03 7.408e-04 6.719e-03 -1.000 1.527e-02       3275          0          0          0          0     0.4269     0.4269 9.089 10.008 11.453 8.888 10.008 10.008 10.008 10.008 10.008 10.008 10.008 10.008 10.008 10.008 10.008 10.008 10.008 10.008 10.008 10.008 10.008 10.008 10.008 10.008 10.008 10.008 11.453 11.453 11.453 11.453 11.453 11.453 11.453 11.453 11.453 11.453 11.453 11.453 11.453 11.453 11.453 11.453 11.453 11.453 11.453 11.453 11.453 11.453 8.888 8.888 8.888 8.888 8.888 8.888 8.888 8.888 8.888 8.888 8.888 8.888 8.888 8.888 8.888 8.888 8.888 8.888 8.888 8.888 8.888 8.888
0.0152 0.01508 8.00000 0.4000000358 2.1185024810    0.400 -1.683  3.5194  4.753    0  0.000  0.545     0.00     0.00     0.00     0.00     0.00 -1    -1e-30      0.00 7.092e-01 2.755e-01 2.746e-03 7.408e-04 6.719e-03 -1.000 1.527e-02       3307          0          0          0          0       0.44       0.44 8.978 9.867 11.275 8.758 9.867 9.867 9.867 9.867 9.867 9.867 9.867 9.867 9.867 9.867 9.867 9.867 9.867 9.867 9.867 9.867 9.867 9.867 9.867 9.867 9.867 9.867 11.275 11.275 11.275 11.275 11.275 11.275 11.275 11.275 11.275 11.275 11.275 11.275 11.275 11.275 11.275 11.275 11.275 11.275 11.275 11.275 11.275 11.275 8.758 8.758 8.758 8.758 8.758 8.758 8.758 8.758 8.758 8.758 8.758 8.758 8.758 8.758 8.758 8.758 8.758 8.758 8.758 8.758 8.758 8.758
0.0152 0.01508 8.00000 0.4298799634 2.1577795532    0.430 -1.610  3.5268  4.740    0  0.000  0.545     0.00     0.00     0.00     0.00     0.00 -1    -1e-30      0.00 7.092e-01 2.755e-01 2.746e-03 7.408e-04 6.719e-03 -1.000 1.527e-02       3363          0          0          0          0     0.4634     0.4634 8.795 9.634 10.981 8.543 9.634 9.634 9.634 9.634 9.634 9.634 9.634 9.634 9.634 9.634 9.634 9.634 9.634 9.634 9.634 9.634 9.634 9.634 9.634 9.634 9.634 9.634 10.981 10.981 10.981 10.981 10.981 10.981 10.981 10.981 10.981 10.981 10.981 10.981 10.981 10.981 10.981 10.981 10.981 10.981 10.981 10.981 10.981 10.981 8.543 8.543 8.543 8.543 8.543 8.543 8.543 8.543 8.543 8.543 8.543 8.543 8.543 8.543 8.543 8.543 8.543 8.543 8.543 8.543 8.543 8.543
0.0152 0.01508 8.00000 0.4500000477 2.1822809714    0.450 -1.562  3.5315  4.731    0  0.000  0.545     0.00     0.00     0.00     0.00     0.00 -1    -1e-30      0.00 7.092e-01 2.755e-01 2.746e-03 7.408e-04 6.719e-03 -1.000 1.527e-02       3400          0          0          0          0     0.4785     0.4785 8.675 9.482 10.793 8.403 9.482 9.482 9.482 9.482 9.482 9.482 9.482 9.482 9.482 9.482 9.482 9.482 9.482 9.482 9.482 9.482 9.482 9.482 9.482 9.482 9.482 9.482 10.793 10.793 10.793 10.793 10.793 10.793 10.793 10.793 10.793 10.793 10.793 10.793 10.793 10.793 10.793 10.793 10.793 10.793 10.793 10.793 10.793 10.793 8.403 8.403 8.403 8.403 8.403 8.403 8.403 8.403 8.403 8.403 8.403 8.403 8.403 8.403 8.403 8.403 8.403 8.403 8.403 8.403 8.403 8.403
0.0152 0.01508 8.00000 0.4606237113 2.1946507470    0.460 -1.534  3.5346  4.725    0  0.000  0.545     0.00     0.00     0.00     0.00     0.00 -1    -1e-30      0.00 7.092e-01 2.755e-01 2.746e-03 7.408e-04 6.719e-03 -1.000 1.527e-02       3424          0          0          0          0     0.4882     0.4882 8.604 9.392 10.679 8.320 9.392 9.392 9.392 9.392 9.392 9.392 9.392 9.392 9.392 9.392 9.392 9.392 9.392 9.392 9.392 9.392 9.392 9.392 9.392 9.392 9.392 9.392 10.679 10.679 10.679 10.679 10.679 10.679 10.679 10.679 10.679 10.679 10.679 10.679 10.679 10.679 10.679 10.679 10.679 10.679 10.679 10.679 10.679 10.679 8.320 8.320 8.320 8.320 8.320 8.320 8.320 8.320 8.320 8.320 8.320 8.320 8.320 8.320 8.320 8.320 8.320 8.320 8.320 8.320 8.320 8.320
0.0152 0.01508 8.00000 0.4733622074 2.2090028226    0.473 -1.499  3.5385  4.718    0  0.000  0.545     0.00     0.00     0.00     0.00     0.00 -1    -1e-30      0.00 7.092e-01 2.755e-01 2.746e-03 7.408e-04 6.719e-03 -1.000 1.527e-02       3455          0          0          0          0     0.4994     0.4994 8.517 9.280 10.539 8.218 9.280 9.280 9.280 9.280 9.280 9.280 9.280 9.280 9.280 9.280 9.280 9.280 9.280 9.280 9.280 9.280 9.280 9.280 9.280 9.280 9.280 9.280 10.539 10.539 10.539 10.539 10.539 10.539 10.539 10.539 10.539 10.539 10.539 10.539 10.539 10.539 10.539 10.539 10.539 10.539 10.539 10.539 10.539 10.539 8.218 8.218 8.218 8.218 8.218 8.218 8.218 8.218 8.218 8.218 8.218 8.218 8.218 8.218 8.218 8.218 8.218 8.218 8.218 8.218 8.218 8.218
0.0152 0.01508 8.00000 0.4766881764 2.2126676113    0.477 -1.489  3.5396  4.716    0  0.000  0.545     0.00     0.00     0.00     0.00     0.00 -1    -1e-30      0.00 7.092e-01 2.755e-01 2.746e-03 7.408e-04 6.719e-03 -1.000 1.527e-02       3464          0          0          0          0     0.5024     0.5024 8.493 9.249 10.501 8.190 9.249 9.249 9.249 9.249 9.249 9.249 9.249 9.249 9.249 9.249 9.249 9.249 9.249 9.249 9.249 9.249 9.249 9.249 9.249 9.249 9.249 9.249 10.501 10.501 10.501 10.501 10.501 10.501 10.501 10.501 10.501 10.501 10.501 10.501 10.501 10.501 10.501 10.501 10.501 10.501 10.501 10.501 10.501 10.501 8.190 8.190 8.190 8.190 8.190 8.190 8.190 8.190 8.190 8.190 8.190 8.190 8.190 8.190 8.190 8.190 8.190 8.190 8.190 8.190 8.190 8.190
0.0152 0.01508 8.00000 0.4803318679 2.2166445245    0.480 -1.479  3.5408  4.713    0  0.000  0.545     0.00     0.00     0.00     0.00     0.00 -1    -1e-30      0.00 7.092e-01 2.755e-01 2.746e-03 7.408e-04 6.719e-03 -1.000 1.527e-02       3473          0          0          0          0     0.5057     0.5057 8.467 9.216 10.459 8.160 9.216 9.216 9.216 9.216 9.216 9.216 9.216 9.216 9.216 9.216 9.216 9.216 9.216 9.216 9.216 9.216 9.216 9.216 9.216 9.216 9.216 9.216 10.459 10.459 10.459 10.459 10.459 10.459 10.459 10.459 10.459 10.459 10.459 10.459 10.459 10.459 10.459 10.459 10.459 10.459 10.459 10.459 10.459 10.459 8.160 8.160 8.160 8.160 8.160 8.160 8.160 8.160 8.160 8.160 8.160 8.160 8.160 8.160 8.160 8.160 8.160 8.160 8.160 8.160 8.160 8.160
0.0152 0.01508 8.00000 0.4843501747 2.2209850880    0.484 -1.467  3.5421  4.711    0  0.000  0.545     0.00     0.00     0.00     0.00     0.00 -1    -1e-30      0.00 7.092e-01 2.755e-01 2.746e-03 7.408e-04 6.719e-03 -1.000 1.527e-02       3484          0          0          0          0     0.5092     0.5092 8.438 9.178 10.413 8.126 9.178 9.178 9.178 9.178 9.178 9.178 9.178 9.178 9.178 9.178 9.178 9.178 9.178 9.178 9.178 9.178 9.178 9.178 9.178 9.178 9.178 9.178 10.413 10.413 10.413 10.413 10.413 10.413 10.413 10.413 10.413 10.413 10.413 10.413 10.413 10.413 10.413 10.413 10.413 10.413 10.413 10.413 10.413 10.413 8.126 8.126 8.126 8.126 8.126 8.126 8.126 8.126 8.126 8.126 8.126 8.126 8.126 8.126 8.126 8.126 8.126 8.126 8.126 8.126 8.126 8.126
0.0152 0.01508 8.00000 0.4888177216 2.2257562954    0.489 -1.454  3.5436  4.708    0  0.000  0.545     0.00     0.00     0.00     0.00     0.00 -1    -1e-30      0.00 7.092e-01 2.755e-01 2.746e-03 7.408e-04 6.719e-03 -1.000 1.527e-02       3496          0          0          0          0     0.5132     0.5132 8.405 9.137 10.361 8.088 9.137 9.137 9.137 9.137 9.137 9.137 9.137 9.137 9.137 9.137 9.137 9.137 9.137 9.137 9.137 9.137 9.137 9.137 9.137 9.137 9.137 9.137 10.361 10.361 10.361 10.361 10.361 10.361 10.361 10.361 10.361 10.361 10.361 10.361 10.361 10.361 10.361 10.361 10.361 10.361 10.361 10.361 10.361 10.361 8.088 8.088 8.088 8.088 8.088 8.088 8.088 8.088 8.088 8.088 8.088 8.088 8.088 8.088 8.088 8.088 8.088 8.088 8.088 8.088 8.088 8.088
0.0152 0.01508 8.00000 0.4938365817 2.2310491318    0.494 -1.439  3.5453  4.704    0  0.000  0.545     0.00     0.00     0.00     0.00     0.00 -1    -1e-30      0.00 7.092e-01 2.755e-01 2.746e-03 7.408e-04 6.719e-03 -1.000 1.527e-02       3510          0          0          0          0     0.5176     0.5176 8.368 9.089 10.302 8.045 9.089 9.089 9.089 9.089 9.089 9.089 9.089 9.089 9.089 9.089 9.089 9.089 9.089 9.089 9.089 9.089 9.089 9.089 9.089 9.089 9.089 9.089 10.302 10.302 10.302 10.302 10.302 10.302 10.302 10.302 10.302 10.302 10.302 10.302 10.302 10.302 10.302 10.302 10.302 10.302 10.302 10.302 10.302 10.302 8.045 8.045 8.045 8.045 8.045 8.045 8.045 8.045 8.045 8.045 8.045 8.045 8.045 8.045 8.045 8.045 8.045 8.045 8.045 8.045 8.045 8.045
0.0152 0.01508 8.00000 0.4995510280 2.2369910364    0.500 -1.422  3.5473  4.700    0  0.000  0.545     0.00     0.00     0.00     0.00     0.00 -1    -1e-30      0.00 7.092e-01 2.755e-01 2.746e-03 7.408e-04 6.719e-03 -1.000 1.527e-02       3526          0          0          0          0     0.5227     0.5227 8.326 9.035 10.234 7.996 9.035 9.035 9.035 9.035 9.035 9.035 9.035 9.035 9.035 9.035 9.035 9.035 9.035 9.035 9.035 9.035 9.035 9.035 9.035 9.035 9.035 9.035 10.234 10.234 10.234 10.234 10.234 10.234 10.234 10.234 10.234 10.234 10.234 10.234 10.234 10.234 10.234 10.234 10.234 10.234 10.234 10.234 10.234 10.234 7.996 7.996 7.996 7.996 7.996 7.996 7.996 7.996 7.996 7.996 7.996 7.996 7.996 7.996 7.996 7.996 7.996 7.996 7.996 7.996 7.996 7.996
0.0152 0.01508 8.00000 0.5000000000 2.2374541529    0.500 -1.421  3.5475  4.700    0  0.000  0.545     0.00     0.00     0.00     0.00     0.00 -1    -1e-30      0.00 7.092e-01 2.755e-01 2.746e-03 7.408e-04 6.719e-03 -1.000 1.527e-02       3527          0          0          0          0      0.523      0.523 8.323 9.031 10.229 7.992 9.031 9.031 9.031 9.031 9.031 9.031 9.031 9.031 9.031 9.031 9.031 9.031 9.031 9.031 9.031 9.031 9.031 9.031 9.031 9.031 9.031 9.031 10.229 10.229 10.229 10.229 10.229 10.229 10.229 10.229 10.229 10.229 10.229 10.229 10.229 10.229 10.229 10.229 10.229 10.229 10.229 10.229 10.229 10.229 7.992 7.992 7.992 7.992 7.992 7.992 7.992 7.992 7.992 7.992 7.992 7.992 7.992 7.992 7.992 7.992 7.992 7.992 7.992 7.992 7.992 7.992
0.0152 0.01508 8.00000 0.5005428791 2.2380130861    0.501 -1.419  3.5477  4.700    0  0.000  0.545     0.00     0.00     0.00     0.00     0.00 -1    -1e-30      0.00 7.092e-01 2.755e-01 2.746e-03 7.408e-04 6.719e-03 -1.000 1.527e-02       3529          0          0          0          0     0.5236     0.5236 8.318 9.025 10.221 7.986 9.025 9.025 9.025 9.025 9.025 9.025 9.025 9.025 9.025 9.025 9.025 9.025 9.025 9.025 9.025 9.025 9.025 9.025 9.025 9.025 9.025 9.025 10.221 10.221 10.221 10.221 10.221 10.221 10.221 10.221 10.221 10.221 10.221 10.221 10.221 10.221 10.221 10.221 10.221 10.221 10.221 10.221 10.221 10.221 7.986 7.986 7.986 7.986 7.986 7.986 7.986 7.986 7.986 7.986 7.986 7.986 7.986 7.986 7.986 7.986 7.986 7.986 7.986 7.986 7.986 7.986
0.0152 0.01508 8.00000 0.5030459166 2.2405722089    0.503 -1.411  3.5489  4.698    0  0.000  0.545     0.00     0.00     0.00     0.00     0.00 -1    -1e-30      0.00 7.092e-01 2.755e-01 2.746e-03 7.408e-04 6.719e-03 -1.000 1.527e-02       3538          0          0          0          0     0.5261     0.5261 8.297 8.997 10.185 7.961 8.997 8.997 8.997 8.997 8.997 8.997 8.997 8.997 8.997 8.997 8.997 8.997 8.997 8.997 8.997 8.997 8.997 8.997 8.997 8.997 8.997 8.997 10.185 10.185 10.185 10.185 10.185 10.185 10.185 10.185 10.185 10.185 10.185 10.185 10.185 10.185 10.185 10.185 10.185 10.185 10.185 10.185 10.185 10.185 7.961 7.961 7.961 7.961 7.961 7.961 7.961 7.961 7.961 7.961 7.961 7.961 7.961 7.961 7.961 7.961 7.961 7.961 7.961 7.961 7.961 7.961
0.0152 0.01508 8.00000 0.5059692860 2.2435242491    0.506 -1.401  3.5503  4.696    0  0.000  0.545     0.00     0.00     0.00     0.00     0.00 -1    -1e-30      0.00 7.092e-01 2.755e-01 2.746e-03 7.408e-04 6.719e-03 -1.000 1.527e-02       3550          0          0          0          0      0.529      0.529 8.272 8.962 10.141 7.930 8.962 8.962 8.962 8.962 8.962 8.962 8.962 8.962 8.962 8.962 8.962 8.962 8.962 8.962 8.962 8.962 8.962 8.962 8.962 8.962 8.962 8.962 10.141 10.141 10.141 10.141 10.141 10.141 10.141 10.141 10.141 10.141 10.141 10.141 10.141 10.141 10.141 10.141 10.141 10.141 10.141 10.141 10.141 10.141 7.930 7.930 7.930 7.930 7.930 7.930 7.930 7.930 7.930 7.930 7.930 7.930 7.930 7.930 7.930 7.930 7.930 7.930 7.930 7.930 7.930 7.930
0.0152 0.01508 8.00000 0.5094010234 2.2469399731    0.509 -1.388  3.5520  4.693    0  0.000  0.545     0.00     0.00     0.00     0.00     0.00 -1    -1e-30      0.00 7.092e-01 2.755e-01 2.746e-03 7.408e-04 6.718e-03 -1.000 1.527e-02       3564          0          0          0          0     0.5324     0.5324 8.241 8.922 10.089 7.894 8.922 8.922 8.922 8.922 8.922 8.922 8.922 8.922 8.922 8.922 8.922 8.922 8.922 8.922 8.922 8.922 8.922 8.922 8.922 8.922 8.922 8.922 10.089 10.089 10.089 10.089 10.089 10.089 10.089 10.089 10.089 10.089 10.089 10.089 10.089 10.089 10.089 10.089 10.089 10.089 10.089 10.089 10.089 10.089 7.894 7.894 7.894 7.894 7.894 7.894 7.894 7.894 7.894 7.894 7.894 7.894 7.894 7.894 7.894 7.894 7.894 7.894 7.894 7.894 7.894 7.894
0.0152 0.01508 8.00000 0.5134974122 2.2509485840    0.513 -1.374  3.5541  4.691    0  0.000  0.545     0.00     0.00     0.00     0.00     0.00 -1    -1e-30      0.00 7.092e-01 2.755e-01 2.746e-03 7.408e-04 6.718e-03 -1.000 1.527e-02       3582          0          0          0          0     0.5363     0.5363 8.205 8.872 10.025 7.850 8.872 8.872 8.872 8.872 8.872 8.872 8.872 8.872 8.872 8.872 8.872 8.872 8.872 8.872 8.872 8.872 8.872 8.872 8.872 8.872 8.872 8.872 10.025 10.025 10.025 10.025 10.025 10.025 10.025 10.025 10.025 10.025 10.025 10.025 10.025 10.025 10.025 10.025 10.025 10.025 10.025 10.025 10.025 10.025 7.850 7.850 7.850 7.850 7.850 7.850 7.850 7.850 7.850 7.850 7.850 7.850 7.850 7.850 7.850 7.850 7.850 7.850 7.850 7.850 7.850 7.850
0.0152 0.01508 8.00000 0.5185627341 2.2558047942    0.518 -1.356  3.5567  4.687    0  0.000  0.545     0.00     0.00     0.00     0.00     0.00 -1    -1e-30      0.00 7.092e-01 2.755e-01 2.746e-03 7.408e-04 6.718e-03 -1.000 1.527e-02       3604          0          0          0          0     0.5412     0.5412 8.159 8.810 9.946 7.795 8.810 8.810 8.810 8.810 8.810 8.810 8.810 8.810 8.810 8.810 8.810 8.810 8.810 8.810 8.810 8.810 8.810 8.810 8.810 8.810 8.810 8.810 9.946 9.946 9.946 9.946 9.946 9.946 9.946 9.946 9.946 9.946 9.946 9.946 9.946 9.946 9.946 9.946 9.946 9.946 9.946 9.946 9.946 9.946 7.795 7.795 7.795 7.795 7.795 7.795 7.795 7.795 7.795 7.795 7.795 7.795 7.795 7.795 7.795 7.795 7.795 7.795 7.795 7.795 7.795 7.795
0.0152 0.01508 8.00000 0.5251325369 2.2619431669    0.525 -1.332  3.5602  4.683    0  0.000  0.545     0.00     0.00     0.00     0.00     0.00 -1    -1e-30      0.00 7.092e-01 2.755e-01 2.746e-03 7.407e-04 6.718e-03 -1.000 1.527e-02       3633          0          0          0          0     0.5474     0.5474 8.099 8.729 9.842 7.723 8.729 8.729 8.729 8.729 8.729 8.729 8.729 8.729 8.729 8.729 8.729 8.729 8.729 8.729 8.729 8.729 8.729 8.729 8.729 8.729 8.729 8.729 9.842 9.842 9.842 9.842 9.842 9.842 9.842 9.842 9.842 9.842 9.842 9.842 9.842 9.842 9.842 9.842 9.842 9.842 9.842 9.842 9.842 9.842 7.723 7.723 7.723 7.723 7.723 7.723 7.723 7.723 7.723 7.723 7.723 7.723 7.723 7.723 7.723 7.723 7.723 7.723 7.723 7.723 7.723 7.723
0.0152 0.01508 8.00000 0.5500000119 2.2836582633    0.549 -1.243  3.5732  4.666    0  0.000  0.545     0.00     0.00     0.00     0.00     0.00 -1    -1e-30      0.00 7.092e-01 2.755e-01 2.745e-03 7.406e-04 6.717e-03 -1.000 1.527e-02       3742          0          0          0          0     0.5702     0.5702 7.878 8.431 9.463 7.459 8.431 8.431 8.431 8.431 8.431 8.431 8.431 8.431 8.431 8.431 8.431 8.431 8.431 8.431 8.431 8.431 8.431 8.431 8.431 8.431 8.431 8.431 9.463 9.463 9.463 9.463 9.463 9.463 9.463 9.463 9.463 9.463 9.463 9.463 9.463 9.463 9.463 9.463 9.463 9.463 9.463 9.463 9.463 9.463 7.459 7.459 7.459 7.459 7.459 7.459 7.459 7.459 7.459 7.459 7.459 7.459 7.459 7.459 7.459 7.459 7.459 7.459 7.459 7.459 7.459 7.459
0.0152 0.01508 8.00000 0.5571843982 2.2895183710    0.557 -1.214  3.5785  4.663    0  0.000  0.545     0.00     0.00     0.00     0.00     0.00 -1    -1e-30      0.00 7.092e-01 2.755e-01 2.745e-03 7.406e-04 6.717e-03 -1.000 1.527e-02       3789          0          0          0          0     0.5759     0.5759 7.804 8.325 9.326 7.368 8.325 8.325 8.325 8.325 8.325 8.325 8.325 8.325 8.325 8.325 8.325 8.325 8.325 8.325 8.325 8.325 8.325 8.325 8.325 8.325 8.325 8.325 9.326 9.326 9.326 9.326 9.326 9.326 9.326 9.326 9.326 9.326 9.326 9.326 9.326 9.326 9.326 9.326 9.326 9.326 9.326 9.326 9.326 9.326 7.368 7.368 7.368 7.368 7.368 7.368 7.368 7.368 7.368 7.368 7.368 7.368 7.368 7.368 7.368 7.368 7.368 7.368 7.368 7.368 7.368 7.368
0.0152 0.01508 8.00000 0.5742784739 2.3027861134    0.574 -1.146  3.5908  4.658    0  0.000  0.545     0.00     0.00     0.00     0.00     0.00 -1    -1e-30      0.00 7.093e-01 2.755e-01 2.745e-03 7.406e-04 6.717e-03 -1.000 1.523e-02       3899          0          0          0          0     0.5883     0.5883 7.636 8.089 9.024 7.164 8.089 8.089 8.089 8.089 8.089 8.089 8.089 8.089 8.089 8.089 8.089 8.089 8.089 8.089 8.089 8.089 8.089 8.089 8.089 8.089 8.089 8.089 9.024 9.024 9.024 9.024 9.024 9.024 9.024 9.024 9.024 9.024 9.024 9.024 9.024 9.024 9.024 9.024 9.024 9.024 9.024 9.024 9.024 9.024 7.164 7.164 7.164 7.164 7.164 7.164 7.164 7.164 7.164 7.164 7.164 7.164 7.164 7.164 7.164 7.164 7.164 7.164 7.164 7.164 7.164 7.164
0.0152 0.01508 8.00000 0.5860753059 2.3114251024    0.586 -1.102  3.5991  4.656    0  0.000  0.545     0.00     0.00     0.00     0.00     0.00 -1    -1e-30      0.00 7.093e-01 2.754e-01 2.745e-03 7.405e-04 6.717e-03 -1.000 1.527e-02       3974          0          0          0          0     0.5956     0.5956 7.526 7.939 8.835 7.034 7.939 7.939 7.939 7.939 7.939 7.939 7.939 7.939 7.939 7.939 7.939 7.939 7.939 7.939 7.939 7.939 7.939 7.939 7.939 7.939 7.939 7.939 8.835 8.835 8.835 8.835 8.835 8.835 8.835 8.835 8.835 8.835 8.835 8.835 8.835 8.835 8.835 8.835 8.835 8.835 8.835 8.835 8.835 8.835 7.034 7.034 7.034 7.034 7.034 7.034 7.034 7.034 7.034 7.034 7.034 7.034 7.034 7.034 7.034 7.034 7.034 7.034 7.034 7.034 7.034 7.034
0.0152 0.01508 8.00000 0.5951969624 2.3178357242    0.595 -1.071  3.6053  4.656    0  0.000  0.545     0.00     0.00     0.00     0.00     0.00 -1    -1e-30      0.00 7.093e-01 2.754e-01 2.745e-03 7.405e-04 6.716e-03 -1.000 1.527e-02       4030          0          0          0          0        0.6        0.6 7.447 7.831 8.698 6.941 7.831 7.831 7.831 7.831 7.831 7.831 7.831 7.831 7.831 7.831 7.831 7.831 7.831 7.831 7.831 7.831 7.831 7.831 7.831 7.831 7.831 7.831 8.698 8.698 8.698 8.698 8.698 8.698 8.698 8.698 8.698 8.698 8.698 8.698 8.698 8.698 8.698 8.698 8.698 8.698 8.698 8.698 8.698 8.698 6.941 6.941 6.941 6.941 6.941 6.941 6.941 6.941 6.941 6.941 6.941 6.941 6.941 6.941 6.941 6.941 6.941 6.941 6.941 6.941 6.941 6.941
0.0152 0.01508 8.00000 0.6000000238 2.3211213258    0.600 -1.056  3.6082  4.657    0  0.000  0.545     0.00     0.00     0.00     0.00     0.00 -1    -1e-30      0.00 7.093e-01 2.754e-01 2.745e-03 7.405e-04 6.716e-03 -1.000 1.527e-02       4056          0          0          0          0     0.6019     0.6019 7.411 7.780 8.634 6.898 7.780 7.780 7.780 7.780 7.780 7.780 7.780 7.780 7.780 7.780 7.780 7.780 7.780 7.780 7.780 7.780 7.780 7.780 7.780 7.780 7.780 7.780 8.634 8.634 8.634 8.634 8.634 8.634 8.634 8.634 8.634 8.634 8.634 8.634 8.634 8.634 8.634 8.634 8.634 8.634 8.634 8.634 8.634 8.634 6.898 6.898 6.898 6.898 6.898 6.898 6.898 6.898 6.898 6.898 6.898 6.898 6.898 6.898 6.898 6.898 6.898 6.898 6.898 6.898 6.898 6.898
0.0152 0.01508 8.00000 0.6146793365 2.3307979276    0.614 -1.014  3.6177  4.663    0  0.000  0.545     0.00     0.00     0.00     0.00     0.00 -1    -1e-30      0.00 7.093e-01 2.754e-01 2.745e-03 7.405e-04 6.716e-03 -1.000 1.527e-02       4148          0          0          0          0     0.6051     0.6051 7.305 7.629 8.440 6.770 7.629 7.629 7.629 7.629 7.629 7.629 7.629 7.629 7.629 7.629 7.629 7.629 7.629 7.629 7.629 7.629 7.629 7.629 7.629 7.629 7.629 7.629 8.440 8.440 8.440 8.440 8.440 8.440 8.440 8.440 8.440 8.440 8.440 8.440 8.440 8.440 8.440 8.440 8.440 8.440 8.440 8.440 8.440 8.440 6.770 6.770 6.770 6.770 6.770 6.770 6.770 6.770 6.770 6.770 6.770 6.770 6.770 6.770 6.770 6.770 6.770 6.770 6.770 6.770 6.770 6.770
0.0152 0.01508 8.00000 0.6254193187 2.3375477777    0.625 -0.990  3.6230  4.668    0  0.000  0.545     0.00     0.00     0.00     0.00     0.00 -1    -1e-30      0.00 7.093e-01 2.754e-01 2.745e-03 7.405e-04 6.716e-03 -1.000 1.527e-02       4199          0          0          0          0     0.6069     0.6069 7.245 7.543 8.330 6.698 7.543 7.543 7.543 7.543 7.543 7.543 7.543 7.543 7.543 7.543 7.543 7.543 7.543 7.543 7.543 7.543 7.543 7.543 7.543 7.543 7.543 7.543 8.330 8.330 8.330 8.330 8.330 8.330 8.330 8.330 8.330 8.330 8.330 8.330 8.330 8.330 8.330 8.330 8.330 8.330 8.330 8.330 8.330 8.330 6.698 6.698 6.698 6.698 6.698 6.698 6.698 6.698 6.698 6.698 6.698 6.698 6.698 6.698 6.698 6.698 6.698 6.698 6.698 6.698 6.698 6.698
0.0152 0.01508 8.00000 0.6345987916 2.3431091120    0.634 -0.974  3.6264  4.673    0  0.000  0.545     0.00     0.00     0.00     0.00     0.00 -1    -1e-30      0.00 7.093e-01 2.754e-01 2.744e-03 7.405e-04 6.716e-03 -1.000 1.527e-02       4232          0          0          0          0     0.6083     0.6083 7.206 7.487 8.259 6.651 7.487 7.487 7.487 7.487 7.487 7.487 7.487 7.487 7.487 7.487 7.487 7.487 7.487 7.487 7.487 7.487 7.487 7.487 7.487 7.487 7.487 7.487 8.259 8.259 8.259 8.259 8.259 8.259 8.259 8.259 8.259 8.259 8.259 8.259 8.259 8.259 8.259 8.259 8.259 8.259 8.259 8.259 8.259 8.259 6.651 6.651 6.651 6.651 6.651 6.651 6.651 6.651 6.651 6.651 6.651 6.651 6.651 6.651 6.651 6.651 6.651 6.651 6.651 6.651 6.651 6.651
0.0152 0.01508 8.00000 0.6420107484 2.3474664024    0.642 -0.964  3.6285  4.676    0  0.000  0.545     0.00     0.00     0.00     0.00     0.00 -1    -1e-30      0.00 7.093e-01 2.754e-01 2.744e-03 7.405e-04 6.716e-03 -1.000 1.527e-02       4252          0          0          0          0     0.6095     0.6095 7.180 7.452 8.214 6.621 7.452 7.452 7.452 7.452 7.452 7.452 7.452 7.452 7.452 7.452 7.452 7.452 7.452 7.452 7.452 7.452 7.452 7.452 7.452 7.452 7.452 7.452 8.214 8.214 8.214 8.214 8.214 8.214 8.214 8.214 8.214 8.214 8.214 8.214 8.214 8.214 8.214 8.214 8.214 8.214 8.214 8.214 8.214 8.214 6.621 6.621 6.621 6.621 6.621 6.621 6.621 6.621 6.621 6.621 6.621 6.621 6.621 6.621 6.621 6.621 6.621 6.621 6.621 6.621 6.621 6.621
0.0152 0.01508 8.00000 0.6482691765 2.3510564800    0.648 -0.957  3.6299  4.678    0  0.000  0.545     0.00     0.00     0.00     0.00     0.00 -1    -1e-30      0.00 7.093e-01 2.754e-01 2.744e-03 7.404e-04 6.716e-03 -1.000 1.527e-02       4265          0          0          0          0     0.6108     0.6108 7.161 7.426 8.183 6.599 7.426 7.426 7.426 7.426 7.426 7.426 7.426 7.426 7.426 7.426 7.426 7.426 7.426 7.426 7.426 7.426 7.426 7.426 7.426 7.426 7.426 7.426 8.183 8.183 8.183 8.183 8.183 8.183 8.183 8.183 8.183 8.183 8.183 8.183 8.183 8.183 8.183 8.183 8.183 8.183 8.183 8.183 8.183 8.183 6.599 6.599 6.599 6.599 6.599 6.599 6.599 6.599 6.599 6.599 6.599 6.599 6.599 6.599 6.599 6.599 6.599 6.599 6.599 6.599 6.599 6.599
0.0152 0.01508 8.00000 0.6499999762 2.3520353107    0.650 -0.955  3.6303  4.679    0  0.000  0.545     0.00     0.00     0.00     0.00     0.00 -1    -1e-30      0.00 7.093e-01 2.754e-01 2.744e-03 7.404e-04 6.716e-03 -1.000 1.527e-02       4268          0          0          0          0     0.6112     0.6112 7.156 7.420 8.175 6.593 7.420 7.420 7.420 7.420 7.420 7.420 7.420 7.420 7.420 7.420 7.420 7.420 7.420 7.420 7.420 7.420 7.420 7.420 7.420 7.420 7.420 7.420 8.175 8.175 8.175 8.175 8.175 8.175 8.175 8.175 8.175 8.175 8.175 8.175 8.175 8.175 8.175 8.175 8.175 8.175 8.175 8.175 8.175 8.175 6.593 6.593 6.593 6.593 6.593 6.593 6.593 6.593 6.593 6.593 6.593 6.593 6.593 6.593 6.593 6.593 6.593 6.593 6.593 6.593 6.593 6.593
0.0152 0.01508 8.00000 0.6504736543 2.3523021493    0.650 -0.954  3.6304  4.679    0  0.000  0.545     0.00     0.00     0.00     0.00     0.00 -1    -1e-30      0.00 7.093e-01 2.754e-01 2.744e-03 7.404e-04 6.716e-03 -1.000 1.527e-02       4269          0          0          0          0     0.6113     0.6113 7.155 7.418 8.173 6.592 7.418 7.418 7.418 7.418 7.418 7.418 7.418 7.418 7.418 7.418 7.418 7.418 7.418 7.418 7.418 7.418 7.418 7.418 7.418 7.418 7.418 7.418 8.173 8.173 8.173 8.173 8.173 8.173 8.173 8.173 8.173 8.173 8.173 8.173 8.173 8.173 8.173 8.173 8.173 8.173 8.173 8.173 8.173 8.173 6.592 6.592 6.592 6.592 6.592 6.592 6.592 6.592 6.592 6.592 6.592 6.592 6.592 6.592 6.592 6.592 6.592 6.592 6.592 6.592 6.592 6.592
0.0152 0.01508 8.00000 0.6558526158 2.3553012264    0.656 -0.947  3.6316  4.680    0  0.000  0.545     0.00     0.00     0.00     0.00     0.00 -1    -1e-30      0.00 7.093e-01 2.754e-01 2.744e-03 7.404e-04 6.715e-03 -1.000 1.527e-02       4282          0          0          0          0     0.6129     0.6129 7.137 7.394 8.143 6.571 7.394 7.394 7.394 7.394 7.394 7.394 7.394 7.394 7.394 7.394 7.394 7.394 7.394 7.394 7.394 7.394 7.394 7.394 7.394 7.394 7.394 7.394 8.143 8.143 8.143 8.143 8.143 8.143 8.143 8.143 8.143 8.143 8.143 8.143 8.143 8.143 8.143 8.143 8.143 8.143 8.143 8.143 8.143 8.143 6.571 6.571 6.571 6.571 6.571 6.571 6.571 6.571 6.571 6.571 6.571 6.571 6.571 6.571 6.571 6.571 6.571 6.571 6.571 6.571 6.571 6.571
0.0152 0.01508 8.00000 0.6612778306 2.3582693280    0.661 -0.939  3.6330  4.681    0  0.000  0.545     0.00     0.00     0.00     0.00     0.00 -1    -1e-30      0.00 7.093e-01 2.754e-01 2.744e-03 7.404e-04 6.715e-03 -1.000 1.527e-02       4296          0          0          0          0     0.6148     0.6148 7.117 7.367 8.109 6.548 7.367 7.367 7.367 7.367 7.367 7.367 7.367 7.367 7.367 7.367 7.367 7.367 7.367 7.367 7.367 7.367 7.367 7.367 7.367 7.367 7.367 7.367 8.109 8.109 8.109 8.109 8.109 8.109 8.109 8.109 8.109 8.109 8.109 8.109 8.109 8.109 8.109 8.109 8.109 8.109 8.109 8.109 8.109 8.109 6.548 6.548 6.548 6.548 6.548 6.548 6.548 6.548 6.548 6.548 6.548 6.548 6.548 6.548 6.548 6.548 6.548 6.548 6.548 6.548 6.548 6.548
0.0152 0.01508 8.00000 0.6669786572 2.3613284597    0.667 -0.929  3.6346  4.682    0  0.000  0.545     0.00     0.00     0.00     0.00     0.00 -1    -1e-30      0.00 7.093e-01 2.754e-01 2.744e-03 7.404e-04 6.715e-03 -1.000 1.523e-02       4313          0          0          0          0     0.6171     0.6171 7.093 7.334 8.069 6.521 7.334 7.334 7.334 7.334 7.334 7.334 7.334 7.334 7.334 7.334 7.334 7.334 7.334 7.334 7.334 7.334 7.334 7.334 7.334 7.334 7.334 7.334 8.069 8.069 8.069 8.069 8.069 8.069 8.069 8.069 8.069 8.069 8.069 8.069 8.069 8.069 8.069 8.069 8.069 8.069 8.069 8.069 8.069 8.069 6.521 6.521 6.521 6.521 6.521 6.521 6.521 6.521 6.521 6.521 6.521 6.521 6.521 6.521 6.521 6.521 6.521 6.521 6.521 6.521 6.521 6.521
0.0152 0.01508 8.00000 0.6799494028 2.3680694310    0.680 -0.900  3.6395  4.681    0  0.000  0.545     0.00     0.00     0.00     0.00     0.00 -1    -1e-30      0.00 7.093e-01 2.754e-01 2.744e-03 7.404e-04 6.715e-03 -1.000 1.524e-02       4361          0          0          0          0     0.6239     0.6239 7.020 7.239 7.951 6.439 7.239 7.239 7.239 7.239 7.239 7.239 7.239 7.239 7.239 7.239 7.239 7.239 7.239 7.239 7.239 7.239 7.239 7.239 7.239 7.239 7.239 7.239 7.951 7.951 7.951 7.951 7.951 7.951 7.951 7.951 7.951 7.951 7.951 7.951 7.951 7.951 7.951 7.951 7.951 7.951 7.951 7.951 7.951 7.951 6.439 6.439 6.439 6.439 6.439 6.439 6.439 6.439 6.439 6.439 6.439 6.439 6.439 6.439 6.439 6.439 6.439 6.439 6.439 6.439 6.439 6.439
0.0152 0.01508 8.00000 0.6952323318 2.3756420297    0.695 -0.860  3.6463  4.678    0  0.000  0.545     0.00     0.00     0.00     0.00     0.00 -1    -1e-30      0.00 7.094e-01 2.754e-01 2.744e-03 7.403e-04 6.715e-03 -1.000 1.525e-02       4429          0          0          0          0     0.6329     0.6329 6.921 7.108 7.790 6.326 7.108 7.108 7.108 7.108 7.108 7.108 7.108 7.108 7.108 7.108 7.108 7.108 7.108 7.108 7.108 7.108 7.108 7.108 7.108 7.108 7.108 7.108 7.790 7.790 7.790 7.790 7.790 7.790 7.790 7.790 7.790 7.790 7.790 7.790 7.790 7.790 7.790 7.790 7.790 7.790 7.790 7.790 7.790 7.790 6.326 6.326 6.326 6.326 6.326 6.326 6.326 6.326 6.326 6.326 6.326 6.326 6.326 6.326 6.326 6.326 6.326 6.326 6.326 6.326 6.326 6.326
0.0152 0.01508 8.00000 0.7000000477 2.3779267258    0.700 -0.847  3.6486  4.677    0  0.000  0.545     0.00     0.00     0.00     0.00     0.00 -1    -1e-30      0.00 7.094e-01 2.754e-01 2.744e-03 7.403e-04 6.715e-03 -1.000 1.526e-02       4451          0          0          0          0     0.6358     0.6358 6.888 7.064 7.737 6.289 7.064 7.064 7.064 7.064 7.064 7.064 7.064 7.064 7.064 7.064 7.064 7.064 7.064 7.064 7.064 7.064 7.064 7.064 7.064 7.064 7.064 7.064 7.737 7.737 7.737 7.737 7.737 7.737 7.737 7.737 7.737 7.737 7.737 7.737 7.737 7.737 7.737 7.737 7.737 7.737 7.737 7.737 7.737 7.737 6.289 6.289 6.289 6.289 6.289 6.289 6.289 6.289 6.289 6.289 6.289 6.289 6.289 6.289 6.289 6.289 6.289 6.289 6.289 6.289 6.289 6.289
0.0152 0.01508 8.00000 0.7470761538 2.3986974078    0.747 -0.711  3.6738  4.670    0  0.000  0.538     0.00     0.00     0.00     0.00     0.00 -1    -1e-30      0.00 7.094e-01 2.754e-01 2.710e-03 7.393e-04 6.714e-03 -1.000 1.522e-02       4718          0          0          0          0      0.662      0.662 6.548 6.614 7.188 5.909 6.614 6.614 6.614 6.614 6.614 6.614 6.614 6.614 6.614 6.614 6.614 6.614 6.614 6.614 6.614 6.614 6.614 6.614 6.614 6.614 6.614 6.614 7.188 7.188 7.188 7.188 7.188 7.188 7.188 7.188 7.188 7.188 7.188 7.188 7.188 7.188 7.188 7.188 7.188 7.188 7.188 7.188 7.188 7.188 5.909 5.909 5.909 5.909 5.909 5.909 5.909 5.909 5.909 5.909 5.909 5.909 5.909 5.909 5.909 5.909 5.909 5.909 5.909 5.909 5.909 5.909
0.0152 0.01508 8.00000 0.7500000000 2.3998889087    0.750 -0.703  3.6753  4.669    0  0.000  0.538     0.00     0.00     0.00     0.00     0.00 -1    -1e-30      0.00 7.094e-01 2.754e-01 2.707e-03 7.392e-04 6.714e-03 -1.000 1.521e-02       4734          0          0          0          0     0.6636     0.6636 6.527 6.588 7.156 5.887 6.588 6.588 6.588 6.588 6.588 6.588 6.588 6.588 6.588 6.588 6.588 6.588 6.588 6.588 6.588 6.588 6.588 6.588 6.588 6.588 6.588 6.588 7.156 7.156 7.156 7.156 7.156 7.156 7.156 7.156 7.156 7.156 7.156 7.156 7.156 7.156 7.156 7.156 7.156 7.156 7.156 7.156 7.156 7.156 5.887 5.887 5.887 5.887 5.887 5.887 5.887 5.887 5.887 5.887 5.887 5.887 5.887 5.887 5.887 5.887 5.887 5.887 5.887 5.887 5.887 5.887
0.0152 0.01508 8.00000 0.7705611587 2.4079749844    0.770 -0.649  3.6834  4.660    0  0.000  0.541     0.00     0.00     0.00     0.00     0.00 -1    -1e-30      0.00 7.096e-01 2.752e-01 2.721e-03 7.392e-04 6.710e-03 -1.000 1.526e-02       4824          0          0          0          0     0.6804     0.6804 6.393 6.425 6.965 5.745 6.425 6.425 6.425 6.425 6.425 6.425 6.425 6.425 6.425 6.425 6.425 6.425 6.425 6.425 6.425 6.425 6.425 6.425 6.425 6.425 6.425 6.425 6.965 6.965 6.965 6.965 6.965 6.965 6.965 6.965 6.965 6.965 6.965 6.965 6.965 6.965 6.965 6.965 6.965 6.965 6.965 6.965 6.965 6.965 5.745 5.745 5.745 5.745 5.745 5.745 5.745 5.745 5.745 5.745 5.745 5.745 5.745 5.745 5.745 5.745 5.745 5.745 5.745 5.745 5.745 5.745
0.0152 0.01508 8.00000 0.7885489464 2.4146527780    0.788 -0.604  3.6903  4.651    0  0.000  0.543     0.00     0.00     0.00     0.00     0.00 -1    -1e-30      0.00 7.097e-01 2.750e-01 2.732e-03 7.391e-04 6.706e-03 -1.000 1.524e-02       4901          0          0          0          0     0.6946     0.6946 6.279 6.289 6.808 5.626 6.289 6.289 6.289 6.289 6.289 6.289 6.289 6.289 6.289 6.289 6.289 6.289 6.289 6.289 6.289 6.289 6.289 6.289 6.289 6.289 6.289 6.289 6.808 6.808 6.808 6.808 6.808 6.808 6.808 6.808 6.808 6.808 6.808 6.808 6.808 6.808 6.808 6.808 6.808 6.808 6.808 6.808 6.808 6.808 5.626 5.626 5.626 5.626 5.626 5.626 5.626 5.626 5.626 5.626 5.626 5.626 5.626 5.626 5.626 5.626 5.626 5.626 5.626 5.626 5.626 5.626
0.0152 0.01508 8.00000 0.7981481552 2.4180750773    0.798 -0.580  3.6939  4.647    0  0.000  0.545     0.00     0.00     0.00     0.00     0.00 -1    -1e-30      0.00 7.098e-01 2.749e-01 2.738e-03 7.391e-04 6.703e-03 -1.000 1.524e-02       4941          0          0          0          0     0.7021     0.7021 6.219 6.219 6.727 5.564 6.219 6.219 6.219 6.219 6.219 6.219 6.219 6.219 6.219 6.219 6.219 6.219 6.219 6.219 6.219 6.219 6.219 6.219 6.219 6.219 6.219 6.219 6.727 6.727 6.727 6.727 6.727 6.727 6.727 6.727 6.727 6.727 6.727 6.727 6.727 6.727 6.727 6.727 6.727 6.727 6.727 6.727 6.727 6.727 5.564 5.564 5.564 5.564 5.564 5.564 5.564 5.564 5.564 5.564 5.564 5.564 5.564 5.564 5.564 5.564 5.564 5.564 5.564 5.564 5.564 5.564
0.0152 0.01508 8.00000 0.8012514710 2.4191613170    0.801 -0.572  3.6951  4.646    0  0.000  0.545     0.00     0.00     0.00     0.00     0.00 -1    -1e-30      0.00 7.098e-01 2.749e-01 2.738e-03 7.391e-04 6.703e-03 -1.000 1.523e-02       4955          0          0          0          0     0.7046     0.7046 6.200 6.196 6.700 5.545 6.196 6.196 6.196 6.196 6.196 6.196 6.196 6.196 6.196 6.196 6.196 6.196 6.196 6.196 6.196 6.196 6.196 6.196 6.196 6.196 6.196 6.196 6.700 6.700 6.700 6.700 6.700 6.700 6.700 6.700 6.700 6.700 6.700 6.700 6.700 6.700 6.700 6.700 6.700 6.700 6.700 6.700 6.700 6.700 5.545 5.545 5.545 5.545 5.545 5.545 5.545 5.545 5.545 5.545 5.545 5.545 5.545 5.545 5.545 5.545 5.545 5.545 5.545 5.545 5.545 5.545
0.0152 0.01508 8.00000 0.8090174198 2.4218376472    0.809 -0.553  3.6980  4.642    0  0.000  0.545     0.00     0.00     0.00     0.00     0.00 -1    -1e-30      0.00 7.099e-01 2.749e-01 2.739e-03 7.390e-04 6.703e-03 -1.000 1.523e-02       4988          0          0          0          0     0.7109     0.7109 6.152 6.139 6.635 5.495 6.139 6.139 6.139 6.139 6.139 6.139 6.139 6.139 6.139 6.139 6.139 6.139 6.139 6.139 6.139 6.139 6.139 6.139 6.139 6.139 6.139 6.139 6.635 6.635 6.635 6.635 6.635 6.635 6.635 6.635 6.635 6.635 6.635 6.635 6.635 6.635 6.635 6.635 6.635 6.635 6.635 6.635 6.635 6.635 5.495 5.495 5.495 5.495 5.495 5.495 5.495 5.495 5.495 5.495 5.495 5.495 5.495 5.495 5.495 5.495 5.495 5.495 5.495 5.495 5.495 5.495
0.0152 0.01508 8.00000 0.8166467547 2.4244099765    0.816 -0.534  3.7008  4.639    0  0.000  0.545     0.00     0.00     0.00     0.00     0.00 -1    -1e-30      0.00 7.099e-01 2.749e-01 2.739e-03 7.390e-04 6.702e-03 -1.000 1.523e-02       5020          0          0          0          0      0.717      0.717 6.105 6.084 6.572 5.447 6.084 6.084 6.084 6.084 6.084 6.084 6.084 6.084 6.084 6.084 6.084 6.084 6.084 6.084 6.084 6.084 6.084 6.084 6.084 6.084 6.084 6.084 6.572 6.572 6.572 6.572 6.572 6.572 6.572 6.572 6.572 6.572 6.572 6.572 6.572 6.572 6.572 6.572 6.572 6.572 6.572 6.572 6.572 6.572 5.447 5.447 5.447 5.447 5.447 5.447 5.447 5.447 5.447 5.447 5.447 5.447 5.447 5.447 5.447 5.447 5.447 5.447 5.447 5.447 5.447 5.447
0.0152 0.01508 8.00000 0.8174074888 2.4246634420    0.817 -0.532  3.7011  4.638    0  0.000  0.545     0.00     0.00     0.00     0.00     0.00 -1    -1e-30      0.00 7.099e-01 2.749e-01 2.739e-03 7.390e-04 6.702e-03 -1.000 1.523e-02       5024          0          0          0          0     0.7176     0.7176 6.100 6.079 6.566 5.443 6.079 6.079 6.079 6.079 6.079 6.079 6.079 6.079 6.079 6.079 6.079 6.079 6.079 6.079 6.079 6.079 6.079 6.079 6.079 6.079 6.079 6.079 6.566 6.566 6.566 6.566 6.566 6.566 6.566 6.566 6.566 6.566 6.566 6.566 6.566 6.566 6.566 6.566 6.566 6.566 6.566 6.566 6.566 6.566 5.443 5.443 5.443 5.443 5.443 5.443 5.443 5.443 5.443 5.443 5.443 5.443 5.443 5.443 5.443 5.443 5.443 5.443 5.443 5.443 5.443 5.443
0.0152 0.01508 8.00000 0.8349367380 2.4303571167    0.834 -0.490  3.7074  4.630    0  0.000  0.545     0.00     0.00     0.00     0.00     0.00 -1    -1e-30      0.00 7.099e-01 2.749e-01 2.739e-03 7.389e-04 6.702e-03 -1.000 1.523e-02       5097          0          0          0          0     0.7319     0.7319 5.994 5.957 6.426 5.335 5.957 5.957 5.957 5.957 5.957 5.957 5.957 5.957 5.957 5.957 5.957 5.957 5.957 5.957 5.957 5.957 5.957 5.957 5.957 5.957 5.957 5.957 6.426 6.426 6.426 6.426 6.426 6.426 6.426 6.426 6.426 6.426 6.426 6.426 6.426 6.426 6.426 6.426 6.426 6.426 6.426 6.426 6.426 6.426 5.335 5.335 5.335 5.335 5.335 5.335 5.335 5.335 5.335 5.335 5.335 5.335 5.335 5.335 5.335 5.335 5.335 5.335 5.335 5.335 5.335 5.335
0.0152 0.01508 8.00000 0.8366667032 2.4309041707    0.836 -0.485  3.7080  4.630    0  0.000  0.545     0.00     0.00     0.00     0.00     0.00 -1 -1.03e-30      0.00 7.099e-01 2.749e-01 2.739e-03 7.389e-04 6.702e-03 -1.000 1.523e-02       5105          0          0          0          0     0.7332     0.7332 5.984 5.945 6.412 5.325 5.945 5.945 5.945 5.945 5.945 5.945 5.945 5.945 5.945 5.945 5.945 5.945 5.945 5.945 5.945 5.945 5.945 5.945 5.945 5.945 5.945 5.945 6.412 6.412 6.412 6.412 6.412 6.412 6.412 6.412 6.412 6.412 6.412 6.412 6.412 6.412 6.412 6.412 6.412 6.412 6.412 6.412 6.412 6.412 5.325 5.325 5.325 5.325 5.325 5.325 5.325 5.325 5.325 5.325 5.325 5.325 5.325 5.325 5.325 5.325 5.325 5.325 5.325 5.325 5.325 5.325
0.0152 0.01508 8.00000 0.8559259176 2.4368230270    0.855 -0.440  3.7150  4.622    0  0.000  0.545     0.00     0.00     0.00     0.00     0.00 -1 -1.56e-30      0.00 7.098e-01 2.749e-01 2.740e-03 7.391e-04 6.704e-03 -1.000 1.524e-02       5187          0          0          0          0     0.7482     0.7482 5.870 5.816 6.260 5.215 5.816 5.816 5.818 5.816 5.816 5.816 5.816 5.816 5.816 5.816 5.816 5.816 5.816 5.816 5.816 5.816 5.816 5.816 5.816 5.816 5.816 5.816 6.260 6.261 6.263 6.261 6.261 6.261 6.261 6.261 6.261 6.261 6.261 6.261 6.261 6.261 6.261 6.261 6.261 6.261 6.261 6.261 6.261 6.261 5.215 5.215 5.217 5.215 5.215 5.215 5.215 5.215 5.215 5.215 5.215 5.215 5.215 5.215 5.215 5.215 5.215 5.215 5.215 5.215 5.215 5.215
0.0152 0.01508 8.00000 0.8751851916 2.4424433239    0.874 -0.396  3.7216  4.614    0  0.000  0.545     0.00     0.00     0.00     0.00     0.00 -1 -3.53e-30      0.00 7.098e-01 2.749e-01 2.740e-03 7.392e-04 6.704e-03 -1.000 1.524e-02       5267          0          0          0          0     0.7637     0.7637 5.759 5.692 6.115 5.110 5.692 5.693 5.697 5.693 5.693 5.693 5.693 5.693 5.693 5.693 5.693 5.693 5.693 5.693 5.693 5.693 5.693 5.693 5.693 5.693 5.693 5.693 6.115 6.115 6.120 6.115 6.115 6.115 6.115 6.115 6.115 6.115 6.115 6.115 6.115 6.115 6.115 6.115 6.115 6.115 6.115 6.115 6.115 6.115 5.110 5.111 5.114 5.111 5.111 5.111 5.111 5.111 5.111 5.111 5.111 5.111 5.111 5.111 5.111 5.111 5.111 5.111 5.111 5.111 5.111 5.111
0.0152 0.01508 8.00000 0.8944445252 2.4477862051    0.893 -0.352  3.7279  4.605    0  0.000  0.545     0.00     0.00     0.00     0.00     0.00 -1 -2.07e-30      0.00 7.099e-01 2.749e-01 2.740e-03 7.391e-04 6.703e-03 -1.000 1.524e-02       5343          0          0          0          0     0.7802     0.7802 5.651 5.572 5.975 5.007 5.572 5.572 5.579 5.572 5.572 5.572 5.572 5.572 5.572 5.572 5.572 5.572 5.572 5.572 5.572 5.572 5.572 5.572 5.572 5.572 5.572 5.572 5.975 5.975 5.983 5.975 5.975 5.975 5.975 5.975 5.975 5.975 5.975 5.975 5.975 5.975 5.975 5.975 5.975 5.975 5.975 5.975 5.975 5.975 5.007 5.007 5.012 5.007 5.007 5.007 5.007 5.007 5.007 5.007 5.007 5.007 5.007 5.007 5.007 5.007 5.007 5.007 5.007 5.007 5.007 5.007
0.0152 0.01508 8.00000 0.9137036800 2.4528708428    0.913 -0.310  3.7339  4.596    0  0.000  0.545     0.00     0.00     0.00     0.00     0.00 -1 -2.62e-29      0.00 7.099e-01 2.749e-01 2.740e-03 7.391e-04 6.703e-03 -1.000 1.524e-02       5418          0          0          0          0     0.7967     0.7967 5.545 5.455 5.842 4.903 5.455 5.455 5.462 5.455 5.455 5.455 5.455 5.455 5.455 5.455 5.455 5.455 5.455 5.455 5.455 5.455 5.455 5.455 5.455 5.455 5.455 5.455 5.842 5.842 5.851 5.842 5.842 5.842 5.842 5.842 5.842 5.842 5.842 5.842 5.842 5.842 5.842 5.842 5.842 5.842 5.842 5.842 5.842 5.842 4.903 4.903 4.909 4.903 4.903 4.903 4.903 4.903 4.903 4.903 4.903 4.903 4.903 4.903 4.903 4.903 4.903 4.903 4.903 4.903 4.903 4.903
0.0152 0.01508 8.00000 0.9329630136 2.4577148652    0.932 -0.269  3.7396  4.587    0  0.000  0.545     0.00     0.00     0.00     0.00     0.00 -1 -4.82e-30      0.00 7.098e-01 2.750e-01 2.740e-03 7.393e-04 6.705e-03 -1.000 1.524e-02       5490          0          0          0          0     0.8137     0.8137 5.442 5.341 5.715 4.801 5.341 5.340 5.347 5.340 5.340 5.340 5.340 5.340 5.340 5.340 5.340 5.340 5.340 5.340 5.340 5.340 5.340 5.340 5.340 5.340 5.340 5.340 5.715 5.714 5.723 5.714 5.714 5.714 5.714 5.714 5.714 5.714 5.714 5.714 5.714 5.714 5.714 5.714 5.714 5.714 5.714 5.714 5.714 5.714 4.801 4.801 4.806 4.801 4.801 4.801 4.801 4.801 4.801 4.801 4.801 4.801 4.801 4.801 4.801 4.801 4.801 4.801 4.801 4.801 4.801 4.801
0.0152 0.01508 8.00000 0.9522222281 2.4623342097    0.951 -0.228  3.7451  4.577    0  0.000  0.545     0.00     0.00     0.00     0.00     0.00 -1    -1e-29      0.00 7.098e-01 2.750e-01 2.740e-03 7.393e-04 6.705e-03 -1.000 1.524e-02       5560          0          0          0          0     0.8312     0.8312 5.341 5.233 5.596 4.705 5.233 5.233 5.240 5.233 5.233 5.233 5.233 5.233 5.233 5.233 5.233 5.233 5.233 5.233 5.233 5.233 5.233 5.233 5.233 5.233 5.233 5.233 5.596 5.596 5.604 5.596 5.596 5.596 5.596 5.596 5.596 5.596 5.596 5.596 5.596 5.596 5.596 5.596 5.596 5.596 5.596 5.596 5.596 5.596 4.705 4.705 4.710 4.705 4.705 4.705 4.705 4.705 4.705 4.705 4.705 4.705 4.705 4.705 4.705 4.705 4.705 4.705 4.705 4.705 4.705 4.705
0.0152 0.01508 8.00000 0.9714815617 2.4667435862    0.971 -0.186  3.7504  4.565    0  0.000  0.545     0.00     0.00     0.00     0.00     0.00 -1 -1.03e-29      0.00 7.099e-01 2.749e-01 2.739e-03 7.391e-04 6.703e-03 -1.000 1.523e-02       5628          0          0          0          0     0.8513     0.8513 5.236 5.122 5.474 4.605 5.122 5.122 5.129 5.122 5.122 5.122 5.122 5.122 5.122 5.122 5.122 5.122 5.122 5.122 5.122 5.122 5.122 5.122 5.122 5.122 5.122 5.122 5.474 5.473 5.482 5.473 5.473 5.473 5.473 5.473 5.473 5.473 5.473 5.473 5.473 5.473 5.473 5.473 5.473 5.473 5.473 5.473 5.473 5.473 4.605 4.605 4.610 4.605 4.605 4.605 4.605 4.605 4.605 4.605 4.605 4.605 4.605 4.605 4.605 4.605 4.605 4.605 4.605 4.605 4.605 4.605
0.0152 0.01508 8.00000 0.9907408357 2.4709563841    0.991 -0.144  3.7557  4.553    0  0.000  0.545     0.00     0.00     0.00     0.00     0.00 -1 -7.64e-30      0.00 7.100e-01 2.748e-01 2.738e-03 7.388e-04 6.701e-03 -1.000 1.523e-02       5697          0          0          0          0     0.8723     0.8723 5.130 5.011 5.351 4.504 5.011 5.010 5.017 5.010 5.010 5.010 5.010 5.010 5.010 5.010 5.010 5.010 5.010 5.010 5.010 5.010 5.010 5.010 5.010 5.010 5.010 5.010 5.351 5.350 5.359 5.350 5.350 5.350 5.350 5.350 5.350 5.350 5.350 5.350 5.350 5.350 5.350 5.350 5.350 5.350 5.350 5.350 5.350 5.350 4.504 4.504 4.509 4.504 4.504 4.504 4.504 4.504 4.504 4.504 4.504 4.504 4.504 4.504 4.504 4.504 4.504 4.504 4.504 4.504 4.504 4.504
0.0152 0.01508 8.00000 1.0099999905 2.4749849264    1.010 -0.104  3.7608  4.541    0  0.000  0.545     0.00     0.00     0.00     0.00     0.00 -1 -8.24e-30      0.00 7.101e-01 2.747e-01 2.738e-03 7.387e-04 6.700e-03 -1.000 1.523e-02       5765          0          0          0          0     0.8925     0.8925 5.029 4.904 5.233 4.409 4.904 4.904 4.910 4.904 4.904 4.904 4.904 4.904 4.904 4.904 4.904 4.904 4.904 4.904 4.904 4.904 4.904 4.904 4.904 4.904 4.904 4.904 5.233 5.233 5.241 5.233 5.233 5.233 5.233 5.233 5.233 5.233 5.233 5.233 5.233 5.233 5.233 5.233 5.233 5.233 5.233 5.233 5.233 5.233 4.409 4.409 4.413 4.409 4.409 4.409 4.409 4.409 4.409 4.409 4.409 4.409 4.409 4.409 4.409 4.409 4.409 4.409 4.409 4.409 4.409 4.409
0.0152 0.01508 8.00000 1.0292592049 2.4788405951    1.029 -0.064  3.7657  4.529    0  0.000  0.545     0.00     0.00     0.00     0.00     0.00 -1 -1.17e-29      0.00 7.101e-01 2.747e-01 2.738e-03 7.387e-04 6.699e-03 -1.000 1.523e-02       5830          0          0          0          0     0.9131     0.9131 4.930 4.802 5.121 4.317 4.802 4.802 4.808 4.802 4.802 4.802 4.802 4.802 4.802 4.802 4.802 4.802 4.802 4.802 4.802 4.802 4.802 4.802 4.802 4.802 4.802 4.802 5.121 5.121 5.129 5.121 5.121 5.121 5.121 5.121 5.121 5.121 5.121 5.121 5.121 5.121 5.121 5.121 5.121 5.121 5.121 5.121 5.121 5.121 4.317 4.317 4.322 4.317 4.317 4.317 4.317 4.317 4.317 4.317 4.317 4.317 4.317 4.317 4.317 4.317 4.317 4.317 4.317 4.317 4.317 4.317
0.0152 0.01508 8.00000 1.0485184193 2.4825338275    1.048 -0.025  3.7705  4.517    0  0.000  0.545     0.00     0.00     0.00     0.00     0.00 -1 -2.39e-29      0.00 7.101e-01 2.746e-01 2.738e-03 7.386e-04 6.699e-03 -1.000 1.522e-02       5894          0          0          0          0     0.9344     0.9344 4.833 4.701 5.011 4.227 4.701 4.701 4.708 4.701 4.701 4.701 4.701 4.701 4.701 4.701 4.701 4.701 4.701 4.701 4.701 4.701 4.701 4.701 4.701 4.701 4.701 4.701 5.011 5.011 5.019 5.011 5.011 5.011 5.011 5.011 5.011 5.011 5.011 5.011 5.011 5.011 5.011 5.011 5.011 5.011 5.011 5.011 5.011 5.011 4.227 4.227 4.231 4.227 4.227 4.227 4.227 4.227 4.227 4.227 4.227 4.227 4.227 4.227 4.227 4.227 4.227 4.227 4.227 4.227 4.227 4.227
0.0152 0.01508 8.00000 1.0677778721 2.4860743086    1.067  0.013  3.7749  4.505    0  0.000  0.545     0.00     0.00     0.00     0.00     0.00 -1  -7.7e-30      0.00 7.101e-01 2.746e-01 2.738e-03 7.386e-04 6.699e-03 -1.000 1.522e-02       5955          0          0          0          0     0.9562     0.9562 4.738 4.605 4.906 4.139 4.605 4.605 4.611 4.605 4.605 4.605 4.605 4.605 4.605 4.605 4.605 4.605 4.605 4.605 4.605 4.605 4.605 4.605 4.605 4.605 4.605 4.605 4.906 4.905 4.913 4.905 4.905 4.905 4.905 4.905 4.905 4.905 4.905 4.905 4.905 4.905 4.905 4.905 4.905 4.905 4.905 4.905 4.905 4.905 4.139 4.139 4.143 4.139 4.139 4.139 4.139 4.139 4.139 4.139 4.139 4.139 4.139 4.139 4.139 4.139 4.139 4.139 4.139 4.139 4.139 4.139
0.0152 0.01508 8.00000 1.0870370865 2.4894708602    1.086  0.050  3.7793  4.493    0  0.000  0.545     0.00     0.00     0.00     0.00     0.00 -1 -2.25e-29      0.00 7.102e-01 2.746e-01 2.737e-03 7.385e-04 6.698e-03 -1.000 1.522e-02       6015          0          0          0          0     0.9787     0.9787 4.644 4.512 4.805 4.054 4.512 4.512 4.518 4.512 4.512 4.512 4.512 4.512 4.512 4.512 4.512 4.512 4.512 4.512 4.512 4.512 4.512 4.512 4.512 4.512 4.512 4.512 4.805 4.804 4.812 4.804 4.804 4.804 4.804 4.804 4.804 4.804 4.804 4.804 4.804 4.804 4.804 4.804 4.804 4.804 4.804 4.804 4.804 4.804 4.054 4.054 4.058 4.054 4.054 4.054 4.054 4.054 4.054 4.054 4.054 4.054 4.054 4.054 4.054 4.054 4.054 4.054 4.054 4.054 4.054 4.054
0.0152 0.01508 8.00000 1.1062963009 2.4927317712    1.105  0.087  3.7835  4.480    0  0.000  0.545     0.00     0.00     0.00     0.00     0.00 -1 -1.53e-29      0.00 7.103e-01 2.745e-01 2.737e-03 7.383e-04 6.697e-03 -1.000 1.522e-02       6074          0          0          0          0      1.002      1.002 4.551 4.418 4.702 3.968 4.418 4.418 4.424 4.418 4.418 4.418 4.418 4.418 4.418 4.418 4.418 4.418 4.418 4.418 4.418 4.418 4.418 4.418 4.418 4.418 4.418 4.418 4.702 4.702 4.710 4.702 4.702 4.702 4.702 4.702 4.702 4.702 4.702 4.702 4.702 4.702 4.702 4.702 4.702 4.702 4.702 4.702 4.702 4.702 3.968 3.969 3.973 3.969 3.969 3.969 3.969 3.969 3.969 3.969 3.969 3.969 3.969 3.969 3.969 3.969 3.969 3.969 3.969 3.969 3.969 3.969
0.0152 0.01508 8.00000 1.1255555153 2.4958646809    1.124  0.124  3.7876  4.468    0  0.000  0.545     0.00     0.00     0.00     0.00     0.00 -1 -1.34e-28      0.00 7.104e-01 2.744e-01 2.736e-03 7.382e-04 6.695e-03 -1.000 1.522e-02       6132          0          0          0          0      1.025      1.025 4.460 4.325 4.602 3.885 4.325 4.326 4.332 4.326 4.326 4.326 4.326 4.326 4.326 4.326 4.326 4.326 4.326 4.326 4.326 4.326 4.326 4.326 4.326 4.326 4.326 4.326 4.602 4.602 4.610 4.602 4.602 4.602 4.602 4.602 4.602 4.602 4.602 4.602 4.602 4.602 4.602 4.602 4.602 4.602 4.602 4.602 4.602 4.602 3.885 3.885 3.889 3.885 3.885 3.885 3.885 3.885 3.885 3.885 3.885 3.885 3.885 3.885 3.885 3.885 3.885 3.885 3.885 3.885 3.885 3.885
0.0152 0.01508 8.00000 1.1448147297 2.4988766773    1.144  0.160  3.7916  4.455    0  0.000  0.545     0.00     0.00     0.00     0.00     0.00 -1 -5.41e-28      0.00 7.105e-01 2.743e-01 2.735e-03 7.380e-04 6.693e-03 -1.000 1.521e-02       6188          0          0          0          0      1.049      1.049 4.371 4.235 4.504 3.803 4.235 4.236 4.242 4.236 4.236 4.236 4.236 4.236 4.236 4.236 4.236 4.236 4.236 4.236 4.236 4.236 4.236 4.236 4.236 4.236 4.236 4.236 4.504 4.505 4.512 4.505 4.505 4.505 4.505 4.505 4.505 4.505 4.505 4.505 4.505 4.505 4.505 4.505 4.505 4.505 4.505 4.505 4.505 4.505 3.803 3.803 3.808 3.803 3.803 3.803 3.803 3.803 3.803 3.803 3.803 3.803 3.803 3.803 3.803 3.803 3.803 3.803 3.803 3.803 3.803 3.803
0.0152 0.01508 8.00000 1.1640739441 2.5017743453    1.163  0.195  3.7955  4.443    0  0.000  0.545     0.00     0.00     0.00     0.00     0.00 -1 -5.19e-28      0.00 7.106e-01 2.742e-01 2.734e-03 7.377e-04 6.691e-03 -1.000 1.521e-02       6244          0          0          0          0      1.073      1.073 4.282 4.146 4.408 3.722 4.146 4.147 4.152 4.147 4.147 4.147 4.147 4.147 4.147 4.147 4.147 4.147 4.147 4.147 4.147 4.147 4.147 4.147 4.147 4.147 4.147 4.147 4.408 4.409 4.416 4.409 4.409 4.409 4.409 4.409 4.409 4.409 4.409 4.409 4.409 4.409 4.409 4.409 4.409 4.409 4.409 4.409 4.409 4.409 3.722 3.723 3.727 3.723 3.723 3.723 3.723 3.723 3.723 3.723 3.723 3.723 3.723 3.723 3.723 3.723 3.723 3.723 3.723 3.723 3.723 3.723
0.0152 0.01508 8.00000 1.1833333969 2.5045638442    1.182  0.230  3.7993  4.430    0  0.000  0.545     0.00     0.00     0.00     0.00     0.00 -1 -9.79e-27      0.00 7.107e-01 2.741e-01 2.733e-03 7.374e-04 6.688e-03 -1.000 1.520e-02       6298          0          0          0          0      1.097      1.097 4.196 4.059 4.314 3.643 4.059 4.060 4.066 4.060 4.060 4.060 4.060 4.060 4.060 4.060 4.060 4.060 4.060 4.060 4.060 4.060 4.060 4.060 4.060 4.060 4.060 4.060 4.314 4.315 4.322 4.315 4.315 4.315 4.315 4.315 4.315 4.315 4.315 4.315 4.315 4.315 4.315 4.315 4.315 4.315 4.315 4.315 4.315 4.315 3.643 3.644 3.648 3.644 3.644 3.644 3.644 3.644 3.644 3.644 3.644 3.644 3.644 3.644 3.644 3.644 3.644 3.644 3.644 3.644 3.644 3.644
0.0152 0.01508 8.00000 1.2025926113 2.5072508095    1.202  0.264  3.8031  4.418    0  0.000  0.545     0.00     0.00     0.00     0.00     0.00 -1 -1.37e-13      0.00 7.110e-01 2.738e-01 2.731e-03 7.369e-04 6.683e-03 -1.000 1.519e-02       6354          0          0          0          0      1.121      1.121 4.110 3.972 4.220 3.565 3.972 3.974 3.980 3.974 3.974 3.974 3.974 3.974 3.974 3.974 3.974 3.974 3.974 3.974 3.974 3.974 3.974 3.974 3.974 3.974 3.974 3.974 4.220 4.222 4.229 4.222 4.222 4.222 4.222 4.222 4.222 4.222 4.222 4.222 4.222 4.222 4.222 4.222 4.222 4.222 4.222 4.222 4.222 4.222 3.565 3.566 3.570 3.566 3.566 3.566 3.566 3.566 3.566 3.566 3.566 3.566 3.566 3.566 3.566 3.566 3.566 3.566 3.566 3.566 3.566 3.566
0.0152 0.01508 8.00000 1.2218518257 2.5098405951    1.220  0.296  3.8065  4.407    0  0.000  0.545     0.00     0.00     0.00     0.00     0.00 -1 -1.49e-13      0.00 7.112e-01 2.736e-01 2.729e-03 7.364e-04 6.679e-03 -1.000 1.518e-02       6405          0          0          0          0      1.145      1.145 4.031 3.893 4.135 3.492 3.893 3.894 3.900 3.894 3.894 3.894 3.894 3.894 3.894 3.894 3.894 3.894 3.894 3.894 3.894 3.894 3.894 3.894 3.894 3.894 3.894 3.894 4.135 4.136 4.143 4.136 4.136 4.136 4.136 4.136 4.136 4.136 4.136 4.136 4.136 4.136 4.136 4.136 4.136 4.136 4.136 4.136 4.136 4.136 3.492 3.494 3.498 3.494 3.494 3.494 3.494 3.494 3.494 3.494 3.494 3.494 3.494 3.494 3.494 3.494 3.494 3.494 3.494 3.494 3.494 3.494
0.0152 0.01508 8.00000 1.2411112785 2.5123381962    1.241  0.330  3.8104  4.395    0  0.000  0.545     0.00     0.00     0.00     0.00     0.00 -1 -1.62e-13      0.00 7.116e-01 2.732e-01 2.727e-03 7.357e-04 6.673e-03 -1.000 1.517e-02       6461          0          0          0          0      1.171      1.171 3.944 3.806 4.041 3.414 3.806 3.808 3.814 3.808 3.808 3.808 3.808 3.808 3.808 3.808 3.808 3.808 3.808 3.808 3.808 3.808 3.808 3.808 3.808 3.808 3.808 3.808 4.041 4.043 4.050 4.043 4.043 4.043 4.043 4.043 4.043 4.043 4.043 4.043 4.043 4.043 4.043 4.043 4.043 4.043 4.043 4.043 4.043 4.043 3.414 3.416 3.420 3.416 3.416 3.416 3.416 3.416 3.416 3.416 3.416 3.416 3.416 3.416 3.416 3.416 3.416 3.416 3.416 3.416 3.416 3.416
0.0152 0.01508 8.00000 1.2519332170 2.5137028895    1.251  0.348  3.8122  4.389    0  0.000  0.545     0.00     0.00     0.00     0.00     0.00 -1 -1.69e-13      0.00 7.118e-01 2.731e-01 2.726e-03 7.354e-04 6.671e-03 -1.000 1.516e-02       6489          0          0          0          0      1.184      1.184 3.901 3.763 3.995 3.375 3.763 3.765 3.771 3.765 3.765 3.765 3.765 3.765 3.765 3.765 3.765 3.765 3.765 3.765 3.765 3.765 3.765 3.765 3.765 3.765 3.765 3.765 3.995 3.997 4.004 3.997 3.997 3.997 3.997 3.997 3.997 3.997 3.997 3.997 3.997 3.997 3.997 3.997 3.997 3.997 3.997 3.997 3.997 3.997 3.375 3.377 3.381 3.377 3.377 3.377 3.377 3.377 3.377 3.377 3.377 3.377 3.377 3.377 3.377 3.377 3.377 3.377 3.377 3.377 3.377 3.377
0.0152 0.01508 8.00000 1.2603704929 2.5147481902    1.259  0.361  3.8136  4.384    0  0.000  0.545     0.00     0.00     0.00     0.00     0.00 -1 -1.75e-13      0.00 7.119e-01 2.729e-01 2.725e-03 7.352e-04 6.669e-03 -1.000 1.516e-02       6510          0          0          0          0      1.195      1.195 3.867 3.730 3.959 3.344 3.730 3.732 3.737 3.732 3.732 3.732 3.732 3.732 3.732 3.732 3.732 3.732 3.732 3.732 3.732 3.732 3.732 3.732 3.732 3.732 3.732 3.732 3.959 3.961 3.968 3.961 3.961 3.961 3.961 3.961 3.961 3.961 3.961 3.961 3.961 3.961 3.961 3.961 3.961 3.961 3.961 3.961 3.961 3.961 3.344 3.347 3.350 3.347 3.347 3.347 3.347 3.347 3.347 3.347 3.347 3.347 3.347 3.347 3.347 3.347 3.347 3.347 3.347 3.347 3.347 3.347
0.0152 0.01508 8.00000 1.2796297073 2.5170749484    1.279  0.393  3.8174  4.374    1  0.000  0.545     0.00     0.00     0.00     0.00     0.00 -1 -1.89e-13      0.00 7.124e-01 2.724e-01 2.721e-03 7.342e-04 6.660e-03 -1.000 1.514e-02       6566          0          0          0          0      1.218      1.218 3.789 3.651 3.874 3.274 3.651 3.654 3.659 3.654 3.654 3.654 3.654 3.654 3.654 3.654 3.654 3.654 3.654 3.654 3.654 3.654 3.654 3.654 3.654 3.654 3.654 3.654 3.874 3.876 3.883 3.876 3.876 3.876 3.876 3.876 3.876 3.876 3.876 3.876 3.876 3.876 3.876 3.876 3.876 3.876 3.876 3.876 3.876 3.876 3.274 3.277 3.281 3.277 3.277 3.277 3.277 3.277 3.277 3.277 3.277 3.277 3.277 3.277 3.277 3.277 3.277 3.277 3.277 3.277 3.277 3.277
0.0152 0.01508 8.00000 1.2988889217 2.5193225344    1.299  0.424  3.8209  4.363    0  0.000  0.545     0.00     0.00     0.00     0.00     0.00 -1 -2.04e-13      0.00 7.128e-01 2.721e-01 2.720e-03 7.340e-04 6.658e-03 -1.000 1.514e-02       6619          0          0          0          0      1.243      1.243 3.709 3.573 3.789 3.203 3.573 3.575 3.580 3.575 3.575 3.575 3.575 3.575 3.575 3.575 3.575 3.575 3.575 3.575 3.575 3.575 3.575 3.575 3.575 3.575 3.575 3.575 3.789 3.791 3.798 3.792 3.791 3.791 3.791 3.791 3.791 3.791 3.791 3.791 3.791 3.791 3.791 3.791 3.791 3.791 3.791 3.791 3.791 3.791 3.203 3.206 3.209 3.206 3.206 3.206 3.206 3.206 3.206 3.206 3.206 3.206 3.206 3.206 3.206 3.206 3.206 3.206 3.206 3.206 3.206 3.206
0.0152 0.01508 8.00000 1.3181481361 2.5214947570    1.318  0.455  3.8244  4.353    0  0.000  0.545     0.00     0.00     0.00     0.00     0.00 -1  -2.2e-13      0.00 7.130e-01 2.719e-01 2.719e-03 7.339e-04 6.658e-03 -1.000 1.514e-02       6673          0          0          0          0      1.267      1.267 3.633 3.498 3.708 3.136 3.498 3.500 3.505 3.500 3.500 3.500 3.500 3.500 3.500 3.500 3.500 3.500 3.500 3.500 3.500 3.500 3.500 3.500 3.500 3.500 3.500 3.500 3.708 3.710 3.717 3.710 3.710 3.710 3.710 3.710 3.710 3.710 3.710 3.710 3.710 3.710 3.710 3.710 3.710 3.710 3.710 3.710 3.710 3.710 3.136 3.138 3.142 3.138 3.138 3.138 3.138 3.138 3.138 3.138 3.138 3.138 3.138 3.138 3.138 3.138 3.138 3.138 3.138 3.138 3.138 3.138
0.0152 0.01508 8.00000 1.3374075890 2.5235952155    1.338  0.484  3.8279  4.343    0  0.000  0.545     0.00     0.00     0.00     0.00     0.00 -1 -2.37e-13      0.00 7.134e-01 2.715e-01 2.716e-03 7.330e-04 6.650e-03 -1.000 1.512e-02       6727          0          0          0          0       1.29       1.29 3.559 3.424 3.629 3.071 3.424 3.427 3.432 3.427 3.427 3.427 3.427 3.427 3.427 3.427 3.427 3.427 3.427 3.427 3.427 3.427 3.427 3.427 3.427 3.427 3.427 3.427 3.629 3.631 3.638 3.631 3.631 3.631 3.631 3.631 3.631 3.631 3.631 3.631 3.631 3.631 3.631 3.631 3.631 3.631 3.631 3.631 3.631 3.631 3.071 3.073 3.077 3.073 3.073 3.073 3.073 3.073 3.073 3.073 3.073 3.073 3.073 3.073 3.073 3.073 3.073 3.073 3.073 3.073 3.073 3.073
0.0152 0.01508 8.00000 1.3566668034 2.5256272137    1.357  0.513  3.8315  4.335    0  0.000  0.545     0.00     0.00     0.00     0.00     0.00 -1 -2.53e-13      0.00 7.137e-01 2.712e-01 2.715e-03 7.327e-04 6.647e-03 -1.000 1.511e-02       6784          0          0          0          0      1.311      1.311 3.486 3.353 3.551 3.007 3.353 3.355 3.360 3.355 3.355 3.355 3.355 3.355 3.355 3.355 3.355 3.355 3.355 3.355 3.355 3.355 3.355 3.355 3.355 3.355 3.355 3.355 3.551 3.554 3.560 3.554 3.554 3.554 3.554 3.554 3.554 3.554 3.554 3.554 3.554 3.554 3.554 3.554 3.554 3.554 3.554 3.554 3.554 3.554 3.007 3.009 3.013 3.009 3.009 3.009 3.009 3.009 3.009 3.009 3.009 3.009 3.009 3.009 3.009 3.009 3.009 3.009 3.009 3.009 3.009 3.009
0.0152 0.01508 8.00000 1.3759260178 2.5275939325    1.376  0.542  3.8352  4.327    0  0.000  0.545     0.00     0.00     0.00     0.00     0.00 -1 -2.72e-13      0.00 7.140e-01 2.709e-01 2.711e-03 7.316e-04 6.638e-03 -1.000 1.509e-02       6841          0          0          0          0      1.333      1.333 3.415 3.282 3.475 2.945 3.282 3.284 3.290 3.284 3.284 3.284 3.284 3.284 3.284 3.284 3.284 3.284 3.284 3.284 3.284 3.284 3.284 3.284 3.284 3.284 3.284 3.284 3.475 3.477 3.483 3.477 3.477 3.477 3.477 3.477 3.477 3.477 3.477 3.477 3.477 3.477 3.477 3.477 3.477 3.477 3.477 3.477 3.477 3.477 2.945 2.947 2.951 2.947 2.947 2.947 2.947 2.947 2.947 2.947 2.947 2.947 2.947 2.947 2.947 2.947 2.947 2.947 2.947 2.947 2.947 2.947
0.0152 0.01508 8.00000 1.3951852322 2.5294983392    1.395  0.570  3.8390  4.320    0  0.000  0.545     0.00     0.00     0.00     0.00     0.00 -1  -2.9e-13      0.00 7.143e-01 2.707e-01 2.708e-03 7.308e-04 6.630e-03 -1.000 1.507e-02       6901          0          0          0          0      1.353      1.353 3.345 3.213 3.400 2.885 3.213 3.215 3.221 3.215 3.215 3.215 3.215 3.215 3.215 3.215 3.215 3.215 3.215 3.215 3.215 3.215 3.215 3.215 3.215 3.215 3.215 3.215 3.400 3.402 3.408 3.402 3.402 3.402 3.402 3.402 3.402 3.402 3.402 3.402 3.402 3.402 3.402 3.402 3.402 3.402 3.402 3.402 3.402 3.402 2.885 2.887 2.891 2.887 2.887 2.887 2.887 2.887 2.887 2.887 2.887 2.887 2.887 2.887 2.887 2.887 2.887 2.887 2.887 2.887 2.887 2.887
0.0152 0.01508 8.00000 1.4144444466 2.5313432281    1.415  0.597  3.8427  4.314    0  0.000  0.545     0.00     0.00     0.00     0.00     0.00 -1 -3.09e-13      0.00 7.139e-01 2.710e-01 2.710e-03 7.313e-04 6.634e-03 -1.000 1.508e-02       6961          0          0          0          0      1.372      1.372 3.276 3.147 3.327 2.827 3.147 3.148 3.154 3.148 3.148 3.148 3.148 3.148 3.148 3.148 3.148 3.148 3.148 3.148 3.148 3.148 3.148 3.148 3.148 3.148 3.148 3.148 3.327 3.328 3.335 3.328 3.328 3.328 3.328 3.328 3.328 3.328 3.328 3.328 3.328 3.328 3.328 3.328 3.328 3.328 3.328 3.328 3.328 3.328 2.827 2.829 2.833 2.829 2.829 2.829 2.829 2.829 2.829 2.829 2.829 2.829 2.829 2.829 2.829 2.829 2.829 2.829 2.829 2.829 2.829 2.829
0.0152 0.01508 8.00000 1.4337038994 2.5331312540    1.434  0.624  3.8469  4.310    0  0.000  0.545     0.00     0.00     0.00     0.00     0.00 -1 -3.28e-13      0.00 7.142e-01 2.708e-01 2.708e-03 7.308e-04 6.630e-03 -1.000 1.507e-02       7028          0          0          0          0      1.389      1.389 3.209 3.081 3.254 2.772 3.081 3.083 3.088 3.083 3.083 3.083 3.083 3.083 3.083 3.083 3.083 3.083 3.083 3.083 3.083 3.083 3.083 3.083 3.083 3.083 3.083 3.083 3.254 3.255 3.262 3.255 3.255 3.255 3.255 3.255 3.255 3.255 3.255 3.255 3.255 3.255 3.255 3.255 3.255 3.255 3.255 3.255 3.255 3.255 2.772 2.774 2.777 2.774 2.774 2.774 2.774 2.774 2.774 2.774 2.774 2.774 2.774 2.774 2.774 2.774 2.774 2.774 2.774 2.774 2.774 2.774
0.0152 0.01508 8.00000 1.4529631138 2.5348648559    1.453  0.651  3.8510  4.305    0  0.000  0.545     0.00     0.00     0.00     0.00     0.00 -1 -3.49e-13      0.00 7.140e-01 2.709e-01 2.709e-03 7.311e-04 6.632e-03 -1.000 1.508e-02       7095          0          0          0          0      1.405      1.405 3.143 3.016 3.182 2.718 3.016 3.018 3.023 3.018 3.018 3.018 3.018 3.018 3.018 3.018 3.018 3.018 3.018 3.018 3.018 3.018 3.018 3.018 3.018 3.018 3.018 3.018 3.182 3.183 3.190 3.183 3.183 3.183 3.183 3.183 3.183 3.183 3.183 3.183 3.183 3.183 3.183 3.183 3.183 3.183 3.183 3.183 3.183 3.183 2.718 2.720 2.723 2.720 2.720 2.720 2.720 2.720 2.720 2.720 2.720 2.720 2.720 2.720 2.720 2.720 2.720 2.720 2.720 2.720 2.720 2.720
0.0152 0.01508 8.00000 1.4722223282 2.5365464000    1.472  0.677  3.8557  4.304    0  0.000  0.545     0.00     0.00     0.00     0.00     0.00 -1 -3.68e-13      0.00 7.134e-01 2.715e-01 2.713e-03 7.323e-04 6.643e-03 -1.000 1.510e-02       7172          0          0          0          0      1.417      1.417 3.078 2.954 3.112 2.666 2.954 2.955 2.960 2.955 2.955 2.955 2.955 2.955 2.955 2.955 2.955 2.955 2.955 2.955 2.955 2.955 2.955 2.955 2.955 2.955 2.955 2.955 3.112 3.113 3.120 3.113 3.113 3.113 3.113 3.113 3.113 3.113 3.113 3.113 3.113 3.113 3.113 3.113 3.113 3.113 3.113 3.113 3.113 3.113 2.666 2.668 2.671 2.668 2.668 2.668 2.668 2.668 2.668 2.668 2.668 2.668 2.668 2.668 2.668 2.668 2.668 2.668 2.668 2.668 2.668 2.668
0.0152 0.01508 8.00000 1.5685186386 2.5442466878    1.568  0.800  3.8809  4.309    0  0.000  0.545     0.00     0.00     0.00     0.00     0.00 -1 -4.71e-13      0.00 7.092e-01 2.756e-01 2.746e-03 7.408e-04 6.719e-03 -1.000 1.527e-02       7604          0          0          0          0      1.453      1.453 2.770 2.663 2.781 2.443 2.663 2.663 2.668 2.663 2.663 2.663 2.663 2.663 2.663 2.663 2.663 2.663 2.663 2.663 2.663 2.663 2.663 2.663 2.663 2.663 2.663 2.663 2.781 2.781 2.787 2.781 2.781 2.781 2.781 2.781 2.781 2.781 2.781 2.781 2.781 2.781 2.781 2.781 2.781 2.781 2.781 2.781 2.781 2.781 2.443 2.444 2.446 2.444 2.444 2.444 2.444 2.444 2.444 2.444 2.444 2.444 2.444 2.444 2.444 2.444 2.444 2.444 2.444 2.444 2.444 2.444
0.0152 0.01508 8.00000 1.6648149490 2.5509316616    1.663  0.913  3.9050  4.318    0  0.000  0.545     0.00     0.00     0.00     0.00     0.00 -1 -5.88e-13      0.00 7.092e-01 2.756e-01 2.746e-03 7.408e-04 6.719e-03 -1.000 1.527e-02       8038          0          0          0          0      1.482      1.482 2.486 2.404 2.485 2.250 2.404 2.404 2.409 2.404 2.404 2.404 2.404 2.404 2.404 2.404 2.404 2.404 2.404 2.404 2.404 2.404 2.404 2.404 2.404 2.404 2.404 2.404 2.485 2.485 2.491 2.485 2.485 2.485 2.485 2.485 2.485 2.485 2.485 2.485 2.485 2.485 2.485 2.485 2.485 2.485 2.485 2.485 2.485 2.485 2.250 2.251 2.253 2.251 2.251 2.251 2.251 2.251 2.251 2.251 2.251 2.251 2.251 2.251 2.251 2.251 2.251 2.251 2.251 2.251 2.251 2.251
0.0152 0.01508 8.00000 1.7611110210 2.5567829591    1.759  1.018  3.9267  4.324    1  0.000  0.545     0.00     0.00     0.00     0.00     0.00 -1  -7.2e-13      0.00 7.092e-01 2.756e-01 2.746e-03 7.408e-04 6.719e-03 -1.000 1.527e-02       8449          0          0          0          0      1.512      1.512 2.226 2.179 2.231 2.078 2.179 2.180 2.184 2.180 2.180 2.180 2.180 2.180 2.180 2.180 2.180 2.180 2.180 2.180 2.180 2.180 2.180 2.180 2.180 2.180 2.180 2.180 2.231 2.233 2.238 2.233 2.233 2.233 2.233 2.233 2.233 2.233 2.233 2.233 2.233 2.233 2.233 2.233 2.233 2.233 2.233 2.233 2.233 2.233 2.078 2.080 2.082 2.080 2.080 2.080 2.080 2.080 2.080 2.080 2.080 2.080 2.080 2.080 2.080 2.080 2.080 2.080 2.080 2.080 2.080 2.080
0.0152 0.01508 8.00000 1.8574073315 2.5619420929    1.855  1.114  3.9457  4.327    0  0.000  0.545     0.00     0.00     0.00     0.00     0.00 -1 -8.72e-13      0.00 7.092e-01 2.756e-01 2.746e-03 7.408e-04 6.719e-03 -1.000 1.527e-02       8827          0          0          0          0      1.549      1.549 1.984 1.986 2.017 1.926 1.986 1.988 1.992 1.988 1.988 1.988 1.988 1.988 1.988 1.988 1.988 1.988 1.988 1.988 1.988 1.988 1.988 1.988 1.988 1.988 1.988 1.988 2.017 2.019 2.023 2.019 2.019 2.019 2.019 2.019 2.019 2.019 2.019 2.019 2.019 2.019 2.019 2.019 2.019 2.019 2.019 2.019 2.019 2.019 1.926 1.928 1.930 1.928 1.928 1.928 1.928 1.928 1.928 1.928 1.928 1.928 1.928 1.928 1.928 1.928 1.928 1.928 1.928 1.928 1.928 1.928
0.0152 0.01508 8.00000 1.9537036419 2.5665207758    1.952  1.205  3.9631  4.328    0  0.000  0.545     0.00     0.00     0.00     0.00     0.00 -1 -1.04e-12      0.00 7.092e-01 2.756e-01 2.746e-03 7.408e-04 6.719e-03 -1.000 1.527e-02       9187          0          0          0          0      1.587      1.587 1.758 1.819 1.833 1.789 1.819 1.820 1.823 1.820 1.820 1.820 1.820 1.820 1.820 1.820 1.820 1.820 1.820 1.820 1.820 1.820 1.820 1.820 1.820 1.820 1.820 1.820 1.833 1.834 1.838 1.834 1.834 1.834 1.834 1.834 1.834 1.834 1.834 1.834 1.834 1.834 1.834 1.834 1.834 1.834 1.834 1.834 1.834 1.834 1.789 1.790 1.793 1.790 1.790 1.790 1.790 1.790 1.790 1.790 1.790 1.790 1.790 1.790 1.790 1.790 1.790 1.790 1.790 1.790 1.790 1.790
0.0152 0.01508 8.00000 2.0018517971 2.5686210819    2.002  1.248  3.9713  4.328    1  0.000  0.545     0.00     0.00     0.00     0.00     0.00 -1 -1.14e-12      0.00 7.092e-01 2.756e-01 2.746e-03 7.408e-04 6.719e-03 -1.000 1.527e-02       9359          0          0          0          0      1.607      1.607 1.649 1.741 1.749 1.723 1.741 1.741 1.744 1.741 1.741 1.741 1.741 1.741 1.741 1.741 1.741 1.741 1.741 1.741 1.741 1.741 1.741 1.741 1.741 1.741 1.741 1.741 1.749 1.749 1.753 1.749 1.749 1.749 1.749 1.749 1.749 1.749 1.749 1.749 1.749 1.749 1.749 1.749 1.749 1.749 1.749 1.749 1.749 1.749 1.723 1.724 1.726 1.724 1.724 1.724 1.724 1.724 1.724 1.724 1.724 1.724 1.724 1.724 1.724 1.724 1.724 1.724 1.724 1.724 1.724 1.724
0.0152 0.01508 8.00000 2.0499999523 2.5706083333    2.049  1.290  3.9788  4.327    1  0.000  0.545     0.00     0.00     0.00     0.00     0.00 -1 -1.24e-12      0.00 7.092e-01 2.756e-01 2.746e-03 7.408e-04 6.719e-03 -1.000 1.527e-02       9522          0          0          0          0      1.628      1.628 1.545 1.668 1.670 1.661 1.668 1.668 1.670 1.668 1.668 1.668 1.668 1.668 1.668 1.668 1.668 1.668 1.668 1.668 1.668 1.668 1.668 1.668 1.668 1.668 1.668 1.668 1.670 1.670 1.673 1.670 1.670 1.670 1.670 1.670 1.670 1.670 1.670 1.670 1.670 1.670 1.670 1.670 1.670 1.670 1.670 1.670 1.670 1.670 1.661 1.661 1.663 1.661 1.661 1.661 1.661 1.661 1.661 1.661 1.661 1.661 1.661 1.661 1.661 1.661 1.661 1.661 1.661 1.661 1.661 1.661
0.0152 0.01508 8.00000 2.0999999046 2.5725614918    2.098  1.333  3.9861  4.323    1  0.000  0.545     0.00     0.00     0.00     0.00     0.00 -1 -1.36e-12      0.00 7.092e-01 2.756e-01 2.746e-03 7.408e-04 6.719e-03 -1.000 1.527e-02       9684          0          0          0          0      1.654      1.654 1.437 1.591 1.588 1.594 1.591 1.591 1.594 1.591 1.591 1.591 1.591 1.591 1.591 1.591 1.591 1.591 1.591 1.591 1.591 1.591 1.591 1.591 1.591 1.591 1.591 1.591 1.588 1.588 1.591 1.588 1.588 1.588 1.588 1.588 1.588 1.588 1.588 1.588 1.588 1.588 1.588 1.588 1.588 1.588 1.588 1.588 1.588 1.588 1.594 1.594 1.596 1.594 1.594 1.594 1.594 1.594 1.594 1.594 1.594 1.594 1.594 1.594 1.594 1.594 1.594 1.594 1.594 1.594 1.594 1.594
0.0152 0.01508 8.00000 2.1500000954 2.5744105556    2.148  1.374  3.9931  4.320    1  0.000  0.545     0.00     0.00     0.00     0.00     0.00 -1 -1.48e-12      0.00 7.092e-01 2.756e-01 2.746e-03 7.408e-04 6.719e-03 -1.000 1.527e-02       9843          0          0          0          0      1.679      1.679 1.334 1.518 1.510 1.529 1.518 1.518 1.521 1.518 1.518 1.518 1.518 1.518 1.518 1.518 1.518 1.518 1.518 1.518 1.518 1.518 1.518 1.518 1.518 1.518 1.518 1.518 1.510 1.510 1.513 1.510 1.510 1.510 1.510 1.510 1.510 1.510 1.510 1.510 1.510 1.510 1.510 1.510 1.510 1.510 1.510 1.510 1.510 1.510 1.529 1.529 1.531 1.529 1.529 1.529 1.529 1.529 1.529 1.529 1.529 1.529 1.529 1.529 1.529 1.529 1.529 1.529 1.529 1.529 1.529 1.529
0.0152 0.01508 8.00000 2.2000000477 2.5761632879    2.198  1.416  4.0000  4.316    1  0.000  0.545     0.00     0.00     0.00     0.00     0.00 -1 -2.82e-18      0.00 7.092e-01 2.756e-01 2.746e-03 7.408e-04 6.719e-03 -1.000 1.527e-02      1e+04          0          0          0          0      1.708      1.708 1.230 1.445 1.432 1.463 1.445 1.445 1.447 1.445 1.445 1.445 1.445 1.445 1.445 1.445 1.445 1.445 1.445 1.445 1.445 1.445 1.445 1.445 1.445 1.445 1.445 1.445 1.432 1.432 1.435 1.432 1.432 1.432 1.432 1.432 1.432 1.432 1.432 1.432 1.432 1.432 1.432 1.432 1.432 1.432 1.432 1.432 1.432 1.432 1.463 1.463 1.465 1.463 1.463 1.463 1.463 1.463 1.463 1.463 1.463 1.463 1.463 1.463 1.463 1.463 1.463 1.463 1.463 1.463 1.463 1.463
0.0152 0.01508 8.00000 2.3413772583 2.5806567324    2.339  1.526  4.0178  4.305    1  0.000  0.545     0.00     0.00     0.00     0.00     0.00 -1 -3.07e-15      0.00 7.092e-01 2.756e-01 2.746e-03 7.408e-04 6.719e-03 -1.000 1.527e-02  1.042e+04          0          0          0          0      1.785      1.785 0.956 1.254 1.230 1.290 1.254 1.255 1.410 1.255 1.255 1.255 1.255 1.255 1.255 1.255 1.255 1.255 1.255 1.255 1.255 1.255 1.255 1.255 1.255 1.255 1.255 1.255 1.230 1.231 1.419 1.231 1.231 1.231 1.231 1.231 1.231 1.231 1.231 1.231 1.231 1.231 1.231 1.231 1.231 1.231 1.231 1.231 1.231 1.231 1.290 1.291 1.416 1.291 1.291 1.291 1.291 1.291 1.291 1.291 1.291 1.291 1.291 1.291 1.291 1.291 1.291 1.291 1.291 1.291 1.291 1.291
0.0152 0.01508 8.00000 2.4000000954 2.5823423892    2.398  1.569  4.0247  4.299    1  0.000  0.545     0.00     0.00     0.00     0.00     0.00 -1 -2.61e-14      0.00 7.092e-01 2.756e-01 2.746e-03 7.408e-04 6.719e-03 -1.000 1.527e-02  1.058e+04          0          0          0          0      1.817      1.817 0.847 1.177 1.149 1.218 1.177 1.178 1.213 1.178 1.178 1.178 1.178 1.178 1.178 1.178 1.178 1.178 1.178 1.178 1.178 1.178 1.178 1.178 1.178 1.178 1.178 1.178 1.149 1.150 1.193 1.150 1.150 1.150 1.150 1.150 1.150 1.150 1.150 1.150 1.150 1.150 1.150 1.150 1.150 1.150 1.150 1.150 1.150 1.150 1.218 1.220 1.248 1.220 1.220 1.220 1.220 1.220 1.220 1.220 1.220 1.220 1.220 1.220 1.220 1.220 1.220 1.220 1.220 1.220 1.220 1.220
0.0152 0.01508 8.00000 2.4729540348 2.5843123079    2.472  1.622  4.0330  4.293    1  0.000  0.545     0.00     0.00     0.00     0.00     0.00 -1 -1.22e-13      0.00 7.092e-01 2.756e-01 2.746e-03 7.408e-04 6.719e-03 -1.000 1.527e-02  1.079e+04          0          0          0          0       1.86       1.86 0.714 1.085 1.052 1.133 1.085 1.086 1.089 1.086 1.086 1.086 1.086 1.086 1.086 1.086 1.086 1.086 1.086 1.086 1.086 1.086 1.086 1.086 1.086 1.086 1.086 1.086 1.052 1.054 1.057 1.054 1.054 1.054 1.054 1.054 1.054 1.054 1.054 1.054 1.054 1.054 1.054 1.054 1.054 1.054 1.054 1.054 1.054 1.054 1.133 1.135 1.137 1.135 1.135 1.135 1.135 1.135 1.135 1.135 1.135 1.135 1.135 1.135 1.135 1.135 1.135 1.135 1.135 1.135 1.135 1.135
0.0152 0.01508 8.00000 2.5999999046 2.5874412955    2.600  1.713  4.0469  4.280    1  0.000  0.545     0.00     0.00     0.00     0.00     0.00 -1 -1.94e-13      0.00 7.092e-01 2.756e-01 2.746e-03 7.408e-04 6.719e-03 -1.000 1.527e-02  1.114e+04          0          0          0          0      1.936      1.936 0.488 0.928 0.888 0.987 0.928 0.929 0.931 0.929 0.929 0.929 0.929 0.929 0.929 0.929 0.929 0.929 0.929 0.929 0.929 0.929 0.929 0.929 0.929 0.929 0.929 0.929 0.888 0.889 0.892 0.889 0.889 0.889 0.889 0.889 0.889 0.889 0.889 0.889 0.889 0.889 0.889 0.889 0.889 0.889 0.889 0.889 0.889 0.889 0.987 0.988 0.990 0.988 0.988 0.988 0.988 0.988 0.988 0.988 0.988 0.988 0.988 0.988 0.988 0.988 0.988 0.988 0.988 0.988 0.988 0.988
0.0152 0.01508 8.00000 2.8000001907 2.5917117867    2.801  1.846  4.0668  4.258    1  0.000  0.545     0.00     0.00     0.00     0.00     0.00 -1 -5.13e-13      0.00 7.092e-01 2.756e-01 2.746e-03 7.408e-04 6.719e-03 -1.000 1.527e-02  1.166e+04          0          0          0          0      2.059      2.059 0.154 0.696 0.646 0.768 0.696 0.696 0.698 0.696 0.696 0.696 0.696 0.696 0.696 0.696 0.696 0.696 0.696 0.696 0.696 0.696 0.696 0.696 0.696 0.696 0.696 0.696 0.646 0.646 0.648 0.646 0.646 0.646 0.646 0.646 0.646 0.646 0.646 0.646 0.646 0.646 0.646 0.646 0.646 0.646 0.646 0.646 0.646 0.646 0.768 0.768 0.770 0.768 0.768 0.768 0.768 0.768 0.768 0.768 0.768 0.768 0.768 0.768 0.768 0.768 0.768 0.768 0.768 0.768 0.768 0.768
0.0152 0.01508 8.00000 2.8599424362 2.5928586871    2.860  1.885  4.0724  4.251    1  0.000  0.545     0.00     0.00     0.00     0.00     0.00 -1 -5.09e-13      0.00 7.092e-01 2.756e-01 2.746e-03 7.408e-04 6.719e-03 -1.000 1.527e-02  1.182e+04          0          0          0          0      2.099      2.099 0.058 0.629 0.576 0.705 0.629 0.629 0.631 0.629 0.629 0.629 0.629 0.629 0.629 0.629 0.629 0.629 0.629 0.629 0.629 0.629 0.629 0.629 0.629 0.629 0.629 0.629 0.576 0.576 0.578 0.576 0.576 0.576 0.576 0.576 0.576 0.576 0.576 0.576 0.576 0.576 0.576 0.576 0.576 0.576 0.576 0.576 0.576 0.576 0.705 0.704 0.706 0.704 0.704 0.704 0.704 0.704 0.704 0.704 0.704 0.704 0.704 0.704 0.704 0.704 0.704 0.704 0.704 0.704 0.704 0.704
0.0152 0.01508 8.00000 3.0000000000 2.5953341962    3.000  1.974  4.0848  4.233    1  0.000  0.545     0.00     0.00     0.00     0.00     0.00 -1 -5.91e-13      0.00 7.092e-01 2.756e-01 2.746e-03 7.408e-04 6.719e-03 -1.000 1.527e-02  1.216e+04          0          0          0          0      2.197      2.197 -0.164 0.472 0.413 0.555 0.472 0.472 0.474 0.472 0.472 0.472 0.472 0.472 0.472 0.472 0.472 0.472 0.472 0.472 0.472 0.472 0.472 0.472 0.472 0.472 0.472 0.472 0.413 0.413 0.415 0.413 0.413 0.413 0.413 0.413 0.413 0.413 0.413 0.413 0.413 0.413 0.413 0.413 0.413 0.413 0.413 0.413 0.413 0.413 0.555 0.555 0.557 0.555 0.555 0.555 0.555 0.555 0.555 0.555 0.555 0.555 0.555 0.555 0.555 0.555 0.555 0.555 0.555 0.555 0.555 0.555
0.0152 0.01508 8.00000 3.2000000477 2.5984409005    3.199  2.094  4.1010  4.205    1  0.000  0.545     0.00     0.00     0.00     0.00     0.00 -1 -1.65e-12      0.00 7.092e-01 2.756e-01 2.746e-03 7.408e-04 6.719e-03 -1.000 1.527e-02  1.262e+04          0          0          0          0      2.342      2.342 -0.465 0.258 0.191 0.350 0.258 0.258 0.260 0.258 0.258 0.258 0.258 0.258 0.258 0.258 0.258 0.258 0.258 0.258 0.258 0.258 0.258 0.258 0.258 0.258 0.258 0.258 0.191 0.191 0.193 0.191 0.191 0.191 0.191 0.191 0.191 0.191 0.191 0.191 0.191 0.191 0.191 0.191 0.191 0.191 0.191 0.191 0.191 0.191 0.350 0.350 0.351 0.350 0.350 0.350 0.350 0.350 0.350 0.350 0.350 0.350 0.350 0.350 0.350 0.350 0.350 0.350 0.350 0.350 0.350 0.350
0.0152 0.01508 8.00000 3.4000000954 2.6011310876    3.397  2.209  4.1156  4.175    1  0.000  0.545     0.00     0.00     0.00     0.00     0.00 -1 -2.84e-12      0.00 7.092e-01 2.756e-01 2.746e-03 7.408e-04 6.719e-03 -1.000 1.527e-02  1.305e+04          0          0          0          0      2.498      2.498 -0.752 0.050 -0.024 0.150 0.050 0.050 0.052 0.050 0.050 0.050 0.050 0.050 0.050 0.050 0.050 0.050 0.050 0.050 0.050 0.050 0.050 0.050 0.050 0.050 0.050 0.050 -0.024 -0.024 -0.022 -0.024 -0.024 -0.024 -0.024 -0.024 -0.024 -0.024 -0.024 -0.024 -0.024 -0.024 -0.024 -0.024 -0.024 -0.024 -0.024 -0.024 -0.024 -0.024 0.150 0.150 0.151 0.150 0.150 0.150 0.150 0.150 0.150 0.150 0.150 0.150 0.150 0.150 0.150 0.150 0.150 0.150 0.150 0.150 0.150 0.150
0.0152 0.01508 8.00000 3.4035024643 2.6011749686    3.400  2.211  4.1158  4.174    1  0.000  0.545     0.00     0.00     0.00     0.00     0.00 -1 -2.86e-12      0.00 7.092e-01 2.756e-01 2.746e-03 7.408e-04 6.719e-03 -1.000 1.527e-02  1.306e+04          0          0          0          0      2.501      2.501 -0.757 0.047 -0.028 0.146 0.047 0.046 0.048 0.046 0.046 0.046 0.046 0.046 0.046 0.046 0.046 0.046 0.046 0.046 0.046 0.046 0.046 0.046 0.046 0.046 0.046 0.046 -0.028 -0.028 -0.026 -0.028 -0.028 -0.028 -0.028 -0.028 -0.028 -0.028 -0.028 -0.028 -0.028 -0.028 -0.028 -0.028 -0.028 -0.028 -0.028 -0.028 -0.028 -0.028 0.146 0.146 0.148 0.146 0.146 0.146 0.146 0.146 0.146 0.146 0.146 0.146 0.146 0.146 0.146 0.146 0.146 0.146 0.146 0.146 0.146 0.146
0.0152 0.01508 8.00000 3.6000001431 2.6034804607    3.596  2.320  4.1283  4.139    1  0.000  0.545     0.00     0.00     0.00     0.00     0.00 -1 -4.77e-12      0.00 7.092e-01 2.756e-01 2.746e-03 7.408e-04 6.719e-03 -1.000 1.527e-02  1.344e+04          0          0          0          0      2.678      2.678 -1.030 -0.157 -0.238 -0.051 -0.157 -0.157 -0.156 -0.157 -0.157 -0.157 -0.157 -0.157 -0.157 -0.157 -0.157 -0.157 -0.157 -0.157 -0.157 -0.157 -0.157 -0.157 -0.157 -0.157 -0.157 -0.157 -0.238 -0.238 -0.236 -0.238 -0.238 -0.238 -0.238 -0.238 -0.238 -0.238 -0.238 -0.238 -0.238 -0.238 -0.238 -0.238 -0.238 -0.238 -0.238 -0.238 -0.238 -0.238 -0.051 -0.051 -0.049 -0.051 -0.051 -0.051 -0.051 -0.051 -0.051 -0.051 -0.051 -0.051 -0.051 -0.051 -0.051 -0.051 -0.051 -0.051 -0.051 -0.051 -0.051 -0.051
0.0152 0.01508 8.00000 3.7495031357 2.6050496763    3.745  2.402  4.1368  4.109    1  0.000  0.545     0.00     0.00     0.00     0.00     0.00 -1 -6.99e-12      0.00 7.092e-01 2.756e-01 2.746e-03 7.408e-04 6.719e-03 -1.000 1.527e-02   1.37e+04          0          0          0          0      2.831      2.831 -1.234 -0.314 -0.398 -0.203 -0.314 -0.314 -0.312 -0.314 -0.314 -0.314 -0.314 -0.314 -0.314 -0.314 -0.314 -0.314 -0.314 -0.314 -0.314 -0.314 -0.314 -0.314 -0.314 -0.314 -0.314 -0.314 -0.398 -0.398 -0.396 -0.398 -0.398 -0.398 -0.398 -0.398 -0.398 -0.398 -0.398 -0.398 -0.398 -0.398 -0.398 -0.398 -0.398 -0.398 -0.398 -0.398 -0.398 -0.398 -0.203 -0.203 -0.201 -0.203 -0.203 -0.203 -0.203 -0.203 -0.203 -0.203 -0.203 -0.203 -0.203 -0.203 -0.203 -0.203 -0.203 -0.203 -0.203 -0.203 -0.203 -0.203
0.0152 0.01508 8.00000 3.8000001907 2.6055477311    3.796  2.429  4.1393  4.097    1  0.000  0.545     0.00     0.00     0.00     0.00     0.00 -1 -7.95e-12      0.00 7.092e-01 2.756e-01 2.746e-03 7.408e-04 6.719e-03 -1.000 1.527e-02  1.378e+04          0          0          0          0      2.889      2.889 -1.303 -0.369 -0.455 -0.257 -0.369 -0.369 -0.367 -0.369 -0.369 -0.369 -0.369 -0.369 -0.369 -0.369 -0.369 -0.369 -0.369 -0.369 -0.369 -0.369 -0.369 -0.369 -0.369 -0.369 -0.369 -0.369 -0.455 -0.455 -0.453 -0.455 -0.455 -0.455 -0.455 -0.455 -0.455 -0.455 -0.455 -0.455 -0.455 -0.455 -0.455 -0.455 -0.455 -0.455 -0.455 -0.455 -0.455 -0.455 -0.257 -0.256 -0.255 -0.256 -0.256 -0.256 -0.256 -0.256 -0.256 -0.256 -0.256 -0.256 -0.256 -0.256 -0.256 -0.256 -0.256 -0.256 -0.256 -0.256 -0.256 -0.256
0.0152 0.01508 8.00000 4.0000000000 2.6073790840    4.000  2.536  4.1479  4.048    1  0.000  0.545     0.00     0.00     0.00     0.00     0.00 -1 -1.31e-11      0.00 7.092e-01 2.756e-01 2.746e-03 7.408e-04 6.719e-03 -1.000 1.527e-02  1.406e+04          0          0          0          0      3.144      3.144 -1.570 -0.588 -0.678 -0.471 -0.588 -0.588 -0.586 -0.588 -0.588 -0.588 -0.588 -0.588 -0.588 -0.588 -0.588 -0.588 -0.588 -0.588 -0.588 -0.588 -0.588 -0.588 -0.588 -0.588 -0.588 -0.588 -0.678 -0.678 -0.676 -0.678 -0.678 -0.678 -0.678 -0.678 -0.678 -0.678 -0.678 -0.678 -0.678 -0.678 -0.678 -0.678 -0.678 -0.678 -0.678 -0.678 -0.678 -0.678 -0.471 -0.471 -0.470 -0.471 -0.471 -0.471 -0.471 -0.471 -0.471 -0.471 -0.471 -0.471 -0.471 -0.471 -0.471 -0.471 -0.471 -0.471 -0.471 -0.471 -0.471 -0.471
0.0152 0.01508 8.00000 4.1318483353 2.6084755180    4.129  2.605  4.1530  4.013    1  0.000  0.545     0.00     0.00     0.00     0.00     0.00 -1  -1.8e-11      0.00 7.092e-01 2.756e-01 2.746e-03 7.408e-04 6.719e-03 -1.000 1.527e-02  1.422e+04          0          0          0          0      3.321      3.321 -1.743 -0.732 -0.824 -0.612 -0.732 -0.732 -0.730 -0.732 -0.732 -0.732 -0.732 -0.732 -0.732 -0.732 -0.732 -0.732 -0.732 -0.732 -0.732 -0.732 -0.732 -0.732 -0.732 -0.732 -0.732 -0.732 -0.824 -0.824 -0.822 -0.824 -0.824 -0.824 -0.824 -0.824 -0.824 -0.824 -0.824 -0.824 -0.824 -0.824 -0.824 -0.824 -0.824 -0.824 -0.824 -0.824 -0.824 -0.824 -0.612 -0.612 -0.611 -0.612 -0.612 -0.612 -0.612 -0.612 -0.612 -0.612 -0.612 -0.612 -0.612 -0.612 -0.612 -0.612 -0.612 -0.612 -0.612 -0.612 -0.612 -0.612
0.0152 0.01508 8.00000 4.1999998093 2.6090113217    4.195  2.641  4.1547  3.990    1  0.000  0.545     0.00     0.00     0.00     0.00     0.00 -1 -2.12e-11      0.00 7.092e-01 2.756e-01 2.746e-03 7.408e-04 6.719e-03 -1.000 1.527e-02  1.428e+04          0          0          0          0      3.435      3.435 -1.833 -0.813 -0.905 -0.692 -0.813 -0.812 -0.811 -0.812 -0.812 -0.812 -0.812 -0.812 -0.812 -0.812 -0.812 -0.812 -0.812 -0.812 -0.812 -0.812 -0.812 -0.812 -0.812 -0.812 -0.812 -0.812 -0.905 -0.905 -0.903 -0.905 -0.905 -0.905 -0.905 -0.905 -0.905 -0.905 -0.905 -0.905 -0.905 -0.905 -0.905 -0.905 -0.905 -0.905 -0.905 -0.905 -0.905 -0.905 -0.692 -0.692 -0.691 -0.692 -0.692 -0.692 -0.692 -0.692 -0.692 -0.692 -0.692 -0.692 -0.692 -0.692 -0.692 -0.692 -0.692 -0.692 -0.692 -0.692 -0.692 -0.692
0.0152 0.01508 8.00000 4.3081145287 2.6098214534    4.302  2.698  4.1566  3.952    1  0.000  0.545     0.00     0.00     0.00     0.00     0.00 -1 -2.76e-11      0.00 7.092e-01 2.756e-01 2.746e-03 7.408e-04 6.719e-03 -1.000 1.527e-02  1.435e+04          0          0          0          0      3.635      3.635 -1.975 -0.944 -1.038 -0.822 -0.944 -0.944 -0.942 -0.944 -0.944 -0.944 -0.944 -0.944 -0.944 -0.944 -0.944 -0.944 -0.944 -0.944 -0.944 -0.944 -0.944 -0.944 -0.944 -0.944 -0.944 -0.944 -1.038 -1.038 -1.036 -1.038 -1.038 -1.038 -1.038 -1.038 -1.038 -1.038 -1.038 -1.038 -1.038 -1.038 -1.038 -1.038 -1.038 -1.038 -1.038 -1.038 -1.038 -1.038 -0.822 -0.822 -0.821 -0.822 -0.822 -0.822 -0.822 -0.822 -0.822 -0.822 -0.822 -0.822 -0.822 -0.822 -0.822 -0.822 -0.822 -0.822 -0.822 -0.822 -0.822 -0.822
0.0152 0.01508 8.00000 4.4000000954 2.6104741055    4.393  2.747  4.1573  3.915    1  0.000  0.545     0.00     0.00     0.00     0.00     0.00 -1 -3.44e-11      0.00 7.092e-01 2.756e-01 2.746e-03 7.408e-04 6.719e-03 -1.000 1.527e-02  1.436e+04          0          0          0          0      3.834      3.834 -2.097 -1.063 -1.157 -0.941 -1.063 -1.063 -1.061 -1.063 -1.063 -1.063 -1.063 -1.063 -1.063 -1.063 -1.063 -1.063 -1.063 -1.063 -1.063 -1.063 -1.063 -1.063 -1.063 -1.063 -1.063 -1.063 -1.157 -1.157 -1.155 -1.157 -1.157 -1.157 -1.157 -1.157 -1.157 -1.157 -1.157 -1.157 -1.157 -1.157 -1.157 -1.157 -1.157 -1.157 -1.157 -1.157 -1.157 -1.157 -0.941 -0.941 -0.940 -0.941 -0.941 -0.941 -0.941 -0.941 -0.941 -0.941 -0.941 -0.941 -0.941 -0.941 -0.941 -0.941 -0.941 -0.941 -0.941 -0.941 -0.941 -0.941
0.0152 0.01508 8.00000 4.5217409134 2.6112920110    4.514  2.812  4.1560  3.856    1  0.000  0.545     0.00     0.00     0.00     0.00     0.00 -1 -4.61e-11      0.00 7.092e-01 2.756e-01 2.746e-03 7.408e-04 6.719e-03 -1.000 1.527e-02  1.432e+04          0          0          0          0      4.159      4.159 -2.260 -1.234 -1.328 -1.113 -1.234 -1.234 -1.232 -1.234 -1.234 -1.234 -1.234 -1.234 -1.234 -1.234 -1.234 -1.234 -1.234 -1.234 -1.234 -1.234 -1.234 -1.234 -1.234 -1.234 -1.234 -1.234 -1.328 -1.328 -1.326 -1.328 -1.328 -1.328 -1.328 -1.328 -1.328 -1.328 -1.328 -1.328 -1.328 -1.328 -1.328 -1.328 -1.328 -1.328 -1.328 -1.328 -1.328 -1.328 -1.113 -1.113 -1.111 -1.113 -1.113 -1.113 -1.113 -1.113 -1.113 -1.113 -1.113 -1.113 -1.113 -1.113 -1.113 -1.113 -1.113 -1.113 -1.113 -1.113 -1.113 -1.113
0.0152 0.01508 8.00000 4.5999999046 2.6117915791    4.592  2.854  4.1536  3.812    1  0.000  0.545     0.00     0.00     0.00     0.00     0.00 -1 -5.56e-11      0.00 7.092e-01 2.756e-01 2.746e-03 7.408e-04 6.719e-03 -1.000 1.527e-02  1.425e+04          0          0          0          0      4.416      4.416 -2.366 -1.354 -1.447 -1.234 -1.354 -1.354 -1.352 -1.354 -1.354 -1.354 -1.354 -1.354 -1.354 -1.354 -1.354 -1.354 -1.354 -1.354 -1.354 -1.354 -1.354 -1.354 -1.354 -1.354 -1.354 -1.354 -1.447 -1.447 -1.445 -1.447 -1.447 -1.447 -1.447 -1.447 -1.447 -1.447 -1.447 -1.447 -1.447 -1.447 -1.447 -1.447 -1.447 -1.447 -1.447 -1.447 -1.447 -1.447 -1.234 -1.234 -1.233 -1.234 -1.234 -1.234 -1.234 -1.234 -1.234 -1.234 -1.234 -1.234 -1.234 -1.234 -1.234 -1.234 -1.234 -1.234 -1.234 -1.234 -1.234 -1.234
0.0152 0.01508 8.00000 4.6527066231 2.6121171641    4.645  2.883  4.1517  3.781    1  0.000  0.545     0.00     0.00     0.00     0.00     0.00 -1 -6.29e-11      0.00 7.092e-01 2.756e-01 2.746e-03 7.408e-04 6.719e-03 -1.000 1.527e-02  1.418e+04          0          0          0          0        4.6        4.6 -2.437 -1.437 -1.528 -1.318 -1.437 -1.436 -1.435 -1.436 -1.436 -1.436 -1.436 -1.436 -1.436 -1.436 -1.436 -1.436 -1.436 -1.436 -1.436 -1.436 -1.436 -1.436 -1.436 -1.436 -1.436 -1.436 -1.528 -1.528 -1.526 -1.528 -1.528 -1.528 -1.528 -1.528 -1.528 -1.528 -1.528 -1.528 -1.528 -1.528 -1.528 -1.528 -1.528 -1.528 -1.528 -1.528 -1.528 -1.528 -1.318 -1.318 -1.316 -1.318 -1.318 -1.318 -1.318 -1.318 -1.318 -1.318 -1.318 -1.318 -1.318 -1.318 -1.318 -1.318 -1.318 -1.318 -1.318 -1.318 -1.318 -1.318
0.0152 0.01508 8.00000 4.7370786667 2.6126210516    4.729  2.929  4.1464  3.722    1  0.000  0.545     0.00     0.00     0.00     0.00     0.00 -1 -7.66e-11      0.00 7.092e-01 2.756e-01 2.746e-03 7.408e-04 6.719e-03 -1.000 1.527e-02  1.401e+04          0          0          0          0      4.968      4.968 -2.551 -1.583 -1.672 -1.467 -1.583 -1.583 -1.581 -1.583 -1.583 -1.583 -1.583 -1.583 -1.583 -1.583 -1.583 -1.583 -1.583 -1.583 -1.583 -1.583 -1.583 -1.583 -1.583 -1.583 -1.583 -1.583 -1.672 -1.672 -1.670 -1.672 -1.672 -1.672 -1.672 -1.672 -1.672 -1.672 -1.672 -1.672 -1.672 -1.672 -1.672 -1.672 -1.672 -1.672 -1.672 -1.672 -1.672 -1.672 -1.467 -1.467 -1.465 -1.467 -1.467 -1.467 -1.467 -1.467 -1.467 -1.467 -1.467 -1.467 -1.467 -1.467 -1.467 -1.467 -1.467 -1.467 -1.467 -1.467 -1.467 -1.467
0.0152 0.01508 8.00000 4.8000001907 2.6129836005    4.792  2.964  4.1404  3.669    1  0.000  0.545     0.00     0.00     0.00     0.00     0.00 -1 -8.87e-11      0.00 7.092e-01 2.756e-01 2.746e-03 7.408e-04 6.719e-03 -1.000 1.527e-02  1.382e+04          0          0          0          0      5.314      5.314 -2.639 -1.705 -1.792 -1.592 -1.705 -1.705 -1.703 -1.705 -1.705 -1.705 -1.705 -1.705 -1.705 -1.705 -1.705 -1.705 -1.705 -1.705 -1.705 -1.705 -1.705 -1.705 -1.705 -1.705 -1.705 -1.705 -1.792 -1.792 -1.790 -1.792 -1.792 -1.792 -1.792 -1.792 -1.792 -1.792 -1.792 -1.792 -1.792 -1.792 -1.792 -1.792 -1.792 -1.792 -1.792 -1.792 -1.792 -1.792 -1.592 -1.592 -1.591 -1.592 -1.592 -1.592 -1.592 -1.592 -1.592 -1.592 -1.592 -1.592 -1.592 -1.592 -1.592 -1.592 -1.592 -1.592 -1.592 -1.592 -1.592 -1.592
0.0152 0.01508 8.00000 4.8016858101 2.6129931627    4.794  2.965  4.1403  3.667    1  0.000  0.545     0.00     0.00     0.00     0.00     0.00 -1 -8.91e-11      0.00 7.092e-01 2.756e-01 2.746e-03 7.408e-04 6.719e-03 -1.000 1.527e-02  1.381e+04          0          0          0          0      5.324      5.324 -2.641 -1.708 -1.795 -1.595 -1.708 -1.708 -1.706 -1.708 -1.708 -1.708 -1.708 -1.708 -1.708 -1.708 -1.708 -1.708 -1.708 -1.708 -1.708 -1.708 -1.708 -1.708 -1.708 -1.708 -1.708 -1.708 -1.795 -1.795 -1.793 -1.795 -1.795 -1.795 -1.795 -1.795 -1.795 -1.795 -1.795 -1.795 -1.795 -1.795 -1.795 -1.795 -1.795 -1.795 -1.795 -1.795 -1.795 -1.795 -1.595 -1.595 -1.594 -1.595 -1.595 -1.595 -1.595 -1.595 -1.595 -1.595 -1.595 -1.595 -1.595 -1.595 -1.595 -1.595 -1.595 -1.595 -1.595 -1.595 -1.595 -1.595
0.0152 0.01508 8.00000 4.8620367050 2.6133305057    4.854  2.999  4.1334  3.611    1  0.000  0.545     0.00     0.00     0.00     0.00     0.00 -1 -1.02e-10      0.00 7.092e-01 2.756e-01 2.746e-03 7.408e-04 6.719e-03 -1.000 1.527e-02   1.36e+04          0          0          0          0      5.718      5.718 -2.727 -1.833 -1.917 -1.724 -1.833 -1.833 -1.831 -1.833 -1.833 -1.833 -1.833 -1.833 -1.833 -1.833 -1.833 -1.833 -1.833 -1.833 -1.833 -1.833 -1.833 -1.833 -1.833 -1.833 -1.833 -1.833 -1.917 -1.917 -1.915 -1.917 -1.917 -1.917 -1.917 -1.917 -1.917 -1.917 -1.917 -1.917 -1.917 -1.917 -1.917 -1.917 -1.917 -1.917 -1.917 -1.917 -1.917 -1.917 -1.724 -1.724 -1.723 -1.724 -1.724 -1.724 -1.724 -1.724 -1.724 -1.724 -1.724 -1.724 -1.724 -1.724 -1.724 -1.724 -1.724 -1.724 -1.724 -1.724 -1.724 -1.724
0.0152 0.01508 8.00000 4.9144568443 2.6136157990    4.906  3.030  4.1269  3.558    1  0.000  0.545     0.00     0.00     0.00     0.00     0.00 -1 -1.17e-10      0.00 7.092e-01 2.756e-01 2.746e-03 7.408e-04 6.719e-03 -1.000 1.527e-02   1.34e+04          0          0          0          0      6.107      6.107 -2.806 -1.949 -2.030 -1.844 -1.949 -1.949 -1.948 -1.949 -1.949 -1.949 -1.949 -1.949 -1.949 -1.949 -1.949 -1.949 -1.949 -1.949 -1.949 -1.949 -1.949 -1.949 -1.949 -1.949 -1.949 -1.949 -2.030 -2.030 -2.028 -2.030 -2.030 -2.030 -2.030 -2.030 -2.030 -2.030 -2.030 -2.030 -2.030 -2.030 -2.030 -2.030 -2.030 -2.030 -2.030 -2.030 -2.030 -2.030 -1.844 -1.844 -1.843 -1.844 -1.844 -1.844 -1.844 -1.844 -1.844 -1.844 -1.844 -1.844 -1.844 -1.844 -1.844 -1.844 -1.844 -1.844 -1.844 -1.844 -1.844 -1.844
0.0152 0.01508 8.00000 4.9699888229 2.6139104913    4.961  3.067  4.1211  3.503    1  0.000  0.545     0.00     0.00     0.00     0.00     0.00 -1 -1.36e-10      0.00 7.092e-01 2.756e-01 2.746e-03 7.408e-04 6.719e-03 -1.000 1.527e-02  1.322e+04          0          0          0          0      6.537      6.537 -2.897 -2.075 -2.153 -1.973 -2.075 -2.075 -2.073 -2.075 -2.075 -2.075 -2.075 -2.075 -2.075 -2.075 -2.075 -2.075 -2.075 -2.075 -2.075 -2.075 -2.075 -2.075 -2.075 -2.075 -2.075 -2.075 -2.153 -2.153 -2.151 -2.153 -2.153 -2.153 -2.153 -2.153 -2.153 -2.153 -2.153 -2.153 -2.153 -2.153 -2.153 -2.153 -2.153 -2.153 -2.153 -2.153 -2.153 -2.153 -1.973 -1.973 -1.971 -1.973 -1.973 -1.973 -1.973 -1.973 -1.973 -1.973 -1.973 -1.973 -1.973 -1.973 -1.973 -1.973 -1.973 -1.973 -1.973 -1.973 -1.973 -1.973
0.0152 0.01508 8.00000 4.9732298851 2.6139274571    4.964  3.069  4.1208  3.500    1  0.000  0.545     0.00     0.00     0.00     0.00     0.00 -1 -1.38e-10      0.00 7.092e-01 2.756e-01 2.746e-03 7.408e-04 6.719e-03 -1.000 1.527e-02  1.321e+04          0          0          0          0      6.561      6.561 -2.903 -2.082 -2.160 -1.980 -2.082 -2.082 -2.080 -2.082 -2.082 -2.082 -2.082 -2.082 -2.082 -2.082 -2.082 -2.082 -2.082 -2.082 -2.082 -2.082 -2.082 -2.082 -2.082 -2.082 -2.082 -2.082 -2.160 -2.160 -2.158 -2.161 -2.160 -2.160 -2.160 -2.160 -2.160 -2.160 -2.160 -2.160 -2.160 -2.160 -2.160 -2.160 -2.160 -2.160 -2.160 -2.160 -2.160 -2.160 -1.980 -1.980 -1.979 -1.980 -1.980 -1.980 -1.980 -1.980 -1.980 -1.980 -1.980 -1.980 -1.980 -1.980 -1.980 -1.980 -1.980 -1.980 -1.980 -1.980 -1.980 -1.980
0.0152 0.01508 8.00000 4.9811611176 2.6139688672    4.972  3.078  4.1241  3.505    1  0.000  0.545     0.00     0.00     0.00     0.00     0.00 -1 -1.45e-10      0.00 7.092e-01 2.756e-01 2.746e-03 7.408e-04 6.719e-03 -1.000 1.527e-02  1.331e+04          0          0          0          0      6.531      6.531 -2.926 -2.086 -2.166 -1.982 -2.086 -2.086 -2.084 -2.086 -2.086 -2.086 -2.086 -2.086 -2.086 -2.086 -2.086 -2.086 -2.086 -2.086 -2.086 -2.086 -2.086 -2.086 -2.086 -2.086 -2.086 -2.086 -2.166 -2.166 -2.164 -2.166 -2.166 -2.166 -2.166 -2.166 -2.166 -2.166 -2.166 -2.166 -2.166 -2.166 -2.166 -2.166 -2.166 -2.166 -2.166 -2.166 -2.166 -2.166 -1.982 -1.982 -1.981 -1.982 -1.982 -1.982 -1.982 -1.982 -1.982 -1.982 -1.982 -1.982 -1.982 -1.982 -1.982 -1.982 -1.982 -1.982 -1.982 -1.982 -1.982 -1.982
0.0152 0.01508 8.00000 5.0000000000 2.6140666223    4.991  3.106  4.1373  3.532    1  0.000  0.545     0.00     0.00     0.00     0.00     0.00 -1 -1.72e-10      0.00 7.092e-01 2.756e-01 2.746e-03 7.408e-04 6.719e-03 -1.000 1.527e-02  1.372e+04          0          0          0          0      6.345      6.345 -2.994 -2.080 -2.166 -1.969 -2.080 -2.080 -2.078 -2.080 -2.080 -2.080 -2.080 -2.080 -2.080 -2.080 -2.080 -2.080 -2.080 -2.080 -2.080 -2.080 -2.080 -2.080 -2.080 -2.080 -2.080 -2.080 -2.166 -2.166 -2.164 -2.166 -2.166 -2.166 -2.166 -2.166 -2.166 -2.166 -2.166 -2.166 -2.166 -2.166 -2.166 -2.166 -2.166 -2.166 -2.166 -2.166 -2.166 -2.166 -1.969 -1.969 -1.967 -1.969 -1.969 -1.969 -1.969 -1.969 -1.969 -1.969 -1.969 -1.969 -1.969 -1.969 -1.969 -1.969 -1.969 -1.969 -1.969 -1.969 -1.969 -1.969
0.0152 0.01508 8.00000 5.0005178452 2.6140692974    4.992  3.107  4.1377  3.532    1  0.000  0.545     0.00     0.00     0.00     0.00     0.00 -1 -1.72e-10      0.00 7.092e-01 2.756e-01 2.746e-03 7.408e-04 6.719e-03 -1.000 1.527e-02  1.373e+04          0          0          0          0       6.34       6.34 -2.996 -2.080 -2.166 -1.968 -2.080 -2.080 -2.078 -2.080 -2.080 -2.080 -2.080 -2.080 -2.080 -2.080 -2.080 -2.080 -2.080 -2.080 -2.080 -2.080 -2.080 -2.080 -2.080 -2.080 -2.080 -2.080 -2.166 -2.166 -2.164 -2.166 -2.166 -2.166 -2.166 -2.166 -2.166 -2.166 -2.166 -2.166 -2.166 -2.166 -2.166 -2.166 -2.166 -2.166 -2.166 -2.166 -2.166 -2.166 -1.968 -1.968 -1.967 -1.968 -1.968 -1.968 -1.968 -1.968 -1.968 -1.968 -1.968 -1.968 -1.968 -1.968 -1.968 -1.968 -1.968 -1.968 -1.968 -1.968 -1.968 -1.968
0.0152 0.01508 8.00000 5.0055079460 2.6140950432    4.997  3.123  4.1485  3.560    1  0.000  0.545     0.00     0.00     0.00     0.00     0.00 -1 -1.92e-10      0.00 7.092e-01 2.756e-01 2.746e-03 7.408e-04 6.719e-03 -1.000 1.527e-02  1.408e+04          0          0          0          0      6.146      6.146 -3.037 -2.058 -2.149 -1.941 -2.058 -2.058 -2.056 -2.058 -2.058 -2.058 -2.058 -2.058 -2.058 -2.058 -2.058 -2.058 -2.058 -2.058 -2.058 -2.058 -2.058 -2.058 -2.058 -2.058 -2.058 -2.058 -2.149 -2.149 -2.147 -2.149 -2.149 -2.149 -2.149 -2.149 -2.149 -2.149 -2.149 -2.149 -2.149 -2.149 -2.149 -2.149 -2.149 -2.149 -2.149 -2.149 -2.149 -2.149 -1.941 -1.941 -1.940 -1.941 -1.941 -1.941 -1.941 -1.941 -1.941 -1.941 -1.941 -1.941 -1.941 -1.941 -1.941 -1.941 -1.941 -1.941 -1.941 -1.941 -1.941 -1.941
0.0152 0.01508 8.00000 5.0076565742 2.6141061107    4.999  3.139  4.1590  3.586    1  0.000  0.545     0.00     0.00     0.00     0.00     0.00 -1 -2.13e-10      0.00 7.092e-01 2.756e-01 2.746e-03 7.408e-04 6.719e-03 -1.000 1.527e-02  1.442e+04          0          0          0          0      5.965      5.965 -3.077 -2.037 -2.133 -1.915 -2.037 -2.037 -2.036 -2.037 -2.037 -2.037 -2.037 -2.037 -2.037 -2.037 -2.037 -2.037 -2.037 -2.037 -2.037 -2.037 -2.037 -2.037 -2.037 -2.037 -2.037 -2.037 -2.133 -2.133 -2.131 -2.133 -2.133 -2.133 -2.133 -2.133 -2.133 -2.133 -2.133 -2.133 -2.133 -2.133 -2.133 -2.133 -2.133 -2.133 -2.133 -2.133 -2.133 -2.133 -1.915 -1.915 -1.913 -1.915 -1.915 -1.915 -1.915 -1.915 -1.915 -1.915 -1.915 -1.915 -1.915 -1.915 -1.915 -1.915 -1.915 -1.915 -1.915 -1.915 -1.915 -1.915
0.0152 0.01508 8.00000 5.0087943077 2.6141119666    5.000  3.155  4.1687  3.609    1  0.000  0.545     0.00     0.00     0.00     0.00     0.00 -1 -2.38e-10      0.00 7.092e-01 2.756e-01 2.746e-03 7.408e-04 6.719e-03 -1.000 1.527e-02  1.475e+04          0          0          0          0      5.812      5.812 -3.118 -2.022 -2.122 -1.894 -2.022 -2.022 -2.020 -2.022 -2.022 -2.022 -2.022 -2.022 -2.022 -2.022 -2.022 -2.022 -2.022 -2.022 -2.022 -2.022 -2.022 -2.022 -2.022 -2.022 -2.022 -2.022 -2.122 -2.122 -2.120 -2.122 -2.122 -2.122 -2.122 -2.122 -2.122 -2.122 -2.122 -2.122 -2.122 -2.122 -2.122 -2.122 -2.122 -2.122 -2.122 -2.122 -2.122 -2.122 -1.894 -1.894 -1.892 -1.894 -1.894 -1.894 -1.894 -1.894 -1.894 -1.894 -1.894 -1.894 -1.894 -1.894 -1.894 -1.894 -1.894 -1.894 -1.894 -1.894 -1.894 -1.894
0.0152 0.01508 8.00000 5.0095300674 2.6141157520    5.001  3.171  4.1773  3.628    1  0.000  0.545     0.00     0.00     0.00     0.00     0.00 -1 -2.63e-10      0.00 7.092e-01 2.756e-01 2.746e-03 7.408e-04 6.719e-03 -1.000 1.527e-02  1.504e+04          0          0          0          0      5.684      5.684 -3.156 -2.010 -2.114 -1.878 -2.010 -2.010 -2.009 -2.010 -2.010 -2.010 -2.010 -2.010 -2.010 -2.010 -2.010 -2.010 -2.010 -2.010 -2.010 -2.010 -2.010 -2.010 -2.010 -2.010 -2.010 -2.010 -2.114 -2.114 -2.112 -2.114 -2.114 -2.114 -2.114 -2.114 -2.114 -2.114 -2.114 -2.114 -2.114 -2.114 -2.114 -2.114 -2.114 -2.114 -2.114 -2.114 -2.114 -2.114 -1.878 -1.878 -1.876 -1.878 -1.878 -1.878 -1.878 -1.878 -1.878 -1.878 -1.878 -1.878 -1.878 -1.878 -1.878 -1.878 -1.878 -1.878 -1.878 -1.878 -1.878 -1.878
0.0152 0.01508 8.00000 5.0096478462 2.6141163578    5.001  3.173  4.1788  3.631    1  0.000  0.545     0.00     0.00     0.00     0.00     0.00 -1 -2.68e-10      0.00 7.092e-01 2.756e-01 2.746e-03 7.408e-04 6.719e-03 -1.000 1.527e-02  1.509e+04          0          0          0          0      5.663      5.663 -3.163 -2.008 -2.113 -1.875 -2.008 -2.008 -2.007 -2.008 -2.008 -2.008 -2.008 -2.008 -2.008 -2.008 -2.008 -2.008 -2.008 -2.008 -2.008 -2.008 -2.008 -2.008 -2.008 -2.008 -2.008 -2.008 -2.113 -2.113 -2.111 -2.113 -2.113 -2.113 -2.113 -2.113 -2.113 -2.113 -2.113 -2.113 -2.113 -2.113 -2.113 -2.113 -2.113 -2.113 -2.113 -2.113 -2.113 -2.113 -1.875 -1.875 -1.874 -1.875 -1.875 -1.875 -1.875 -1.875 -1.875 -1.875 -1.875 -1.875 -1.875 -1.875 -1.875 -1.875 -1.875 -1.875 -1.875 -1.875 -1.875 -1.875
0.0152 0.01508 8.00000 5.0099105835 2.6141177091    5.001  3.151  4.1720  3.626    2  0.000  0.545     0.00     0.00     0.00     0.00     0.00 -1 -2.42e-10      0.00 7.092e-01 2.756e-01 2.746e-03 7.408e-04 6.719e-03 -1.000 1.527e-02  1.486e+04          0          0          0          0      5.698      5.698 -3.109 -1.993 -2.094 -1.863 -1.993 -1.993 -1.991 -1.993 -1.993 -1.993 -1.993 -1.993 -1.993 -1.993 -1.993 -1.993 -1.993 -1.993 -1.993 -1.993 -1.993 -1.993 -1.993 -1.993 -1.993 -1.993 -2.094 -2.095 -2.093 -2.095 -2.095 -2.095 -2.095 -2.095 -2.095 -2.095 -2.095 -2.095 -2.095 -2.095 -2.095 -2.095 -2.095 -2.095 -2.095 -2.095 -2.095 -2.095 -1.863 -1.863 -1.862 -1.863 -1.863 -1.863 -1.863 -1.863 -1.863 -1.863 -1.863 -1.863 -1.863 -1.863 -1.863 -1.863 -1.863 -1.863 -1.863 -1.863 -1.863 -1.863
0.0152 0.01508 8.00000 5.0101008415 2.6141186876    5.001  3.136  4.1643  3.610    2  0.000  0.545     0.00     0.00     0.00     0.00     0.00 -1 -2.21e-10      0.00 7.092e-01 2.756e-01 2.746e-03 7.408e-04 6.719e-03 -1.000 1.527e-02   1.46e+04          0          0          0          0      5.806      5.806 -3.071 -2.000 -2.098 -1.875 -2.000 -2.000 -1.999 -2.000 -2.000 -2.000 -2.000 -2.000 -2.000 -2.000 -2.000 -2.000 -2.000 -2.000 -2.000 -2.000 -2.000 -2.000 -2.000 -2.000 -2.000 -2.000 -2.098 -2.098 -2.096 -2.098 -2.098 -2.098 -2.098 -2.098 -2.098 -2.098 -2.098 -2.098 -2.098 -2.098 -2.098 -2.098 -2.098 -2.098 -2.098 -2.098 -2.098 -2.098 -1.875 -1.875 -1.873 -1.875 -1.875 -1.875 -1.875 -1.875 -1.875 -1.875 -1.875 -1.875 -1.875 -1.875 -1.875 -1.875 -1.875 -1.875 -1.875 -1.875 -1.875 -1.875
0.0152 0.01508 8.00000 5.0104165077 2.6141203108    5.001  3.125  4.1494  3.561    2  0.000  0.545     0.00     0.00     0.00     0.00     0.00 -1 -1.96e-10      0.00 7.092e-01 2.756e-01 2.746e-03 7.408e-04 6.719e-03 -1.000 1.527e-02  1.411e+04          0          0          0          0      6.142      6.142 -3.043 -2.059 -2.151 -1.942 -2.059 -2.059 -2.057 -2.059 -2.059 -2.059 -2.059 -2.059 -2.059 -2.059 -2.059 -2.059 -2.059 -2.059 -2.059 -2.059 -2.059 -2.059 -2.059 -2.059 -2.059 -2.059 -2.151 -2.151 -2.149 -2.151 -2.151 -2.151 -2.151 -2.151 -2.151 -2.151 -2.151 -2.151 -2.151 -2.151 -2.151 -2.151 -2.151 -2.151 -2.151 -2.151 -2.151 -2.151 -1.942 -1.942 -1.940 -1.942 -1.942 -1.942 -1.942 -1.942 -1.942 -1.942 -1.942 -1.942 -1.942 -1.942 -1.942 -1.942 -1.942 -1.942 -1.942 -1.942 -1.942 -1.942
0.0152 0.01508 8.00000 5.0106725693 2.6141216274    5.002  3.133  4.1382  3.509    2  0.000  0.545     0.00     0.00     0.00     0.00     0.00 -1 -1.96e-10      0.00 7.092e-01 2.756e-01 2.746e-03 7.408e-04 6.719e-03 -1.000 1.527e-02  1.375e+04          0          0          0          0       6.53       6.53 -3.063 -2.143 -2.230 -2.032 -2.143 -2.143 -2.142 -2.143 -2.143 -2.143 -2.143 -2.143 -2.143 -2.143 -2.143 -2.143 -2.143 -2.143 -2.143 -2.143 -2.143 -2.143 -2.143 -2.143 -2.143 -2.143 -2.230 -2.230 -2.228 -2.230 -2.230 -2.230 -2.230 -2.230 -2.230 -2.230 -2.230 -2.230 -2.230 -2.230 -2.230 -2.230 -2.230 -2.230 -2.230 -2.230 -2.230 -2.230 -2.032 -2.032 -2.031 -2.032 -2.032 -2.032 -2.032 -2.032 -2.032 -2.032 -2.032 -2.032 -2.032 -2.032 -2.032 -2.032 -2.032 -2.032 -2.032 -2.032 -2.032 -2.032
0.0152 0.01508 8.00000 5.0109596252 2.6141231031    5.002  3.146  4.1269  3.451    2  0.000  0.545     0.00     0.00     0.00     0.00     0.00 -1 -2.03e-10      0.00 7.092e-01 2.756e-01 2.746e-03 7.408e-04 6.719e-03 -1.000 1.527e-02  1.339e+04          0          0          0          0      6.982      6.982 -3.095 -2.240 -2.321 -2.135 -2.240 -2.240 -2.238 -2.240 -2.240 -2.240 -2.240 -2.240 -2.240 -2.240 -2.240 -2.240 -2.240 -2.240 -2.240 -2.240 -2.240 -2.240 -2.240 -2.240 -2.240 -2.240 -2.321 -2.321 -2.319 -2.321 -2.321 -2.321 -2.321 -2.321 -2.321 -2.321 -2.321 -2.321 -2.321 -2.321 -2.321 -2.321 -2.321 -2.321 -2.321 -2.321 -2.321 -2.321 -2.135 -2.135 -2.134 -2.135 -2.135 -2.135 -2.135 -2.135 -2.135 -2.135 -2.135 -2.135 -2.135 -2.135 -2.135 -2.135 -2.135 -2.135 -2.135 -2.135 -2.135 -2.135
0.0152 0.01508 8.00000 5.0112767220 2.6141247331    5.002  3.158  4.1155  3.393    2  0.000  0.545     0.00     0.00     0.00     0.00     0.00 -1  -2.1e-10      0.00 7.092e-01 2.756e-01 2.746e-03 7.408e-04 6.719e-03 -1.000 1.527e-02  1.305e+04          0          0          0          0      7.458      7.458 -3.124 -2.333 -2.409 -2.235 -2.333 -2.333 -2.331 -2.333 -2.333 -2.333 -2.333 -2.333 -2.333 -2.333 -2.333 -2.333 -2.333 -2.333 -2.333 -2.333 -2.333 -2.333 -2.333 -2.333 -2.333 -2.333 -2.409 -2.409 -2.407 -2.409 -2.409 -2.409 -2.409 -2.409 -2.409 -2.409 -2.409 -2.409 -2.409 -2.409 -2.409 -2.409 -2.409 -2.409 -2.409 -2.409 -2.409 -2.409 -2.235 -2.235 -2.233 -2.235 -2.235 -2.235 -2.235 -2.235 -2.235 -2.235 -2.235 -2.235 -2.235 -2.235 -2.235 -2.235 -2.235 -2.235 -2.235 -2.235 -2.235 -2.235
0.0152 0.01508 8.00000 5.0116996765 2.6141269068    5.003  3.168  4.1011  3.326    2  0.000  0.545     0.00     0.00     0.00     0.00     0.00 -1 -2.15e-10      0.00 7.092e-01 2.756e-01 2.746e-03 7.408e-04 6.719e-03 -1.000 1.527e-02  1.262e+04          0          0          0          0      8.058      8.058 -3.150 -2.437 -2.506 -2.348 -2.437 -2.437 -2.435 -2.437 -2.437 -2.437 -2.437 -2.437 -2.437 -2.437 -2.437 -2.437 -2.437 -2.437 -2.437 -2.437 -2.437 -2.437 -2.437 -2.437 -2.437 -2.437 -2.506 -2.506 -2.504 -2.506 -2.506 -2.506 -2.506 -2.506 -2.506 -2.506 -2.506 -2.506 -2.506 -2.506 -2.506 -2.506 -2.506 -2.506 -2.506 -2.506 -2.506 -2.506 -2.348 -2.348 -2.346 -2.348 -2.348 -2.348 -2.348 -2.348 -2.348 -2.348 -2.348 -2.348 -2.348 -2.348 -2.348 -2.348 -2.348 -2.348 -2.348 -2.348 -2.348 -2.348
0.0152 0.01508 8.00000 5.0120544434 2.6141287297    5.003  3.173  4.0896  3.275    2  0.000  0.545     0.00     0.00     0.00     0.00     0.00 -1 -2.15e-10      0.00 7.092e-01 2.756e-01 2.746e-03 7.408e-04 6.719e-03 -1.000 1.527e-02  1.229e+04          0          0          0          0      8.545      8.545 -3.162 -2.512 -2.576 -2.430 -2.512 -2.512 -2.510 -2.512 -2.512 -2.512 -2.512 -2.512 -2.512 -2.512 -2.512 -2.512 -2.512 -2.512 -2.512 -2.512 -2.512 -2.512 -2.512 -2.512 -2.512 -2.512 -2.576 -2.576 -2.573 -2.576 -2.576 -2.576 -2.576 -2.576 -2.576 -2.576 -2.576 -2.576 -2.576 -2.576 -2.576 -2.576 -2.576 -2.576 -2.576 -2.576 -2.576 -2.576 -2.430 -2.430 -2.428 -2.430 -2.430 -2.430 -2.430 -2.430 -2.430 -2.430 -2.430 -2.430 -2.430 -2.430 -2.430 -2.430 -2.430 -2.430 -2.430 -2.430 -2.430 -2.430
0.0152 0.01508 8.00000 5.0124163628 2.6141305891    5.003  3.175  4.0779  3.226    2  0.000  0.545     0.00     0.00     0.00     0.00     0.00 -1 -2.12e-10      0.00 7.092e-01 2.756e-01 2.746e-03 7.408e-04 6.719e-03 -1.000 1.527e-02  1.197e+04          0          0          0          0      9.044      9.044 -3.168 -2.581 -2.639 -2.506 -2.581 -2.581 -2.579 -2.581 -2.581 -2.581 -2.581 -2.581 -2.581 -2.581 -2.581 -2.581 -2.581 -2.581 -2.581 -2.581 -2.581 -2.581 -2.581 -2.581 -2.581 -2.581 -2.639 -2.639 -2.637 -2.639 -2.639 -2.639 -2.639 -2.639 -2.639 -2.639 -2.639 -2.639 -2.639 -2.639 -2.639 -2.639 -2.639 -2.639 -2.639 -2.639 -2.639 -2.639 -2.506 -2.506 -2.504 -2.506 -2.506 -2.506 -2.506 -2.506 -2.506 -2.506 -2.506 -2.506 -2.506 -2.506 -2.506 -2.506 -2.506 -2.506 -2.506 -2.506 -2.506 -2.506
0.0152 0.01508 8.00000 5.0127792358 2.6141324531    5.004  3.177  4.0663  3.178    2  0.000  0.545     0.00     0.00     0.00     0.00     0.00 -1 -2.08e-10      0.00 7.092e-01 2.756e-01 2.746e-03 7.408e-04 6.719e-03 -1.000 1.527e-02  1.165e+04          0          0          0          0      9.554      9.554 -3.171 -2.646 -2.698 -2.578 -2.646 -2.646 -2.643 -2.646 -2.646 -2.646 -2.646 -2.646 -2.646 -2.646 -2.646 -2.646 -2.646 -2.646 -2.646 -2.646 -2.646 -2.646 -2.646 -2.646 -2.646 -2.646 -2.698 -2.698 -2.695 -2.698 -2.698 -2.698 -2.698 -2.698 -2.698 -2.698 -2.698 -2.698 -2.698 -2.698 -2.698 -2.698 -2.698 -2.698 -2.698 -2.698 -2.698 -2.698 -2.578 -2.578 -2.576 -2.578 -2.578 -2.578 -2.578 -2.578 -2.578 -2.578 -2.578 -2.578 -2.578 -2.578 -2.578 -2.578 -2.578 -2.578 -2.578 -2.578 -2.578 -2.578
0.0152 0.01508 8.00000 5.0132250786 2.6141347428    5.004  3.176  4.0515  3.119    2  0.000  0.545     0.00     0.00     0.00     0.00     0.00 -1    -2e-10      0.00 7.092e-01 2.756e-01 2.746e-03 7.408e-04 6.719e-03 -1.000 1.527e-02  1.126e+04          0          0          0          0      10.22      10.22 -3.170 -2.720 -2.765 -2.661 -2.720 -2.720 -2.717 -2.720 -2.720 -2.720 -2.720 -2.720 -2.720 -2.720 -2.720 -2.720 -2.720 -2.720 -2.720 -2.720 -2.720 -2.720 -2.720 -2.720 -2.720 -2.720 -2.765 -2.764 -2.762 -2.764 -2.764 -2.764 -2.764 -2.764 -2.764 -2.764 -2.764 -2.764 -2.764 -2.764 -2.764 -2.764 -2.764 -2.764 -2.764 -2.764 -2.764 -2.764 -2.661 -2.661 -2.659 -2.661 -2.661 -2.661 -2.661 -2.661 -2.661 -2.661 -2.661 -2.661 -2.661 -2.661 -2.661 -2.661 -2.661 -2.661 -2.661 -2.661 -2.661 -2.661
0.0152 0.01508 8.00000 5.0135698318 2.6141365130    5.004  3.175  4.0397  3.074    2  0.000  0.545     0.00     0.00     0.00     0.00     0.00 -1 -1.93e-10      0.00 7.092e-01 2.756e-01 2.746e-03 7.408e-04 6.719e-03 -1.000 1.527e-02  1.096e+04          0          0          0          0      10.77      10.77 -3.166 -2.777 -2.815 -2.725 -2.777 -2.775 -2.773 -2.775 -2.775 -2.775 -2.775 -2.775 -2.775 -2.775 -2.775 -2.775 -2.775 -2.775 -2.775 -2.775 -2.775 -2.775 -2.775 -2.775 -2.775 -2.775 -2.815 -2.813 -2.811 -2.813 -2.813 -2.813 -2.813 -2.813 -2.813 -2.813 -2.813 -2.813 -2.813 -2.813 -2.813 -2.813 -2.813 -2.813 -2.813 -2.813 -2.813 -2.813 -2.725 -2.723 -2.721 -2.723 -2.723 -2.723 -2.723 -2.723 -2.723 -2.723 -2.723 -2.723 -2.723 -2.723 -2.723 -2.723 -2.723 -2.723 -2.723 -2.723 -2.723 -2.723
0.0152 0.01508 8.00000 5.0139007568 2.6141382120    5.005  3.172  4.0278  3.028    2  0.000  0.545     0.00     0.00     0.00     0.00     0.00 -1 -2.05e-10      0.00 7.092e-01 2.756e-01 2.746e-03 7.408e-04 6.719e-03 -1.000 1.527e-02  1.066e+04          0          0          0          0      11.35      11.35 -3.160 -2.828 -2.860 -2.784 -2.828 -2.826 -2.811 -2.826 -2.826 -2.826 -2.826 -2.826 -2.826 -2.826 -2.826 -2.826 -2.826 -2.826 -2.826 -2.826 -2.826 -2.826 -2.826 -2.826 -2.826 -2.826 -2.860 -2.859 -2.840 -2.859 -2.859 -2.859 -2.859 -2.859 -2.859 -2.859 -2.859 -2.859 -2.859 -2.859 -2.859 -2.859 -2.859 -2.859 -2.859 -2.859 -2.859 -2.859 -2.784 -2.782 -2.770 -2.782 -2.782 -2.782 -2.782 -2.782 -2.782 -2.782 -2.782 -2.782 -2.782 -2.782 -2.782 -2.782 -2.782 -2.782 -2.782 -2.782 -2.782 -2.782
0.0152 0.01508 8.00000 5.0142154694 2.6141398275    5.005  3.169  4.0159  2.984    2  0.000  0.545     0.00     0.00     0.00     0.00     0.00 -1 -2.91e-10      0.00 7.092e-01 2.756e-01 2.746e-03 7.408e-04 6.719e-03 -1.000 1.527e-02  1.037e+04          0          0          0          0      11.94      11.94 -3.152 -2.877 -2.902 -2.840 -2.877 -2.875 -2.633 -2.875 -2.875 -2.875 -2.875 -2.875 -2.875 -2.875 -2.875 -2.875 -2.875 -2.875 -2.875 -2.875 -2.875 -2.875 -2.875 -2.875 -2.875 -2.875 -2.902 -2.901 -2.608 -2.901 -2.901 -2.901 -2.901 -2.901 -2.901 -2.901 -2.901 -2.901 -2.901 -2.901 -2.901 -2.901 -2.901 -2.901 -2.901 -2.901 -2.901 -2.901 -2.840 -2.839 -2.645 -2.839 -2.839 -2.839 -2.839 -2.839 -2.839 -2.839 -2.839 -2.839 -2.839 -2.839 -2.839 -2.839 -2.839 -2.839 -2.839 -2.839 -2.839 -2.839
0.0152 0.01508 8.00000 5.0145835876 2.6141417169    5.005  3.164  4.0010  2.930    2  0.000  0.545     0.00     0.00     0.00     0.00     0.00 -1 -6.04e-10      0.00 7.092e-01 2.756e-01 2.746e-03 7.408e-04 6.719e-03 -1.000 1.527e-02  1.003e+04          0          0          0          0      12.72      12.72 -3.140 -2.932 -2.949 -2.906 -2.932 -2.932 -2.873 -2.932 -2.932 -2.932 -2.932 -2.932 -2.932 -2.932 -2.932 -2.932 -2.932 -2.932 -2.932 -2.932 -2.932 -2.932 -2.932 -2.932 -2.932 -2.932 -2.949 -2.949 -2.879 -2.949 -2.949 -2.949 -2.949 -2.949 -2.949 -2.949 -2.949 -2.949 -2.949 -2.949 -2.949 -2.949 -2.949 -2.949 -2.949 -2.949 -2.949 -2.949 -2.906 -2.906 -2.859 -2.906 -2.906 -2.906 -2.906 -2.906 -2.906 -2.906 -2.906 -2.906 -2.906 -2.906 -2.906 -2.906 -2.906 -2.906 -2.906 -2.906 -2.906 -2.906
0.0152 0.01508 8.00000 5.0148587227 2.6141431288    5.006  3.159  3.9891  2.887    2  0.000  0.545     0.00     0.00     0.00     0.00     0.00 -1 -1.16e-09      0.00 7.092e-01 2.756e-01 2.746e-03 7.408e-04 6.719e-03 -1.000 1.527e-02       9754          0          0          0          0      13.36      13.36 -3.128 -2.974 -2.984 -2.957 -2.974 -2.973 -2.971 -2.973 -2.973 -2.973 -2.973 -2.973 -2.973 -2.973 -2.973 -2.973 -2.973 -2.973 -2.973 -2.973 -2.973 -2.973 -2.973 -2.973 -2.973 -2.973 -2.984 -2.984 -2.981 -2.984 -2.984 -2.984 -2.984 -2.984 -2.984 -2.984 -2.984 -2.984 -2.984 -2.984 -2.984 -2.984 -2.984 -2.984 -2.984 -2.984 -2.984 -2.984 -2.957 -2.957 -2.955 -2.957 -2.957 -2.957 -2.957 -2.957 -2.957 -2.957 -2.957 -2.957 -2.957 -2.957 -2.957 -2.957 -2.957 -2.957 -2.957 -2.957 -2.957 -2.957
0.0152 0.01508 8.00000 5.0151162148 2.6141444500    5.006  3.154  3.9772  2.844    2  0.000  0.545     0.00     0.00     0.00     0.00     0.00 -1 -1.81e-09      0.00 7.092e-01 2.756e-01 2.746e-03 7.408e-04 6.719e-03 -1.000 1.527e-02       9491          0          0          0          0      14.03      14.03 -3.115 -3.011 -3.015 -3.005 -3.011 -3.011 -3.009 -3.011 -3.011 -3.011 -3.011 -3.011 -3.011 -3.011 -3.011 -3.011 -3.011 -3.011 -3.011 -3.011 -3.011 -3.011 -3.011 -3.011 -3.011 -3.011 -3.015 -3.015 -3.012 -3.015 -3.015 -3.015 -3.015 -3.015 -3.015 -3.015 -3.015 -3.015 -3.015 -3.015 -3.015 -3.015 -3.015 -3.015 -3.015 -3.015 -3.015 -3.015 -3.005 -3.005 -3.003 -3.005 -3.005 -3.005 -3.005 -3.005 -3.005 -3.005 -3.005 -3.005 -3.005 -3.005 -3.005 -3.005 -3.005 -3.005 -3.005 -3.005 -3.005 -3.005
0.0152 0.01508 8.00000 5.0153584480 2.6141456928    5.006  3.148  3.9653  2.802    2  0.000  0.545     0.00     0.00     0.00     0.00     0.00 -1  -1.9e-09      0.00 7.092e-01 2.756e-01 2.746e-03 7.408e-04 6.719e-03 -1.000 1.527e-02       9234          0          0          0          0      14.72      14.72 -3.101 -3.047 -3.043 -3.052 -3.047 -3.046 -3.043 -3.046 -3.046 -3.046 -3.046 -3.046 -3.046 -3.046 -3.046 -3.046 -3.046 -3.046 -3.046 -3.046 -3.046 -3.046 -3.046 -3.046 -3.046 -3.046 -3.043 -3.042 -3.039 -3.042 -3.042 -3.042 -3.042 -3.042 -3.042 -3.042 -3.042 -3.042 -3.042 -3.042 -3.042 -3.042 -3.042 -3.042 -3.042 -3.042 -3.042 -3.042 -3.052 -3.051 -3.048 -3.051 -3.051 -3.051 -3.051 -3.051 -3.051 -3.051 -3.051 -3.051 -3.051 -3.051 -3.051 -3.051 -3.051 -3.051 -3.051 -3.051 -3.051 -3.051
0.0152 0.01508 8.00000 5.0155849457 2.6141468547    5.006  3.142  3.9533  2.761    2  0.000  0.545     0.00     0.00     0.00     0.00     0.00 -1 -1.79e-09      0.00 7.092e-01 2.756e-01 2.746e-03 7.408e-04 6.719e-03 -1.000 1.527e-02       8983          0          0          0          0      15.45      15.45 -3.085 -3.078 -3.066 -3.096 -3.078 -3.076 -3.073 -3.076 -3.076 -3.076 -3.076 -3.076 -3.076 -3.076 -3.076 -3.076 -3.076 -3.076 -3.076 -3.076 -3.076 -3.076 -3.076 -3.076 -3.076 -3.076 -3.066 -3.065 -3.061 -3.065 -3.065 -3.065 -3.065 -3.065 -3.065 -3.065 -3.065 -3.065 -3.065 -3.065 -3.065 -3.065 -3.065 -3.065 -3.065 -3.065 -3.065 -3.065 -3.096 -3.094 -3.092 -3.094 -3.094 -3.094 -3.094 -3.094 -3.094 -3.094 -3.094 -3.094 -3.094 -3.094 -3.094 -3.094 -3.094 -3.094 -3.094 -3.094 -3.094 -3.094
0.0152 0.01508 8.00000 5.0157971382 2.6141479431    5.007  3.136  3.9414  2.720    2  0.000  0.545     0.00     0.00     0.00     0.00     0.00 -1 -1.68e-09      0.00 7.092e-01 2.756e-01 2.746e-03 7.408e-04 6.719e-03 -1.000 1.527e-02       8739          0          0          0          0      16.19      16.19 -3.069 -3.105 -3.085 -3.137 -3.105 -3.103 -3.100 -3.103 -3.103 -3.103 -3.103 -3.103 -3.103 -3.103 -3.103 -3.103 -3.103 -3.103 -3.103 -3.103 -3.103 -3.103 -3.103 -3.103 -3.103 -3.103 -3.085 -3.083 -3.079 -3.083 -3.083 -3.083 -3.083 -3.083 -3.083 -3.083 -3.083 -3.083 -3.083 -3.083 -3.083 -3.083 -3.083 -3.083 -3.083 -3.083 -3.083 -3.083 -3.137 -3.135 -3.132 -3.135 -3.135 -3.135 -3.135 -3.135 -3.135 -3.135 -3.135 -3.135 -3.135 -3.135 -3.135 -3.135 -3.135 -3.135 -3.135 -3.135 -3.135 -3.135
0.0152 0.01508 8.00000 5.0159964561 2.6141489654    5.007  3.128  3.9294  2.679    2  0.000  0.545     0.00     0.00     0.00     0.00     0.00 -1 -1.57e-09      0.00 7.092e-01 2.756e-01 2.746e-03 7.408e-04 6.719e-03 -1.000 1.527e-02       8501          0          0          0          0      16.97      16.97 -3.051 -3.126 -3.095 -3.175 -3.126 -3.124 -3.120 -3.124 -3.124 -3.124 -3.124 -3.124 -3.124 -3.124 -3.124 -3.124 -3.124 -3.124 -3.124 -3.124 -3.124 -3.124 -3.124 -3.124 -3.124 -3.124 -3.095 -3.094 -3.090 -3.094 -3.094 -3.094 -3.094 -3.094 -3.094 -3.094 -3.094 -3.094 -3.094 -3.094 -3.094 -3.094 -3.094 -3.094 -3.094 -3.094 -3.094 -3.094 -3.175 -3.173 -3.170 -3.173 -3.173 -3.173 -3.173 -3.173 -3.173 -3.173 -3.173 -3.173 -3.173 -3.173 -3.173 -3.173 -3.173 -3.173 -3.173 -3.173 -3.173 -3.173
0.0152 0.01508 8.00000 5.0161828995 2.6141499216    5.007  3.121  3.9174  2.638    2  0.000  0.545     0.00     0.00     0.00     0.00     0.00 -1 -1.47e-09      0.00 7.092e-01 2.756e-01 2.746e-03 7.408e-04 6.719e-03 -1.000 1.527e-02       8269          0          0          0          0      17.79      17.79 -3.032 -3.137 -3.095 -3.208 -3.137 -3.137 -3.133 -3.137 -3.137 -3.137 -3.137 -3.137 -3.137 -3.137 -3.137 -3.137 -3.137 -3.137 -3.137 -3.137 -3.137 -3.137 -3.137 -3.137 -3.137 -3.137 -3.095 -3.094 -3.090 -3.094 -3.094 -3.094 -3.094 -3.094 -3.094 -3.094 -3.094 -3.094 -3.094 -3.094 -3.094 -3.094 -3.094 -3.094 -3.094 -3.094 -3.094 -3.094 -3.208 -3.207 -3.204 -3.207 -3.207 -3.207 -3.207 -3.207 -3.207 -3.207 -3.207 -3.207 -3.207 -3.207 -3.207 -3.207 -3.207 -3.207 -3.207 -3.207 -3.207 -3.207
0.0152 0.01508 8.00000 5.0163569450 2.6141508141    5.007  3.113  3.9054  2.598    2  0.000  0.545     0.00     0.00     0.00     0.00     0.00 -1 -1.38e-09      0.00 7.092e-01 2.756e-01 2.746e-03 7.408e-04 6.719e-03 -1.000 1.527e-02       8043          0          0          0          0      18.63      18.63 -3.013 -3.143 -3.087 -3.237 -3.143 -3.143 -3.138 -3.143 -3.143 -3.143 -3.143 -3.143 -3.143 -3.143 -3.143 -3.143 -3.143 -3.143 -3.143 -3.143 -3.143 -3.143 -3.143 -3.143 -3.143 -3.143 -3.087 -3.087 -3.082 -3.087 -3.087 -3.087 -3.087 -3.087 -3.087 -3.087 -3.087 -3.087 -3.087 -3.087 -3.087 -3.087 -3.087 -3.087 -3.087 -3.087 -3.087 -3.087 -3.237 -3.237 -3.234 -3.237 -3.237 -3.237 -3.237 -3.237 -3.237 -3.237 -3.237 -3.237 -3.237 -3.237 -3.237 -3.237 -3.237 -3.237 -3.237 -3.237 -3.237 -3.237
0.0152 0.01508 8.00000 5.0165200233 2.6141516503    5.007  3.105  3.8934  2.558    2  0.000  0.545     0.00     0.00     0.00     0.00     0.00 -1 -1.28e-09      0.00 7.092e-01 2.756e-01 2.746e-03 7.408e-04 6.719e-03 -1.000 1.527e-02       7824          0          0          0          0       19.5       19.5 -2.992 -3.142 -3.072 -3.263 -3.142 -3.142 -3.138 -3.142 -3.142 -3.142 -3.142 -3.142 -3.142 -3.142 -3.142 -3.142 -3.142 -3.142 -3.142 -3.142 -3.142 -3.142 -3.142 -3.142 -3.142 -3.142 -3.072 -3.072 -3.066 -3.072 -3.072 -3.072 -3.072 -3.072 -3.072 -3.072 -3.072 -3.072 -3.072 -3.072 -3.072 -3.072 -3.072 -3.072 -3.072 -3.072 -3.072 -3.072 -3.263 -3.263 -3.260 -3.263 -3.263 -3.263 -3.263 -3.263 -3.263 -3.263 -3.263 -3.263 -3.263 -3.263 -3.263 -3.263 -3.263 -3.263 -3.263 -3.263 -3.263 -3.263
0.0152 0.01508 8.00000 5.0167088509 2.6141526185    5.008  3.094  3.8783  2.509    2  0.000  0.545     0.00     0.00     0.00     0.00     0.00 -1 -1.17e-09      0.00 7.092e-01 2.756e-01 2.746e-03 7.408e-04 6.719e-03 -1.000 1.527e-02       7558          0          0          0          0      20.64      20.64 -2.966 -3.133 -3.041 -3.291 -3.133 -3.133 -3.128 -3.133 -3.133 -3.133 -3.133 -3.133 -3.133 -3.133 -3.133 -3.133 -3.133 -3.133 -3.133 -3.133 -3.133 -3.133 -3.133 -3.133 -3.133 -3.133 -3.041 -3.042 -3.035 -3.042 -3.042 -3.042 -3.042 -3.042 -3.042 -3.042 -3.042 -3.042 -3.042 -3.042 -3.042 -3.042 -3.042 -3.042 -3.042 -3.042 -3.042 -3.042 -3.291 -3.291 -3.288 -3.291 -3.291 -3.291 -3.291 -3.291 -3.291 -3.291 -3.291 -3.291 -3.291 -3.291 -3.291 -3.291 -3.291 -3.291 -3.291 -3.291 -3.291 -3.291
0.0152 0.01508 8.00000 5.0168495178 2.6141533397    5.008  3.086  3.8663  2.469    2  0.000  0.545     0.00     0.00     0.00     0.00     0.00 -1 -1.09e-09      0.00 7.092e-01 2.756e-01 2.746e-03 7.408e-04 6.719e-03 -1.000 1.527e-02       7351          0          0          0          0       21.6       21.6 -2.944 -3.120 -3.008 -3.312 -3.120 -3.119 -3.114 -3.119 -3.119 -3.119 -3.119 -3.119 -3.119 -3.119 -3.119 -3.119 -3.119 -3.119 -3.119 -3.119 -3.119 -3.119 -3.119 -3.119 -3.119 -3.119 -3.008 -3.008 -3.001 -3.008 -3.008 -3.008 -3.008 -3.008 -3.008 -3.008 -3.008 -3.008 -3.008 -3.008 -3.008 -3.008 -3.008 -3.008 -3.008 -3.008 -3.008 -3.008 -3.312 -3.312 -3.309 -3.312 -3.312 -3.312 -3.312 -3.312 -3.312 -3.312 -3.312 -3.312 -3.312 -3.312 -3.312 -3.312 -3.312 -3.312 -3.312 -3.312 -3.312 -3.312
0.0152 0.01508 8.00000 5.0169816017 2.6141540168    5.008  3.077  3.8543  2.430    2  0.000  0.545     0.00     0.00     0.00     0.00     0.00 -1 -1.01e-09      0.00 7.092e-01 2.756e-01 2.746e-03 7.408e-04 6.719e-03 -1.000 1.527e-02       7150          0          0          0          0      22.59      22.59 -2.921 -3.102 -2.969 -3.332 -3.102 -3.101 -3.096 -3.101 -3.101 -3.101 -3.101 -3.101 -3.101 -3.101 -3.101 -3.101 -3.101 -3.101 -3.101 -3.101 -3.101 -3.101 -3.101 -3.101 -3.101 -3.101 -2.969 -2.968 -2.961 -2.968 -2.968 -2.968 -2.968 -2.968 -2.968 -2.968 -2.968 -2.968 -2.968 -2.968 -2.968 -2.968 -2.968 -2.968 -2.968 -2.968 -2.968 -2.968 -3.332 -3.330 -3.327 -3.330 -3.330 -3.330 -3.330 -3.330 -3.330 -3.330 -3.330 -3.330 -3.330 -3.330 -3.330 -3.330 -3.330 -3.330 -3.330 -3.330 -3.330 -3.330
0.0152 0.01508 8.00000 5.0171055794 2.6141546523    5.008  3.067  3.8422  2.391    2  0.000  0.545     0.00     0.00     0.00     0.00     0.00 -1 -9.33e-10      0.00 7.092e-01 2.756e-01 2.746e-03 7.408e-04 6.719e-03 -1.000 1.527e-02       6954          0          0          0          0      23.63      23.63 -2.898 -3.081 -2.925 -3.346 -3.081 -3.080 -3.074 -3.080 -3.080 -3.080 -3.080 -3.080 -3.080 -3.080 -3.080 -3.080 -3.080 -3.080 -3.080 -3.080 -3.080 -3.080 -3.080 -3.080 -3.080 -3.080 -2.925 -2.925 -2.917 -2.925 -2.925 -2.925 -2.925 -2.925 -2.925 -2.925 -2.925 -2.925 -2.925 -2.925 -2.925 -2.925 -2.925 -2.925 -2.925 -2.925 -2.925 -2.925 -3.346 -3.344 -3.341 -3.344 -3.344 -3.344 -3.344 -3.344 -3.344 -3.344 -3.344 -3.344 -3.344 -3.344 -3.344 -3.344 -3.344 -3.344 -3.344 -3.344 -3.344 -3.344
0.0152 0.01508 8.00000 5.0172219276 2.6141552487    5.008  3.058  3.8302  2.352    2  0.000  0.545     0.00     0.00     0.00     0.00     0.00 -1 -8.64e-10      0.00 7.092e-01 2.756e-01 2.746e-03 7.408e-04 6.719e-03 -1.000 1.527e-02       6764          0          0          0          0      24.71      24.71 -2.875 -3.057 -2.879 -3.358 -3.057 -3.056 -3.049 -3.056 -3.056 -3.056 -3.056 -3.056 -3.056 -3.056 -3.056 -3.056 -3.056 -3.056 -3.056 -3.056 -3.056 -3.056 -3.056 -3.056 -3.056 -3.056 -2.879 -2.878 -2.870 -2.878 -2.878 -2.878 -2.878 -2.878 -2.878 -2.878 -2.878 -2.878 -2.878 -2.878 -2.878 -2.878 -2.878 -2.878 -2.878 -2.878 -2.878 -2.878 -3.358 -3.354 -3.352 -3.354 -3.354 -3.354 -3.354 -3.354 -3.354 -3.354 -3.354 -3.354 -3.354 -3.354 -3.354 -3.354 -3.354 -3.354 -3.354 -3.354 -3.354 -3.354
0.0152 0.01508 8.00000 5.0173316002 2.6141558109    5.008  3.048  3.8181  2.314    2  0.000  0.545     0.00     0.00     0.00     0.00     0.00 -1 -7.99e-10      0.00 7.092e-01 2.756e-01 2.746e-03 7.408e-04 6.719e-03 -1.000 1.527e-02       6579          0          0          0          0      25.84      25.84 -2.851 -3.027 -2.818 -3.373 -3.027 -3.025 -3.019 -3.025 -3.025 -3.025 -3.025 -3.025 -3.025 -3.025 -3.025 -3.025 -3.025 -3.025 -3.025 -3.025 -3.025 -3.025 -3.025 -3.025 -3.025 -3.025 -2.818 -2.817 -2.808 -2.817 -2.817 -2.817 -2.817 -2.817 -2.817 -2.817 -2.817 -2.817 -2.817 -2.817 -2.817 -2.817 -2.817 -2.817 -2.817 -2.817 -2.817 -2.817 -3.373 -3.370 -3.368 -3.370 -3.370 -3.370 -3.370 -3.370 -3.370 -3.370 -3.370 -3.370 -3.370 -3.370 -3.370 -3.370 -3.370 -3.370 -3.370 -3.370 -3.370 -3.370
0.0152 0.01508 8.00000 5.0174345970 2.6141563388    5.008  3.039  3.8061  2.275    2  0.000  0.545     0.00     0.00     0.00     0.00     0.00 -1 -7.39e-10      0.00 7.092e-01 2.756e-01 2.746e-03 7.408e-04 6.719e-03 -1.000 1.527e-02       6399          0          0          0          0         27         27 -2.827 -2.997 -2.760 -3.382 -2.997 -2.995 -2.989 -2.995 -2.995 -2.995 -2.995 -2.995 -2.995 -2.995 -2.995 -2.995 -2.995 -2.995 -2.995 -2.995 -2.995 -2.995 -2.995 -2.995 -2.995 -2.995 -2.760 -2.759 -2.751 -2.759 -2.759 -2.759 -2.759 -2.759 -2.759 -2.759 -2.759 -2.759 -2.759 -2.759 -2.759 -2.759 -2.759 -2.759 -2.759 -2.759 -2.759 -2.759 -3.382 -3.380 -3.377 -3.380 -3.380 -3.380 -3.380 -3.380 -3.380 -3.380 -3.380 -3.380 -3.380 -3.380 -3.380 -3.380 -3.380 -3.380 -3.380 -3.380 -3.380 -3.380
0.0152 0.01508 8.00000 5.0175323486 2.6141568398    5.008  3.029  3.7941  2.237    2  0.000  0.545     0.00     0.00     0.00     0.00     0.00 -1 -6.83e-10      0.00 7.092e-01 2.756e-01 2.746e-03 7.408e-04 6.719e-03 -1.000 1.527e-02       6225          0          0          0          0      28.22      28.22 -2.802 -2.966 -2.705 -3.381 -2.966 -2.965 -2.959 -2.965 -2.965 -2.965 -2.965 -2.965 -2.965 -2.965 -2.965 -2.965 -2.965 -2.965 -2.965 -2.965 -2.965 -2.965 -2.965 -2.965 -2.965 -2.965 -2.705 -2.704 -2.696 -2.704 -2.704 -2.704 -2.704 -2.704 -2.704 -2.704 -2.704 -2.704 -2.704 -2.704 -2.704 -2.704 -2.704 -2.704 -2.704 -2.704 -2.704 -2.704 -3.381 -3.380 -3.376 -3.380 -3.380 -3.380 -3.380 -3.380 -3.380 -3.380 -3.380 -3.380 -3.380 -3.380 -3.380 -3.380 -3.380 -3.380 -3.380 -3.380 -3.380 -3.380
0.0152 0.01508 8.00000 5.0176243782 2.6141573114    5.008  3.019  3.7821  2.199    2  0.000  0.545     0.00     0.00     0.00     0.00     0.00 -1  -6.3e-10      0.00 7.092e-01 2.756e-01 2.746e-03 7.408e-04 6.719e-03 -1.000 1.527e-02       6056          0          0          0          0      29.47      29.47 -2.778 -2.934 -2.648 -3.378 -2.934 -2.933 -2.927 -2.933 -2.933 -2.933 -2.933 -2.933 -2.933 -2.933 -2.933 -2.933 -2.933 -2.933 -2.933 -2.933 -2.933 -2.933 -2.933 -2.933 -2.933 -2.933 -2.648 -2.648 -2.640 -2.648 -2.648 -2.648 -2.648 -2.648 -2.648 -2.648 -2.648 -2.648 -2.648 -2.648 -2.648 -2.648 -2.648 -2.648 -2.648 -2.648 -2.648 -2.648 -3.378 -3.378 -3.373 -3.378 -3.378 -3.378 -3.378 -3.378 -3.378 -3.378 -3.378 -3.378 -3.378 -3.378 -3.378 -3.378 -3.378 -3.378 -3.378 -3.378 -3.378 -3.378
0.0152 0.01508 8.00000 5.0177116394 2.6141577586    5.008  3.009  3.7702  2.162    2  0.000  0.545     0.00     0.00     0.00     0.00     0.00 -1 -5.81e-10      0.00 7.092e-01 2.756e-01 2.746e-03 7.408e-04 6.719e-03 -1.000 1.527e-02       5892          0          0          0          0      30.78      30.78 -2.752 -2.899 -2.588 -3.371 -2.899 -2.899 -2.892 -2.899 -2.899 -2.899 -2.899 -2.899 -2.899 -2.899 -2.899 -2.899 -2.899 -2.899 -2.899 -2.899 -2.899 -2.899 -2.899 -2.899 -2.899 -2.899 -2.588 -2.588 -2.580 -2.588 -2.588 -2.588 -2.588 -2.588 -2.588 -2.588 -2.588 -2.588 -2.588 -2.588 -2.588 -2.588 -2.588 -2.588 -2.588 -2.588 -2.588 -2.588 -3.371 -3.371 -3.366 -3.371 -3.371 -3.371 -3.371 -3.371 -3.371 -3.371 -3.371 -3.371 -3.371 -3.371 -3.371 -3.371 -3.371 -3.371 -3.371 -3.371 -3.371 -3.371
0.0152 0.01508 8.00000 5.0177936554 2.6141581789    5.008  2.999  3.7586  2.125    2  0.000  0.545     0.00     0.00     0.00     0.00     0.00 -1 -5.44e-10      0.00 7.092e-01 2.756e-01 2.746e-03 7.408e-04 6.719e-03 -1.000 1.527e-02       5736          0          0          0          0       32.1       32.1 -2.727 -2.862 -2.526 -3.362 -2.862 -2.862 -2.856 -2.862 -2.862 -2.862 -2.862 -2.862 -2.862 -2.862 -2.862 -2.862 -2.862 -2.862 -2.862 -2.862 -2.862 -2.862 -2.862 -2.862 -2.862 -2.862 -2.526 -2.526 -2.518 -2.526 -2.526 -2.526 -2.526 -2.526 -2.526 -2.526 -2.526 -2.526 -2.526 -2.526 -2.526 -2.526 -2.526 -2.526 -2.526 -2.526 -2.526 -2.526 -3.362 -3.361 -3.357 -3.361 -3.361 -3.361 -3.361 -3.361 -3.361 -3.361 -3.361 -3.361 -3.361 -3.361 -3.361 -3.361 -3.361 -3.361 -3.361 -3.361 -3.361 -3.361
0.0152 0.01508 8.00000 5.0178723335 2.6141585821    5.009  2.988  3.7475  2.091    2  0.000  0.545     0.00     0.00     0.00     0.00     0.00 -1 -5.51e-10      0.00 7.092e-01 2.756e-01 2.746e-03 7.408e-04 6.719e-03 -1.000 1.527e-02       5591          0          0          0          0      33.37      33.37 -2.701 -2.822 -2.461 -3.346 -2.822 -2.822 -2.815 -2.822 -2.822 -2.822 -2.822 -2.822 -2.822 -2.822 -2.822 -2.822 -2.822 -2.822 -2.822 -2.822 -2.822 -2.822 -2.822 -2.822 -2.822 -2.822 -2.461 -2.462 -2.453 -2.462 -2.462 -2.462 -2.462 -2.462 -2.462 -2.462 -2.462 -2.462 -2.462 -2.462 -2.462 -2.462 -2.462 -2.462 -2.462 -2.462 -2.462 -2.462 -3.346 -3.346 -3.341 -3.346 -3.346 -3.346 -3.346 -3.346 -3.346 -3.346 -3.346 -3.346 -3.346 -3.346 -3.346 -3.346 -3.346 -3.346 -3.346 -3.346 -3.346 -3.346
0.0152 0.01508 8.00000 5.0179481506 2.6141589706    5.009  2.977  3.7373  2.061    2  0.000  0.545     0.00     0.00     0.00     0.00     0.00 -1 -5.98e-10      0.00 7.092e-01 2.756e-01 2.746e-03 7.408e-04 6.719e-03 -1.000 1.527e-02       5461          0          0          0          0      34.54      34.54 -2.674 -2.780 -2.396 -3.326 -2.780 -2.780 -2.773 -2.780 -2.780 -2.780 -2.780 -2.780 -2.780 -2.780 -2.780 -2.780 -2.780 -2.780 -2.780 -2.780 -2.780 -2.780 -2.780 -2.780 -2.780 -2.780 -2.396 -2.397 -2.388 -2.397 -2.397 -2.397 -2.397 -2.397 -2.397 -2.397 -2.397 -2.397 -2.397 -2.397 -2.397 -2.397 -2.397 -2.397 -2.397 -2.397 -2.397 -2.397 -3.326 -3.326 -3.321 -3.326 -3.326 -3.326 -3.326 -3.326 -3.326 -3.326 -3.326 -3.326 -3.326 -3.326 -3.326 -3.326 -3.326 -3.326 -3.326 -3.326 -3.326 -3.326
0.0152 0.01508 8.00000 5.0180459023 2.6141594715    5.009  2.962  3.7257  2.030    2  0.000  0.545     0.00     0.00     0.00     0.00     0.00 -1 -6.81e-10      0.00 7.092e-01 2.756e-01 2.746e-03 7.408e-04 6.719e-03 -1.000 1.527e-02       5317          0          0          0          0      35.81      35.81 -2.636 -2.717 -2.306 -3.288 -2.717 -2.717 -2.711 -2.717 -2.717 -2.717 -2.717 -2.717 -2.717 -2.717 -2.717 -2.717 -2.717 -2.717 -2.717 -2.717 -2.717 -2.717 -2.717 -2.717 -2.717 -2.717 -2.306 -2.306 -2.299 -2.306 -2.306 -2.306 -2.306 -2.306 -2.306 -2.306 -2.306 -2.306 -2.306 -2.306 -2.306 -2.306 -2.306 -2.306 -2.306 -2.306 -2.306 -2.306 -3.288 -3.288 -3.283 -3.288 -3.288 -3.288 -3.288 -3.288 -3.288 -3.288 -3.288 -3.288 -3.288 -3.288 -3.288 -3.288 -3.288 -3.288 -3.288 -3.288 -3.288 -3.288
0.0152 0.01508 8.00000 5.0181312561 2.6141599088    5.009  2.948  3.7171  2.010    2  0.000  0.545     0.00     0.00     0.00     0.00     0.00 -1 -7.46e-10      0.00 7.092e-01 2.756e-01 2.746e-03 7.408e-04 6.719e-03 -1.000 1.527e-02       5213          0          0          0          0      36.64      36.64 -2.600 -2.662 -2.229 -3.252 -2.662 -2.662 -2.659 -2.662 -2.662 -2.662 -2.662 -2.662 -2.662 -2.662 -2.662 -2.662 -2.662 -2.662 -2.662 -2.662 -2.662 -2.662 -2.662 -2.662 -2.662 -2.662 -2.229 -2.228 -2.225 -2.228 -2.228 -2.228 -2.228 -2.228 -2.228 -2.228 -2.228 -2.228 -2.228 -2.228 -2.228 -2.228 -2.228 -2.228 -2.228 -2.228 -2.228 -2.228 -3.252 -3.252 -3.250 -3.252 -3.252 -3.252 -3.252 -3.252 -3.252 -3.252 -3.252 -3.252 -3.252 -3.252 -3.252 -3.252 -3.252 -3.252 -3.252 -3.252 -3.252 -3.252
0.0152 0.01508 8.00000 5.0182337761 2.6141604341    5.009  2.930  3.7089  1.995    2  0.000  0.545     0.00     0.00     0.00     0.00     0.00 -1 -7.98e-10      0.00 7.092e-01 2.756e-01 2.746e-03 7.408e-04 6.719e-03 -1.000 1.527e-02       5115          0          0          0          0      37.28      37.28 -2.556 -2.597 -2.141 -3.206 -2.597 -2.597 -2.597 -2.597 -2.597 -2.597 -2.597 -2.597 -2.597 -2.597 -2.597 -2.597 -2.597 -2.597 -2.597 -2.597 -2.597 -2.597 -2.597 -2.597 -2.597 -2.597 -2.141 -2.141 -2.141 -2.141 -2.141 -2.141 -2.141 -2.141 -2.141 -2.141 -2.141 -2.141 -2.141 -2.141 -2.141 -2.141 -2.141 -2.141 -2.141 -2.141 -2.141 -2.141 -3.206 -3.206 -3.206 -3.206 -3.206 -3.206 -3.206 -3.206 -3.206 -3.206 -3.206 -3.206 -3.206 -3.206 -3.206 -3.206 -3.206 -3.206 -3.206 -3.206 -3.206 -3.206
0.0152 0.01508 8.00000 5.0183825493 2.6141611963    5.009  2.904  3.6994  1.984    2  0.000  0.545     0.00     0.00     0.00     0.00     0.00 -1 -8.36e-10      0.00 7.092e-01 2.756e-01 2.746e-03 7.408e-04 6.719e-03 -1.000 1.527e-02       5005          0          0          0          0      37.76      37.76 -2.489 -2.506 -2.027 -3.136 -2.506 -2.506 -2.506 -2.506 -2.506 -2.506 -2.506 -2.506 -2.506 -2.506 -2.506 -2.506 -2.506 -2.506 -2.506 -2.506 -2.506 -2.506 -2.506 -2.506 -2.506 -2.506 -2.027 -2.027 -2.027 -2.027 -2.027 -2.027 -2.027 -2.027 -2.027 -2.027 -2.027 -2.027 -2.027 -2.027 -2.027 -2.027 -2.027 -2.027 -2.027 -2.027 -2.027 -2.027 -3.136 -3.136 -3.136 -3.136 -3.136 -3.136 -3.136 -3.136 -3.136 -3.136 -3.136 -3.136 -3.136 -3.136 -3.136 -3.136 -3.136 -3.136 -3.136 -3.136 -3.136 -3.136
0.0152 0.01508 8.00000 5.0185179710 2.6141618901    5.009  2.881  3.6917  1.976    2  0.000  0.545     0.00     0.00     0.00     0.00     0.00 -1 -8.62e-10      0.00 7.092e-01 2.756e-01 2.746e-03 7.408e-04 6.719e-03 -1.000 1.527e-02       4917          0          0          0          0      38.13      38.13 -2.432 -2.428 -1.929 -3.074 -2.428 -2.428 -2.428 -2.428 -2.428 -2.428 -2.428 -2.428 -2.428 -2.428 -2.428 -2.428 -2.428 -2.428 -2.428 -2.428 -2.428 -2.428 -2.428 -2.428 -2.428 -2.428 -1.929 -1.929 -1.929 -1.929 -1.929 -1.929 -1.929 -1.929 -1.929 -1.929 -1.929 -1.929 -1.929 -1.929 -1.929 -1.929 -1.929 -1.929 -1.929 -1.929 -1.929 -1.929 -3.074 -3.074 -3.074 -3.074 -3.074 -3.074 -3.074 -3.074 -3.074 -3.074 -3.074 -3.074 -3.074 -3.074 -3.074 -3.074 -3.074 -3.074 -3.074 -3.074 -3.074 -3.074
0.0152 0.01508 8.00000 5.0186686516 2.6141626619    5.009  2.864  3.6836  1.960    2  0.000  0.545     0.00     0.00     0.00     0.00     0.00 -1 -9.12e-10      0.00 7.092e-01 2.756e-01 2.746e-03 7.408e-04 6.719e-03 -1.000 1.527e-02       4826          0          0          0          0      38.82      38.82 -2.391 -2.361 -1.840 -3.025 -2.361 -2.361 -2.361 -2.361 -2.361 -2.361 -2.361 -2.361 -2.361 -2.361 -2.361 -2.361 -2.361 -2.361 -2.361 -2.361 -2.361 -2.361 -2.361 -2.361 -2.361 -2.361 -1.840 -1.840 -1.840 -1.840 -1.840 -1.840 -1.840 -1.840 -1.840 -1.840 -1.840 -1.840 -1.840 -1.840 -1.840 -1.840 -1.840 -1.840 -1.840 -1.840 -1.840 -1.840 -3.025 -3.025 -3.025 -3.025 -3.025 -3.025 -3.025 -3.025 -3.025 -3.025 -3.025 -3.025 -3.025 -3.025 -3.025 -3.025 -3.025 -3.025 -3.025 -3.025 -3.025 -3.025
0.0152 0.01508 8.00000 5.0187749863 2.6141632066    5.009  2.855  3.6781  1.947    2  0.000  0.545     0.00     0.00     0.00     0.00     0.00 -1 -9.57e-10      0.00 7.092e-01 2.756e-01 2.746e-03 7.408e-04 6.719e-03 -1.000 1.527e-02       4764          0          0          0          0      39.42      39.42 -2.369 -2.321 -1.784 -2.997 -2.321 -2.321 -2.321 -2.321 -2.321 -2.321 -2.321 -2.321 -2.321 -2.321 -2.321 -2.321 -2.321 -2.321 -2.321 -2.321 -2.321 -2.321 -2.321 -2.321 -2.321 -2.321 -1.784 -1.784 -1.784 -1.784 -1.784 -1.784 -1.784 -1.784 -1.784 -1.784 -1.784 -1.784 -1.784 -1.784 -1.784 -1.784 -1.784 -1.784 -1.784 -1.784 -1.784 -1.784 -2.997 -2.997 -2.997 -2.997 -2.997 -2.997 -2.997 -2.997 -2.997 -2.997 -2.997 -2.997 -2.997 -2.997 -2.997 -2.997 -2.997 -2.997 -2.997 -2.997 -2.997 -2.997
0.0152 0.01508 8.00000 5.0188336372 2.6141635070    5.009  2.861  3.6750  1.928    2  0.000  0.545     0.00     0.00     0.00     0.00     0.00 -1 -1.03e-09      0.00 7.092e-01 2.756e-01 2.746e-03 7.408e-04 6.719e-03 -1.000 1.527e-02       4731          0          0          0          0      40.28      40.28 -2.383 -2.325 -1.779 -3.008 -2.325 -2.325 -2.325 -2.325 -2.325 -2.325 -2.325 -2.325 -2.325 -2.325 -2.325 -2.325 -2.325 -2.325 -2.325 -2.325 -2.325 -2.325 -2.325 -2.325 -2.325 -2.325 -1.779 -1.779 -1.779 -1.779 -1.779 -1.779 -1.779 -1.779 -1.779 -1.779 -1.779 -1.779 -1.779 -1.779 -1.779 -1.779 -1.779 -1.779 -1.779 -1.779 -1.779 -1.779 -3.008 -3.008 -3.008 -3.008 -3.008 -3.008 -3.008 -3.008 -3.008 -3.008 -3.008 -3.008 -3.008 -3.008 -3.008 -3.008 -3.008 -3.008 -3.008 -3.008 -3.008 -3.008
0.0152 0.01508 8.00000 5.0189495087 2.6141641005    5.010  2.879  3.6688  1.886    3  0.000  0.545     4.57     4.25     3.18     2.29     1.88  4 -1.23e-09      0.00 7.092e-01 2.756e-01 2.746e-03 7.408e-04 6.719e-03 -1.000 1.527e-02       4664          0          0          0          0       42.3       42.3 -2.426 -2.346 -1.781 -3.044 -2.346 -2.346 -2.346 -2.346 -2.346 -2.346 -2.346 -2.346 -2.346 -2.346 -2.346 -2.346 -2.346 -2.346 -2.346 -2.346 -2.346 -2.346 -2.346 -2.346 -2.346 -2.346 -1.781 -1.781 -1.781 -1.781 -1.781 -1.781 -1.781 -1.781 -1.781 -1.781 -1.781 -1.781 -1.781 -1.781 -1.781 -1.781 -1.781 -1.781 -1.781 -1.781 -1.781 -1.781 -3.044 -3.044 -3.044 -3.044 -3.044 -3.044 -3.044 -3.044 -3.044 -3.044 -3.044 -3.044 -3.044 -3.044 -3.044 -3.044 -3.044 -3.044 -3.044 -3.044 -3.044 -3.044
0.0152 0.01508 8.00000 5.0190968513 2.6141648552    5.010  2.917  3.6610  1.817    3  0.000  0.544     5.30     4.82     3.59     2.59     2.12  4 -1.73e-09      0.00 7.091e-01 2.756e-01 2.743e-03 7.412e-04 6.719e-03 -1.000 1.527e-02       4581          0          0          0          0      45.85      45.85 -2.523 -2.412 -1.821 -3.129 -2.412 -2.412 -2.412 -2.412 -2.412 -2.412 -2.412 -2.412 -2.412 -2.412 -2.412 -2.412 -2.412 -2.412 -2.412 -2.412 -2.412 -2.412 -2.412 -2.412 -2.412 -2.412 -1.821 -1.821 -1.821 -1.821 -1.821 -1.821 -1.821 -1.821 -1.821 -1.821 -1.821 -1.821 -1.821 -1.821 -1.821 -1.821 -1.821 -1.821 -1.821 -1.821 -1.821 -1.821 -3.129 -3.129 -3.129 -3.129 -3.129 -3.129 -3.129 -3.129 -3.129 -3.129 -3.129 -3.129 -3.129 -3.129 -3.129 -3.129 -3.129 -3.129 -3.129 -3.129 -3.129 -3.129
0.0152 0.01508 8.00000 5.0191979408 2.6141653729    5.010  2.951  3.6558  1.762    3  0.000  0.542     5.95     5.32     3.95     2.85     2.34  4 -2.27e-09      0.00 7.091e-01 2.756e-01 2.731e-03 7.444e-04 6.719e-03 -1.000 1.527e-02       4527          0          0          0          0      48.81      48.81 -2.608 -2.476 -1.867 -3.206 -2.476 -2.476 -2.476 -2.476 -2.476 -2.476 -2.476 -2.476 -2.476 -2.476 -2.476 -2.476 -2.476 -2.476 -2.476 -2.476 -2.476 -2.476 -2.476 -2.476 -2.476 -2.476 -1.867 -1.867 -1.867 -1.867 -1.867 -1.867 -1.867 -1.867 -1.867 -1.867 -1.867 -1.867 -1.867 -1.867 -1.867 -1.867 -1.867 -1.867 -1.867 -1.867 -1.867 -1.867 -3.206 -3.206 -3.206 -3.206 -3.206 -3.206 -3.206 -3.206 -3.206 -3.206 -3.206 -3.206 -3.206 -3.206 -3.206 -3.206 -3.206 -3.206 -3.206 -3.206 -3.206 -3.206
0.0152 0.01508 8.00000 5.0193161964 2.6141659785    5.010  2.993  3.6506  1.699    3  0.000  0.529     6.80     5.96     4.40     3.18     2.61  4 -3.03e-09      0.00 7.091e-01 2.756e-01 2.668e-03 7.799e-04 6.719e-03 -1.000 1.528e-02       4472          0          0          0          0      52.46      52.46 -2.712 -2.558 -1.930 -3.301 -2.558 -2.558 -2.558 -2.558 -2.558 -2.558 -2.558 -2.558 -2.558 -2.558 -2.558 -2.558 -2.558 -2.558 -2.558 -2.558 -2.558 -2.558 -2.558 -2.558 -2.558 -2.558 -1.930 -1.930 -1.930 -1.930 -1.930 -1.930 -1.930 -1.930 -1.930 -1.930 -1.930 -1.930 -1.930 -1.930 -1.930 -1.930 -1.930 -1.930 -1.930 -1.930 -1.930 -1.930 -3.301 -3.301 -3.301 -3.301 -3.301 -3.301 -3.301 -3.301 -3.301 -3.301 -3.301 -3.301 -3.301 -3.301 -3.301 -3.301 -3.301 -3.301 -3.301 -3.301 -3.301 -3.301
0.0152 0.01508 8.00000 5.0194330215 2.6141665767    5.010  3.030  3.6462  1.644    3  0.000  0.504     7.65     6.59     4.83     3.50     2.87  4 -3.87e-09      0.00 7.090e-01 2.757e-01 2.542e-03 8.861e-04 6.719e-03 -1.000 1.530e-02       4427          0          0          0          0      55.87      55.87 -2.806 -2.632 -1.987 -3.386 -2.632 -2.632 -2.632 -2.632 -2.632 -2.632 -2.632 -2.632 -2.632 -2.632 -2.632 -2.632 -2.632 -2.632 -2.632 -2.632 -2.632 -2.632 -2.632 -2.632 -2.632 -2.632 -1.987 -1.987 -1.987 -1.987 -1.987 -1.987 -1.987 -1.987 -1.987 -1.987 -1.987 -1.987 -1.987 -1.987 -1.987 -1.987 -1.987 -1.987 -1.987 -1.987 -1.987 -1.987 -3.386 -3.386 -3.386 -3.386 -3.386 -3.386 -3.386 -3.386 -3.386 -3.386 -3.386 -3.386 -3.386 -3.386 -3.386 -3.386 -3.386 -3.386 -3.386 -3.386 -3.386 -3.386
0.0152 0.01508 8.00000 5.0195207596 2.6141670260    5.010  3.055  3.6434  1.608    3  0.000  0.481     8.26     7.03     5.14     3.73     3.06  4 -4.51e-09      0.00 7.090e-01 2.757e-01 2.425e-03 1.010e-03 6.719e-03 -1.000 1.532e-02       4399          0          0          0          0      58.19      58.19 -2.868 -2.681 -2.025 -3.443 -2.681 -2.681 -2.681 -2.681 -2.681 -2.681 -2.681 -2.681 -2.681 -2.681 -2.681 -2.681 -2.681 -2.681 -2.681 -2.681 -2.681 -2.681 -2.681 -2.681 -2.681 -2.681 -2.025 -2.025 -2.025 -2.025 -2.025 -2.025 -2.025 -2.025 -2.025 -2.025 -2.025 -2.025 -2.025 -2.025 -2.025 -2.025 -2.025 -2.025 -2.025 -2.025 -2.025 -2.025 -3.443 -3.443 -3.443 -3.443 -3.443 -3.443 -3.443 -3.443 -3.443 -3.443 -3.443 -3.443 -3.443 -3.443 -3.443 -3.443 -3.443 -3.443 -3.443 -3.443 -3.443 -3.443
0.0152 0.01508 8.00000 5.0195546150 2.6141671993    5.010  3.063  3.6426  1.597    3  0.000  0.475     8.45     7.17     5.24     3.80     3.12  4 -4.72e-09      0.00 7.090e-01 2.757e-01 2.397e-03 1.044e-03 6.719e-03 -1.000 1.532e-02       4391          0          0          0          0      58.93      58.93 -2.887 -2.697 -2.037 -3.460 -2.697 -2.697 -2.697 -2.697 -2.697 -2.697 -2.697 -2.697 -2.697 -2.697 -2.697 -2.697 -2.697 -2.697 -2.697 -2.697 -2.697 -2.697 -2.697 -2.697 -2.697 -2.697 -2.037 -2.037 -2.037 -2.037 -2.037 -2.037 -2.037 -2.037 -2.037 -2.037 -2.037 -2.037 -2.037 -2.037 -2.037 -2.037 -2.037 -2.037 -2.037 -2.037 -2.037 -2.037 -3.460 -3.460 -3.460 -3.460 -3.460 -3.460 -3.460 -3.460 -3.460 -3.460 -3.460 -3.460 -3.460 -3.460 -3.460 -3.460 -3.460 -3.460 -3.460 -3.460 -3.460 -3.460
0.0152 0.01508 8.00000 5.0195884705 2.6141673727    5.010  3.070  3.6419  1.587    3  0.000  0.466     8.63     7.30     5.33     3.87     3.18  4 -4.93e-09      0.00 7.090e-01 2.757e-01 2.349e-03 1.102e-03 6.719e-03 -1.000 1.533e-02       4383          0          0          0          0      59.62      59.62 -2.905 -2.711 -2.049 -3.476 -2.711 -2.711 -2.711 -2.711 -2.711 -2.711 -2.711 -2.711 -2.711 -2.711 -2.711 -2.711 -2.711 -2.711 -2.711 -2.711 -2.711 -2.711 -2.711 -2.711 -2.711 -2.711 -2.049 -2.049 -2.049 -2.049 -2.049 -2.049 -2.049 -2.049 -2.049 -2.049 -2.049 -2.049 -2.049 -2.049 -2.049 -2.049 -2.049 -2.049 -2.049 -2.049 -2.049 -2.049 -3.476 -3.476 -3.476 -3.476 -3.476 -3.476 -3.476 -3.476 -3.476 -3.476 -3.476 -3.476 -3.476 -3.476 -3.476 -3.476 -3.476 -3.476 -3.476 -3.476 -3.476 -3.476
0.0152 0.01508 8.00000 5.0196223259 2.6141675460    5.010  3.076  3.6412  1.578    3  0.000  0.459     8.81     7.42     5.42     3.93     3.23  4 -5.12e-09      0.00 7.089e-01 2.757e-01 2.313e-03 1.146e-03 6.719e-03 -1.000 1.534e-02       4376          0          0          0          0      60.25      60.25 -2.921 -2.724 -2.059 -3.491 -2.724 -2.724 -2.724 -2.724 -2.724 -2.724 -2.724 -2.724 -2.724 -2.724 -2.724 -2.724 -2.724 -2.724 -2.724 -2.724 -2.724 -2.724 -2.724 -2.724 -2.724 -2.724 -2.059 -2.059 -2.059 -2.059 -2.059 -2.059 -2.059 -2.059 -2.059 -2.059 -2.059 -2.059 -2.059 -2.059 -2.059 -2.059 -2.059 -2.059 -2.059 -2.059 -2.059 -2.059 -3.491 -3.491 -3.491 -3.491 -3.491 -3.491 -3.491 -3.491 -3.491 -3.491 -3.491 -3.491 -3.491 -3.491 -3.491 -3.491 -3.491 -3.491 -3.491 -3.491 -3.491 -3.491
0.0152 0.01508 8.00000 5.0196599960 2.6141677389    5.010  3.083  3.6405  1.569    3  0.000  0.453     8.99     7.55     5.51     4.00     3.28  4 -5.33e-09      0.00 7.089e-01 2.757e-01 2.281e-03 1.185e-03 6.719e-03 -1.000 1.534e-02       4369          0          0          0          0      60.91      60.91 -2.938 -2.737 -2.070 -3.506 -2.737 -2.737 -2.737 -2.737 -2.737 -2.737 -2.737 -2.737 -2.737 -2.737 -2.737 -2.737 -2.737 -2.737 -2.737 -2.737 -2.737 -2.737 -2.737 -2.737 -2.737 -2.737 -2.070 -2.070 -2.070 -2.070 -2.070 -2.070 -2.070 -2.070 -2.070 -2.070 -2.070 -2.070 -2.070 -2.070 -2.070 -2.070 -2.070 -2.070 -2.070 -2.070 -2.070 -2.070 -3.506 -3.506 -3.506 -3.506 -3.506 -3.506 -3.506 -3.506 -3.506 -3.506 -3.506 -3.506 -3.506 -3.506 -3.506 -3.506 -3.506 -3.506 -3.506 -3.506 -3.506 -3.506
0.0152 0.01508 8.00000 5.0196976662 2.6141679318    5.010  3.089  3.6398  1.560    3  0.000  0.447     9.15     7.67     5.59     4.06     3.33  4 -5.52e-09      0.00 7.089e-01 2.757e-01 2.253e-03 1.220e-03 6.719e-03 -1.000 1.535e-02       4363          0          0          0          0      61.51      61.51 -2.952 -2.749 -2.079 -3.520 -2.749 -2.749 -2.749 -2.749 -2.749 -2.749 -2.749 -2.749 -2.749 -2.749 -2.749 -2.749 -2.749 -2.749 -2.749 -2.749 -2.749 -2.749 -2.749 -2.749 -2.749 -2.749 -2.079 -2.079 -2.079 -2.079 -2.079 -2.079 -2.079 -2.079 -2.079 -2.079 -2.079 -2.079 -2.079 -2.079 -2.079 -2.079 -2.079 -2.079 -2.079 -2.079 -2.079 -2.079 -3.520 -3.520 -3.520 -3.520 -3.520 -3.520 -3.520 -3.520 -3.520 -3.520 -3.520 -3.520 -3.520 -3.520 -3.520 -3.520 -3.520 -3.520 -3.520 -3.520 -3.520 -3.520
0.0152 0.01508 8.00000 5.0197396278 2.6141681466    5.010  3.095  3.6392  1.551    3  0.000  0.441     9.33     7.79     5.68     4.12     3.39  4 -5.74e-09      0.00 7.089e-01 2.757e-01 2.223e-03 1.256e-03 6.719e-03 -1.000 1.535e-02       4356          0          0          0          0      62.17      62.17 -2.969 -2.761 -2.089 -3.534 -2.761 -2.761 -2.761 -2.761 -2.761 -2.761 -2.761 -2.761 -2.761 -2.761 -2.761 -2.761 -2.761 -2.761 -2.761 -2.761 -2.761 -2.761 -2.761 -2.761 -2.761 -2.761 -2.089 -2.089 -2.089 -2.089 -2.089 -2.089 -2.089 -2.089 -2.089 -2.089 -2.089 -2.089 -2.089 -2.089 -2.089 -2.089 -2.089 -2.089 -2.089 -2.089 -2.089 -2.089 -3.534 -3.534 -3.534 -3.534 -3.534 -3.534 -3.534 -3.534 -3.534 -3.534 -3.534 -3.534 -3.534 -3.534 -3.534 -3.534 -3.534 -3.534 -3.534 -3.534 -3.534 -3.534
0.0152 0.01508 8.00000 5.0197753906 2.6141683297    5.010  3.100  3.6387  1.545    3  0.000  0.437     9.45     7.88     5.74     4.17     3.42  4 -5.88e-09      0.00 7.089e-01 2.758e-01 2.205e-03 1.279e-03 6.719e-03 -1.000 1.535e-02       4352          0          0          0          0      62.61      62.61 -2.979 -2.770 -2.095 -3.544 -2.770 -2.770 -2.770 -2.770 -2.770 -2.770 -2.770 -2.770 -2.770 -2.770 -2.770 -2.770 -2.770 -2.770 -2.770 -2.770 -2.770 -2.770 -2.770 -2.770 -2.770 -2.770 -2.095 -2.095 -2.095 -2.095 -2.095 -2.095 -2.095 -2.095 -2.095 -2.095 -2.095 -2.095 -2.095 -2.095 -2.095 -2.095 -2.095 -2.095 -2.095 -2.095 -2.095 -2.095 -3.544 -3.544 -3.544 -3.544 -3.544 -3.544 -3.544 -3.544 -3.544 -3.544 -3.544 -3.544 -3.544 -3.544 -3.544 -3.544 -3.544 -3.544 -3.544 -3.544 -3.544 -3.544
0.0152 0.01508 8.00000 5.0201330185 2.6141701606    5.010  3.137  3.6349  1.493    3  0.000  0.411    10.56     8.66     6.28     4.57     3.75  4 -7.19e-09      0.00 7.088e-01 2.758e-01 2.071e-03 1.444e-03 6.718e-03 -1.000 1.538e-02       4313          0          0          0          0      66.54      66.54 -3.071 -2.843 -2.152 -3.627 -2.843 -2.843 -2.843 -2.843 -2.843 -2.843 -2.843 -2.843 -2.843 -2.843 -2.843 -2.843 -2.843 -2.843 -2.843 -2.843 -2.843 -2.843 -2.843 -2.843 -2.843 -2.843 -2.152 -2.152 -2.152 -2.152 -2.152 -2.152 -2.152 -2.152 -2.152 -2.152 -2.152 -2.152 -2.152 -2.152 -2.152 -2.152 -2.152 -2.152 -2.152 -2.152 -2.152 -2.152 -3.627 -3.627 -3.627 -3.627 -3.627 -3.627 -3.627 -3.627 -3.627 -3.627 -3.627 -3.627 -3.627 -3.627 -3.627 -3.627 -3.627 -3.627 -3.627 -3.627 -3.627 -3.627
0.0152 0.01508 8.00000 5.0205626488 2.6141723596    5.011  3.176  3.6309  1.438    3  0.000  0.389    11.88     9.56     6.90     5.03     4.13  4 -8.79e-09      0.00 7.087e-01 2.759e-01 1.961e-03 1.580e-03 6.716e-03 -1.000 1.540e-02       4274          0          0          0          0       70.9       70.9 -3.169 -2.921 -2.215 -3.715 -2.921 -2.921 -2.921 -2.921 -2.921 -2.921 -2.921 -2.921 -2.921 -2.921 -2.921 -2.921 -2.921 -2.921 -2.921 -2.921 -2.921 -2.921 -2.921 -2.921 -2.921 -2.921 -2.215 -2.215 -2.215 -2.215 -2.215 -2.215 -2.215 -2.215 -2.215 -2.215 -2.215 -2.215 -2.215 -2.215 -2.215 -2.215 -2.215 -2.215 -2.215 -2.215 -2.215 -2.215 -3.715 -3.715 -3.715 -3.715 -3.715 -3.715 -3.715 -3.715 -3.715 -3.715 -3.715 -3.715 -3.715 -3.715 -3.715 -3.715 -3.715 -3.715 -3.715 -3.715 -3.715 -3.715
0.0152 0.01508 8.00000 5.0209960938 2.6141745778    5.011  3.213  3.6273  1.387    3  0.000  0.377    13.25    10.49     7.54     5.50     4.52  4 -1.05e-08      0.00 7.080e-01 2.766e-01 1.885e-03 1.709e-03 6.674e-03 -1.000 1.540e-02       4239          0          0          0          0      75.21      75.21 -3.262 -2.994 -2.273 -3.797 -2.994 -2.994 -2.994 -2.994 -2.994 -2.994 -2.994 -2.994 -2.994 -2.994 -2.994 -2.994 -2.994 -2.994 -2.994 -2.994 -2.994 -2.994 -2.994 -2.994 -2.994 -2.994 -2.273 -2.273 -2.273 -2.273 -2.273 -2.273 -2.273 -2.273 -2.273 -2.273 -2.273 -2.273 -2.273 -2.273 -2.273 -2.273 -2.273 -2.273 -2.273 -2.273 -2.273 -2.273 -3.797 -3.797 -3.797 -3.797 -3.797 -3.797 -3.797 -3.797 -3.797 -3.797 -3.797 -3.797 -3.797 -3.797 -3.797 -3.797 -3.797 -3.797 -3.797 -3.797 -3.797 -3.797
0.0152 0.01508 8.00000 5.0214385986 2.6141768418    5.011  3.249  3.6240  1.337    3  0.000  0.371    14.74    11.49     8.22     6.01     4.94  4 -1.24e-08      0.00 7.053e-01 2.793e-01 1.824e-03 1.892e-03 6.550e-03 -1.000 1.540e-02       4206          0          0          0          0      79.67      79.67 -3.353 -3.067 -2.332 -3.878 -3.067 -3.067 -3.067 -3.067 -3.067 -3.067 -3.067 -3.067 -3.067 -3.067 -3.067 -3.067 -3.067 -3.067 -3.067 -3.067 -3.067 -3.067 -3.067 -3.067 -3.067 -3.067 -2.332 -2.332 -2.332 -2.332 -2.332 -2.332 -2.332 -2.332 -2.332 -2.332 -2.332 -2.332 -2.332 -2.332 -2.332 -2.332 -2.332 -2.332 -2.332 -2.332 -2.332 -2.332 -3.878 -3.878 -3.878 -3.878 -3.878 -3.878 -3.878 -3.878 -3.878 -3.878 -3.878 -3.878 -3.878 -3.878 -3.878 -3.878 -3.878 -3.878 -3.878 -3.878 -3.878 -3.878
0.0152 0.01508 8.00000 5.0219354630 2.6141793834    5.011  3.290  3.6205  1.282    3  0.000  0.369    16.55    12.68     9.03     6.61     5.43  4 -1.47e-08      0.00 7.005e-01 2.841e-01 1.768e-03 2.109e-03 6.381e-03 -1.000 1.539e-02       4172          0          0          0          0      84.81      84.81 -3.454 -3.148 -2.398 -3.969 -3.148 -3.148 -3.148 -3.148 -3.148 -3.148 -3.148 -3.148 -3.148 -3.148 -3.148 -3.148 -3.148 -3.148 -3.148 -3.148 -3.148 -3.148 -3.148 -3.148 -3.148 -3.148 -2.398 -2.398 -2.398 -2.398 -2.398 -2.398 -2.398 -2.398 -2.398 -2.398 -2.398 -2.398 -2.398 -2.398 -2.398 -2.398 -2.398 -2.398 -2.398 -2.398 -2.398 -2.398 -3.969 -3.969 -3.969 -3.969 -3.969 -3.969 -3.969 -3.969 -3.969 -3.969 -3.969 -3.969 -3.969 -3.969 -3.969 -3.969 -3.969 -3.969 -3.969 -3.969 -3.969 -3.969
0.0152 0.01508 8.00000 5.0223793983 2.6141816538    5.012  3.325  3.6175  1.235    3  0.000  0.369    18.31    13.81     9.81     7.18     5.90  4  -1.7e-08      0.00 6.953e-01 2.894e-01 1.729e-03 2.278e-03 6.243e-03 -1.000 1.538e-02       4144          0          0          0          0      89.58      89.58 -3.543 -3.220 -2.456 -4.048 -3.220 -3.220 -3.220 -3.220 -3.220 -3.220 -3.220 -3.220 -3.220 -3.220 -3.220 -3.220 -3.220 -3.220 -3.220 -3.220 -3.220 -3.220 -3.220 -3.220 -3.220 -3.220 -2.456 -2.456 -2.456 -2.456 -2.456 -2.456 -2.456 -2.456 -2.456 -2.456 -2.456 -2.456 -2.456 -2.456 -2.456 -2.456 -2.456 -2.456 -2.456 -2.456 -2.456 -2.456 -4.048 -4.048 -4.048 -4.048 -4.048 -4.048 -4.048 -4.048 -4.048 -4.048 -4.048 -4.048 -4.048 -4.048 -4.048 -4.048 -4.048 -4.048 -4.048 -4.048 -4.048 -4.048
0.0152 0.01508 8.00000 5.0229244232 2.6141844406    5.012  3.368  3.6140  1.178    3  0.000  0.369    20.65    15.29    10.81     7.93     6.52  4 -2.02e-08      0.00 6.887e-01 2.960e-01 1.689e-03 2.451e-03 6.103e-03 -1.000 1.537e-02       4111          0          0          0          0      95.55      95.55 -3.649 -3.305 -2.524 -4.142 -3.305 -3.305 -3.305 -3.305 -3.305 -3.305 -3.305 -3.305 -3.305 -3.305 -3.305 -3.305 -3.305 -3.305 -3.305 -3.305 -3.305 -3.305 -3.305 -3.305 -3.305 -3.305 -2.524 -2.524 -2.524 -2.524 -2.524 -2.524 -2.524 -2.524 -2.524 -2.524 -2.524 -2.524 -2.524 -2.524 -2.524 -2.524 -2.524 -2.524 -2.524 -2.524 -2.524 -2.524 -4.142 -4.142 -4.142 -4.142 -4.142 -4.142 -4.142 -4.142 -4.142 -4.142 -4.142 -4.142 -4.142 -4.142 -4.142 -4.142 -4.142 -4.142 -4.142 -4.142 -4.142 -4.142
0.0152 0.01508 8.00000 5.0234026909 2.6141868855    5.012  3.399  3.6115  1.137    3  0.000  0.369    22.54    16.47    11.60     8.52     7.01  4 -2.27e-08      0.00 6.844e-01 3.002e-01 1.667e-03 2.546e-03 6.025e-03 -1.000 1.536e-02       4087          0          0          0          0      100.2      100.2 -3.727 -3.367 -2.575 -4.211 -3.367 -3.367 -3.367 -3.367 -3.367 -3.367 -3.367 -3.367 -3.367 -3.367 -3.367 -3.367 -3.367 -3.367 -3.367 -3.367 -3.367 -3.367 -3.367 -3.367 -3.367 -3.367 -2.575 -2.575 -2.575 -2.575 -2.575 -2.575 -2.575 -2.575 -2.575 -2.575 -2.575 -2.575 -2.575 -2.575 -2.575 -2.575 -2.575 -2.575 -2.575 -2.575 -2.575 -2.575 -4.211 -4.211 -4.211 -4.211 -4.211 -4.211 -4.211 -4.211 -4.211 -4.211 -4.211 -4.211 -4.211 -4.211 -4.211 -4.211 -4.211 -4.211 -4.211 -4.211 -4.211 -4.211
0.0152 0.01508 8.00000 5.0243549347 2.6141917516    5.011  3.421  3.6096  1.108    3  0.000  0.369    24.00    17.37    12.21     8.97     7.38  4 -2.47e-08      0.00 6.824e-01 3.022e-01 1.658e-03 2.587e-03 5.991e-03 -1.000 1.536e-02       4070          0          0          0          0      103.6      103.6 -3.782 -3.411 -2.610 -4.260 -3.411 -3.411 -3.411 -3.411 -3.411 -3.411 -3.411 -3.411 -3.411 -3.411 -3.411 -3.411 -3.411 -3.411 -3.411 -3.411 -3.411 -3.411 -3.411 -3.411 -3.411 -3.411 -2.610 -2.610 -2.610 -2.610 -2.610 -2.610 -2.610 -2.610 -2.610 -2.610 -2.610 -2.610 -2.610 -2.610 -2.610 -2.610 -2.610 -2.610 -2.610 -2.610 -2.610 -2.610 -4.260 -4.260 -4.260 -4.260 -4.260 -4.260 -4.260 -4.260 -4.260 -4.260 -4.260 -4.260 -4.260 -4.260 -4.260 -4.260 -4.260 -4.260 -4.260 -4.260 -4.260 -4.260
0.0152 0.01508 8.00000 5.0251855850 2.6141959947    5.011  3.436  3.6084  1.087    3  0.000  0.369    25.07    18.03    12.65     9.30     7.65  4 -2.61e-08      0.00 6.812e-01 3.034e-01 1.653e-03 2.611e-03 5.971e-03 -1.000 1.536e-02       4058          0          0          0          0      106.1      106.1 -3.820 -3.441 -2.633 -4.293 -3.441 -3.441 -3.441 -3.441 -3.441 -3.441 -3.441 -3.441 -3.441 -3.441 -3.441 -3.441 -3.441 -3.441 -3.441 -3.441 -3.441 -3.441 -3.441 -3.441 -3.441 -3.441 -2.633 -2.633 -2.633 -2.633 -2.633 -2.633 -2.633 -2.633 -2.633 -2.633 -2.633 -2.633 -2.633 -2.633 -2.633 -2.633 -2.633 -2.633 -2.633 -2.633 -2.633 -2.633 -4.293 -4.293 -4.293 -4.293 -4.293 -4.293 -4.293 -4.293 -4.293 -4.293 -4.293 -4.293 -4.293 -4.293 -4.293 -4.293 -4.293 -4.293 -4.293 -4.293 -4.293 -4.293
0.0152 0.01508 8.00000 5.0284066200 2.6142124330    5.010  3.426  3.6094  1.101    4  0.000  0.369     0.00     0.00     0.00     0.00     0.00 -1 -2.52e-08      0.00 6.812e-01 3.034e-01 1.652e-03 2.612e-03 5.971e-03 -1.000 1.536e-02       4067          0          0          0          0      104.4      104.4 -3.796 -3.423 -2.620 -4.272 -3.423 -3.423 -3.423 -3.423 -3.423 -3.423 -3.423 -3.423 -3.423 -3.423 -3.423 -3.423 -3.423 -3.423 -3.423 -3.423 -3.423 -3.423 -3.423 -3.423 -3.423 -3.423 -2.620 -2.620 -2.620 -2.620 -2.620 -2.620 -2.620 -2.620 -2.620 -2.620 -2.620 -2.620 -2.620 -2.620 -2.620 -2.620 -2.620 -2.620 -2.620 -2.620 -2.620 -2.620 -4.272 -4.272 -4.272 -4.272 -4.272 -4.272 -4.272 -4.272 -4.272 -4.272 -4.272 -4.272 -4.272 -4.272 -4.272 -4.272 -4.272 -4.272 -4.272 -4.272 -4.272 -4.272
0.0152 0.01508 8.00000 5.0365386009 2.6142538262    5.009  3.395  3.6124  1.145    4  0.000  0.369     0.00     0.00     0.00     0.00     0.00 -1 -2.25e-08      0.00 6.812e-01 3.034e-01 1.652e-03 2.613e-03 5.969e-03 -1.000 1.536e-02       4096          0          0          0          0      99.31      99.31 -3.717 -3.362 -2.575 -4.204 -3.362 -3.362 -3.362 -3.362 -3.362 -3.362 -3.362 -3.362 -3.362 -3.362 -3.362 -3.362 -3.362 -3.362 -3.362 -3.362 -3.362 -3.362 -3.362 -3.362 -3.362 -3.362 -2.575 -2.575 -2.575 -2.575 -2.575 -2.575 -2.575 -2.575 -2.575 -2.575 -2.575 -2.575 -2.575 -2.575 -2.575 -2.575 -2.575 -2.575 -2.575 -2.575 -2.575 -2.575 -4.204 -4.204 -4.204 -4.204 -4.204 -4.204 -4.204 -4.204 -4.204 -4.204 -4.204 -4.204 -4.204 -4.204 -4.204 -4.204 -4.204 -4.204 -4.204 -4.204 -4.204 -4.204
0.0152 0.01508 8.00000 5.0425419807 2.6142842859    5.009  3.362  3.6154  1.189    4  0.000  0.369     0.00     0.00     0.00     0.00     0.00 -1 -1.99e-08      0.00 6.812e-01 3.034e-01 1.652e-03 2.614e-03 5.968e-03 -1.000 1.536e-02       4125          0          0          0          0      94.33      94.33 -3.635 -3.299 -2.526 -4.133 -3.299 -3.299 -3.299 -3.299 -3.299 -3.299 -3.299 -3.299 -3.299 -3.299 -3.299 -3.299 -3.299 -3.299 -3.299 -3.299 -3.299 -3.299 -3.299 -3.299 -3.299 -3.299 -2.526 -2.526 -2.526 -2.526 -2.526 -2.526 -2.526 -2.526 -2.526 -2.526 -2.526 -2.526 -2.526 -2.526 -2.526 -2.526 -2.526 -2.526 -2.526 -2.526 -2.526 -2.526 -4.133 -4.133 -4.133 -4.133 -4.133 -4.133 -4.133 -4.133 -4.133 -4.133 -4.133 -4.133 -4.133 -4.133 -4.133 -4.133 -4.133 -4.133 -4.133 -4.133 -4.133 -4.133
0.0152 0.01508 8.00000 5.0473475456 2.6143086082    5.010  3.327  3.6187  1.237    4  0.000  0.369     0.00     0.00     0.00     0.00     0.00 -1 -1.74e-08      0.00 6.812e-01 3.034e-01 1.652e-03 2.615e-03 5.967e-03 -1.000 1.536e-02       4155          0          0          0          0      89.31      89.31 -3.548 -3.232 -2.474 -4.057 -3.232 -3.232 -3.232 -3.232 -3.232 -3.232 -3.232 -3.232 -3.232 -3.232 -3.232 -3.232 -3.232 -3.232 -3.232 -3.232 -3.232 -3.232 -3.232 -3.232 -3.232 -3.232 -2.474 -2.474 -2.474 -2.474 -2.474 -2.474 -2.474 -2.474 -2.474 -2.474 -2.474 -2.474 -2.474 -2.474 -2.474 -2.474 -2.474 -2.474 -2.474 -2.474 -2.474 -2.474 -4.057 -4.057 -4.057 -4.057 -4.057 -4.057 -4.057 -4.057 -4.057 -4.057 -4.057 -4.057 -4.057 -4.057 -4.057 -4.057 -4.057 -4.057 -4.057 -4.057 -4.057 -4.057
0.0152 0.01508 8.00000 5.0515036583 2.6143296006    5.011  3.292  3.6219  1.285    4  0.000  0.369     0.00     0.00     0.00     0.00     0.00 -1 -1.52e-08      0.00 6.812e-01 3.034e-01 1.652e-03 2.616e-03 5.967e-03 -1.000 1.536e-02       4187          0          0          0          0      84.52      84.52 -3.461 -3.163 -2.419 -3.980 -3.163 -3.163 -3.163 -3.163 -3.163 -3.163 -3.163 -3.163 -3.163 -3.163 -3.163 -3.163 -3.163 -3.163 -3.163 -3.163 -3.163 -3.163 -3.163 -3.163 -3.163 -3.163 -2.419 -2.419 -2.419 -2.419 -2.419 -2.419 -2.419 -2.419 -2.419 -2.419 -2.419 -2.419 -2.419 -2.419 -2.419 -2.419 -2.419 -2.419 -2.419 -2.419 -2.419 -2.419 -3.980 -3.980 -3.980 -3.980 -3.980 -3.980 -3.980 -3.980 -3.980 -3.980 -3.980 -3.980 -3.980 -3.980 -3.980 -3.980 -3.980 -3.980 -3.980 -3.980 -3.980 -3.980
0.0152 0.01508 8.00000 5.0554661751 2.6143495781    5.012  3.257  3.6253  1.334    4  0.000  0.369     0.00     0.00     0.00     0.00     0.00 -1 -1.31e-08      0.00 6.812e-01 3.034e-01 1.652e-03 2.616e-03 5.966e-03 -1.000 1.536e-02       4219          0          0          0          0       79.9       79.9 -3.372 -3.093 -2.363 -3.901 -3.093 -3.093 -3.093 -3.093 -3.093 -3.093 -3.093 -3.093 -3.093 -3.093 -3.093 -3.093 -3.093 -3.093 -3.093 -3.093 -3.093 -3.093 -3.093 -3.093 -3.093 -3.093 -2.363 -2.363 -2.363 -2.363 -2.363 -2.363 -2.363 -2.363 -2.363 -2.363 -2.363 -2.363 -2.363 -2.363 -2.363 -2.363 -2.363 -2.363 -2.363 -2.363 -2.363 -2.363 -3.901 -3.901 -3.901 -3.901 -3.901 -3.901 -3.901 -3.901 -3.901 -3.901 -3.901 -3.901 -3.901 -3.901 -3.901 -3.901 -3.901 -3.901 -3.901 -3.901 -3.901 -3.901
0.0152 0.01508 8.00000 5.0590529442 2.6143676302    5.013  3.224  3.6283  1.379    4  0.000  0.369     0.00     0.00     0.00     0.00     0.00 -1 -1.14e-08      0.00 6.812e-01 3.034e-01 1.652e-03 2.617e-03 5.965e-03 -1.000 1.536e-02       4249          0          0          0          0      75.88      75.88 -3.291 -3.028 -2.312 -3.829 -3.028 -3.028 -3.028 -3.028 -3.028 -3.028 -3.028 -3.028 -3.028 -3.028 -3.028 -3.028 -3.028 -3.028 -3.028 -3.028 -3.028 -3.028 -3.028 -3.028 -3.028 -3.028 -2.312 -2.312 -2.312 -2.312 -2.312 -2.312 -2.312 -2.312 -2.312 -2.312 -2.312 -2.312 -2.312 -2.312 -2.312 -2.312 -2.312 -2.312 -2.312 -2.312 -2.312 -2.312 -3.829 -3.829 -3.829 -3.829 -3.829 -3.829 -3.829 -3.829 -3.829 -3.829 -3.829 -3.829 -3.829 -3.829 -3.829 -3.829 -3.829 -3.829 -3.829 -3.829 -3.829 -3.829
0.0152 0.01508 8.00000 5.0630564690 2.6143877451    5.015  3.190  3.6317  1.428    4  0.000  0.369     0.00     0.00     0.00     0.00     0.00 -1 -9.65e-09      0.00 6.812e-01 3.034e-01 1.652e-03 2.618e-03 5.965e-03 -1.000 1.536e-02       4282          0          0          0          0      71.79      71.79 -3.204 -2.959 -2.257 -3.751 -2.959 -2.959 -2.959 -2.959 -2.959 -2.959 -2.959 -2.959 -2.959 -2.959 -2.959 -2.959 -2.959 -2.959 -2.959 -2.959 -2.959 -2.959 -2.959 -2.959 -2.959 -2.959 -2.257 -2.257 -2.257 -2.257 -2.257 -2.257 -2.257 -2.257 -2.257 -2.257 -2.257 -2.257 -2.257 -2.257 -2.257 -2.257 -2.257 -2.257 -2.257 -2.257 -2.257 -2.257 -3.751 -3.751 -3.751 -3.751 -3.751 -3.751 -3.751 -3.751 -3.751 -3.751 -3.751 -3.751 -3.751 -3.751 -3.751 -3.751 -3.751 -3.751 -3.751 -3.751 -3.751 -3.751
0.0152 0.01508 8.00000 5.0674214363 2.6144096344    5.018  3.155  3.6353  1.477    4  0.000  0.369     0.00     0.00     0.00     0.00     0.00 -1  -8.1e-09      0.00 6.812e-01 3.034e-01 1.652e-03 2.619e-03 5.964e-03 -1.000 1.536e-02       4317          0          0          0          0      67.87      67.87 -3.117 -2.890 -2.201 -3.673 -2.890 -2.890 -2.890 -2.890 -2.890 -2.890 -2.890 -2.890 -2.890 -2.890 -2.890 -2.890 -2.890 -2.890 -2.890 -2.890 -2.890 -2.890 -2.890 -2.890 -2.890 -2.890 -2.201 -2.201 -2.201 -2.201 -2.201 -2.201 -2.201 -2.201 -2.201 -2.201 -2.201 -2.201 -2.201 -2.201 -2.201 -2.201 -2.201 -2.201 -2.201 -2.201 -2.201 -2.201 -3.673 -3.673 -3.673 -3.673 -3.673 -3.673 -3.673 -3.673 -3.673 -3.673 -3.673 -3.673 -3.673 -3.673 -3.673 -3.673 -3.673 -3.673 -3.673 -3.673 -3.673 -3.673
0.0152 0.01508 8.00000 5.0726613998 2.6144358543    5.021  3.118  3.6392  1.529    4  0.000  0.369     0.00     0.00     0.00     0.00     0.00 -1 -6.65e-09      0.00 6.812e-01 3.035e-01 1.652e-03 2.619e-03 5.963e-03 -1.000 1.536e-02       4357          0          0          0          0      63.92      63.92 -3.026 -2.819 -2.146 -3.592 -2.819 -2.819 -2.819 -2.819 -2.819 -2.819 -2.819 -2.819 -2.819 -2.819 -2.819 -2.819 -2.819 -2.819 -2.819 -2.819 -2.819 -2.819 -2.819 -2.819 -2.819 -2.819 -2.146 -2.146 -2.146 -2.146 -2.146 -2.146 -2.146 -2.146 -2.146 -2.146 -2.146 -2.146 -2.146 -2.146 -2.146 -2.146 -2.146 -2.146 -2.146 -2.146 -2.146 -2.146 -3.592 -3.592 -3.592 -3.592 -3.592 -3.592 -3.592 -3.592 -3.592 -3.592 -3.592 -3.592 -3.592 -3.592 -3.592 -3.592 -3.592 -3.592 -3.592 -3.592 -3.592 -3.592
0.0152 0.01508 8.00000 5.0791821480 2.6144683962    5.026  3.084  3.6436  1.582    4  0.000  0.369     0.00     0.00     0.00     0.00     0.00 -1  -5.4e-09      0.00 6.812e-01 3.035e-01 1.652e-03 2.621e-03 5.962e-03 -1.000 1.536e-02       4401          0          0          0          0      60.22      60.22 -2.939 -2.753 -2.097 -3.515 -2.753 -2.753 -2.753 -2.753 -2.753 -2.753 -2.753 -2.753 -2.753 -2.753 -2.753 -2.753 -2.753 -2.753 -2.753 -2.753 -2.753 -2.753 -2.753 -2.753 -2.753 -2.753 -2.097 -2.097 -2.097 -2.097 -2.097 -2.097 -2.097 -2.097 -2.097 -2.097 -2.097 -2.097 -2.097 -2.097 -2.097 -2.097 -2.097 -2.097 -2.097 -2.097 -2.097 -2.097 -3.515 -3.515 -3.515 -3.515 -3.515 -3.515 -3.515 -3.515 -3.515 -3.515 -3.515 -3.515 -3.515 -3.515 -3.515 -3.515 -3.515 -3.515 -3.515 -3.515 -3.515 -3.515
0.0152 0.01508 8.00000 5.0903387070 2.6145238510    5.034  3.049  3.6499  1.642    4  0.000  0.369     0.00     0.00     0.00     0.00     0.00 -1 -4.18e-09      0.00 6.812e-01 3.035e-01 1.651e-03 2.623e-03 5.960e-03 -1.000 1.536e-02       4465          0          0          0          0       56.2       56.2 -2.853 -2.696 -2.064 -3.442 -2.696 -2.696 -2.696 -2.696 -2.696 -2.696 -2.696 -2.696 -2.696 -2.696 -2.696 -2.696 -2.696 -2.696 -2.696 -2.696 -2.696 -2.696 -2.696 -2.696 -2.696 -2.696 -2.064 -2.064 -2.064 -2.064 -2.064 -2.064 -2.064 -2.064 -2.064 -2.064 -2.064 -2.064 -2.064 -2.064 -2.064 -2.064 -2.064 -2.064 -2.064 -2.064 -2.064 -2.064 -3.442 -3.442 -3.442 -3.442 -3.442 -3.442 -3.442 -3.442 -3.442 -3.442 -3.442 -3.442 -3.442 -3.442 -3.442 -3.442 -3.442 -3.442 -3.442 -3.442 -3.442 -3.442
0.0152 0.01508 8.00000 5.1007685661 2.6145754413    5.042  3.032  3.6554  1.682    4  0.000  0.369     0.00     0.00     0.00     0.00     0.00 -1 -3.52e-09      0.00 6.812e-01 3.035e-01 1.651e-03 2.624e-03 5.958e-03 -1.000 1.536e-02       4522          0          0          0          0      53.69      53.69 -2.811 -2.678 -2.065 -3.410 -2.678 -2.678 -2.678 -2.678 -2.678 -2.678 -2.678 -2.678 -2.678 -2.678 -2.678 -2.678 -2.678 -2.678 -2.678 -2.678 -2.678 -2.678 -2.678 -2.678 -2.678 -2.678 -2.065 -2.065 -2.065 -2.065 -2.065 -2.065 -2.065 -2.065 -2.065 -2.065 -2.065 -2.065 -2.065 -2.065 -2.065 -2.065 -2.065 -2.065 -2.065 -2.065 -2.065 -2.065 -3.410 -3.410 -3.410 -3.410 -3.410 -3.410 -3.410 -3.410 -3.410 -3.410 -3.410 -3.410 -3.410 -3.410 -3.410 -3.410 -3.410 -3.410 -3.410 -3.410 -3.410 -3.410
0.0152 0.01508 8.00000 5.1046957970 2.6145948042    5.046  3.040  3.6581  1.686    4  0.000  0.369     0.00     0.00     0.00     0.00     0.00 -1 -3.45e-09      0.00 6.812e-01 3.035e-01 1.651e-03 2.625e-03 5.957e-03 -1.000 1.536e-02       4551          0          0          0          0      53.48      53.48 -2.830 -2.708 -2.104 -3.434 -2.708 -2.708 -2.708 -2.708 -2.708 -2.708 -2.708 -2.708 -2.708 -2.708 -2.708 -2.708 -2.708 -2.708 -2.708 -2.708 -2.708 -2.708 -2.708 -2.708 -2.708 -2.708 -2.104 -2.104 -2.104 -2.104 -2.104 -2.104 -2.104 -2.104 -2.104 -2.104 -2.104 -2.104 -2.104 -2.104 -2.104 -2.104 -2.104 -2.104 -2.104 -2.104 -2.104 -2.104 -3.434 -3.434 -3.434 -3.434 -3.434 -3.434 -3.434 -3.434 -3.434 -3.434 -3.434 -3.434 -3.434 -3.434 -3.434 -3.434 -3.434 -3.434 -3.434 -3.434 -3.434 -3.434
0.0152 0.01508 8.00000 5.1130819321 2.6146360368    5.052  3.063  3.6650  1.691    5  0.000  0.369     0.00     0.00     0.00     0.00     0.00 -1 -3.34e-09      0.00 6.812e-01 3.035e-01 1.651e-03 2.626e-03 5.956e-03 -1.000 1.536e-02       4623          0          0          0          0       53.2       53.2 -2.887 -2.793 -2.210 -3.503 -2.793 -2.793 -2.793 -2.793 -2.793 -2.793 -2.793 -2.793 -2.793 -2.793 -2.793 -2.793 -2.793 -2.793 -2.793 -2.793 -2.793 -2.793 -2.793 -2.793 -2.793 -2.793 -2.210 -2.210 -2.210 -2.210 -2.210 -2.210 -2.210 -2.210 -2.210 -2.210 -2.210 -2.210 -2.210 -2.210 -2.210 -2.210 -2.210 -2.210 -2.210 -2.210 -2.210 -2.210 -3.503 -3.503 -3.503 -3.503 -3.503 -3.503 -3.503 -3.503 -3.503 -3.503 -3.503 -3.503 -3.503 -3.503 -3.503 -3.503 -3.503 -3.503 -3.503 -3.503 -3.503 -3.503
0.0152 0.01508 8.00000 5.1164760590 2.6146526808    5.055  3.081  3.6693  1.690    5  0.000  0.370     0.00     0.00     0.00     0.00     0.00 -1 -3.33e-09      0.00 6.812e-01 3.035e-01 1.651e-03 2.627e-03 5.955e-03 -1.000 1.536e-02       4669          0          0          0          0      53.24      53.24 -2.932 -2.855 -2.284 -3.555 -2.855 -2.855 -2.855 -2.855 -2.855 -2.855 -2.855 -2.855 -2.855 -2.855 -2.855 -2.855 -2.855 -2.855 -2.855 -2.855 -2.855 -2.855 -2.855 -2.855 -2.855 -2.855 -2.284 -2.284 -2.284 -2.284 -2.284 -2.284 -2.284 -2.284 -2.284 -2.284 -2.284 -2.284 -2.284 -2.284 -2.284 -2.284 -2.284 -2.284 -2.284 -2.284 -2.284 -2.284 -3.555 -3.555 -3.555 -3.555 -3.555 -3.555 -3.555 -3.555 -3.555 -3.555 -3.555 -3.555 -3.555 -3.555 -3.555 -3.555 -3.555 -3.555 -3.555 -3.555 -3.555 -3.555
0.0152 0.01508 8.00000 5.1187353134 2.6146637455    5.057  3.098  3.6736  1.690    5  0.000  0.370     0.00     0.00     0.00     0.00     0.00 -1 -3.34e-09      0.00 6.812e-01 3.035e-01 1.651e-03 2.627e-03 5.955e-03 -1.000 1.536e-02       4715          0          0          0          0      53.28      53.28 -2.976 -2.914 -2.356 -3.606 -2.914 -2.914 -2.914 -2.914 -2.914 -2.914 -2.914 -2.914 -2.914 -2.914 -2.914 -2.914 -2.914 -2.914 -2.914 -2.914 -2.914 -2.914 -2.914 -2.914 -2.914 -2.914 -2.356 -2.356 -2.356 -2.356 -2.356 -2.356 -2.356 -2.356 -2.356 -2.356 -2.356 -2.356 -2.356 -2.356 -2.356 -2.356 -2.356 -2.356 -2.356 -2.356 -2.356 -2.356 -3.606 -3.606 -3.606 -3.606 -3.606 -3.606 -3.606 -3.606 -3.606 -3.606 -3.606 -3.606 -3.606 -3.606 -3.606 -3.606 -3.606 -3.606 -3.606 -3.606 -3.606 -3.606
0.0152 0.01508 8.00000 5.1207041740 2.6146733789    5.059  3.118  3.6791  1.692    5  0.000  0.370     0.00     0.00     0.00     0.00     0.00 -1 -3.33e-09      0.00 6.812e-01 3.035e-01 1.651e-03 2.628e-03 5.954e-03 -1.000 1.536e-02       4776          0          0          0          0      53.14      53.14 -3.026 -2.983 -2.441 -3.663 -2.983 -2.983 -2.983 -2.983 -2.983 -2.983 -2.983 -2.983 -2.983 -2.983 -2.983 -2.983 -2.983 -2.983 -2.983 -2.983 -2.983 -2.983 -2.983 -2.983 -2.983 -2.983 -2.441 -2.441 -2.441 -2.441 -2.441 -2.441 -2.441 -2.441 -2.441 -2.441 -2.441 -2.441 -2.441 -2.441 -2.441 -2.441 -2.441 -2.441 -2.441 -2.441 -2.441 -2.441 -3.663 -3.663 -3.663 -3.663 -3.663 -3.663 -3.663 -3.663 -3.663 -3.663 -3.663 -3.663 -3.663 -3.663 -3.663 -3.663 -3.663 -3.663 -3.663 -3.663 -3.663 -3.663
0.0152 0.01508 8.00000 5.1222724915 2.6146810464    5.060  3.135  3.6847  1.698    5  0.000  0.370     0.00     0.00     0.00     0.00     0.00 -1 -3.28e-09      0.00 6.812e-01 3.035e-01 1.651e-03 2.628e-03 5.954e-03 -1.000 1.536e-02       4839          0          0          0          0      52.81      52.81 -3.069 -3.045 -2.517 -3.712 -3.045 -3.045 -3.045 -3.045 -3.045 -3.045 -3.045 -3.045 -3.045 -3.045 -3.045 -3.045 -3.045 -3.045 -3.045 -3.045 -3.045 -3.045 -3.045 -3.045 -3.045 -3.045 -2.517 -2.517 -2.517 -2.517 -2.517 -2.517 -2.517 -2.517 -2.517 -2.517 -2.517 -2.517 -2.517 -2.517 -2.517 -2.517 -2.517 -2.517 -2.517 -2.517 -2.517 -2.517 -3.712 -3.712 -3.712 -3.712 -3.712 -3.712 -3.712 -3.712 -3.712 -3.712 -3.712 -3.712 -3.712 -3.712 -3.712 -3.712 -3.712 -3.712 -3.712 -3.712 -3.712 -3.712
0.0152 0.01508 8.00000 5.1232280731 2.6146857155    5.061  3.146  3.6891  1.704    5  0.000  0.370     0.00     0.00     0.00     0.00     0.00 -1 -3.22e-09      0.00 6.812e-01 3.035e-01 1.651e-03 2.628e-03 5.954e-03 -1.000 1.536e-02       4888          0          0          0          0       52.4       52.4 -3.096 -3.086 -2.570 -3.744 -3.086 -3.086 -3.086 -3.086 -3.086 -3.086 -3.086 -3.086 -3.086 -3.086 -3.086 -3.086 -3.086 -3.086 -3.086 -3.086 -3.086 -3.086 -3.086 -3.086 -3.086 -3.086 -2.570 -2.570 -2.570 -2.570 -2.570 -2.570 -2.570 -2.570 -2.570 -2.570 -2.570 -2.570 -2.570 -2.570 -2.570 -2.570 -2.570 -2.570 -2.570 -2.570 -2.570 -2.570 -3.744 -3.744 -3.744 -3.744 -3.744 -3.744 -3.744 -3.744 -3.744 -3.744 -3.744 -3.744 -3.744 -3.744 -3.744 -3.744 -3.744 -3.744 -3.744 -3.744 -3.744 -3.744
0.0152 0.01508 8.00000 5.1241540909 2.6146902384    5.062  3.156  3.6944  1.716    5  0.000  0.370     0.00     0.00     0.00     0.00     0.00 -1 -3.11e-09      0.00 6.811e-01 3.035e-01 1.651e-03 2.628e-03 5.954e-03 -1.000 1.536e-02       4949          0          0          0          0      51.72      51.72 -3.121 -3.127 -2.626 -3.773 -3.127 -3.127 -3.127 -3.127 -3.127 -3.127 -3.127 -3.127 -3.127 -3.127 -3.127 -3.127 -3.127 -3.127 -3.127 -3.127 -3.127 -3.127 -3.127 -3.127 -3.127 -3.127 -2.626 -2.626 -2.626 -2.626 -2.626 -2.626 -2.626 -2.626 -2.626 -2.626 -2.626 -2.626 -2.626 -2.626 -2.626 -2.626 -2.626 -2.626 -2.626 -2.626 -2.626 -2.626 -3.773 -3.773 -3.773 -3.773 -3.773 -3.773 -3.773 -3.773 -3.773 -3.773 -3.773 -3.773 -3.773 -3.773 -3.773 -3.773 -3.773 -3.773 -3.773 -3.773 -3.773 -3.773
0.0152 0.01508 8.00000 5.1249761581 2.6146942519    5.062  3.165  3.7001  1.730    5  0.000  0.370     0.00     0.00     0.00     0.00     0.00 -1 -2.97e-09      0.00 6.811e-01 3.035e-01 1.651e-03 2.629e-03 5.954e-03 -1.000 1.536e-02       5015          0          0          0          0       50.9       50.9 -3.143 -3.165 -2.679 -3.799 -3.165 -3.165 -3.165 -3.165 -3.165 -3.165 -3.165 -3.165 -3.165 -3.165 -3.165 -3.165 -3.165 -3.165 -3.165 -3.165 -3.165 -3.165 -3.165 -3.165 -3.165 -3.165 -2.679 -2.679 -2.679 -2.679 -2.679 -2.679 -2.679 -2.679 -2.679 -2.679 -2.679 -2.679 -2.679 -2.679 -2.679 -2.679 -2.679 -2.679 -2.679 -2.679 -2.679 -2.679 -3.799 -3.799 -3.799 -3.799 -3.799 -3.799 -3.799 -3.799 -3.799 -3.799 -3.799 -3.799 -3.799 -3.799 -3.799 -3.799 -3.799 -3.799 -3.799 -3.799 -3.799 -3.799
0.0152 0.01508 8.00000 5.1257696152 2.6146981243    5.063  3.173  3.7063  1.746    5  0.000  0.370     0.00     0.00     0.00     0.00     0.00 -1  -2.8e-09      0.00 6.811e-01 3.035e-01 1.651e-03 2.629e-03 5.954e-03 -1.000 1.536e-02       5088          0          0          0          0      49.94      49.94 -3.163 -3.201 -2.732 -3.822 -3.201 -3.201 -3.201 -3.201 -3.201 -3.201 -3.201 -3.201 -3.201 -3.201 -3.201 -3.201 -3.201 -3.201 -3.201 -3.201 -3.201 -3.201 -3.201 -3.201 -3.201 -3.201 -2.732 -2.732 -2.732 -2.732 -2.732 -2.732 -2.732 -2.732 -2.732 -2.732 -2.732 -2.732 -2.732 -2.732 -2.732 -2.732 -2.732 -2.732 -2.732 -2.732 -2.732 -2.732 -3.822 -3.822 -3.822 -3.822 -3.822 -3.822 -3.822 -3.822 -3.822 -3.822 -3.822 -3.822 -3.822 -3.822 -3.822 -3.822 -3.822 -3.822 -3.822 -3.822 -3.822 -3.822
0.0152 0.01508 8.00000 5.1268157959 2.6147032281    5.064  3.183  3.7155  1.774    5  0.000  0.370     0.00     0.00     0.00     0.00     0.00 -1 -2.55e-09      0.00 6.811e-01 3.035e-01 1.651e-03 2.629e-03 5.953e-03 -1.000 1.536e-02       5199          0          0          0          0      48.44      48.44 -3.187 -3.249 -2.807 -3.845 -3.249 -3.248 -3.246 -3.248 -3.248 -3.248 -3.248 -3.248 -3.248 -3.248 -3.248 -3.248 -3.248 -3.248 -3.248 -3.248 -3.248 -3.248 -3.248 -3.248 -3.248 -3.248 -2.807 -2.807 -2.804 -2.807 -2.807 -2.807 -2.807 -2.807 -2.807 -2.807 -2.807 -2.807 -2.807 -2.807 -2.807 -2.807 -2.807 -2.807 -2.807 -2.807 -2.807 -2.807 -3.845 -3.845 -3.843 -3.845 -3.845 -3.845 -3.845 -3.845 -3.845 -3.845 -3.845 -3.845 -3.845 -3.845 -3.845 -3.845 -3.845 -3.845 -3.845 -3.845 -3.845 -3.845
0.0152 0.01508 8.00000 5.1277313232 2.6147076925    5.065  3.191  3.7239  1.799    5  0.000  0.370     0.00     0.00     0.00     0.00     0.00 -1 -2.34e-09      0.00 6.811e-01 3.035e-01 1.651e-03 2.629e-03 5.953e-03 -1.000 1.536e-02       5302          0          0          0          0      47.05      47.05 -3.207 -3.287 -2.871 -3.862 -3.287 -3.287 -3.281 -3.287 -3.287 -3.287 -3.287 -3.287 -3.287 -3.287 -3.287 -3.287 -3.287 -3.287 -3.287 -3.287 -3.287 -3.287 -3.287 -3.287 -3.287 -3.287 -2.871 -2.871 -2.864 -2.871 -2.871 -2.871 -2.871 -2.871 -2.871 -2.871 -2.871 -2.871 -2.871 -2.871 -2.871 -2.871 -2.871 -2.871 -2.871 -2.871 -2.871 -2.871 -3.862 -3.861 -3.857 -3.861 -3.861 -3.861 -3.861 -3.861 -3.861 -3.861 -3.861 -3.861 -3.861 -3.861 -3.861 -3.861 -3.861 -3.861 -3.861 -3.861 -3.861 -3.861
0.0152 0.01508 8.00000 5.1290178299 2.6147139628    5.066  3.200  3.7357  1.837    5  0.000  0.370     0.00     0.00     0.00     0.00     0.00 -1 -2.13e-09      0.00 6.811e-01 3.035e-01 1.651e-03 2.629e-03 5.953e-03 -1.000 1.536e-02       5451          0          0          0          0       45.1       45.1 -3.231 -3.335 -2.950 -3.883 -3.335 -3.335 -3.328 -3.335 -3.335 -3.335 -3.335 -3.335 -3.335 -3.335 -3.335 -3.335 -3.335 -3.335 -3.335 -3.335 -3.335 -3.335 -3.335 -3.335 -3.335 -3.335 -2.950 -2.950 -2.941 -2.950 -2.950 -2.950 -2.950 -2.950 -2.950 -2.950 -2.950 -2.950 -2.950 -2.950 -2.950 -2.950 -2.950 -2.950 -2.950 -2.950 -2.950 -2.950 -3.883 -3.883 -3.878 -3.883 -3.883 -3.883 -3.883 -3.883 -3.883 -3.883 -3.883 -3.883 -3.883 -3.883 -3.883 -3.883 -3.883 -3.883 -3.883 -3.883 -3.883 -3.883
0.0152 0.01508 8.00000 5.1302189827 2.6147198138    5.067  3.208  3.7463  1.872    5  0.000  0.370     0.00     0.00     0.00     0.00     0.00 -1 -2.01e-09      0.00 6.811e-01 3.035e-01 1.651e-03 2.629e-03 5.953e-03 -1.000 1.536e-02       5586          0          0          0          0      43.35      43.35 -3.250 -3.371 -3.009 -3.896 -3.371 -3.371 -3.364 -3.371 -3.371 -3.371 -3.371 -3.371 -3.371 -3.371 -3.371 -3.371 -3.371 -3.371 -3.371 -3.371 -3.371 -3.371 -3.371 -3.371 -3.371 -3.371 -3.009 -3.010 -3.001 -3.010 -3.010 -3.010 -3.010 -3.010 -3.010 -3.010 -3.010 -3.010 -3.010 -3.010 -3.010 -3.010 -3.010 -3.010 -3.010 -3.010 -3.010 -3.010 -3.896 -3.896 -3.891 -3.896 -3.896 -3.896 -3.896 -3.896 -3.896 -3.896 -3.896 -3.896 -3.896 -3.896 -3.896 -3.896 -3.896 -3.896 -3.896 -3.896 -3.896 -3.896
0.0152 0.01508 8.00000 5.1321034431 2.6147289870    5.068  3.217  3.7596  1.916    5  0.000  0.370     0.00     0.00     0.00     0.00     0.00 -1 -1.93e-09      0.00 6.811e-01 3.035e-01 1.651e-03 2.630e-03 5.952e-03 -1.000 1.536e-02       5761          0          0          0          0      41.22      41.22 -3.273 -3.410 -3.078 -3.905 -3.410 -3.410 -3.404 -3.410 -3.410 -3.410 -3.410 -3.410 -3.410 -3.410 -3.410 -3.410 -3.410 -3.410 -3.410 -3.410 -3.410 -3.410 -3.410 -3.410 -3.410 -3.410 -3.078 -3.079 -3.070 -3.079 -3.079 -3.079 -3.079 -3.079 -3.079 -3.079 -3.079 -3.079 -3.079 -3.079 -3.079 -3.079 -3.079 -3.079 -3.079 -3.079 -3.079 -3.079 -3.905 -3.905 -3.901 -3.905 -3.905 -3.905 -3.905 -3.905 -3.905 -3.905 -3.905 -3.905 -3.905 -3.905 -3.905 -3.905 -3.905 -3.905 -3.905 -3.905 -3.905 -3.905
0.0152 0.01508 8.00000 5.1374940872 2.6147551849    5.073  3.231  3.7778  1.976    5  0.000  0.370     0.00     0.00     0.00     0.00     0.00 -1 -1.86e-09      0.00 6.811e-01 3.035e-01 1.651e-03 2.631e-03 5.952e-03 -1.000 1.536e-02       6007          0          0          0          0      38.47      38.47 -3.306 -3.460 -3.167 -3.913 -3.460 -3.460 -3.453 -3.460 -3.460 -3.460 -3.460 -3.460 -3.460 -3.460 -3.460 -3.460 -3.460 -3.460 -3.460 -3.460 -3.460 -3.460 -3.460 -3.460 -3.460 -3.460 -3.167 -3.167 -3.159 -3.167 -3.167 -3.167 -3.167 -3.167 -3.167 -3.167 -3.167 -3.167 -3.167 -3.167 -3.167 -3.167 -3.167 -3.167 -3.167 -3.167 -3.167 -3.167 -3.913 -3.912 -3.908 -3.912 -3.912 -3.912 -3.912 -3.912 -3.912 -3.912 -3.912 -3.912 -3.912 -3.912 -3.912 -3.912 -3.912 -3.912 -3.912 -3.912 -3.912 -3.912
0.0152 0.01508 8.00000 5.1505246162 2.6148182514    5.084  3.236  3.7682  1.933    6  0.000  0.370     0.00     0.00     0.00     0.00     0.00 -1 -1.97e-09      0.00 6.811e-01 3.035e-01 1.650e-03 2.633e-03 5.949e-03 -1.000 1.536e-02       5874          0          0          0          0      40.46      40.46 -3.321 -3.466 -3.152 -3.941 -3.466 -3.466 -3.460 -3.466 -3.466 -3.466 -3.466 -3.466 -3.466 -3.466 -3.466 -3.466 -3.466 -3.466 -3.466 -3.466 -3.466 -3.466 -3.466 -3.466 -3.466 -3.466 -3.152 -3.152 -3.144 -3.152 -3.152 -3.152 -3.152 -3.152 -3.152 -3.152 -3.152 -3.152 -3.152 -3.152 -3.152 -3.152 -3.152 -3.152 -3.152 -3.152 -3.152 -3.152 -3.941 -3.941 -3.937 -3.941 -3.941 -3.941 -3.941 -3.941 -3.941 -3.941 -3.941 -3.941 -3.941 -3.941 -3.941 -3.941 -3.941 -3.941 -3.941 -3.941 -3.941 -3.941
0.0152 0.01508 8.00000 5.1881165504 2.6149981529    5.117  3.270  3.7637  1.884    6  0.000  0.370     0.00     0.00     0.00     0.00     0.00 -1 -2.37e-09      0.00 6.811e-01 3.035e-01 1.650e-03 2.639e-03 5.943e-03 -1.000 1.536e-02       5813          0          0          0          0      42.96      42.96 -3.405 -3.546 -3.222 -4.032 -3.546 -3.546 -3.539 -3.546 -3.546 -3.546 -3.546 -3.546 -3.546 -3.546 -3.546 -3.546 -3.546 -3.546 -3.546 -3.546 -3.546 -3.546 -3.546 -3.546 -3.546 -3.546 -3.222 -3.222 -3.214 -3.222 -3.222 -3.222 -3.222 -3.222 -3.222 -3.222 -3.222 -3.222 -3.222 -3.222 -3.222 -3.222 -3.222 -3.222 -3.222 -3.222 -3.222 -3.222 -4.032 -4.032 -4.027 -4.032 -4.032 -4.032 -4.032 -4.032 -4.032 -4.032 -4.032 -4.032 -4.032 -4.032 -4.032 -4.032 -4.032 -4.032 -4.032 -4.032 -4.032 -4.032
0.0152 0.01508 8.00000 5.2000002861 2.6150544022    5.127  3.278  3.7585  1.855    6  0.000  0.370     0.00     0.00     0.00     0.00     0.00 -1 -2.49e-09      0.00 6.811e-01 3.036e-01 1.650e-03 2.641e-03 5.941e-03 -1.000 1.536e-02       5741          0          0          0          0      44.43      44.43 -3.426 -3.562 -3.227 -4.060 -3.562 -3.562 -3.556 -3.562 -3.562 -3.562 -3.562 -3.562 -3.562 -3.562 -3.562 -3.562 -3.562 -3.562 -3.562 -3.562 -3.562 -3.562 -3.562 -3.562 -3.562 -3.562 -3.227 -3.227 -3.219 -3.227 -3.227 -3.227 -3.227 -3.227 -3.227 -3.227 -3.227 -3.227 -3.227 -3.227 -3.227 -3.227 -3.227 -3.227 -3.227 -3.227 -3.227 -3.227 -4.060 -4.060 -4.056 -4.060 -4.060 -4.060 -4.060 -4.060 -4.060 -4.060 -4.060 -4.060 -4.060 -4.060 -4.060 -4.060 -4.060 -4.060 -4.060 -4.060 -4.060 -4.060
0.0152 0.01508 8.00000 5.2059988976 2.6150826834    5.132  3.281  3.7527  1.830    6  0.000  0.370     0.00     0.00     0.00     0.00     0.00 -1 -2.57e-09      0.00 6.811e-01 3.035e-01 1.650e-03 2.641e-03 5.941e-03 -1.000 1.536e-02       5665          0          0          0          0      45.76      45.76 -3.432 -3.561 -3.213 -4.072 -3.561 -3.561 -3.554 -3.561 -3.561 -3.561 -3.561 -3.561 -3.561 -3.561 -3.561 -3.561 -3.561 -3.561 -3.561 -3.561 -3.561 -3.561 -3.561 -3.561 -3.561 -3.561 -3.213 -3.213 -3.205 -3.213 -3.213 -3.213 -3.213 -3.213 -3.213 -3.213 -3.213 -3.213 -3.213 -3.213 -3.213 -3.213 -3.213 -3.213 -3.213 -3.213 -3.213 -3.213 -4.072 -4.072 -4.067 -4.072 -4.072 -4.072 -4.072 -4.072 -4.072 -4.072 -4.072 -4.072 -4.072 -4.072 -4.072 -4.072 -4.072 -4.072 -4.072 -4.072 -4.072 -4.072
0.0152 0.01508 8.00000 5.2119636536 2.6151107307    5.137  3.281  3.7429  1.791    6  0.000  0.370     0.00     0.00     0.00     0.00     0.00 -1 -2.71e-09      0.00 6.811e-01 3.035e-01 1.650e-03 2.641e-03 5.941e-03 -1.000 1.536e-02       5539          0          0          0          0      47.87      47.87 -3.433 -3.549 -3.179 -4.082 -3.549 -3.549 -3.542 -3.549 -3.549 -3.549 -3.549 -3.549 -3.549 -3.549 -3.549 -3.549 -3.549 -3.549 -3.549 -3.549 -3.549 -3.549 -3.549 -3.549 -3.549 -3.549 -3.179 -3.179 -3.171 -3.179 -3.179 -3.179 -3.179 -3.179 -3.179 -3.179 -3.179 -3.179 -3.179 -3.179 -3.179 -3.179 -3.179 -3.179 -3.179 -3.179 -3.179 -3.179 -4.082 -4.082 -4.077 -4.082 -4.082 -4.082 -4.082 -4.082 -4.082 -4.082 -4.082 -4.082 -4.082 -4.082 -4.082 -4.082 -4.082 -4.082 -4.082 -4.082 -4.082 -4.082
0.0152 0.01508 8.00000 5.2163963318 2.6151315261    5.141  3.279  3.7328  1.753    6  0.000  0.370     0.00     0.00     0.00     0.00     0.00 -1 -2.93e-09      0.00 6.811e-01 3.035e-01 1.650e-03 2.640e-03 5.942e-03 -1.000 1.536e-02       5412          0          0          0          0      50.02      50.02 -3.428 -3.526 -3.134 -4.081 -3.526 -3.526 -3.519 -3.526 -3.526 -3.526 -3.526 -3.526 -3.526 -3.526 -3.526 -3.526 -3.526 -3.526 -3.526 -3.526 -3.526 -3.526 -3.526 -3.526 -3.526 -3.526 -3.134 -3.134 -3.125 -3.134 -3.134 -3.134 -3.134 -3.134 -3.134 -3.134 -3.134 -3.134 -3.134 -3.134 -3.134 -3.134 -3.134 -3.134 -3.134 -3.134 -3.134 -3.134 -4.081 -4.081 -4.075 -4.081 -4.081 -4.081 -4.081 -4.081 -4.081 -4.081 -4.081 -4.081 -4.081 -4.081 -4.081 -4.081 -4.081 -4.081 -4.081 -4.081 -4.081 -4.081
0.0152 0.01508 8.00000 5.2195663452 2.6151463730    5.143  3.277  3.7240  1.721    6  0.000  0.370     0.00     0.00     0.00     0.00     0.00 -1 -3.21e-09      0.00 6.811e-01 3.035e-01 1.650e-03 2.640e-03 5.942e-03 -1.000 1.536e-02       5302          0          0          0          0      51.92      51.92 -3.422 -3.502 -3.085 -4.077 -3.502 -3.502 -3.496 -3.502 -3.502 -3.502 -3.502 -3.502 -3.502 -3.502 -3.502 -3.502 -3.502 -3.502 -3.502 -3.502 -3.502 -3.502 -3.502 -3.502 -3.502 -3.502 -3.085 -3.085 -3.078 -3.085 -3.085 -3.085 -3.085 -3.085 -3.085 -3.085 -3.085 -3.085 -3.085 -3.085 -3.085 -3.085 -3.085 -3.085 -3.085 -3.085 -3.085 -3.085 -4.077 -4.077 -4.073 -4.077 -4.077 -4.077 -4.077 -4.077 -4.077 -4.077 -4.077 -4.077 -4.077 -4.077 -4.077 -4.077 -4.077 -4.077 -4.077 -4.077 -4.077 -4.077
0.0152 0.01508 8.00000 5.2225375175 2.6151602698    5.146  3.273  3.7144  1.687    6  0.000  0.370     0.00     0.00     0.00     0.00     0.00 -1 -3.61e-09      0.00 6.812e-01 3.035e-01 1.650e-03 2.640e-03 5.942e-03 -1.000 1.536e-02       5186          0          0          0          0      53.97      53.97 -3.411 -3.471 -3.024 -4.072 -3.471 -3.471 -3.469 -3.471 -3.471 -3.471 -3.471 -3.471 -3.471 -3.471 -3.471 -3.471 -3.471 -3.471 -3.471 -3.471 -3.471 -3.471 -3.471 -3.471 -3.471 -3.471 -3.024 -3.023 -3.021 -3.023 -3.023 -3.023 -3.023 -3.023 -3.023 -3.023 -3.023 -3.023 -3.023 -3.023 -3.023 -3.023 -3.023 -3.023 -3.023 -3.023 -3.023 -3.023 -4.072 -4.072 -4.071 -4.072 -4.072 -4.072 -4.072 -4.072 -4.072 -4.072 -4.072 -4.072 -4.072 -4.072 -4.072 -4.072 -4.072 -4.072 -4.072 -4.072 -4.072 -4.072
0.0152 0.01508 8.00000 5.2247281075 2.6151705040    5.147  3.268  3.7069  1.661    6  0.000  0.370     0.00     0.00     0.00     0.00     0.00 -1 -3.95e-09      0.00 6.812e-01 3.035e-01 1.650e-03 2.640e-03 5.942e-03 -1.000 1.536e-02       5095          0          0          0          0      55.58      55.58 -3.401 -3.441 -2.970 -4.063 -3.441 -3.441 -3.441 -3.441 -3.441 -3.441 -3.441 -3.441 -3.441 -3.441 -3.441 -3.441 -3.441 -3.441 -3.441 -3.441 -3.441 -3.441 -3.441 -3.441 -3.441 -3.441 -2.970 -2.970 -2.970 -2.970 -2.970 -2.970 -2.970 -2.970 -2.970 -2.970 -2.970 -2.970 -2.970 -2.970 -2.970 -2.970 -2.970 -2.970 -2.970 -2.970 -2.970 -2.970 -4.063 -4.063 -4.063 -4.063 -4.063 -4.063 -4.063 -4.063 -4.063 -4.063 -4.063 -4.063 -4.063 -4.063 -4.063 -4.063 -4.063 -4.063 -4.063 -4.063 -4.063 -4.063
0.0152 0.01508 8.00000 5.2271046638 2.6151815959    5.149  3.262  3.6983  1.633    6  0.000  0.370     0.00     0.00     0.00     0.00     0.00 -1 -4.34e-09      0.00 6.812e-01 3.035e-01 1.650e-03 2.640e-03 5.942e-03 -1.000 1.536e-02       4995          0          0          0          0      57.36      57.36 -3.385 -3.403 -2.909 -4.043 -3.403 -3.403 -3.403 -3.403 -3.403 -3.403 -3.403 -3.403 -3.403 -3.403 -3.403 -3.403 -3.403 -3.403 -3.403 -3.403 -3.403 -3.403 -3.403 -3.403 -3.403 -3.403 -2.909 -2.909 -2.909 -2.909 -2.909 -2.909 -2.909 -2.909 -2.909 -2.909 -2.909 -2.909 -2.909 -2.909 -2.909 -2.909 -2.909 -2.909 -2.909 -2.909 -2.909 -2.909 -4.043 -4.043 -4.043 -4.043 -4.043 -4.043 -4.043 -4.043 -4.043 -4.043 -4.043 -4.043 -4.043 -4.043 -4.043 -4.043 -4.043 -4.043 -4.043 -4.043 -4.043 -4.043
0.0152 0.01508 8.00000 5.2290596962 2.6151907117    5.150  3.255  3.6911  1.611    6  0.000  0.370     0.00     0.00     0.00     0.00     0.00 -1 -4.68e-09      0.00 6.812e-01 3.035e-01 1.650e-03 2.640e-03 5.942e-03 -1.000 1.536e-02       4912          0          0          0          0      58.84      58.84 -3.368 -3.366 -2.853 -4.022 -3.366 -3.366 -3.366 -3.366 -3.366 -3.366 -3.366 -3.366 -3.366 -3.366 -3.366 -3.366 -3.366 -3.366 -3.366 -3.366 -3.366 -3.366 -3.366 -3.366 -3.366 -3.366 -2.853 -2.853 -2.853 -2.853 -2.853 -2.853 -2.853 -2.853 -2.853 -2.853 -2.853 -2.853 -2.853 -2.853 -2.853 -2.853 -2.853 -2.853 -2.853 -2.853 -2.853 -2.853 -4.022 -4.022 -4.022 -4.022 -4.022 -4.022 -4.022 -4.022 -4.022 -4.022 -4.022 -4.022 -4.022 -4.022 -4.022 -4.022 -4.022 -4.022 -4.022 -4.022 -4.022 -4.022
0.0152 0.01508 8.00000 5.2310042381 2.6151997708    5.152  3.247  3.6846  1.593    6  0.000  0.370     0.00     0.00     0.00     0.00     0.00 -1 -4.99e-09      0.00 6.812e-01 3.035e-01 1.650e-03 2.639e-03 5.943e-03 -1.000 1.536e-02       4838          0          0          0          0      60.05      60.05 -3.347 -3.324 -2.793 -3.994 -3.324 -3.324 -3.324 -3.324 -3.324 -3.324 -3.324 -3.324 -3.324 -3.324 -3.324 -3.324 -3.324 -3.324 -3.324 -3.324 -3.324 -3.324 -3.324 -3.324 -3.324 -3.324 -2.793 -2.793 -2.793 -2.793 -2.793 -2.793 -2.793 -2.793 -2.793 -2.793 -2.793 -2.793 -2.793 -2.793 -2.793 -2.793 -2.793 -2.793 -2.793 -2.793 -2.793 -2.793 -3.994 -3.994 -3.994 -3.994 -3.994 -3.994 -3.994 -3.994 -3.994 -3.994 -3.994 -3.994 -3.994 -3.994 -3.994 -3.994 -3.994 -3.994 -3.994 -3.994 -3.994 -3.994
0.0152 0.01508 8.00000 5.2336783409 2.6152122162    5.154  3.233  3.6765  1.575    6  0.000  0.370     0.00     0.00     0.00     0.00     0.00 -1 -5.34e-09      0.00 6.812e-01 3.035e-01 1.650e-03 2.639e-03 5.943e-03 -1.000 1.536e-02       4749          0          0          0          0      61.32      61.32 -3.312 -3.261 -2.708 -3.949 -3.261 -3.261 -3.261 -3.261 -3.261 -3.261 -3.261 -3.261 -3.261 -3.261 -3.261 -3.261 -3.261 -3.261 -3.261 -3.261 -3.261 -3.261 -3.261 -3.261 -3.261 -3.261 -2.708 -2.708 -2.708 -2.708 -2.708 -2.708 -2.708 -2.708 -2.708 -2.708 -2.708 -2.708 -2.708 -2.708 -2.708 -2.708 -2.708 -2.708 -2.708 -2.708 -2.708 -2.708 -3.949 -3.949 -3.949 -3.949 -3.949 -3.949 -3.949 -3.949 -3.949 -3.949 -3.949 -3.949 -3.949 -3.949 -3.949 -3.949 -3.949 -3.949 -3.949 -3.949 -3.949 -3.949
0.0152 0.01508 8.00000 5.2364559174 2.6152251276    5.156  3.216  3.6688  1.561    6  0.000  0.370     0.00     0.00     0.00     0.00     0.00 -1 -5.67e-09      0.00 6.812e-01 3.034e-01 1.650e-03 2.639e-03 5.943e-03 -1.000 1.536e-02       4664          0          0          0          0      62.37      62.37 -3.271 -3.192 -2.616 -3.896 -3.192 -3.192 -3.192 -3.192 -3.192 -3.192 -3.192 -3.192 -3.192 -3.192 -3.192 -3.192 -3.192 -3.192 -3.192 -3.192 -3.192 -3.192 -3.192 -3.192 -3.192 -3.192 -2.616 -2.616 -2.616 -2.616 -2.616 -2.616 -2.616 -2.616 -2.616 -2.616 -2.616 -2.616 -2.616 -2.616 -2.616 -2.616 -2.616 -2.616 -2.616 -2.616 -2.616 -2.616 -3.896 -3.896 -3.896 -3.896 -3.896 -3.896 -3.896 -3.896 -3.896 -3.896 -3.896 -3.896 -3.896 -3.896 -3.896 -3.896 -3.896 -3.896 -3.896 -3.896 -3.896 -3.896
0.0152 0.01508 8.00000 5.2393260002 2.6152384525    5.158  3.200  3.6616  1.549    6  0.000  0.370     0.00     0.00     0.00     0.00     0.00 -1 -5.97e-09      0.00 6.812e-01 3.034e-01 1.650e-03 2.639e-03 5.943e-03 -1.000 1.536e-02       4588          0          0          0          0      63.29      63.29 -3.231 -3.124 -2.526 -3.844 -3.124 -3.124 -3.124 -3.124 -3.124 -3.124 -3.124 -3.124 -3.124 -3.124 -3.124 -3.124 -3.124 -3.124 -3.124 -3.124 -3.124 -3.124 -3.124 -3.124 -3.124 -3.124 -2.526 -2.526 -2.526 -2.526 -2.526 -2.526 -2.526 -2.526 -2.526 -2.526 -2.526 -2.526 -2.526 -2.526 -2.526 -2.526 -2.526 -2.526 -2.526 -2.526 -2.526 -2.526 -3.844 -3.844 -3.844 -3.844 -3.844 -3.844 -3.844 -3.844 -3.844 -3.844 -3.844 -3.844 -3.844 -3.844 -3.844 -3.844 -3.844 -3.844 -3.844 -3.844 -3.844 -3.844
0.0152 0.01508 8.00000 5.2440004349 2.6152601186    5.161  3.191  3.6522  1.521    6  0.000  0.370     0.00     0.00     0.00     0.00     0.00 -1 -6.66e-09      0.00 6.812e-01 3.034e-01 1.650e-03 2.639e-03 5.943e-03 -1.000 1.536e-02       4490          0          0          0          0       65.4       65.4 -3.207 -3.061 -2.433 -3.802 -3.061 -3.061 -3.061 -3.061 -3.061 -3.061 -3.061 -3.061 -3.061 -3.061 -3.061 -3.061 -3.061 -3.061 -3.061 -3.061 -3.061 -3.061 -3.061 -3.061 -3.061 -3.061 -2.433 -2.433 -2.433 -2.433 -2.433 -2.433 -2.433 -2.433 -2.433 -2.433 -2.433 -2.433 -2.433 -2.433 -2.433 -2.433 -2.433 -2.433 -2.433 -2.433 -2.433 -2.433 -3.802 -3.802 -3.802 -3.802 -3.802 -3.802 -3.802 -3.802 -3.802 -3.802 -3.802 -3.802 -3.802 -3.802 -3.802 -3.802 -3.802 -3.802 -3.802 -3.802 -3.802 -3.802
0.0152 0.01508 8.00000 5.2507271767 2.6152912193    5.165  3.209  3.6392  1.450    6  0.000  0.370     0.00     0.00     0.00     0.00     0.00 -1 -8.66e-09      0.00 6.812e-01 3.034e-01 1.650e-03 2.638e-03 5.944e-03 -1.000 1.536e-02       4356          0          0          0          0         71         71 -3.253 -3.046 -2.372 -3.820 -3.046 -3.046 -3.046 -3.046 -3.046 -3.046 -3.046 -3.046 -3.046 -3.046 -3.046 -3.046 -3.046 -3.046 -3.046 -3.046 -3.046 -3.046 -3.046 -3.046 -3.046 -3.046 -2.372 -2.372 -2.372 -2.372 -2.372 -2.372 -2.372 -2.372 -2.372 -2.372 -2.372 -2.372 -2.372 -2.372 -2.372 -2.372 -2.372 -2.372 -2.372 -2.372 -2.372 -2.372 -3.820 -3.820 -3.820 -3.820 -3.820 -3.820 -3.820 -3.820 -3.820 -3.820 -3.820 -3.820 -3.820 -3.820 -3.820 -3.820 -3.820 -3.820 -3.820 -3.820 -3.820 -3.820
0.0152 0.01508 8.00000 5.2522792816 2.6152983823    5.165  3.240  3.6337  1.398    6  0.000  0.370     0.00     0.00     0.00     0.00     0.00 -1 -1.05e-08      0.00 6.812e-01 3.034e-01 1.650e-03 2.638e-03 5.944e-03 -1.000 1.536e-02       4302          0          0          0          0      75.42      75.42 -3.331 -3.096 -2.401 -3.883 -3.096 -3.096 -3.096 -3.096 -3.096 -3.096 -3.096 -3.096 -3.096 -3.096 -3.096 -3.096 -3.096 -3.096 -3.096 -3.096 -3.096 -3.096 -3.096 -3.096 -3.096 -3.096 -2.401 -2.401 -2.401 -2.401 -2.401 -2.401 -2.401 -2.401 -2.401 -2.401 -2.401 -2.401 -2.401 -2.401 -2.401 -2.401 -2.401 -2.401 -2.401 -2.401 -2.401 -2.401 -3.883 -3.883 -3.883 -3.883 -3.883 -3.883 -3.883 -3.883 -3.883 -3.883 -3.883 -3.883 -3.883 -3.883 -3.883 -3.883 -3.883 -3.883 -3.883 -3.883 -3.883 -3.883
0.0152 0.01508 8.00000 5.2527031898 2.6153003379    5.166  3.260  3.6310  1.367    6  0.000  0.370     0.00     0.00     0.00     0.00     0.00 -1 -1.17e-08      0.00 6.812e-01 3.034e-01 1.650e-03 2.638e-03 5.944e-03 -1.000 1.536e-02       4275          0          0          0          0      78.08      78.08 -3.381 -3.133 -2.427 -3.927 -3.133 -3.133 -3.133 -3.133 -3.133 -3.133 -3.133 -3.133 -3.133 -3.133 -3.133 -3.133 -3.133 -3.133 -3.133 -3.133 -3.133 -3.133 -3.133 -3.133 -3.133 -3.133 -2.427 -2.427 -2.427 -2.427 -2.427 -2.427 -2.427 -2.427 -2.427 -2.427 -2.427 -2.427 -2.427 -2.427 -2.427 -2.427 -2.427 -2.427 -2.427 -2.427 -2.427 -2.427 -3.927 -3.927 -3.927 -3.927 -3.927 -3.927 -3.927 -3.927 -3.927 -3.927 -3.927 -3.927 -3.927 -3.927 -3.927 -3.927 -3.927 -3.927 -3.927 -3.927 -3.927 -3.927
0.0152 0.01508 8.00000 5.2527346611 2.6153004830    5.166  3.261  3.6309  1.366    6  0.000  0.370     0.00     0.00     0.00     0.00     0.00 -1 -1.17e-08      0.00 6.812e-01 3.034e-01 1.650e-03 2.638e-03 5.944e-03 -1.000 1.536e-02       4274          0          0          0          0      78.15      78.15 -3.383 -3.134 -2.428 -3.928 -3.134 -3.134 -3.134 -3.134 -3.134 -3.134 -3.134 -3.134 -3.134 -3.134 -3.134 -3.134 -3.134 -3.134 -3.134 -3.134 -3.134 -3.134 -3.134 -3.134 -3.134 -3.134 -2.428 -2.428 -2.428 -2.428 -2.428 -2.428 -2.428 -2.428 -2.428 -2.428 -2.428 -2.428 -2.428 -2.428 -2.428 -2.428 -2.428 -2.428 -2.428 -2.428 -2.428 -2.428 -3.928 -3.928 -3.928 -3.928 -3.928 -3.928 -3.928 -3.928 -3.928 -3.928 -3.928 -3.928 -3.928 -3.928 -3.928 -3.928 -3.928 -3.928 -3.928 -3.928 -3.928 -3.928
0.0152 0.01508 8.00000 5.2531180382 2.6153022512    5.166  3.253  3.6325  1.381    7  0.000  0.370    13.43    10.69     7.68     5.60     4.60  4 -1.14e-08      0.00 6.812e-01 3.034e-01 1.650e-03 2.638e-03 5.944e-03 -1.000 1.536e-02       4290          0          0          0          0      76.84      76.84 -3.361 -3.121 -2.421 -3.911 -3.121 -3.121 -3.121 -3.121 -3.121 -3.121 -3.121 -3.121 -3.121 -3.121 -3.121 -3.121 -3.121 -3.121 -3.121 -3.121 -3.121 -3.121 -3.121 -3.121 -3.121 -3.121 -2.421 -2.421 -2.421 -2.421 -2.421 -2.421 -2.421 -2.421 -2.421 -2.421 -2.421 -2.421 -2.421 -2.421 -2.421 -2.421 -2.421 -2.421 -2.421 -2.421 -2.421 -2.421 -3.911 -3.911 -3.911 -3.911 -3.911 -3.911 -3.911 -3.911 -3.911 -3.911 -3.911 -3.911 -3.911 -3.911 -3.911 -3.911 -3.911 -3.911 -3.911 -3.911 -3.911 -3.911
0.0152 0.01508 8.00000 5.2539710999 2.6153061846    5.166  3.225  3.6357  1.421    7  0.000  0.370    12.32     9.94     7.17     5.22     4.29  4  -9.8e-09      0.00 6.812e-01 3.034e-01 1.650e-03 2.638e-03 5.944e-03 -1.000 1.536e-02       4322          0          0          0          0      73.44      73.44 -3.293 -3.068 -2.381 -3.850 -3.068 -3.068 -3.068 -3.068 -3.068 -3.068 -3.068 -3.068 -3.068 -3.068 -3.068 -3.068 -3.068 -3.068 -3.068 -3.068 -3.068 -3.068 -3.068 -3.068 -3.068 -3.068 -2.381 -2.381 -2.381 -2.381 -2.381 -2.381 -2.381 -2.381 -2.381 -2.381 -2.381 -2.381 -2.381 -2.381 -2.381 -2.381 -2.381 -2.381 -2.381 -2.381 -2.381 -2.381 -3.850 -3.850 -3.850 -3.850 -3.850 -3.850 -3.850 -3.850 -3.850 -3.850 -3.850 -3.850 -3.850 -3.850 -3.850 -3.850 -3.850 -3.850 -3.850 -3.850 -3.850 -3.850
0.0152 0.01508 8.00000 5.2554712296 2.6153130981    5.167  3.241  3.6329  1.394    7  0.000  0.370    13.05    10.43     7.51     5.47     4.49  4 -1.02e-08      0.00 6.813e-01 3.034e-01 1.650e-03 2.638e-03 5.944e-03 -1.000 1.536e-02       4294          0          0          0          0      75.72      75.72 -3.332 -3.093 -2.395 -3.882 -3.093 -3.093 -3.093 -3.093 -3.093 -3.093 -3.093 -3.093 -3.093 -3.093 -3.093 -3.093 -3.093 -3.093 -3.093 -3.093 -3.093 -3.093 -3.093 -3.093 -3.093 -3.093 -2.395 -2.395 -2.395 -2.395 -2.395 -2.395 -2.395 -2.395 -2.395 -2.395 -2.395 -2.395 -2.395 -2.395 -2.395 -2.395 -2.395 -2.395 -2.395 -2.395 -2.395 -2.395 -3.882 -3.882 -3.882 -3.882 -3.882 -3.882 -3.882 -3.882 -3.882 -3.882 -3.882 -3.882 -3.882 -3.882 -3.882 -3.882 -3.882 -3.882 -3.882 -3.882 -3.882 -3.882
0.0152 0.01508 8.00000 5.2565903664 2.6153182527    5.168  3.277  3.6285  1.340    7  0.000  0.370    14.65    11.51     8.24     6.01     4.94  4 -1.22e-08      0.00 6.813e-01 3.034e-01 1.650e-03 2.638e-03 5.944e-03 -1.000 1.536e-02       4251          0          0          0          0       80.6       80.6 -3.424 -3.162 -2.447 -3.962 -3.162 -3.162 -3.162 -3.162 -3.162 -3.162 -3.162 -3.162 -3.162 -3.162 -3.162 -3.162 -3.162 -3.162 -3.162 -3.162 -3.162 -3.162 -3.162 -3.162 -3.162 -3.162 -2.447 -2.447 -2.447 -2.447 -2.447 -2.447 -2.447 -2.447 -2.447 -2.447 -2.447 -2.447 -2.447 -2.447 -2.447 -2.447 -2.447 -2.447 -2.447 -2.447 -2.447 -2.447 -3.962 -3.962 -3.962 -3.962 -3.962 -3.962 -3.962 -3.962 -3.962 -3.962 -3.962 -3.962 -3.962 -3.962 -3.962 -3.962 -3.962 -3.962 -3.962 -3.962 -3.962 -3.962
0.0152 0.01508 8.00000 5.2577648163 2.6153236594    5.168  3.315  3.6246  1.287    7  0.000  0.370    16.42    12.67     9.04     6.60     5.43  4 -1.45e-08      0.00 6.813e-01 3.034e-01 1.650e-03 2.638e-03 5.944e-03 -1.000 1.536e-02       4212          0          0          0          0      85.69      85.69 -3.517 -3.234 -2.501 -4.044 -3.234 -3.234 -3.234 -3.234 -3.234 -3.234 -3.234 -3.234 -3.234 -3.234 -3.234 -3.234 -3.234 -3.234 -3.234 -3.234 -3.234 -3.234 -3.234 -3.234 -3.234 -3.234 -2.501 -2.501 -2.501 -2.501 -2.501 -2.501 -2.501 -2.501 -2.501 -2.501 -2.501 -2.501 -2.501 -2.501 -2.501 -2.501 -2.501 -2.501 -2.501 -2.501 -2.501 -2.501 -4.044 -4.044 -4.044 -4.044 -4.044 -4.044 -4.044 -4.044 -4.044 -4.044 -4.044 -4.044 -4.044 -4.044 -4.044 -4.044 -4.044 -4.044 -4.044 -4.044 -4.044 -4.044
0.0152 0.01508 8.00000 5.2591643333 2.6153300987    5.168  3.353  3.6207  1.233    7  0.000  0.370    18.40    13.95     9.91     7.25     5.96  4 -1.71e-08      0.00 6.813e-01 3.034e-01 1.650e-03 2.638e-03 5.944e-03 -1.000 1.536e-02       4175          0          0          0          0      91.12      91.12 -3.612 -3.308 -2.559 -4.128 -3.308 -3.308 -3.308 -3.308 -3.308 -3.308 -3.308 -3.308 -3.308 -3.308 -3.308 -3.308 -3.308 -3.308 -3.308 -3.308 -3.308 -3.308 -3.308 -3.308 -3.308 -3.308 -2.559 -2.559 -2.559 -2.559 -2.559 -2.559 -2.559 -2.559 -2.559 -2.559 -2.559 -2.559 -2.559 -2.559 -2.559 -2.559 -2.559 -2.559 -2.559 -2.559 -2.559 -2.559 -4.128 -4.128 -4.128 -4.128 -4.128 -4.128 -4.128 -4.128 -4.128 -4.128 -4.128 -4.128 -4.128 -4.128 -4.128 -4.128 -4.128 -4.128 -4.128 -4.128 -4.128 -4.128
0.0152 0.01508 8.00000 5.2607588768 2.6153374304    5.168  3.392  3.6169  1.179    7  0.000  0.370    20.66    15.39    10.88     7.97     6.56  4    -2e-08      0.00 6.813e-01 3.034e-01 1.650e-03 2.637e-03 5.944e-03 -1.000 1.536e-02       4139          0          0          0          0      96.98      96.98 -3.709 -3.383 -2.616 -4.212 -3.383 -3.383 -3.383 -3.383 -3.383 -3.383 -3.383 -3.383 -3.383 -3.383 -3.383 -3.383 -3.383 -3.383 -3.383 -3.383 -3.383 -3.383 -3.383 -3.383 -3.383 -3.383 -2.616 -2.616 -2.616 -2.616 -2.616 -2.616 -2.616 -2.616 -2.616 -2.616 -2.616 -2.616 -2.616 -2.616 -2.616 -2.616 -2.616 -2.616 -2.616 -2.616 -2.616 -2.616 -4.212 -4.212 -4.212 -4.212 -4.212 -4.212 -4.212 -4.212 -4.212 -4.212 -4.212 -4.212 -4.212 -4.212 -4.212 -4.212 -4.212 -4.212 -4.212 -4.212 -4.212 -4.212
0.0152 0.01508 8.00000 5.2624759674 2.6153453199    5.168  3.431  3.6132  1.125    7  0.000  0.370    23.23    16.99    11.96     8.77     7.22  4 -2.33e-08      0.00 6.813e-01 3.034e-01 1.650e-03 2.637e-03 5.944e-03 -1.000 1.536e-02       4103          0          0          0          0      103.3      103.3 -3.808 -3.459 -2.675 -4.299 -3.459 -3.459 -3.459 -3.459 -3.459 -3.459 -3.459 -3.459 -3.459 -3.459 -3.459 -3.459 -3.459 -3.459 -3.459 -3.459 -3.459 -3.459 -3.459 -3.459 -3.459 -3.459 -2.675 -2.675 -2.675 -2.675 -2.675 -2.675 -2.675 -2.675 -2.675 -2.675 -2.675 -2.675 -2.675 -2.675 -2.675 -2.675 -2.675 -2.675 -2.675 -2.675 -2.675 -2.675 -4.299 -4.299 -4.299 -4.299 -4.299 -4.299 -4.299 -4.299 -4.299 -4.299 -4.299 -4.299 -4.299 -4.299 -4.299 -4.299 -4.299 -4.299 -4.299 -4.299 -4.299 -4.299
0.0152 0.01508 8.00000 5.2638063431 2.6153514284    5.168  3.461  3.6103  1.083    7  0.000  0.370    25.38    18.31    12.84     9.43     7.76  4 -2.61e-08      0.00 6.813e-01 3.034e-01 1.650e-03 2.637e-03 5.944e-03 -1.000 1.536e-02       4076          0          0          0          0      108.3      108.3 -3.884 -3.517 -2.721 -4.364 -3.517 -3.517 -3.517 -3.517 -3.517 -3.517 -3.517 -3.517 -3.517 -3.517 -3.517 -3.517 -3.517 -3.517 -3.517 -3.517 -3.517 -3.517 -3.517 -3.517 -3.517 -3.517 -2.721 -2.721 -2.721 -2.721 -2.721 -2.721 -2.721 -2.721 -2.721 -2.721 -2.721 -2.721 -2.721 -2.721 -2.721 -2.721 -2.721 -2.721 -2.721 -2.721 -2.721 -2.721 -4.364 -4.364 -4.364 -4.364 -4.364 -4.364 -4.364 -4.364 -4.364 -4.364 -4.364 -4.364 -4.364 -4.364 -4.364 -4.364 -4.364 -4.364 -4.364 -4.364 -4.364 -4.364
0.0152 0.01508 8.00000 5.2655873299 2.6153596005    5.167  3.502  3.6065  1.027    7  0.000  0.370    28.64    20.27    14.15    10.41     8.57  4 -3.02e-08      0.00 6.813e-01 3.034e-01 1.650e-03 2.637e-03 5.945e-03 -1.000 1.536e-02       4040          0          0          0          0      115.6      115.6 -3.986 -3.594 -2.777 -4.452 -3.594 -3.594 -3.594 -3.594 -3.594 -3.594 -3.594 -3.594 -3.594 -3.594 -3.594 -3.594 -3.594 -3.594 -3.594 -3.594 -3.594 -3.594 -3.594 -3.594 -3.594 -3.594 -2.777 -2.777 -2.777 -2.777 -2.777 -2.777 -2.777 -2.777 -2.777 -2.777 -2.777 -2.777 -2.777 -2.777 -2.777 -2.777 -2.777 -2.777 -2.777 -2.777 -2.777 -2.777 -4.452 -4.452 -4.452 -4.452 -4.452 -4.452 -4.452 -4.452 -4.452 -4.452 -4.452 -4.452 -4.452 -4.452 -4.452 -4.452 -4.452 -4.452 -4.452 -4.452 -4.452 -4.452
0.0152 0.01508 8.00000 5.2672872543 2.6153673947    5.166  3.544  3.6026  0.969    7  0.000  0.369    32.39    22.49    15.63    11.52     9.48  4 -3.48e-08      0.00 6.813e-01 3.034e-01 1.647e-03 2.639e-03 5.945e-03 -1.000 1.536e-02       4004          0          0          0          0      123.5      123.5 -4.091 -3.673 -2.834 -4.541 -3.673 -3.673 -3.673 -3.673 -3.673 -3.673 -3.673 -3.673 -3.673 -3.673 -3.673 -3.673 -3.673 -3.673 -3.673 -3.673 -3.673 -3.673 -3.673 -3.673 -3.673 -3.673 -2.834 -2.834 -2.834 -2.834 -2.834 -2.834 -2.834 -2.834 -2.834 -2.834 -2.834 -2.834 -2.834 -2.834 -2.834 -2.834 -2.834 -2.834 -2.834 -2.834 -2.834 -2.834 -4.541 -4.541 -4.541 -4.541 -4.541 -4.541 -4.541 -4.541 -4.541 -4.541 -4.541 -4.541 -4.541 -4.541 -4.541 -4.541 -4.541 -4.541 -4.541 -4.541 -4.541 -4.541
0.0152 0.01508 8.00000 5.2684493065 2.6153727194    5.165  3.576  3.5996  0.925    7  0.000  0.368    35.60    24.36    16.87    12.45    10.25  4 -3.87e-08      0.00 6.813e-01 3.034e-01 1.642e-03 2.644e-03 5.945e-03 -1.000 1.536e-02       3977          0          0          0          0      129.9      129.9 -4.171 -3.733 -2.877 -4.609 -3.733 -3.733 -3.733 -3.733 -3.733 -3.733 -3.733 -3.733 -3.733 -3.733 -3.733 -3.733 -3.733 -3.733 -3.733 -3.733 -3.733 -3.733 -3.733 -3.733 -3.733 -3.733 -2.877 -2.877 -2.877 -2.877 -2.877 -2.877 -2.877 -2.877 -2.877 -2.877 -2.877 -2.877 -2.877 -2.877 -2.877 -2.877 -2.877 -2.877 -2.877 -2.877 -2.877 -2.877 -4.609 -4.609 -4.609 -4.609 -4.609 -4.609 -4.609 -4.609 -4.609 -4.609 -4.609 -4.609 -4.609 -4.609 -4.609 -4.609 -4.609 -4.609 -4.609 -4.609 -4.609 -4.609
0.0152 0.01508 8.00000 5.2698078156 2.6153789409    5.164  3.619  3.5956  0.867    7  0.000  0.366    40.31    27.06    18.65    13.78    11.35  4 -4.43e-08      0.00 6.813e-01 3.033e-01 1.634e-03 2.653e-03 5.945e-03 -1.000 1.536e-02       3941          0          0          0          0      138.9      138.9 -4.276 -3.807 -2.925 -4.696 -3.807 -3.807 -3.807 -3.807 -3.807 -3.807 -3.807 -3.807 -3.807 -3.807 -3.807 -3.807 -3.807 -3.807 -3.807 -3.807 -3.807 -3.807 -3.807 -3.807 -3.807 -3.807 -2.925 -2.925 -2.925 -2.925 -2.925 -2.925 -2.925 -2.925 -2.925 -2.925 -2.925 -2.925 -2.925 -2.925 -2.925 -2.925 -2.925 -2.925 -2.925 -2.925 -2.925 -2.925 -4.696 -4.696 -4.696 -4.696 -4.696 -4.696 -4.696 -4.696 -4.696 -4.696 -4.696 -4.696 -4.696 -4.696 -4.696 -4.696 -4.696 -4.696 -4.696 -4.696 -4.696 -4.696
0.0152 0.01508 8.00000 5.2707042694 2.6153830443    5.163  3.650  3.5927  0.824    7  0.000  0.365    44.17    29.23    20.08    14.85    12.23  4 -4.88e-08      0.00 6.813e-01 3.033e-01 1.628e-03 2.661e-03 5.945e-03 -1.000 1.536e-02       3914          0          0          0          0      145.9      145.9 -4.354 -3.862 -2.961 -4.759 -3.862 -3.862 -3.862 -3.862 -3.862 -3.862 -3.862 -3.862 -3.862 -3.862 -3.862 -3.862 -3.862 -3.862 -3.862 -3.862 -3.862 -3.862 -3.862 -3.862 -3.862 -3.862 -2.961 -2.961 -2.961 -2.961 -2.961 -2.961 -2.961 -2.961 -2.961 -2.961 -2.961 -2.961 -2.961 -2.961 -2.961 -2.961 -2.961 -2.961 -2.961 -2.961 -2.961 -2.961 -4.759 -4.759 -4.759 -4.759 -4.759 -4.759 -4.759 -4.759 -4.759 -4.759 -4.759 -4.759 -4.759 -4.759 -4.759 -4.759 -4.759 -4.759 -4.759 -4.759 -4.759 -4.759
0.0152 0.01508 8.00000 5.2717833519 2.6153879815    5.161  3.691  3.5888  0.767    7  0.000  0.363    49.90    32.40    22.15    16.41    13.52  4 -5.53e-08      0.00 6.813e-01 3.033e-01 1.621e-03 2.669e-03 5.945e-03 -1.000 1.536e-02       3879          0          0          0          0      155.7      155.7 -4.457 -3.934 -3.005 -4.843 -3.934 -3.934 -3.934 -3.934 -3.934 -3.934 -3.934 -3.934 -3.934 -3.934 -3.934 -3.934 -3.934 -3.934 -3.934 -3.934 -3.934 -3.934 -3.934 -3.934 -3.934 -3.934 -3.005 -3.005 -3.005 -3.005 -3.005 -3.005 -3.005 -3.005 -3.005 -3.005 -3.005 -3.005 -3.005 -3.005 -3.005 -3.005 -3.005 -3.005 -3.005 -3.005 -3.005 -3.005 -4.843 -4.843 -4.843 -4.843 -4.843 -4.843 -4.843 -4.843 -4.843 -4.843 -4.843 -4.843 -4.843 -4.843 -4.843 -4.843 -4.843 -4.843 -4.843 -4.843 -4.843 -4.843
0.0152 0.01508 8.00000 5.2725191116 2.6153913466    5.160  3.721  3.5858  0.724    7  0.000  0.362    54.66    35.00    23.84    17.68    14.57  4 -6.05e-08      0.00 6.813e-01 3.033e-01 1.617e-03 2.675e-03 5.945e-03 -1.000 1.536e-02       3853          0          0          0          0      163.5      163.5 -4.534 -3.984 -3.030 -4.903 -3.984 -3.984 -3.984 -3.984 -3.984 -3.984 -3.984 -3.984 -3.984 -3.984 -3.984 -3.984 -3.984 -3.984 -3.984 -3.984 -3.984 -3.984 -3.984 -3.984 -3.984 -3.984 -3.030 -3.030 -3.030 -3.030 -3.030 -3.030 -3.030 -3.030 -3.030 -3.030 -3.030 -3.030 -3.030 -3.030 -3.030 -3.030 -3.030 -3.030 -3.030 -3.030 -3.030 -3.030 -4.903 -4.903 -4.903 -4.903 -4.903 -4.903 -4.903 -4.903 -4.903 -4.903 -4.903 -4.903 -4.903 -4.903 -4.903 -4.903 -4.903 -4.903 -4.903 -4.903 -4.903 -4.903
0.0152 0.01508 8.00000 5.2734179497 2.6153954560    5.158  3.762  3.5819  0.668    7  0.000  0.361    61.66    38.75    26.28    19.52    16.09  4  -6.8e-08      0.00 6.813e-01 3.034e-01 1.612e-03 2.681e-03 5.944e-03 -1.000 1.536e-02       3818          0          0          0          0      174.5      174.5 -4.635 -4.050 -3.063 -4.983 -4.050 -4.050 -4.050 -4.050 -4.050 -4.050 -4.050 -4.050 -4.050 -4.050 -4.050 -4.050 -4.050 -4.050 -4.050 -4.050 -4.050 -4.050 -4.050 -4.050 -4.050 -4.050 -3.063 -3.063 -3.063 -3.063 -3.063 -3.063 -3.063 -3.063 -3.063 -3.063 -3.063 -3.063 -3.063 -3.063 -3.063 -3.063 -3.063 -3.063 -3.063 -3.063 -3.063 -3.063 -4.983 -4.983 -4.983 -4.983 -4.983 -4.983 -4.983 -4.983 -4.983 -4.983 -4.983 -4.983 -4.983 -4.983 -4.983 -4.983 -4.983 -4.983 -4.983 -4.983 -4.983 -4.983
0.0152 0.01508 8.00000 5.2740397453 2.6153982979    5.156  3.792  3.5789  0.626    7  0.000  0.361    67.47    41.81    28.26    21.01    17.32  4 -7.39e-08      0.00 6.813e-01 3.034e-01 1.609e-03 2.686e-03 5.942e-03 -1.000 1.536e-02       3792          0          0          0          0      183.1      183.1 -4.710 -4.097 -3.082 -5.040 -4.097 -4.097 -4.097 -4.097 -4.097 -4.097 -4.097 -4.097 -4.097 -4.097 -4.097 -4.097 -4.097 -4.097 -4.097 -4.097 -4.097 -4.097 -4.097 -4.097 -4.097 -4.097 -3.082 -3.082 -3.082 -3.082 -3.082 -3.082 -3.082 -3.082 -3.082 -3.082 -3.082 -3.082 -3.082 -3.082 -3.082 -3.082 -3.082 -3.082 -3.082 -3.082 -3.082 -3.082 -5.040 -5.040 -5.040 -5.040 -5.040 -5.040 -5.040 -5.040 -5.040 -5.040 -5.040 -5.040 -5.040 -5.040 -5.040 -5.040 -5.040 -5.040 -5.040 -5.040 -5.040 -5.040
0.0152 0.01508 8.00000 5.2748146057 2.6154018383    5.154  3.832  3.5750  0.570    7  0.000  0.360    76.01    46.24    31.11    23.17    19.11  4 -8.25e-08      0.00 6.812e-01 3.034e-01 1.605e-03 2.694e-03 5.939e-03 -1.000 1.536e-02       3758          0          0          0          0      195.2      195.2 -4.809 -4.152 -3.094 -5.113 -4.152 -4.152 -4.152 -4.152 -4.152 -4.152 -4.152 -4.152 -4.152 -4.152 -4.152 -4.152 -4.152 -4.152 -4.152 -4.152 -4.152 -4.152 -4.152 -4.152 -4.152 -4.152 -3.094 -3.094 -3.094 -3.094 -3.094 -3.094 -3.094 -3.094 -3.094 -3.094 -3.094 -3.094 -3.094 -3.094 -3.094 -3.094 -3.094 -3.094 -3.094 -3.094 -3.094 -3.094 -5.113 -5.113 -5.113 -5.113 -5.113 -5.113 -5.113 -5.113 -5.113 -5.113 -5.113 -5.113 -5.113 -5.113 -5.113 -5.113 -5.113 -5.113 -5.113 -5.113 -5.113 -5.113
0.0152 0.01508 8.00000 5.2753591537 2.6154043257    5.152  3.861  3.5720  0.529    7  0.000  0.360    83.09    49.85    33.43    24.92    20.56  4 -8.93e-08      0.00 6.811e-01 3.035e-01 1.602e-03 2.701e-03 5.934e-03 -1.000 1.536e-02       3732          0          0          0          0      204.7      204.7 -4.883 -4.193 -3.101 -5.166 -4.193 -4.193 -4.193 -4.193 -4.193 -4.193 -4.193 -4.193 -4.193 -4.193 -4.193 -4.193 -4.193 -4.193 -4.193 -4.193 -4.193 -4.193 -4.193 -4.193 -4.193 -4.193 -3.101 -3.101 -3.101 -3.101 -3.101 -3.101 -3.101 -3.101 -3.101 -3.101 -3.101 -3.101 -3.101 -3.101 -3.101 -3.101 -3.101 -3.101 -3.101 -3.101 -3.101 -3.101 -5.166 -5.166 -5.166 -5.166 -5.166 -5.166 -5.166 -5.166 -5.166 -5.166 -5.166 -5.166 -5.166 -5.166 -5.166 -5.166 -5.166 -5.166 -5.166 -5.166 -5.166 -5.166
0.0152 0.01508 8.00000 5.2760424614 2.6154074460    5.150  3.900  3.5680  0.474    7  0.000  0.360    93.44    55.05    36.75    27.44    22.64  3  -9.9e-08      0.00 6.808e-01 3.039e-01 1.598e-03 2.716e-03 5.922e-03 -1.000 1.536e-02       3698          0          0          0          0        218        218 -4.980 -4.243 -3.099 -5.234 -4.243 -4.243 -4.243 -4.243 -4.243 -4.243 -4.243 -4.243 -4.243 -4.243 -4.243 -4.243 -4.243 -4.243 -4.243 -4.243 -4.243 -4.243 -4.243 -4.243 -4.243 -4.243 -3.099 -3.099 -3.099 -3.099 -3.099 -3.099 -3.099 -3.099 -3.099 -3.099 -3.099 -3.099 -3.099 -3.099 -3.099 -3.099 -3.099 -3.099 -3.099 -3.099 -3.099 -3.099 -5.234 -5.234 -5.234 -5.234 -5.234 -5.234 -5.234 -5.234 -5.234 -5.234 -5.234 -5.234 -5.234 -5.234 -5.234 -5.234 -5.234 -5.234 -5.234 -5.234 -5.234 -5.234
0.0152 0.01508 8.00000 5.2766957283 2.6154104283    5.147  3.937  3.5642  0.421    7  0.000  0.360   104.50    60.51    40.22    30.07    24.82  3 -1.09e-07      0.00 6.775e-01 3.071e-01 1.589e-03 2.758e-03 5.888e-03 -1.000 1.536e-02       3666          0          0          0          0      231.5      231.5 -5.073 -4.289 -3.091 -5.299 -4.289 -4.289 -4.289 -4.289 -4.289 -4.289 -4.289 -4.289 -4.289 -4.289 -4.289 -4.289 -4.289 -4.289 -4.289 -4.289 -4.289 -4.289 -4.289 -4.289 -4.289 -4.289 -3.091 -3.091 -3.091 -3.091 -3.091 -3.091 -3.091 -3.091 -3.091 -3.091 -3.091 -3.091 -3.091 -3.091 -3.091 -3.091 -3.091 -3.091 -3.091 -3.091 -3.091 -3.091 -5.299 -5.299 -5.299 -5.299 -5.299 -5.299 -5.299 -5.299 -5.299 -5.299 -5.299 -5.299 -5.299 -5.299 -5.299 -5.299 -5.299 -5.299 -5.299 -5.299 -5.299 -5.299
0.0152 0.01508 8.00000 5.2772049904 2.6154127526    5.145  3.966  3.5616  0.382    7  0.000  0.360   113.74    65.00    43.07    32.24    26.61  3 -1.17e-07      0.00 6.700e-01 3.147e-01 1.572e-03 2.837e-03 5.822e-03 -1.000 1.536e-02       3643          0          0          0          0      242.3      242.3 -5.145 -4.328 -3.093 -5.352 -4.328 -4.328 -4.328 -4.328 -4.328 -4.328 -4.328 -4.328 -4.328 -4.328 -4.328 -4.328 -4.328 -4.328 -4.328 -4.328 -4.328 -4.328 -4.328 -4.328 -4.328 -4.328 -3.093 -3.093 -3.093 -3.093 -3.093 -3.093 -3.093 -3.093 -3.093 -3.093 -3.093 -3.093 -3.093 -3.093 -3.093 -3.093 -3.093 -3.093 -3.093 -3.093 -3.093 -3.093 -5.352 -5.352 -5.352 -5.352 -5.352 -5.352 -5.352 -5.352 -5.352 -5.352 -5.352 -5.352 -5.352 -5.352 -5.352 -5.352 -5.352 -5.352 -5.352 -5.352 -5.352 -5.352
0.0152 0.01508 8.00000 5.2778592110 2.6154157377    5.142  4.010  3.5584  0.325    7  0.000  0.360   128.29    71.97    47.46    35.58    29.38  3 -1.29e-07      0.00 6.454e-01 3.393e-01 1.516e-03 3.091e-03 5.611e-03 -1.000 1.534e-02       3617          0          0          0          0      258.4      258.4 -5.254 -4.396 -3.111 -5.436 -4.396 -4.396 -4.396 -4.396 -4.396 -4.396 -4.396 -4.396 -4.396 -4.396 -4.396 -4.396 -4.396 -4.396 -4.396 -4.396 -4.396 -4.396 -4.396 -4.396 -4.396 -4.396 -3.111 -3.111 -3.111 -3.111 -3.111 -3.111 -3.111 -3.111 -3.111 -3.111 -3.111 -3.111 -3.111 -3.111 -3.111 -3.111 -3.111 -3.111 -3.111 -3.111 -3.111 -3.111 -5.436 -5.436 -5.436 -5.436 -5.436 -5.436 -5.436 -5.436 -5.436 -5.436 -5.436 -5.436 -5.436 -5.436 -5.436 -5.436 -5.436 -5.436 -5.436 -5.436 -5.436 -5.436
0.0152 0.01508 8.00000 5.2782292366 2.6154174257    5.140  4.044  3.5555  0.279    7  0.000  0.360   141.59    78.22    51.40    38.58    31.85  3 -1.39e-07      0.00 6.314e-01 3.533e-01 1.485e-03 3.235e-03 5.491e-03 -1.000 1.533e-02       3593          0          0          0          0      272.5      272.5 -5.340 -4.441 -3.105 -5.498 -4.441 -4.441 -4.441 -4.441 -4.441 -4.441 -4.441 -4.441 -4.441 -4.441 -4.441 -4.441 -4.441 -4.441 -4.441 -4.441 -4.441 -4.441 -4.441 -4.441 -4.441 -4.441 -3.105 -3.105 -3.105 -3.105 -3.105 -3.105 -3.105 -3.105 -3.105 -3.105 -3.105 -3.105 -3.105 -3.105 -3.105 -3.105 -3.105 -3.105 -3.105 -3.105 -3.105 -3.105 -5.498 -5.498 -5.498 -5.498 -5.498 -5.498 -5.498 -5.498 -5.498 -5.498 -5.498 -5.498 -5.498 -5.498 -5.498 -5.498 -5.498 -5.498 -5.498 -5.498 -5.498 -5.498
0.0152 0.01508 8.00000 5.2785253525 2.6154187763    5.138  4.076  3.5523  0.234    7  0.000  0.361   155.95    84.88    55.57    41.76    34.49  3 -1.51e-07      0.00 6.247e-01 3.600e-01 1.470e-03 3.304e-03 5.434e-03 -1.000 1.533e-02       3567          0          0          0          0        287        287 -5.421 -4.477 -3.084 -5.551 -4.477 -4.477 -4.477 -4.477 -4.477 -4.477 -4.477 -4.477 -4.477 -4.477 -4.477 -4.477 -4.477 -4.477 -4.477 -4.477 -4.477 -4.477 -4.477 -4.477 -4.477 -4.477 -3.084 -3.084 -3.084 -3.084 -3.084 -3.084 -3.084 -3.084 -3.084 -3.084 -3.084 -3.084 -3.084 -3.084 -3.084 -3.084 -3.084 -3.084 -3.084 -3.084 -3.084 -3.084 -5.551 -5.551 -5.551 -5.551 -5.551 -5.551 -5.551 -5.551 -5.551 -5.551 -5.551 -5.551 -5.551 -5.551 -5.551 -5.551 -5.551 -5.551 -5.551 -5.551 -5.551 -5.551
0.0152 0.01508 8.00000 5.2788729668 2.6154203617    5.136  4.118  3.5479  0.174    7  0.000  0.361   177.07    94.51    61.57    46.34    38.28  3 -1.67e-07      0.00 6.203e-01 3.644e-01 1.461e-03 3.349e-03 5.397e-03 -1.000 1.533e-02       3530          0          0          0          0      307.3      307.3 -5.524 -4.512 -3.031 -5.612 -4.512 -4.512 -4.512 -4.512 -4.512 -4.512 -4.512 -4.512 -4.512 -4.512 -4.512 -4.512 -4.512 -4.512 -4.512 -4.512 -4.512 -4.512 -4.512 -4.512 -4.512 -4.512 -3.031 -3.031 -3.031 -3.031 -3.031 -3.031 -3.031 -3.031 -3.031 -3.031 -3.031 -3.031 -3.031 -3.031 -3.031 -3.031 -3.031 -3.031 -3.031 -3.031 -3.031 -3.031 -5.612 -5.612 -5.612 -5.612 -5.612 -5.612 -5.612 -5.612 -5.612 -5.612 -5.612 -5.612 -5.612 -5.612 -5.612 -5.612 -5.612 -5.612 -5.612 -5.612 -5.612 -5.612
0.0152 0.01508 8.00000 5.2791166306 2.6154214728    5.134  4.148  3.5444  0.130    7  0.000  0.361   194.60   102.36    66.45    50.07    41.37  3  -1.8e-07      0.00 6.185e-01 3.662e-01 1.457e-03 3.367e-03 5.382e-03 -1.000 1.533e-02       3503          0          0          0          0      323.3      323.3 -5.600 -4.531 -2.975 -5.652 -4.531 -4.531 -4.531 -4.531 -4.531 -4.531 -4.531 -4.531 -4.531 -4.531 -4.531 -4.531 -4.531 -4.531 -4.531 -4.531 -4.531 -4.531 -4.531 -4.531 -4.531 -4.531 -2.975 -2.975 -2.975 -2.975 -2.975 -2.975 -2.975 -2.975 -2.975 -2.975 -2.975 -2.975 -2.975 -2.975 -2.975 -2.975 -2.975 -2.975 -2.975 -2.975 -2.975 -2.975 -5.652 -5.652 -5.652 -5.652 -5.652 -5.652 -5.652 -5.652 -5.652 -5.652 -5.652 -5.652 -5.652 -5.652 -5.652 -5.652 -5.652 -5.652 -5.652 -5.652 -5.652 -5.652
0.0152 0.01508 8.00000 5.2794346809 2.6154229229    5.132  4.188  3.5398  0.072    7  0.000  0.361   220.52   113.78    73.51    55.48    45.85  3 -1.99e-07      0.00 6.169e-01 3.678e-01 1.453e-03 3.383e-03 5.368e-03 -1.000 1.532e-02       3465          0          0          0          0      345.7      345.7 -5.700 -4.554 -2.894 -5.702 -4.554 -4.554 -4.554 -4.554 -4.554 -4.554 -4.554 -4.554 -4.554 -4.554 -4.554 -4.554 -4.554 -4.554 -4.554 -4.554 -4.554 -4.554 -4.554 -4.554 -4.554 -4.554 -2.894 -2.894 -2.894 -2.894 -2.894 -2.894 -2.894 -2.894 -2.894 -2.894 -2.894 -2.894 -2.894 -2.894 -2.894 -2.894 -2.894 -2.894 -2.894 -2.894 -2.894 -2.894 -5.702 -5.702 -5.702 -5.702 -5.702 -5.702 -5.702 -5.702 -5.702 -5.702 -5.702 -5.702 -5.702 -5.702 -5.702 -5.702 -5.702 -5.702 -5.702 -5.702 -5.702 -5.702
0.0152 0.01508 8.00000 5.2797565460 2.6154243902    5.129  4.227  3.5351  0.014    7  0.000  0.361   249.37   126.25    81.18    61.37    50.73  2  -2.2e-07      0.00 6.159e-01 3.688e-01 1.451e-03 3.394e-03 5.360e-03 -1.000 1.532e-02       3428          0          0          0          0      369.3      369.3 -5.797 -4.561 -2.778 -5.737 -4.561 -4.561 -4.561 -4.561 -4.561 -4.561 -4.561 -4.561 -4.561 -4.561 -4.561 -4.561 -4.561 -4.561 -4.561 -4.561 -4.561 -4.561 -4.561 -4.561 -4.561 -4.561 -2.778 -2.778 -2.778 -2.778 -2.778 -2.778 -2.778 -2.778 -2.778 -2.778 -2.778 -2.778 -2.778 -2.778 -2.778 -2.778 -2.778 -2.778 -2.778 -2.778 -2.778 -2.778 -5.737 -5.737 -5.737 -5.737 -5.737 -5.737 -5.737 -5.737 -5.737 -5.737 -5.737 -5.737 -5.737 -5.737 -5.737 -5.737 -5.737 -5.737 -5.737 -5.737 -5.737 -5.737
0.0152 0.01508 8.00000 5.2800083160 2.6154255378    5.126  4.255  3.5317 -0.028    7  0.000  0.361   272.97   136.29    87.33    66.10    54.65  2 -2.37e-07      0.00 6.154e-01 3.693e-01 1.450e-03 3.399e-03 5.356e-03 -1.000 1.532e-02       3401          0          0          0          0      387.8      387.8 -5.867 -4.566 -2.696 -5.763 -4.566 -4.566 -4.566 -4.566 -4.566 -4.566 -4.566 -4.566 -4.566 -4.566 -4.566 -4.566 -4.566 -4.566 -4.566 -4.566 -4.566 -4.566 -4.566 -4.566 -4.566 -4.566 -2.696 -2.696 -2.696 -2.696 -2.696 -2.696 -2.696 -2.696 -2.696 -2.696 -2.696 -2.696 -2.696 -2.696 -2.696 -2.696 -2.696 -2.696 -2.696 -2.696 -2.696 -2.696 -5.763 -5.763 -5.763 -5.763 -5.763 -5.763 -5.763 -5.763 -5.763 -5.763 -5.763 -5.763 -5.763 -5.763 -5.763 -5.763 -5.763 -5.763 -5.763 -5.763 -5.763 -5.763
0.0152 0.01508 8.00000 5.2803711891 2.6154271916    5.122  4.291  3.5270 -0.084    7  0.000  0.361   307.16   150.61    96.07    72.82    60.22  2 -2.61e-07      0.00 6.150e-01 3.697e-01 1.449e-03 3.403e-03 5.352e-03 -1.000 1.532e-02       3365          0          0          0          0      413.1      413.1 -5.959 -4.554 -2.551 -5.777 -4.554 -4.554 -4.554 -4.554 -4.554 -4.554 -4.554 -4.554 -4.554 -4.554 -4.554 -4.554 -4.554 -4.554 -4.554 -4.554 -4.554 -4.554 -4.554 -4.554 -4.554 -4.554 -2.551 -2.551 -2.551 -2.551 -2.551 -2.551 -2.551 -2.551 -2.551 -2.551 -2.551 -2.551 -2.551 -2.551 -2.551 -2.551 -2.551 -2.551 -2.551 -2.551 -2.551 -2.551 -5.777 -5.777 -5.777 -5.777 -5.777 -5.777 -5.777 -5.777 -5.777 -5.777 -5.777 -5.777 -5.777 -5.777 -5.777 -5.777 -5.777 -5.777 -5.777 -5.777 -5.777 -5.777
0.0152 0.01508 8.00000 5.2807908058 2.6154291038    5.117  4.326  3.5226 -0.137    7  0.000  0.361   343.61   165.61   105.19    79.85    66.05  2 -2.86e-07      0.00 6.147e-01 3.700e-01 1.448e-03 3.406e-03 5.350e-03 -1.000 1.532e-02       3331          0          0          0          0      438.6      438.6 -6.045 -4.533 -2.390 -5.780 -4.533 -4.533 -4.533 -4.533 -4.533 -4.533 -4.533 -4.533 -4.533 -4.533 -4.533 -4.533 -4.533 -4.533 -4.533 -4.533 -4.533 -4.533 -4.533 -4.533 -4.533 -4.533 -2.390 -2.390 -2.390 -2.390 -2.390 -2.390 -2.390 -2.390 -2.390 -2.390 -2.390 -2.390 -2.390 -2.390 -2.390 -2.390 -2.390 -2.390 -2.390 -2.390 -2.390 -2.390 -5.780 -5.780 -5.780 -5.780 -5.780 -5.780 -5.780 -5.780 -5.780 -5.780 -5.780 -5.780 -5.780 -5.780 -5.780 -5.780 -5.780 -5.780 -5.780 -5.780 -5.780 -5.780
0.0152 0.01508 8.00000 5.2814769745 2.6154322298    5.108  4.362  3.5178 -0.193    7  0.000  0.361   381.04   183.25   115.86    88.08    72.88  2 -3.19e-07      0.00 6.146e-01 3.701e-01 1.448e-03 3.407e-03 5.349e-03 -1.000 1.532e-02       3294          0          0          0          0      467.4      467.4 -6.135 -4.508 -2.236 -5.777 -4.508 -4.508 -4.508 -4.508 -4.508 -4.508 -4.508 -4.508 -4.508 -4.508 -4.508 -4.508 -4.508 -4.508 -4.508 -4.508 -4.508 -4.508 -4.508 -4.508 -4.508 -4.508 -2.236 -2.236 -2.236 -2.236 -2.236 -2.236 -2.236 -2.236 -2.236 -2.236 -2.236 -2.236 -2.236 -2.236 -2.236 -2.236 -2.236 -2.236 -2.236 -2.236 -2.236 -2.236 -5.777 -5.777 -5.777 -5.777 -5.777 -5.777 -5.777 -5.777 -5.777 -5.777 -5.777 -5.777 -5.777 -5.777 -5.777 -5.777 -5.777 -5.777 -5.777 -5.777 -5.777 -5.777
0.0152 0.01508 8.00000 5.2826542854 2.6154375911    5.090  4.357  3.5182 -0.188    7  0.000  0.361   377.90   181.39   114.73    87.22    72.16  2 -3.36e-07      0.00 6.145e-01 3.702e-01 1.448e-03 3.408e-03 5.348e-03 -1.000 1.532e-02       3297          0          0          0          0      463.9      463.9 -6.122 -4.504 -2.241 -5.773 -4.504 -4.504 -4.504 -4.504 -4.504 -4.504 -4.504 -4.504 -4.504 -4.504 -4.504 -4.504 -4.504 -4.504 -4.504 -4.504 -4.504 -4.504 -4.504 -4.504 -4.504 -4.504 -2.241 -2.241 -2.241 -2.241 -2.241 -2.241 -2.241 -2.241 -2.241 -2.241 -2.241 -2.241 -2.241 -2.241 -2.241 -2.241 -2.241 -2.241 -2.241 -2.241 -2.241 -2.241 -5.773 -5.773 -5.773 -5.773 -5.773 -5.773 -5.773 -5.773 -5.773 -5.773 -5.773 -5.773 -5.773 -5.773 -5.773 -5.773 -5.773 -5.773 -5.773 -5.773 -5.773 -5.773
0.0152 0.01508 8.00000 5.2828388214 2.6154384312    5.088  4.318  3.5232 -0.128    7  0.900  0.361   336.73   162.91   103.54    78.59    65.01  2 -3.17e-07      0.00 6.145e-01 3.702e-01 1.448e-03 3.408e-03 5.348e-03 -1.000 1.532e-02       3335          0          0          0          0      433.6      433.6 -6.024 -4.526 -2.403 -5.770 -4.526 -4.526 -4.526 -4.526 -4.526 -4.526 -4.526 -4.526 -4.526 -4.526 -4.526 -4.526 -4.526 -4.526 -4.526 -4.526 -4.526 -4.526 -4.526 -4.526 -4.526 -4.526 -2.403 -2.403 -2.403 -2.403 -2.403 -2.403 -2.403 -2.403 -2.403 -2.403 -2.403 -2.403 -2.403 -2.403 -2.403 -2.403 -2.403 -2.403 -2.403 -2.403 -2.403 -2.403 -5.770 -5.770 -5.770 -5.770 -5.770 -5.770 -5.770 -5.770 -5.770 -5.770 -5.770 -5.770 -5.770 -5.770 -5.770 -5.770 -5.770 -5.770 -5.770 -5.770 -5.770 -5.770
0.0152 0.01508 8.00000 5.2829380035 2.6154388827    5.086  4.274  3.5288 -0.062    7  0.897  0.361   292.35   144.55    92.36    69.99    57.87  2 -2.88e-07      0.00 6.145e-01 3.702e-01 1.448e-03 3.408e-03 5.348e-03 -1.000 1.532e-02       3378          0          0          0          0      401.6      401.6 -5.914 -4.552 -2.602 -5.765 -4.552 -4.552 -4.552 -4.552 -4.552 -4.552 -4.552 -4.552 -4.552 -4.552 -4.552 -4.552 -4.552 -4.552 -4.552 -4.552 -4.552 -4.552 -4.552 -4.552 -4.552 -4.552 -2.602 -2.602 -2.602 -2.602 -2.602 -2.602 -2.602 -2.602 -2.602 -2.602 -2.602 -2.602 -2.602 -2.602 -2.602 -2.602 -2.602 -2.602 -2.602 -2.602 -2.602 -2.602 -5.765 -5.765 -5.765 -5.765 -5.765 -5.765 -5.765 -5.765 -5.765 -5.765 -5.765 -5.765 -5.765 -5.765 -5.765 -5.765 -5.765 -5.765 -5.765 -5.765 -5.765 -5.765
0.0152 0.01508 8.00000 5.2829742432 2.6154390477    5.086  4.262  3.5302 -0.045    7  0.897  0.361   281.94   140.18    89.70    67.93    56.17  2 -2.59e-07      0.00 6.145e-01 3.702e-01 1.448e-03 3.408e-03 5.348e-03 -1.000 1.532e-02       3389          0          0          0          0        394        394 -5.886 -4.558 -2.651 -5.763 -4.558 -4.558 -4.558 -4.558 -4.558 -4.558 -4.558 -4.558 -4.558 -4.558 -4.558 -4.558 -4.558 -4.558 -4.558 -4.558 -4.558 -4.558 -4.558 -4.558 -4.558 -4.558 -2.651 -2.651 -2.651 -2.651 -2.651 -2.651 -2.651 -2.651 -2.651 -2.651 -2.651 -2.651 -2.651 -2.651 -2.651 -2.651 -2.651 -2.651 -2.651 -2.651 -2.651 -2.651 -5.763 -5.763 -5.763 -5.763 -5.763 -5.763 -5.763 -5.763 -5.763 -5.763 -5.763 -5.763 -5.763 -5.763 -5.763 -5.763 -5.763 -5.763 -5.763 -5.763 -5.763 -5.763
0.0152 0.01508 8.00000 5.2829799652 2.6154390737    5.086  4.272  3.5289 -0.060    7  0.892  0.361   291.27   144.09    92.09    69.77    57.69  2 -2.58e-07      0.00 6.145e-01 3.702e-01 1.448e-03 3.408e-03 5.348e-03 -1.000 1.532e-02       3380          0          0          0          0      400.7      400.7 -5.911 -4.552 -2.606 -5.764 -4.552 -4.552 -4.552 -4.552 -4.552 -4.552 -4.552 -4.552 -4.552 -4.552 -4.552 -4.552 -4.552 -4.552 -4.552 -4.552 -4.552 -4.552 -4.552 -4.552 -4.552 -4.552 -2.606 -2.606 -2.606 -2.606 -2.606 -2.606 -2.606 -2.606 -2.606 -2.606 -2.606 -2.606 -2.606 -2.606 -2.606 -2.606 -2.606 -2.606 -2.606 -2.606 -2.606 -2.606 -5.764 -5.764 -5.764 -5.764 -5.764 -5.764 -5.764 -5.764 -5.764 -5.764 -5.764 -5.764 -5.764 -5.764 -5.764 -5.764 -5.764 -5.764 -5.764 -5.764 -5.764 -5.764
0.0152 0.01508 8.00000 5.2829866409 2.6154391041    5.086  4.285  3.5274 -0.079    7  0.892  0.361   302.95   148.97    95.06    72.06    59.59  2 -2.65e-07      0.00 6.145e-01 3.702e-01 1.448e-03 3.408e-03 5.348e-03 -1.000 1.532e-02       3368          0          0          0          0      409.2      409.2 -5.942 -4.545 -2.552 -5.766 -4.545 -4.545 -4.545 -4.545 -4.545 -4.545 -4.545 -4.545 -4.545 -4.545 -4.545 -4.545 -4.545 -4.545 -4.545 -4.545 -4.545 -4.545 -4.545 -4.545 -4.545 -4.545 -2.552 -2.552 -2.552 -2.552 -2.552 -2.552 -2.552 -2.552 -2.552 -2.552 -2.552 -2.552 -2.552 -2.552 -2.552 -2.552 -2.552 -2.552 -2.552 -2.552 -2.552 -2.552 -5.766 -5.766 -5.766 -5.766 -5.766 -5.766 -5.766 -5.766 -5.766 -5.766 -5.766 -5.766 -5.766 -5.766 -5.766 -5.766 -5.766 -5.766 -5.766 -5.766 -5.766 -5.766
0.0152 0.01508 8.00000 5.2830853462 2.6154395534    5.084  4.342  3.5201 -0.165    7  0.895  0.361   364.39   174.19   110.37    83.86    69.37  2 -3.07e-07      0.00 6.145e-01 3.702e-01 1.448e-03 3.408e-03 5.348e-03 -1.000 1.532e-02       3311          0          0          0          0      451.7      451.7 -6.085 -4.511 -2.287 -5.773 -4.511 -4.511 -4.511 -4.511 -4.511 -4.511 -4.511 -4.511 -4.511 -4.511 -4.511 -4.511 -4.511 -4.511 -4.511 -4.511 -4.511 -4.511 -4.511 -4.511 -4.511 -4.511 -2.287 -2.287 -2.287 -2.287 -2.287 -2.287 -2.287 -2.287 -2.287 -2.287 -2.287 -2.287 -2.287 -2.287 -2.287 -2.287 -2.287 -2.287 -2.287 -2.287 -2.287 -2.287 -5.773 -5.773 -5.773 -5.773 -5.773 -5.773 -5.773 -5.773 -5.773 -5.773 -5.773 -5.773 -5.773 -5.773 -5.773 -5.773 -5.773 -5.773 -5.773 -5.773 -5.773 -5.773
# Zini     MH   logAge Mini        int_IMF         Mass   logL    logTe  logg  label   McoreTP C_O  period0  period1  period2  period3  period4  pmode  Mloss  tau1m   X   Y   Xc  Xn  Xo  Cexcess  Z  Teff0 omega angvel vtaneq angmom Rpol Req	 mbolmag  G_fSBmag  G_BP_fSBmag  G_RP_fSBmag G_fSB G_f0 G_fk G_i00 G_i05 G_i10 G_i15 G_i20 G_i25 G_i30 G_i35 G_i40 G_i45 G_i50 G_i55 G_i60 G_i65 G_i70 G_i75 G_i80 G_i85 G_i90 G_BP_fSB G_BP_f0 G_BP_fk G_BP_i00 G_BP_i05 G_BP_i10 G_BP_i15 G_BP_i20 G_BP_i25 G_BP_i30 G_BP_i35 G_BP_i40 G_BP_i45 G_BP_i50 G_BP_i55 G_BP_i60 G_BP_i65 G_BP_i70 G_BP_i75 G_BP_i80 G_BP_i85 G_BP_i90 G_RP_fSB G_RP_f0 G_RP_fk G_RP_i00 G_RP_i05 G_RP_i10 G_RP_i15 G_RP_i20 G_RP_i25 G_RP_i30 G_RP_i35 G_RP_i40 G_RP_i45 G_RP_i50 G_RP_i55 G_RP_i60 G_RP_i65 G_RP_i70 G_RP_i75 G_RP_i80 G_RP_i85 G_RP_i90
0.0152 0.01508 8.06000 0.0900000036 1.0816895926    0.090 -2.800  3.4001  4.744    0  0.000  0.545     0.00     0.00     0.00     0.00     0.00 -1    -1e-30      0.00 7.092e-01 2.755e-01 2.746e-03 7.408e-04 6.719e-03 -1.000 1.527e-02       2512          0          0          0          0      0.211      0.211 11.769 13.755 16.684 12.394 13.755 13.755 13.755 13.755 13.755 13.755 13.755 13.755 13.755 13.755 13.755 13.755 13.755 13.755 13.755 13.755 13.755 13.755 13.755 13.755 13.755 13.755 16.684 16.684 16.684 16.684 16.684 16.684 16.684 16.684 16.684 16.684 16.684 16.684 16.684 16.684 16.684 16.684 16.684 16.684 16.684 16.684 16.684 16.684 12.394 12.394 12.394 12.394 12.394 12.394 12.394 12.394 12.394 12.394 12.394 12.394 12.394 12.394 12.394 12.394 12.394 12.394 12.394 12.394 12.394 12.394
0.0152 0.01508 8.06000 0.0974823684 1.1497248455    0.097 -2.738  3.4088  4.752    0  0.000  0.545     0.00     0.00     0.00     0.00     0.00 -1    -1e-30      0.00 7.092e-01 2.755e-01 2.746e-03 7.408e-04 6.719e-03 -1.000 1.527e-02       2564          0          0          0          0     0.2177     0.2177 11.616 13.601 16.532 12.240 13.601 13.601 13.601 13.601 13.601 13.601 13.601 13.601 13.601 13.601 13.601 13.601 13.601 13.601 13.601 13.601 13.601 13.601 13.601 13.601 13.601 13.601 16.532 16.532 16.532 16.532 16.532 16.532 16.532 16.532 16.532 16.532 16.532 16.532 16.532 16.532 16.532 16.532 16.532 16.532 16.532 16.532 16.532 16.532 12.240 12.240 12.240 12.240 12.240 12.240 12.240 12.240 12.240 12.240 12.240 12.240 12.240 12.240 12.240 12.240 12.240 12.240 12.240 12.240 12.240 12.240
0.0152 0.01508 8.06000 0.1000000015 1.1711064122    0.100 -2.717  3.4119  4.755    0  0.000  0.545     0.00     0.00     0.00     0.00     0.00 -1    -1e-30      0.00 7.092e-01 2.755e-01 2.746e-03 7.408e-04 6.719e-03 -1.000 1.527e-02       2581          0          0          0          0     0.2196     0.2196 11.564 13.536 16.449 12.177 13.536 13.536 13.536 13.536 13.536 13.536 13.536 13.536 13.536 13.536 13.536 13.536 13.536 13.536 13.536 13.536 13.536 13.536 13.536 13.536 13.536 13.536 16.449 16.449 16.449 16.449 16.449 16.449 16.449 16.449 16.449 16.449 16.449 16.449 16.449 16.449 16.449 16.449 16.449 16.449 16.449 16.449 16.449 16.449 12.177 12.177 12.177 12.177 12.177 12.177 12.177 12.177 12.177 12.177 12.177 12.177 12.177 12.177 12.177 12.177 12.177 12.177 12.177 12.177 12.177 12.177
0.0152 0.01508 8.06000 0.1050064713 1.2116163512    0.105 -2.682  3.4166  4.760    0  0.000  0.545     0.00     0.00     0.00     0.00     0.00 -1    -1e-30      0.00 7.092e-01 2.755e-01 2.746e-03 7.408e-04 6.719e-03 -1.000 1.527e-02       2610          0          0          0          0     0.2244     0.2244 11.475 13.416 16.279 12.062 13.416 13.416 13.416 13.416 13.416 13.416 13.416 13.416 13.416 13.416 13.416 13.416 13.416 13.416 13.416 13.416 13.416 13.416 13.416 13.416 13.416 13.416 16.279 16.279 16.279 16.279 16.279 16.279 16.279 16.279 16.279 16.279 16.279 16.279 16.279 16.279 16.279 16.279 16.279 16.279 16.279 16.279 16.279 16.279 12.062 12.062 12.062 12.062 12.062 12.062 12.062 12.062 12.062 12.062 12.062 12.062 12.062 12.062 12.062 12.062 12.062 12.062 12.062 12.062 12.062 12.062
0.0152 0.01508 8.06000 0.1157004759 1.2903004445    0.116 -2.608  3.4269  4.769    0  0.000  0.545     0.00     0.00     0.00     0.00     0.00 -1    -1e-30      0.00 7.092e-01 2.755e-01 2.746e-03 7.408e-04 6.719e-03 -1.000 1.527e-02       2673          0          0          0          0     0.2329     0.2329 11.290 13.115 15.804 11.779 13.115 13.115 13.115 13.115 13.115 13.115 13.115 13.115 13.115 13.115 13.115 13.115 13.115 13.115 13.115 13.115 13.115 13.115 13.115 13.115 13.115 13.115 15.804 15.804 15.804 15.804 15.804 15.804 15.804 15.804 15.804 15.804 15.804 15.804 15.804 15.804 15.804 15.804 15.804 15.804 15.804 15.804 15.804 15.804 11.779 11.779 11.779 11.779 11.779 11.779 11.779 11.779 11.779 11.779 11.779 11.779 11.779 11.779 11.779 11.779 11.779 11.779 11.779 11.779 11.779 11.779
0.0152 0.01508 8.06000 0.1200000122 1.3193155232    0.120 -2.578  3.4311  4.772    0  0.000  0.545     0.00     0.00     0.00     0.00     0.00 -1    -1e-30      0.00 7.092e-01 2.755e-01 2.746e-03 7.408e-04 6.719e-03 -1.000 1.527e-02       2698          0          0          0          0     0.2359     0.2359 11.216 12.987 15.596 11.659 12.987 12.987 12.987 12.987 12.987 12.987 12.987 12.987 12.987 12.987 12.987 12.987 12.987 12.987 12.987 12.987 12.987 12.987 12.987 12.987 12.987 12.987 15.596 15.596 15.596 15.596 15.596 15.596 15.596 15.596 15.596 15.596 15.596 15.596 15.596 15.596 15.596 15.596 15.596 15.596 15.596 15.596 15.596 15.596 11.659 11.659 11.659 11.659 11.659 11.659 11.659 11.659 11.659 11.659 11.659 11.659 11.659 11.659 11.659 11.659 11.659 11.659 11.659 11.659 11.659 11.659
0.0152 0.01508 8.06000 0.1304664314 1.3846286780    0.130 -2.521  3.4379  4.777    0  0.000  0.545     0.00     0.00     0.00     0.00     0.00 -1    -1e-30      0.00 7.092e-01 2.755e-01 2.746e-03 7.408e-04 6.719e-03 -1.000 1.527e-02       2741          0          0          0          0     0.2448     0.2448 11.072 12.761 15.256 11.447 12.761 12.761 12.761 12.761 12.761 12.761 12.761 12.761 12.761 12.761 12.761 12.761 12.761 12.761 12.761 12.761 12.761 12.761 12.761 12.761 12.761 12.761 15.256 15.256 15.256 15.256 15.256 15.256 15.256 15.256 15.256 15.256 15.256 15.256 15.256 15.256 15.256 15.256 15.256 15.256 15.256 15.256 15.256 15.256 11.447 11.447 11.447 11.447 11.447 11.447 11.447 11.447 11.447 11.447 11.447 11.447 11.447 11.447 11.447 11.447 11.447 11.447 11.447 11.447 11.447 11.447
0.0152 0.01508 8.06000 0.1400000006 1.4384526719    0.140 -2.471  3.4439  4.782    0  0.000  0.545     0.00     0.00     0.00     0.00     0.00 -1    -1e-30      0.00 7.092e-01 2.755e-01 2.746e-03 7.408e-04 6.719e-03 -1.000 1.527e-02       2779          0          0          0          0     0.2518     0.2518 10.947 12.566 14.964 11.265 12.566 12.566 12.566 12.566 12.566 12.566 12.566 12.566 12.566 12.566 12.566 12.566 12.566 12.566 12.566 12.566 12.566 12.566 12.566 12.566 12.566 12.566 14.964 14.964 14.964 14.964 14.964 14.964 14.964 14.964 14.964 14.964 14.964 14.964 14.964 14.964 14.964 14.964 14.964 14.964 14.964 14.964 14.964 14.964 11.265 11.265 11.265 11.265 11.265 11.265 11.265 11.265 11.265 11.265 11.265 11.265 11.265 11.265 11.265 11.265 11.265 11.265 11.265 11.265 11.265 11.265
0.0152 0.01508 8.06000 0.1462513357 1.4712246737    0.146 -2.441  3.4475  4.785    0  0.000  0.545     0.00     0.00     0.00     0.00     0.00 -1    -1e-30      0.00 7.092e-01 2.755e-01 2.746e-03 7.408e-04 6.719e-03 -1.000 1.527e-02       2802          0          0          0          0     0.2565     0.2565 10.872 12.449 14.788 11.155 12.449 12.449 12.449 12.449 12.449 12.449 12.449 12.449 12.449 12.449 12.449 12.449 12.449 12.449 12.449 12.449 12.449 12.449 12.449 12.449 12.449 12.449 14.788 14.788 14.788 14.788 14.788 14.788 14.788 14.788 14.788 14.788 14.788 14.788 14.788 14.788 14.788 14.788 14.788 14.788 14.788 14.788 14.788 14.788 11.155 11.155 11.155 11.155 11.155 11.155 11.155 11.155 11.155 11.155 11.155 11.155 11.155 11.155 11.155 11.155 11.155 11.155 11.155 11.155 11.155 11.155
0.0152 0.01508 8.06000 0.1599999964 1.5372931554    0.160 -2.377  3.4549  4.791    0  0.000  0.545     0.00     0.00     0.00     0.00     0.00 -1    -1e-30      0.00 7.092e-01 2.755e-01 2.746e-03 7.408e-04 6.719e-03 -1.000 1.527e-02       2850          0          0          0          0     0.2665     0.2665 10.713 12.203 14.418 10.927 12.203 12.203 12.203 12.203 12.203 12.203 12.203 12.203 12.203 12.203 12.203 12.203 12.203 12.203 12.203 12.203 12.203 12.203 12.203 12.203 12.203 12.203 14.418 14.418 14.418 14.418 14.418 14.418 14.418 14.418 14.418 14.418 14.418 14.418 14.418 14.418 14.418 14.418 14.418 14.418 14.418 14.418 14.418 14.418 10.927 10.927 10.927 10.927 10.927 10.927 10.927 10.927 10.927 10.927 10.927 10.927 10.927 10.927 10.927 10.927 10.927 10.927 10.927 10.927 10.927 10.927
0.0152 0.01508 8.06000 0.1743499339 1.5988088770    0.174 -2.319  3.4614  4.796    0  0.000  0.545     0.00     0.00     0.00     0.00     0.00 -1    -1e-30      0.00 7.092e-01 2.755e-01 2.746e-03 7.408e-04 6.719e-03 -1.000 1.527e-02       2894          0          0          0          0     0.2775     0.2775 10.567 11.982 14.089 10.722 11.982 11.982 11.982 11.982 11.982 11.982 11.982 11.982 11.982 11.982 11.982 11.982 11.982 11.982 11.982 11.982 11.982 11.982 11.982 11.982 11.982 11.982 14.089 14.089 14.089 14.089 14.089 14.089 14.089 14.089 14.089 14.089 14.089 14.089 14.089 14.089 14.089 14.089 14.089 14.089 14.089 14.089 14.089 14.089 10.722 10.722 10.722 10.722 10.722 10.722 10.722 10.722 10.722 10.722 10.722 10.722 10.722 10.722 10.722 10.722 10.722 10.722 10.722 10.722 10.722 10.722
0.0152 0.01508 8.06000 0.2000000030 1.6938790862    0.200 -2.223  3.4719  4.802    0  0.000  0.545     0.00     0.00     0.00     0.00     0.00 -1    -1e-30      0.00 7.092e-01 2.755e-01 2.746e-03 7.408e-04 6.719e-03 -1.000 1.527e-02       2964          0          0          0          0     0.2942     0.2942 10.329 11.634 13.590 10.400 11.634 11.634 11.634 11.634 11.634 11.634 11.634 11.634 11.634 11.634 11.634 11.634 11.634 11.634 11.634 11.634 11.634 11.634 11.634 11.634 11.634 11.634 13.590 13.590 13.590 13.590 13.590 13.590 13.590 13.590 13.590 13.590 13.590 13.590 13.590 13.590 13.590 13.590 13.590 13.590 13.590 13.590 13.590 13.590 10.400 10.400 10.400 10.400 10.400 10.400 10.400 10.400 10.400 10.400 10.400 10.400 10.400 10.400 10.400 10.400 10.400 10.400 10.400 10.400 10.400 10.400
0.0152 0.01508 8.06000 0.2324551493 1.7936447344    0.232 -2.120  3.4824  4.807    0  0.000  0.545     0.00     0.00     0.00     0.00     0.00 -1    -1e-30      0.00 7.092e-01 2.755e-01 2.746e-03 7.408e-04 6.719e-03 -1.000 1.527e-02       3037          0          0          0          0     0.3164     0.3164 10.071 11.269 13.077 10.062 11.269 11.269 11.269 11.269 11.269 11.269 11.269 11.269 11.269 11.269 11.269 11.269 11.269 11.269 11.269 11.269 11.269 11.269 11.269 11.269 11.269 11.269 13.077 13.077 13.077 13.077 13.077 13.077 13.077 13.077 13.077 13.077 13.077 13.077 13.077 13.077 13.077 13.077 13.077 13.077 13.077 13.077 13.077 13.077 10.062 10.062 10.062 10.062 10.062 10.062 10.062 10.062 10.062 10.062 10.062 10.062 10.062 10.062 10.062 10.062 10.062 10.062 10.062 10.062 10.062 10.062
0.0152 0.01508 8.06000 0.2500000000 1.8403257998    0.250 -2.070  3.4876  4.808    0  0.000  0.545     0.00     0.00     0.00     0.00     0.00 -1    -1e-30      0.00 7.092e-01 2.755e-01 2.746e-03 7.408e-04 6.719e-03 -1.000 1.527e-02       3073          0          0          0          0     0.3266     0.3266 9.945 11.090 12.826 9.898 11.090 11.090 11.090 11.090 11.090 11.090 11.090 11.090 11.090 11.090 11.090 11.090 11.090 11.090 11.090 11.090 11.090 11.090 11.090 11.090 11.090 11.090 12.826 12.826 12.826 12.826 12.826 12.826 12.826 12.826 12.826 12.826 12.826 12.826 12.826 12.826 12.826 12.826 12.826 12.826 12.826 12.826 12.826 12.826 9.898 9.898 9.898 9.898 9.898 9.898 9.898 9.898 9.898 9.898 9.898 9.898 9.898 9.898 9.898 9.898 9.898 9.898 9.898 9.898 9.898 9.898
0.0152 0.01508 8.06000 0.2519592643 1.8452737580    0.252 -2.065  3.4881  4.809    0  0.000  0.545     0.00     0.00     0.00     0.00     0.00 -1    -1e-30      0.00 7.092e-01 2.755e-01 2.746e-03 7.408e-04 6.719e-03 -1.000 1.527e-02       3077          0          0          0          0     0.3279     0.3279 9.932 11.072 12.801 9.881 11.072 11.072 11.072 11.072 11.072 11.072 11.072 11.072 11.072 11.072 11.072 11.072 11.072 11.072 11.072 11.072 11.072 11.072 11.072 11.072 11.072 11.072 12.801 12.801 12.801 12.801 12.801 12.801 12.801 12.801 12.801 12.801 12.801 12.801 12.801 12.801 12.801 12.801 12.801 12.801 12.801 12.801 12.801 12.801 9.881 9.881 9.881 9.881 9.881 9.881 9.881 9.881 9.881 9.881 9.881 9.881 9.881 9.881 9.881 9.881 9.881 9.881 9.881 9.881 9.881 9.881
0.0152 0.01508 8.06000 0.3000000119 1.9529139769    0.300 -1.943  3.4994  4.807    0  0.000  0.545     0.00     0.00     0.00     0.00     0.00 -1    -1e-30      0.00 7.092e-01 2.755e-01 2.746e-03 7.408e-04 6.719e-03 -1.000 1.527e-02       3158          0          0          0          0      0.358      0.358 9.628 10.668 12.268 9.508 10.668 10.668 10.668 10.668 10.668 10.668 10.668 10.668 10.668 10.668 10.668 10.668 10.668 10.668 10.668 10.668 10.668 10.668 10.668 10.668 10.668 10.668 12.268 12.268 12.268 12.268 12.268 12.268 12.268 12.268 12.268 12.268 12.268 12.268 12.268 12.268 12.268 12.268 12.268 12.268 12.268 12.268 12.268 12.268 9.508 9.508 9.508 9.508 9.508 9.508 9.508 9.508 9.508 9.508 9.508 9.508 9.508 9.508 9.508 9.508 9.508 9.508 9.508 9.508 9.508 9.508
0.0152 0.01508 8.06000 0.3153710663 1.9827100649    0.315 -1.906  3.5028  4.806    0  0.000  0.545     0.00     0.00     0.00     0.00     0.00 -1    -1e-30      0.00 7.092e-01 2.755e-01 2.746e-03 7.408e-04 6.719e-03 -1.000 1.527e-02       3183          0          0          0          0     0.3683     0.3683 9.534 10.548 12.113 9.396 10.548 10.548 10.548 10.548 10.548 10.548 10.548 10.548 10.548 10.548 10.548 10.548 10.548 10.548 10.548 10.548 10.548 10.548 10.548 10.548 10.548 10.548 12.113 12.113 12.113 12.113 12.113 12.113 12.113 12.113 12.113 12.113 12.113 12.113 12.113 12.113 12.113 12.113 12.113 12.113 12.113 12.113 12.113 12.113 9.396 9.396 9.396 9.396 9.396 9.396 9.396 9.396 9.396 9.396 9.396 9.396 9.396 9.396 9.396 9.396 9.396 9.396 9.396 9.396 9.396 9.396
0.0152 0.01508 8.06000 0.3500000238 2.0434175133    0.350 -1.825  3.5100  4.799    0  0.000  0.545     0.00     0.00     0.00     0.00     0.00 -1    -1e-30      0.00 7.092e-01 2.755e-01 2.746e-03 7.408e-04 6.719e-03 -1.000 1.527e-02       3236          0          0          0          0     0.3906     0.3906 9.332 10.288 11.781 9.154 10.288 10.288 10.288 10.288 10.288 10.288 10.288 10.288 10.288 10.288 10.288 10.288 10.288 10.288 10.288 10.288 10.288 10.288 10.288 10.288 10.288 10.288 11.781 11.781 11.781 11.781 11.781 11.781 11.781 11.781 11.781 11.781 11.781 11.781 11.781 11.781 11.781 11.781 11.781 11.781 11.781 11.781 11.781 11.781 9.154 9.154 9.154 9.154 9.154 9.154 9.154 9.154 9.154 9.154 9.154 9.154 9.154 9.154 9.154 9.154 9.154 9.154 9.154 9.154 9.154 9.154
0.0152 0.01508 8.06000 0.3980778456 2.1158458118    0.398 -1.709  3.5210  4.782    0  0.000  0.545     0.00     0.00     0.00     0.00     0.00 -1    -1e-30      0.00 7.092e-01 2.755e-01 2.746e-03 7.408e-04 6.719e-03 -1.000 1.527e-02       3318          0          0          0          0     0.4244     0.4244 9.042 9.918 11.312 8.812 9.918 9.918 9.918 9.918 9.918 9.918 9.918 9.918 9.918 9.918 9.918 9.918 9.918 9.918 9.918 9.918 9.918 9.918 9.918 9.918 9.918 9.918 11.312 11.312 11.312 11.312 11.312 11.312 11.312 11.312 11.312 11.312 11.312 11.312 11.312 11.312 11.312 11.312 11.312 11.312 11.312 11.312 11.312 11.312 8.812 8.812 8.812 8.812 8.812 8.812 8.812 8.812 8.812 8.812 8.812 8.812 8.812 8.812 8.812 8.812 8.812 8.812 8.812 8.812 8.812 8.812
0.0152 0.01508 8.06000 0.4000000358 2.1185024810    0.400 -1.704  3.5214  4.782    0  0.000  0.545     0.00     0.00     0.00     0.00     0.00 -1    -1e-30      0.00 7.092e-01 2.755e-01 2.746e-03 7.408e-04 6.719e-03 -1.000 1.527e-02       3321          0          0          0          0     0.4258     0.4258 9.030 9.904 11.294 8.799 9.904 9.904 9.904 9.904 9.904 9.904 9.904 9.904 9.904 9.904 9.904 9.904 9.904 9.904 9.904 9.904 9.904 9.904 9.904 9.904 9.904 9.904 11.294 11.294 11.294 11.294 11.294 11.294 11.294 11.294 11.294 11.294 11.294 11.294 11.294 11.294 11.294 11.294 11.294 11.294 11.294 11.294 11.294 11.294 8.799 8.799 8.799 8.799 8.799 8.799 8.799 8.799 8.799 8.799 8.799 8.799 8.799 8.799 8.799 8.799 8.799 8.799 8.799 8.799 8.799 8.799
0.0152 0.01508 8.06000 0.4287833571 2.1564014555    0.428 -1.628  3.5289  4.765    0  0.000  0.545     0.00     0.00     0.00     0.00     0.00 -1    -1e-30      0.00 7.092e-01 2.755e-01 2.746e-03 7.408e-04 6.719e-03 -1.000 1.527e-02       3380          0          0          0          0     0.4496     0.4496 8.839 9.661 10.989 8.576 9.661 9.661 9.661 9.661 9.661 9.661 9.661 9.661 9.661 9.661 9.661 9.661 9.661 9.661 9.661 9.661 9.661 9.661 9.661 9.661 9.661 9.661 10.989 10.989 10.989 10.989 10.989 10.989 10.989 10.989 10.989 10.989 10.989 10.989 10.989 10.989 10.989 10.989 10.989 10.989 10.989 10.989 10.989 10.989 8.576 8.576 8.576 8.576 8.576 8.576 8.576 8.576 8.576 8.576 8.576 8.576 8.576 8.576 8.576 8.576 8.576 8.576 8.576 8.576 8.576 8.576
0.0152 0.01508 8.06000 0.4500000477 2.1822809714    0.450 -1.573  3.5344  4.753    0  0.000  0.545     0.00     0.00     0.00     0.00     0.00 -1    -1e-30      0.00 7.092e-01 2.755e-01 2.746e-03 7.408e-04 6.719e-03 -1.000 1.527e-02       3422          0          0          0          0     0.4665     0.4665 8.702 9.489 10.778 8.418 9.489 9.489 9.489 9.489 9.489 9.489 9.489 9.489 9.489 9.489 9.489 9.489 9.489 9.489 9.489 9.489 9.489 9.489 9.489 9.489 9.489 9.489 10.778 10.778 10.778 10.778 10.778 10.778 10.778 10.778 10.778 10.778 10.778 10.778 10.778 10.778 10.778 10.778 10.778 10.778 10.778 10.778 10.778 10.778 8.418 8.418 8.418 8.418 8.418 8.418 8.418 8.418 8.418 8.418 8.418 8.418 8.418 8.418 8.418 8.418 8.418 8.418 8.418 8.418 8.418 8.418
0.0152 0.01508 8.06000 0.4522188902 2.1848956661    0.452 -1.566  3.5351  4.752    0  0.000  0.545     0.00     0.00     0.00     0.00     0.00 -1    -1e-30      0.00 7.092e-01 2.755e-01 2.746e-03 7.408e-04 6.719e-03 -1.000 1.527e-02       3428          0          0          0          0     0.4686     0.4686 8.686 9.468 10.751 8.398 9.468 9.468 9.468 9.468 9.468 9.468 9.468 9.468 9.468 9.468 9.468 9.468 9.468 9.468 9.468 9.468 9.468 9.468 9.468 9.468 9.468 9.468 10.751 10.751 10.751 10.751 10.751 10.751 10.751 10.751 10.751 10.751 10.751 10.751 10.751 10.751 10.751 10.751 10.751 10.751 10.751 10.751 10.751 10.751 8.398 8.398 8.398 8.398 8.398 8.398 8.398 8.398 8.398 8.398 8.398 8.398 8.398 8.398 8.398 8.398 8.398 8.398 8.398 8.398 8.398 8.398
0.0152 0.01508 8.06000 0.4563585222 2.1897295301    0.456 -1.554  3.5365  4.749    0  0.000  0.545     0.00     0.00     0.00     0.00     0.00 -1    -1e-30      0.00 7.092e-01 2.755e-01 2.746e-03 7.408e-04 6.719e-03 -1.000 1.527e-02       3439          0          0          0          0     0.4726     0.4726 8.654 9.427 10.700 8.361 9.427 9.427 9.427 9.427 9.427 9.427 9.427 9.427 9.427 9.427 9.427 9.427 9.427 9.427 9.427 9.427 9.427 9.427 9.427 9.427 9.427 9.427 10.700 10.700 10.700 10.700 10.700 10.700 10.700 10.700 10.700 10.700 10.700 10.700 10.700 10.700 10.700 10.700 10.700 10.700 10.700 10.700 10.700 10.700 8.361 8.361 8.361 8.361 8.361 8.361 8.361 8.361 8.361 8.361 8.361 8.361 8.361 8.361 8.361 8.361 8.361 8.361 8.361 8.361 8.361 8.361
0.0152 0.01508 8.06000 0.4608604610 2.1949221745    0.460 -1.540  3.5381  4.745    0  0.000  0.545     0.00     0.00     0.00     0.00     0.00 -1    -1e-30      0.00 7.092e-01 2.755e-01 2.746e-03 7.408e-04 6.719e-03 -1.000 1.527e-02       3452          0          0          0          0     0.4769     0.4769 8.620 9.383 10.644 8.321 9.383 9.383 9.383 9.383 9.383 9.383 9.383 9.383 9.383 9.383 9.383 9.383 9.383 9.383 9.383 9.383 9.383 9.383 9.383 9.383 9.383 9.383 10.644 10.644 10.644 10.644 10.644 10.644 10.644 10.644 10.644 10.644 10.644 10.644 10.644 10.644 10.644 10.644 10.644 10.644 10.644 10.644 10.644 10.644 8.321 8.321 8.321 8.321 8.321 8.321 8.321 8.321 8.321 8.321 8.321 8.321 8.321 8.321 8.321 8.321 8.321 8.321 8.321 8.321 8.321 8.321
0.0152 0.01508 8.06000 0.4656977057 2.2004285799    0.465 -1.525  3.5398  4.742    0  0.000  0.545     0.00     0.00     0.00     0.00     0.00 -1    -1e-30      0.00 7.092e-01 2.755e-01 2.746e-03 7.408e-04 6.719e-03 -1.000 1.527e-02       3466          0          0          0          0     0.4814     0.4814 8.582 9.334 10.583 8.277 9.334 9.334 9.334 9.334 9.334 9.334 9.334 9.334 9.334 9.334 9.334 9.334 9.334 9.334 9.334 9.334 9.334 9.334 9.334 9.334 9.334 9.334 10.583 10.583 10.583 10.583 10.583 10.583 10.583 10.583 10.583 10.583 10.583 10.583 10.583 10.583 10.583 10.583 10.583 10.583 10.583 10.583 10.583 10.583 8.277 8.277 8.277 8.277 8.277 8.277 8.277 8.277 8.277 8.277 8.277 8.277 8.277 8.277 8.277 8.277 8.277 8.277 8.277 8.277 8.277 8.277
0.0152 0.01508 8.06000 0.4864853024 2.2232724468    0.486 -1.460  3.5473  4.726    0  0.000  0.545     0.00     0.00     0.00     0.00     0.00 -1    -1e-30      0.00 7.092e-01 2.755e-01 2.746e-03 7.408e-04 6.719e-03 -1.000 1.527e-02       3527          0          0          0          0     0.5012     0.5012 8.419 9.126 10.323 8.086 9.126 9.126 9.126 9.126 9.126 9.126 9.126 9.126 9.126 9.126 9.126 9.126 9.126 9.126 9.126 9.126 9.126 9.126 9.126 9.126 9.126 9.126 10.323 10.323 10.323 10.323 10.323 10.323 10.323 10.323 10.323 10.323 10.323 10.323 10.323 10.323 10.323 10.323 10.323 10.323 10.323 10.323 10.323 10.323 8.086 8.086 8.086 8.086 8.086 8.086 8.086 8.086 8.086 8.086 8.086 8.086 8.086 8.086 8.086 8.086 8.086 8.086 8.086 8.086 8.086 8.086
0.0152 0.01508 8.06000 0.5000000000 2.2374541529    0.500 -1.417  3.5524  4.716    0  0.000  0.545     0.00     0.00     0.00     0.00     0.00 -1    -1e-30      0.00 7.092e-01 2.755e-01 2.746e-03 7.408e-04 6.719e-03 -1.000 1.527e-02       3567          0          0          0          0     0.5136     0.5136 8.313 8.990 10.153 7.963 8.990 8.990 8.990 8.990 8.990 8.990 8.990 8.990 8.990 8.990 8.990 8.990 8.990 8.990 8.990 8.990 8.990 8.990 8.990 8.990 8.990 8.990 10.153 10.153 10.153 10.153 10.153 10.153 10.153 10.153 10.153 10.153 10.153 10.153 10.153 10.153 10.153 10.153 10.153 10.153 10.153 10.153 10.153 10.153 7.963 7.963 7.963 7.963 7.963 7.963 7.963 7.963 7.963 7.963 7.963 7.963 7.963 7.963 7.963 7.963 7.963 7.963 7.963 7.963 7.963 7.963
0.0152 0.01508 8.06000 0.5118421316 2.2493376564    0.512 -1.373  3.5588  4.708    0  0.000  0.545     0.00     0.00     0.00     0.00     0.00 -1    -1e-30      0.00 7.092e-01 2.755e-01 2.746e-03 7.408e-04 6.718e-03 -1.000 1.527e-02       3621          0          0          0          0     0.5251     0.5251 8.203 8.839 9.960 7.830 8.839 8.839 8.839 8.839 8.839 8.839 8.839 8.839 8.839 8.839 8.839 8.839 8.839 8.839 8.839 8.839 8.839 8.839 8.839 8.839 8.839 8.839 9.960 9.960 9.960 9.960 9.960 9.960 9.960 9.960 9.960 9.960 9.960 9.960 9.960 9.960 9.960 9.960 9.960 9.960 9.960 9.960 9.960 9.960 7.830 7.830 7.830 7.830 7.830 7.830 7.830 7.830 7.830 7.830 7.830 7.830 7.830 7.830 7.830 7.830 7.830 7.830 7.830 7.830 7.830 7.830
0.0152 0.01508 8.06000 0.5371492505 2.2727252663    0.537 -1.281  3.5725  4.691    0  0.000  0.545     0.00     0.00     0.00     0.00     0.00 -1    -1e-30      0.00 7.093e-01 2.755e-01 2.745e-03 7.406e-04 6.717e-03 -1.000 1.523e-02       3737          0          0          0          0     0.5482     0.5482 7.973 8.526 9.562 7.554 8.526 8.526 8.526 8.526 8.526 8.526 8.526 8.526 8.526 8.526 8.526 8.526 8.526 8.526 8.526 8.526 8.526 8.526 8.526 8.526 8.526 8.526 9.562 9.562 9.562 9.562 9.562 9.562 9.562 9.562 9.562 9.562 9.562 9.562 9.562 9.562 9.562 9.562 9.562 9.562 9.562 9.562 9.562 9.562 7.554 7.554 7.554 7.554 7.554 7.554 7.554 7.554 7.554 7.554 7.554 7.554 7.554 7.554 7.554 7.554 7.554 7.554 7.554 7.554 7.554 7.554
0.0152 0.01508 8.06000 0.5500000119 2.2836582633    0.549 -1.237  3.5792  4.684    0  0.000  0.545     0.00     0.00     0.00     0.00     0.00 -1    -1e-30      0.00 7.093e-01 2.755e-01 2.745e-03 7.406e-04 6.716e-03 -1.000 1.525e-02       3794          0          0          0          0     0.5585     0.5585 7.863 8.379 9.376 7.424 8.379 8.379 8.379 8.379 8.379 8.379 8.379 8.379 8.379 8.379 8.379 8.379 8.379 8.379 8.379 8.379 8.379 8.379 8.379 8.379 8.379 8.379 9.376 9.376 9.376 9.376 9.376 9.376 9.376 9.376 9.376 9.376 9.376 9.376 9.376 9.376 9.376 9.376 9.376 9.376 9.376 9.376 9.376 9.376 7.424 7.424 7.424 7.424 7.424 7.424 7.424 7.424 7.424 7.424 7.424 7.424 7.424 7.424 7.424 7.424 7.424 7.424 7.424 7.424 7.424 7.424
0.0152 0.01508 8.06000 0.5534685850 2.2865093277    0.553 -1.224  3.5816  4.683    0  0.000  0.545     0.00     0.00     0.00     0.00     0.00 -1    -1e-30      0.00 7.093e-01 2.754e-01 2.745e-03 7.405e-04 6.716e-03 -1.000 1.526e-02       3816          0          0          0          0     0.5609     0.5609 7.831 8.333 9.317 7.384 8.333 8.333 8.333 8.333 8.333 8.333 8.333 8.333 8.333 8.333 8.333 8.333 8.333 8.333 8.333 8.333 8.333 8.333 8.333 8.333 8.333 8.333 9.317 9.317 9.317 9.317 9.317 9.317 9.317 9.317 9.317 9.317 9.317 9.317 9.317 9.317 9.317 9.317 9.317 9.317 9.317 9.317 9.317 9.317 7.384 7.384 7.384 7.384 7.384 7.384 7.384 7.384 7.384 7.384 7.384 7.384 7.384 7.384 7.384 7.384 7.384 7.384 7.384 7.384 7.384 7.384
0.0152 0.01508 8.06000 0.5667484403 2.2970550000    0.566 -1.179  3.5897  4.681    0  0.000  0.545     0.00     0.00     0.00     0.00     0.00 -1    -1e-30      0.00 7.093e-01 2.754e-01 2.745e-03 7.405e-04 6.716e-03 -1.000 1.527e-02       3889          0          0          0          0     0.5697     0.5697 7.717 8.175 9.115 7.247 8.175 8.175 8.175 8.175 8.175 8.175 8.175 8.175 8.175 8.175 8.175 8.175 8.175 8.175 8.175 8.175 8.175 8.175 8.175 8.175 8.175 8.175 9.115 9.115 9.115 9.115 9.115 9.115 9.115 9.115 9.115 9.115 9.115 9.115 9.115 9.115 9.115 9.115 9.115 9.115 9.115 9.115 9.115 9.115 7.247 7.247 7.247 7.247 7.247 7.247 7.247 7.247 7.247 7.247 7.247 7.247 7.247 7.247 7.247 7.247 7.247 7.247 7.247 7.247 7.247 7.247
0.0152 0.01508 8.06000 0.5862077475 2.3115198238    0.586 -1.118  3.6010  4.680    0  0.000  0.545     0.00     0.00     0.00     0.00     0.00 -1    -1e-30      0.00 7.093e-01 2.754e-01 2.745e-03 7.405e-04 6.715e-03 -1.000 1.527e-02       3992          0          0          0          0     0.5799     0.5799 7.565 7.966 8.852 7.067 7.966 7.966 7.966 7.966 7.966 7.966 7.966 7.966 7.966 7.966 7.966 7.966 7.966 7.966 7.966 7.966 7.966 7.966 7.966 7.966 7.966 7.966 8.852 8.852 8.852 8.852 8.852 8.852 8.852 8.852 8.852 8.852 8.852 8.852 8.852 8.852 8.852 8.852 8.852 8.852 8.852 8.852 8.852 8.852 7.067 7.067 7.067 7.067 7.067 7.067 7.067 7.067 7.067 7.067 7.067 7.067 7.067 7.067 7.067 7.067 7.067 7.067 7.067 7.067 7.067 7.067
0.0152 0.01508 8.06000 0.5937662125 2.3168451753    0.593 -1.100  3.6045  4.681    0  0.000  0.545     0.00     0.00     0.00     0.00     0.00 -1    -1e-30      0.00 7.093e-01 2.754e-01 2.744e-03 7.404e-04 6.715e-03 -1.000 1.527e-02       4023          0          0          0          0     0.5824     0.5824 7.520 7.906 8.776 7.014 7.906 7.906 7.906 7.906 7.906 7.906 7.906 7.906 7.906 7.906 7.906 7.906 7.906 7.906 7.906 7.906 7.906 7.906 7.906 7.906 7.906 7.906 8.776 8.776 8.776 8.776 8.776 8.776 8.776 8.776 8.776 8.776 8.776 8.776 8.776 8.776 8.776 8.776 8.776 8.776 8.776 8.776 8.776 8.776 7.014 7.014 7.014 7.014 7.014 7.014 7.014 7.014 7.014 7.014 7.014 7.014 7.014 7.014 7.014 7.014 7.014 7.014 7.014 7.014 7.014 7.014
0.0152 0.01508 8.06000 0.5994794965 2.3207681761    0.599 -1.092  3.6062  4.684    0  0.000  0.545     0.00     0.00     0.00     0.00     0.00 -1    -1e-30      0.00 7.093e-01 2.754e-01 2.744e-03 7.404e-04 6.715e-03 -1.000 1.527e-02       4038          0          0          0          0     0.5833     0.5833 7.499 7.876 8.739 6.989 7.876 7.876 7.876 7.876 7.876 7.876 7.876 7.876 7.876 7.876 7.876 7.876 7.876 7.876 7.876 7.876 7.876 7.876 7.876 7.876 7.876 7.876 8.739 8.739 8.739 8.739 8.739 8.739 8.739 8.739 8.739 8.739 8.739 8.739 8.739 8.739 8.739 8.739 8.739 8.739 8.739 8.739 8.739 8.739 6.989 6.989 6.989 6.989 6.989 6.989 6.989 6.989 6.989 6.989 6.989 6.989 6.989 6.989 6.989 6.989 6.989 6.989 6.989 6.989 6.989 6.989
0.0152 0.01508 8.06000 0.6000000238 2.3211213258    0.600 -1.091  3.6063  4.684    0  0.000  0.545     0.00     0.00     0.00     0.00     0.00 -1    -1e-30      0.00 7.093e-01 2.754e-01 2.744e-03 7.404e-04 6.715e-03 -1.000 1.527e-02       4038          0          0          0          0     0.5833     0.5833 7.498 7.875 8.737 6.987 7.875 7.875 7.875 7.875 7.875 7.875 7.875 7.875 7.875 7.875 7.875 7.875 7.875 7.875 7.875 7.875 7.875 7.875 7.875 7.875 7.875 7.875 8.737 8.737 8.737 8.737 8.737 8.737 8.737 8.737 8.737 8.737 8.737 8.737 8.737 8.737 8.737 8.737 8.737 8.737 8.737 8.737 8.737 8.737 6.987 6.987 6.987 6.987 6.987 6.987 6.987 6.987 6.987 6.987 6.987 6.987 6.987 6.987 6.987 6.987 6.987 6.987 6.987 6.987 6.987 6.987
0.0152 0.01508 8.06000 0.6070382595 2.3258280937    0.607 -1.078  3.6088  4.687    0  0.000  0.545     0.00     0.00     0.00     0.00     0.00 -1    -1e-30      0.00 7.093e-01 2.754e-01 2.744e-03 7.404e-04 6.715e-03 -1.000 1.527e-02       4063          0          0          0          0     0.5851     0.5851 7.466 7.830 8.680 6.949 7.830 7.830 7.830 7.830 7.830 7.830 7.830 7.830 7.830 7.830 7.830 7.830 7.830 7.830 7.830 7.830 7.830 7.830 7.830 7.830 7.830 7.830 8.680 8.680 8.680 8.680 8.680 8.680 8.680 8.680 8.680 8.680 8.680 8.680 8.680 8.680 8.680 8.680 8.680 8.680 8.680 8.680 8.680 8.680 6.949 6.949 6.949 6.949 6.949 6.949 6.949 6.949 6.949 6.949 6.949 6.949 6.949 6.949 6.949 6.949 6.949 6.949 6.949 6.949 6.949 6.949
0.0152 0.01508 8.06000 0.6137717366 2.3302150593    0.613 -1.067  3.6109  4.689    0  0.000  0.545     0.00     0.00     0.00     0.00     0.00 -1    -1e-30      0.00 7.093e-01 2.754e-01 2.744e-03 7.404e-04 6.715e-03 -1.000 1.524e-02       4084          0          0          0          0      0.587      0.587 7.438 7.792 8.632 6.916 7.792 7.792 7.792 7.792 7.792 7.792 7.792 7.792 7.792 7.792 7.792 7.792 7.792 7.792 7.792 7.792 7.792 7.792 7.792 7.792 7.792 7.792 8.632 8.632 8.632 8.632 8.632 8.632 8.632 8.632 8.632 8.632 8.632 8.632 8.632 8.632 8.632 8.632 8.632 8.632 8.632 8.632 8.632 8.632 6.916 6.916 6.916 6.916 6.916 6.916 6.916 6.916 6.916 6.916 6.916 6.916 6.916 6.916 6.916 6.916 6.916 6.916 6.916 6.916 6.916 6.916
0.0152 0.01508 8.06000 0.6198068857 2.3340540419    0.620 -1.058  3.6126  4.690    0  0.000  0.545     0.00     0.00     0.00     0.00     0.00 -1    -1e-30      0.00 7.093e-01 2.754e-01 2.744e-03 7.404e-04 6.715e-03 -1.000 1.524e-02       4100          0          0          0          0      0.589      0.589 7.414 7.759 8.593 6.888 7.759 7.759 7.759 7.759 7.759 7.759 7.759 7.759 7.759 7.759 7.759 7.759 7.759 7.759 7.759 7.759 7.759 7.759 7.759 7.759 7.759 7.759 8.593 8.593 8.593 8.593 8.593 8.593 8.593 8.593 8.593 8.593 8.593 8.593 8.593 8.593 8.593 8.593 8.593 8.593 8.593 8.593 8.593 8.593 6.888 6.888 6.888 6.888 6.888 6.888 6.888 6.888 6.888 6.888 6.888 6.888 6.888 6.888 6.888 6.888 6.888 6.888 6.888 6.888 6.888 6.888
0.0152 0.01508 8.06000 0.6255320311 2.3376172029    0.625 -1.048  3.6142  4.691    0  0.000  0.545     0.00     0.00     0.00     0.00     0.00 -1    -1e-30      0.00 7.093e-01 2.754e-01 2.744e-03 7.404e-04 6.715e-03 -1.000 1.527e-02       4115          0          0          0          0     0.5912     0.5912 7.391 7.729 8.555 6.861 7.729 7.729 7.729 7.729 7.729 7.729 7.729 7.729 7.729 7.729 7.729 7.729 7.729 7.729 7.729 7.729 7.729 7.729 7.729 7.729 7.729 7.729 8.555 8.555 8.555 8.555 8.555 8.555 8.555 8.555 8.555 8.555 8.555 8.555 8.555 8.555 8.555 8.555 8.555 8.555 8.555 8.555 8.555 8.555 6.861 6.861 6.861 6.861 6.861 6.861 6.861 6.861 6.861 6.861 6.861 6.861 6.861 6.861 6.861 6.861 6.861 6.861 6.861 6.861 6.861 6.861
0.0152 0.01508 8.06000 0.6312525868 2.3411033712    0.631 -1.038  3.6158  4.691    0  0.000  0.545     0.00     0.00     0.00     0.00     0.00 -1    -1e-30      0.00 7.094e-01 2.754e-01 2.744e-03 7.404e-04 6.714e-03 -1.000 1.524e-02       4130          0          0          0          0     0.5938     0.5938 7.365 7.696 8.515 6.832 7.696 7.696 7.696 7.696 7.696 7.696 7.696 7.696 7.696 7.696 7.696 7.696 7.696 7.696 7.696 7.696 7.696 7.696 7.696 7.696 7.696 7.696 8.515 8.515 8.515 8.515 8.515 8.515 8.515 8.515 8.515 8.515 8.515 8.515 8.515 8.515 8.515 8.515 8.515 8.515 8.515 8.515 8.515 8.515 6.832 6.832 6.832 6.832 6.832 6.832 6.832 6.832 6.832 6.832 6.832 6.832 6.832 6.832 6.832 6.832 6.832 6.832 6.832 6.832 6.832 6.832
0.0152 0.01508 8.06000 0.6372733116 2.3446948340    0.637 -1.026  3.6177  4.690    0  0.000  0.545     0.00     0.00     0.00     0.00     0.00 -1    -1e-30      0.00 7.094e-01 2.754e-01 2.744e-03 7.404e-04 6.714e-03 -1.000 1.523e-02       4148          0          0          0          0     0.5971     0.5971 7.334 7.656 8.467 6.797 7.656 7.656 7.656 7.656 7.656 7.656 7.656 7.656 7.656 7.656 7.656 7.656 7.656 7.656 7.656 7.656 7.656 7.656 7.656 7.656 7.656 7.656 8.467 8.467 8.467 8.467 8.467 8.467 8.467 8.467 8.467 8.467 8.467 8.467 8.467 8.467 8.467 8.467 8.467 8.467 8.467 8.467 8.467 8.467 6.797 6.797 6.797 6.797 6.797 6.797 6.797 6.797 6.797 6.797 6.797 6.797 6.797 6.797 6.797 6.797 6.797 6.797 6.797 6.797 6.797 6.797
0.0152 0.01508 8.06000 0.6436216831 2.3483981726    0.644 -1.012  3.6197  4.689    0  0.000  0.545     0.00     0.00     0.00     0.00     0.00 -1    -1e-30      0.00 7.094e-01 2.754e-01 2.744e-03 7.403e-04 6.715e-03 -1.000 1.524e-02       4166          0          0          0          0     0.6007     0.6007 7.300 7.613 8.415 6.759 7.613 7.613 7.613 7.613 7.613 7.613 7.613 7.613 7.613 7.613 7.613 7.613 7.613 7.613 7.613 7.613 7.613 7.613 7.613 7.613 7.613 7.613 8.415 8.415 8.415 8.415 8.415 8.415 8.415 8.415 8.415 8.415 8.415 8.415 8.415 8.415 8.415 8.415 8.415 8.415 8.415 8.415 8.415 8.415 6.759 6.759 6.759 6.759 6.759 6.759 6.759 6.759 6.759 6.759 6.759 6.759 6.759 6.759 6.759 6.759 6.759 6.759 6.759 6.759 6.759 6.759
0.0152 0.01508 8.06000 0.6499999762 2.3520353107    0.650 -0.996  3.6222  4.687    0  0.000  0.545     0.00     0.00     0.00     0.00     0.00 -1    -1e-30      0.00 7.094e-01 2.754e-01 2.744e-03 7.403e-04 6.714e-03 -1.000 1.525e-02       4190          0          0          0          0      0.605      0.605 7.259 7.560 8.352 6.713 7.560 7.560 7.560 7.560 7.560 7.560 7.560 7.560 7.560 7.560 7.560 7.560 7.560 7.560 7.560 7.560 7.560 7.560 7.560 7.560 7.560 7.560 8.352 8.352 8.352 8.352 8.352 8.352 8.352 8.352 8.352 8.352 8.352 8.352 8.352 8.352 8.352 8.352 8.352 8.352 8.352 8.352 8.352 8.352 6.713 6.713 6.713 6.713 6.713 6.713 6.713 6.713 6.713 6.713 6.713 6.713 6.713 6.713 6.713 6.713 6.713 6.713 6.713 6.713 6.713 6.713
0.0152 0.01508 8.06000 0.6586264968 2.3568258249    0.659 -0.972  3.6262  4.685    0  0.000  0.545     0.00     0.00     0.00     0.00     0.00 -1    -1e-30      0.00 7.094e-01 2.753e-01 2.744e-03 7.403e-04 6.714e-03 -1.000 1.527e-02       4230          0          0          0          0     0.6105     0.6105 7.200 7.481 8.254 6.644 7.481 7.481 7.481 7.481 7.481 7.481 7.481 7.481 7.481 7.481 7.481 7.481 7.481 7.481 7.481 7.481 7.481 7.481 7.481 7.481 7.481 7.481 8.254 8.254 8.254 8.254 8.254 8.254 8.254 8.254 8.254 8.254 8.254 8.254 8.254 8.254 8.254 8.254 8.254 8.254 8.254 8.254 8.254 8.254 6.644 6.644 6.644 6.644 6.644 6.644 6.644 6.644 6.644 6.644 6.644 6.644 6.644 6.644 6.644 6.644 6.644 6.644 6.644 6.644 6.644 6.644
0.0152 0.01508 8.06000 0.6670426130 2.3613624382    0.667 -0.947  3.6305  4.683    0  0.000  0.545     0.00     0.00     0.00     0.00     0.00 -1    -1e-30      0.00 7.094e-01 2.753e-01 2.744e-03 7.403e-04 6.714e-03 -1.000 1.527e-02       4272          0          0          0          0     0.6162     0.6162 7.137 7.398 8.151 6.573 7.398 7.398 7.398 7.398 7.398 7.398 7.398 7.398 7.398 7.398 7.398 7.398 7.398 7.398 7.398 7.398 7.398 7.398 7.398 7.398 7.398 7.398 8.151 8.151 8.151 8.151 8.151 8.151 8.151 8.151 8.151 8.151 8.151 8.151 8.151 8.151 8.151 8.151 8.151 8.151 8.151 8.151 8.151 8.151 6.573 6.573 6.573 6.573 6.573 6.573 6.573 6.573 6.573 6.573 6.573 6.573 6.573 6.573 6.573 6.573 6.573 6.573 6.573 6.573 6.573 6.573
0.0152 0.01508 8.06000 0.6748488545 2.3654541901    0.675 -0.922  3.6348  4.681    0  0.000  0.545     0.00     0.00     0.00     0.00     0.00 -1    -1e-30      0.00 7.094e-01 2.753e-01 2.744e-03 7.402e-04 6.714e-03 -1.000 1.527e-02       4314          0          0          0          0     0.6214     0.6214 7.076 7.317 8.051 6.504 7.317 7.317 7.317 7.317 7.317 7.317 7.317 7.317 7.317 7.317 7.317 7.317 7.317 7.317 7.317 7.317 7.317 7.317 7.317 7.317 7.317 7.317 8.051 8.051 8.051 8.051 8.051 8.051 8.051 8.051 8.051 8.051 8.051 8.051 8.051 8.051 8.051 8.051 8.051 8.051 8.051 8.051 8.051 8.051 6.504 6.504 6.504 6.504 6.504 6.504 6.504 6.504 6.504 6.504 6.504 6.504 6.504 6.504 6.504 6.504 6.504 6.504 6.504 6.504 6.504 6.504
0.0152 0.01508 8.06000 0.6828309894 2.3695270812    0.683 -0.898  3.6391  4.678    0  0.000  0.545     0.00     0.00     0.00     0.00     0.00 -1    -1e-30      0.00 7.094e-01 2.753e-01 2.744e-03 7.403e-04 6.713e-03 -1.000 1.527e-02       4358          0          0          0          0     0.6267     0.6267 7.014 7.234 7.948 6.433 7.234 7.234 7.234 7.234 7.234 7.234 7.234 7.234 7.234 7.234 7.234 7.234 7.234 7.234 7.234 7.234 7.234 7.234 7.234 7.234 7.234 7.234 7.948 7.948 7.948 7.948 7.948 7.948 7.948 7.948 7.948 7.948 7.948 7.948 7.948 7.948 7.948 7.948 7.948 7.948 7.948 7.948 7.948 7.948 6.433 6.433 6.433 6.433 6.433 6.433 6.433 6.433 6.433 6.433 6.433 6.433 6.433 6.433 6.433 6.433 6.433 6.433 6.433 6.433 6.433 6.433
0.0152 0.01508 8.06000 0.6909760833 2.3735717680    0.691 -0.872  3.6436  4.676    0  0.000  0.545     0.00     0.00     0.00     0.00     0.00 -1    -1e-30      0.00 7.094e-01 2.753e-01 2.744e-03 7.402e-04 6.713e-03 -1.000 1.527e-02       4402          0          0          0          0      0.632      0.632 6.951 7.150 7.845 6.362 7.150 7.150 7.150 7.150 7.150 7.150 7.150 7.150 7.150 7.150 7.150 7.150 7.150 7.150 7.150 7.150 7.150 7.150 7.150 7.150 7.150 7.150 7.845 7.845 7.845 7.845 7.845 7.845 7.845 7.845 7.845 7.845 7.845 7.845 7.845 7.845 7.845 7.845 7.845 7.845 7.845 7.845 7.845 7.845 6.362 6.362 6.362 6.362 6.362 6.362 6.362 6.362 6.362 6.362 6.362 6.362 6.362 6.362 6.362 6.362 6.362 6.362 6.362 6.362 6.362 6.362
0.0152 0.01508 8.06000 0.6992737055 2.3775809744    0.699 -0.847  3.6480  4.674    0  0.000  0.545     0.00     0.00     0.00     0.00     0.00 -1    -1e-30      0.00 7.094e-01 2.753e-01 2.743e-03 7.402e-04 6.713e-03 -1.000 1.526e-02       4446          0          0          0          0     0.6372     0.6372 6.889 7.067 7.742 6.290 7.067 7.067 7.067 7.067 7.067 7.067 7.067 7.067 7.067 7.067 7.067 7.067 7.067 7.067 7.067 7.067 7.067 7.067 7.067 7.067 7.067 7.067 7.742 7.742 7.742 7.742 7.742 7.742 7.742 7.742 7.742 7.742 7.742 7.742 7.742 7.742 7.742 7.742 7.742 7.742 7.742 7.742 7.742 7.742 6.290 6.290 6.290 6.290 6.290 6.290 6.290 6.290 6.290 6.290 6.290 6.290 6.290 6.290 6.290 6.290 6.290 6.290 6.290 6.290 6.290 6.290
0.0152 0.01508 8.06000 0.7000000477 2.3779267258    0.700 -0.845  3.6484  4.674    0  0.000  0.545     0.00     0.00     0.00     0.00     0.00 -1    -1e-30      0.00 7.094e-01 2.753e-01 2.743e-03 7.402e-04 6.713e-03 -1.000 1.526e-02       4450          0          0          0          0     0.6377     0.6377 6.883 7.060 7.733 6.284 7.060 7.060 7.060 7.060 7.060 7.060 7.060 7.060 7.060 7.060 7.060 7.060 7.060 7.060 7.060 7.060 7.060 7.060 7.060 7.060 7.060 7.060 7.733 7.733 7.733 7.733 7.733 7.733 7.733 7.733 7.733 7.733 7.733 7.733 7.733 7.733 7.733 7.733 7.733 7.733 7.733 7.733 7.733 7.733 6.284 6.284 6.284 6.284 6.284 6.284 6.284 6.284 6.284 6.284 6.284 6.284 6.284 6.284 6.284 6.284 6.284 6.284 6.284 6.284 6.284 6.284
0.0152 0.01508 8.06000 0.7097274661 2.3824788233    0.710 -0.816  3.6537  4.673    0  0.000  0.543     0.00     0.00     0.00     0.00     0.00 -1    -1e-30      0.00 7.094e-01 2.753e-01 2.736e-03 7.400e-04 6.713e-03 -1.000 1.523e-02       4506          0          0          0          0     0.6431     0.6431 6.811 6.962 7.612 6.202 6.962 6.962 6.962 6.962 6.962 6.962 6.962 6.962 6.962 6.962 6.962 6.962 6.962 6.962 6.962 6.962 6.962 6.962 6.962 6.962 6.962 6.962 7.612 7.612 7.612 7.612 7.612 7.612 7.612 7.612 7.612 7.612 7.612 7.612 7.612 7.612 7.612 7.612 7.612 7.612 7.612 7.612 7.612 7.612 6.202 6.202 6.202 6.202 6.202 6.202 6.202 6.202 6.202 6.202 6.202 6.202 6.202 6.202 6.202 6.202 6.202 6.202 6.202 6.202 6.202 6.202
0.0152 0.01508 8.06000 0.7195914388 2.3869505960    0.720 -0.788  3.6591  4.671    0  0.000  0.542     0.00     0.00     0.00     0.00     0.00 -1    -1e-30      0.00 7.094e-01 2.753e-01 2.729e-03 7.398e-04 6.713e-03 -1.000 1.526e-02       4563          0          0          0          0     0.6486     0.6486 6.740 6.866 7.493 6.121 6.866 6.866 6.866 6.866 6.866 6.866 6.866 6.866 6.866 6.866 6.866 6.866 6.866 6.866 6.866 6.866 6.866 6.866 6.866 6.866 6.866 6.866 7.493 7.493 7.493 7.493 7.493 7.493 7.493 7.493 7.493 7.493 7.493 7.493 7.493 7.493 7.493 7.493 7.493 7.493 7.493 7.493 7.493 7.493 6.121 6.121 6.121 6.121 6.121 6.121 6.121 6.121 6.121 6.121 6.121 6.121 6.121 6.121 6.121 6.121 6.121 6.121 6.121 6.121 6.121 6.121
0.0152 0.01508 8.06000 0.7265093327 2.3900036079    0.727 -0.768  3.6627  4.671    0  0.000  0.541     0.00     0.00     0.00     0.00     0.00 -1    -1e-30      0.00 7.095e-01 2.753e-01 2.724e-03 7.396e-04 6.713e-03 -1.000 1.526e-02       4601          0          0          0          0     0.6523     0.6523 6.691 6.801 7.414 6.067 6.801 6.801 6.801 6.801 6.801 6.801 6.801 6.801 6.801 6.801 6.801 6.801 6.801 6.801 6.801 6.801 6.801 6.801 6.801 6.801 6.801 6.801 7.414 7.414 7.414 7.414 7.414 7.414 7.414 7.414 7.414 7.414 7.414 7.414 7.414 7.414 7.414 7.414 7.414 7.414 7.414 7.414 7.414 7.414 6.067 6.067 6.067 6.067 6.067 6.067 6.067 6.067 6.067 6.067 6.067 6.067 6.067 6.067 6.067 6.067 6.067 6.067 6.067 6.067 6.067 6.067
0.0152 0.01508 8.06000 0.7316387892 2.3922245288    0.732 -0.754  3.6654  4.670    0  0.000  0.540     0.00     0.00     0.00     0.00     0.00 -1    -1e-30      0.00 7.095e-01 2.753e-01 2.720e-03 7.395e-04 6.713e-03 -1.000 1.527e-02       4630          0          0          0          0     0.6551     0.6551 6.655 6.754 7.357 6.027 6.754 6.754 6.754 6.754 6.754 6.754 6.754 6.754 6.754 6.754 6.754 6.754 6.754 6.754 6.754 6.754 6.754 6.754 6.754 6.754 6.754 6.754 7.357 7.357 7.357 7.357 7.357 7.357 7.357 7.357 7.357 7.357 7.357 7.357 7.357 7.357 7.357 7.357 7.357 7.357 7.357 7.357 7.357 7.357 6.027 6.027 6.027 6.027 6.027 6.027 6.027 6.027 6.027 6.027 6.027 6.027 6.027 6.027 6.027 6.027 6.027 6.027 6.027 6.027 6.027 6.027
0.0152 0.01508 8.06000 0.7356058955 2.3939177773    0.736 -0.743  3.6675  4.669    0  0.000  0.540     0.00     0.00     0.00     0.00     0.00 -1    -1e-30      0.00 7.095e-01 2.753e-01 2.717e-03 7.394e-04 6.713e-03 -1.000 1.526e-02       4652          0          0          0          0     0.6572     0.6572 6.627 6.718 7.313 5.996 6.718 6.718 6.718 6.718 6.718 6.718 6.718 6.718 6.718 6.718 6.718 6.718 6.718 6.718 6.718 6.718 6.718 6.718 6.718 6.718 6.718 6.718 7.313 7.313 7.313 7.313 7.313 7.313 7.313 7.313 7.313 7.313 7.313 7.313 7.313 7.313 7.313 7.313 7.313 7.313 7.313 7.313 7.313 7.313 5.996 5.996 5.996 5.996 5.996 5.996 5.996 5.996 5.996 5.996 5.996 5.996 5.996 5.996 5.996 5.996 5.996 5.996 5.996 5.996 5.996 5.996
0.0152 0.01508 8.06000 0.7387796044 2.3952573397    0.739 -0.734  3.6691  4.669    0  0.000  0.539     0.00     0.00     0.00     0.00     0.00 -1    -1e-30      0.00 7.095e-01 2.753e-01 2.715e-03 7.393e-04 6.713e-03 -1.000 1.526e-02       4669          0          0          0          0     0.6589     0.6589 6.605 6.689 7.279 5.972 6.689 6.689 6.689 6.689 6.689 6.689 6.689 6.689 6.689 6.689 6.689 6.689 6.689 6.689 6.689 6.689 6.689 6.689 6.689 6.689 6.689 6.689 7.279 7.279 7.279 7.279 7.279 7.279 7.279 7.279 7.279 7.279 7.279 7.279 7.279 7.279 7.279 7.279 7.279 7.279 7.279 7.279 7.279 7.279 5.972 5.972 5.972 5.972 5.972 5.972 5.972 5.972 5.972 5.972 5.972 5.972 5.972 5.972 5.972 5.972 5.972 5.972 5.972 5.972 5.972 5.972
0.0152 0.01508 8.06000 0.7413917780 2.3963499992    0.741 -0.727  3.6705  4.669    0  0.000  0.539     0.00     0.00     0.00     0.00     0.00 -1    -1e-30      0.00 7.095e-01 2.753e-01 2.713e-03 7.393e-04 6.713e-03 -1.000 1.527e-02       4683          0          0          0          0     0.6603     0.6603 6.587 6.666 7.250 5.952 6.666 6.666 6.666 6.666 6.666 6.666 6.666 6.666 6.666 6.666 6.666 6.666 6.666 6.666 6.666 6.666 6.666 6.666 6.666 6.666 6.666 6.666 7.250 7.250 7.250 7.250 7.250 7.250 7.250 7.250 7.250 7.250 7.250 7.250 7.250 7.250 7.250 7.250 7.250 7.250 7.250 7.250 7.250 7.250 5.952 5.952 5.952 5.952 5.952 5.952 5.952 5.952 5.952 5.952 5.952 5.952 5.952 5.952 5.952 5.952 5.952 5.952 5.952 5.952 5.952 5.952
0.0152 0.01508 8.06000 0.7435953617 2.3972648858    0.744 -0.721  3.6716  4.668    0  0.000  0.539     0.00     0.00     0.00     0.00     0.00 -1    -1e-30      0.00 7.095e-01 2.753e-01 2.711e-03 7.392e-04 6.713e-03 -1.000 1.526e-02       4695          0          0          0          0     0.6615     0.6615 6.571 6.646 7.227 5.935 6.646 6.646 6.646 6.646 6.646 6.646 6.646 6.646 6.646 6.646 6.646 6.646 6.646 6.646 6.646 6.646 6.646 6.646 6.646 6.646 6.646 6.646 7.227 7.227 7.227 7.227 7.227 7.227 7.227 7.227 7.227 7.227 7.227 7.227 7.227 7.227 7.227 7.227 7.227 7.227 7.227 7.227 7.227 7.227 5.935 5.935 5.935 5.935 5.935 5.935 5.935 5.935 5.935 5.935 5.935 5.935 5.935 5.935 5.935 5.935 5.935 5.935 5.935 5.935 5.935 5.935
0.0152 0.01508 8.06000 0.7454960346 2.3980490154    0.746 -0.715  3.6726  4.668    0  0.000  0.538     0.00     0.00     0.00     0.00     0.00 -1    -1e-30      0.00 7.095e-01 2.753e-01 2.710e-03 7.392e-04 6.713e-03 -1.000 1.527e-02       4706          0          0          0          0     0.6625     0.6625 6.558 6.629 7.206 5.921 6.629 6.629 6.629 6.629 6.629 6.629 6.629 6.629 6.629 6.629 6.629 6.629 6.629 6.629 6.629 6.629 6.629 6.629 6.629 6.629 6.629 6.629 7.206 7.206 7.206 7.206 7.206 7.206 7.206 7.206 7.206 7.206 7.206 7.206 7.206 7.206 7.206 7.206 7.206 7.206 7.206 7.206 7.206 7.206 5.921 5.921 5.921 5.921 5.921 5.921 5.921 5.921 5.921 5.921 5.921 5.921 5.921 5.921 5.921 5.921 5.921 5.921 5.921 5.921 5.921 5.921
0.0152 0.01508 8.06000 0.7471692562 2.3987355134    0.747 -0.711  3.6735  4.668    0  0.000  0.538     0.00     0.00     0.00     0.00     0.00 -1    -1e-30      0.00 7.095e-01 2.753e-01 2.709e-03 7.391e-04 6.713e-03 -1.000 1.527e-02       4715          0          0          0          0     0.6634     0.6634 6.546 6.614 7.188 5.908 6.614 6.614 6.614 6.614 6.614 6.614 6.614 6.614 6.614 6.614 6.614 6.614 6.614 6.614 6.614 6.614 6.614 6.614 6.614 6.614 6.614 6.614 7.188 7.188 7.188 7.188 7.188 7.188 7.188 7.188 7.188 7.188 7.188 7.188 7.188 7.188 7.188 7.188 7.188 7.188 7.188 7.188 7.188 7.188 5.908 5.908 5.908 5.908 5.908 5.908 5.908 5.908 5.908 5.908 5.908 5.908 5.908 5.908 5.908 5.908 5.908 5.908 5.908 5.908 5.908 5.908
0.0152 0.01508 8.06000 0.7486704588 2.3993484322    0.749 -0.706  3.6743  4.668    0  0.000  0.538     0.00     0.00     0.00     0.00     0.00 -1    -1e-30      0.00 7.095e-01 2.752e-01 2.708e-03 7.391e-04 6.713e-03 -1.000 1.527e-02       4723          0          0          0          0     0.6642     0.6642 6.536 6.601 7.172 5.897 6.601 6.601 6.601 6.601 6.601 6.601 6.601 6.601 6.601 6.601 6.601 6.601 6.601 6.601 6.601 6.601 6.601 6.601 6.601 6.601 6.601 6.601 7.172 7.172 7.172 7.172 7.172 7.172 7.172 7.172 7.172 7.172 7.172 7.172 7.172 7.172 7.172 7.172 7.172 7.172 7.172 7.172 7.172 7.172 5.897 5.897 5.897 5.897 5.897 5.897 5.897 5.897 5.897 5.897 5.897 5.897 5.897 5.897 5.897 5.897 5.897 5.897 5.897 5.897 5.897 5.897
0.0152 0.01508 8.06000 0.7500000000 2.3998889087    0.750 -0.703  3.6749  4.668    0  0.000  0.538     0.00     0.00     0.00     0.00     0.00 -1    -1e-30      0.00 7.095e-01 2.753e-01 2.707e-03 7.391e-04 6.713e-03 -1.000 1.527e-02       4730          0          0          0          0     0.6649     0.6649 6.527 6.589 7.158 5.887 6.589 6.589 6.589 6.589 6.589 6.589 6.589 6.589 6.589 6.589 6.589 6.589 6.589 6.589 6.589 6.589 6.589 6.589 6.589 6.589 6.589 6.589 7.158 7.158 7.158 7.158 7.158 7.158 7.158 7.158 7.158 7.158 7.158 7.158 7.158 7.158 7.158 7.158 7.158 7.158 7.158 7.158 7.158 7.158 5.887 5.887 5.887 5.887 5.887 5.887 5.887 5.887 5.887 5.887 5.887 5.887 5.887 5.887 5.887 5.887 5.887 5.887 5.887 5.887 5.887 5.887
0.0152 0.01508 8.06000 0.7526251078 2.4009496050    0.753 -0.696  3.6760  4.666    0  0.000  0.538     0.00     0.00     0.00     0.00     0.00 -1    -1e-30      0.00 7.095e-01 2.752e-01 2.709e-03 7.391e-04 6.713e-03 -1.000 1.527e-02       4742          0          0          0          0     0.6671     0.6671 6.509 6.568 7.133 5.868 6.568 6.568 6.568 6.568 6.568 6.568 6.568 6.568 6.568 6.568 6.568 6.568 6.568 6.568 6.568 6.568 6.568 6.568 6.568 6.568 6.568 6.568 7.133 7.133 7.133 7.133 7.133 7.133 7.133 7.133 7.133 7.133 7.133 7.133 7.133 7.133 7.133 7.133 7.133 7.133 7.133 7.133 7.133 7.133 5.868 5.868 5.868 5.868 5.868 5.868 5.868 5.868 5.868 5.868 5.868 5.868 5.868 5.868 5.868 5.868 5.868 5.868 5.868 5.868 5.868 5.868
0.0152 0.01508 8.06000 0.7730600238 2.4089240567    0.773 -0.643  3.6840  4.657    0  0.000  0.541     0.00     0.00     0.00     0.00     0.00 -1    -1e-30      0.00 7.097e-01 2.750e-01 2.722e-03 7.389e-04 6.707e-03 -1.000 1.525e-02       4831          0          0          0          0     0.6836     0.6836 6.377 6.407 6.945 5.728 6.407 6.407 6.407 6.407 6.407 6.407 6.407 6.407 6.407 6.407 6.407 6.407 6.407 6.407 6.407 6.407 6.407 6.407 6.407 6.407 6.407 6.407 6.945 6.945 6.945 6.945 6.945 6.945 6.945 6.945 6.945 6.945 6.945 6.945 6.945 6.945 6.945 6.945 6.945 6.945 6.945 6.945 6.945 6.945 5.728 5.728 5.728 5.728 5.728 5.728 5.728 5.728 5.728 5.728 5.728 5.728 5.728 5.728 5.728 5.728 5.728 5.728 5.728 5.728 5.728 5.728
0.0152 0.01508 8.06000 0.7908769250 2.4154915243    0.791 -0.598  3.6908  4.649    0  0.000  0.544     0.00     0.00     0.00     0.00     0.00 -1    -1e-30      0.00 7.099e-01 2.749e-01 2.732e-03 7.388e-04 6.702e-03 -1.000 1.523e-02       4907          0          0          0          0     0.6977     0.6977 6.264 6.272 6.789 5.610 6.272 6.272 6.272 6.272 6.272 6.272 6.272 6.272 6.272 6.272 6.272 6.272 6.272 6.272 6.272 6.272 6.272 6.272 6.272 6.272 6.272 6.272 6.789 6.789 6.789 6.789 6.789 6.789 6.789 6.789 6.789 6.789 6.789 6.789 6.789 6.789 6.789 6.789 6.789 6.789 6.789 6.789 6.789 6.789 5.610 5.610 5.610 5.610 5.610 5.610 5.610 5.610 5.610 5.610 5.610 5.610 5.610 5.610 5.610 5.610 5.610 5.610 5.610 5.610 5.610 5.610
0.0152 0.01508 8.06000 0.7981481552 2.4180750773    0.798 -0.579  3.6936  4.646    0  0.000  0.545     0.00     0.00     0.00     0.00     0.00 -1    -1e-30      0.00 7.100e-01 2.748e-01 2.737e-03 7.387e-04 6.700e-03 -1.000 1.523e-02       4938          0          0          0          0     0.7033     0.7033 6.219 6.219 6.728 5.564 6.219 6.219 6.219 6.219 6.219 6.219 6.219 6.219 6.219 6.219 6.219 6.219 6.219 6.219 6.219 6.219 6.219 6.219 6.219 6.219 6.219 6.219 6.728 6.728 6.728 6.728 6.728 6.728 6.728 6.728 6.728 6.728 6.728 6.728 6.728 6.728 6.728 6.728 6.728 6.728 6.728 6.728 6.728 6.728 5.564 5.564 5.564 5.564 5.564 5.564 5.564 5.564 5.564 5.564 5.564 5.564 5.564 5.564 5.564 5.564 5.564 5.564 5.564 5.564 5.564 5.564
0.0152 0.01508 8.06000 0.8125136495 2.4230233425    0.812 -0.544  3.6990  4.639    0  0.000  0.545     0.00     0.00     0.00     0.00     0.00 -1    -1e-30      0.00 7.100e-01 2.747e-01 2.737e-03 7.386e-04 6.699e-03 -1.000 1.522e-02       5000          0          0          0          0     0.7148     0.7148 6.129 6.114 6.606 5.472 6.114 6.114 6.114 6.114 6.114 6.114 6.114 6.114 6.114 6.114 6.114 6.114 6.114 6.114 6.114 6.114 6.114 6.114 6.114 6.114 6.114 6.114 6.606 6.606 6.606 6.606 6.606 6.606 6.606 6.606 6.606 6.606 6.606 6.606 6.606 6.606 6.606 6.606 6.606 6.606 6.606 6.606 6.606 6.606 5.472 5.472 5.472 5.472 5.472 5.472 5.472 5.472 5.472 5.472 5.472 5.472 5.472 5.472 5.472 5.472 5.472 5.472 5.472 5.472 5.472 5.472
0.0152 0.01508 8.06000 0.8174074888 2.4246634420    0.817 -0.532  3.7009  4.637    0  0.000  0.545     0.00     0.00     0.00     0.00     0.00 -1  -1.1e-30      0.00 7.100e-01 2.747e-01 2.738e-03 7.386e-04 6.699e-03 -1.000 1.522e-02       5022          0          0          0          0     0.7185     0.7185 6.099 6.079 6.566 5.442 6.079 6.079 6.079 6.079 6.079 6.079 6.079 6.079 6.079 6.079 6.079 6.079 6.079 6.079 6.079 6.079 6.079 6.079 6.079 6.079 6.079 6.079 6.566 6.566 6.566 6.566 6.566 6.566 6.566 6.566 6.566 6.566 6.566 6.566 6.566 6.566 6.566 6.566 6.566 6.566 6.566 6.566 6.566 6.566 5.442 5.442 5.442 5.442 5.442 5.442 5.442 5.442 5.442 5.442 5.442 5.442 5.442 5.442 5.442 5.442 5.442 5.442 5.442 5.442 5.442 5.442
0.0152 0.01508 8.06000 0.8366667032 2.4309041707    0.836 -0.485  3.7080  4.630    0  0.000  0.545     0.00     0.00     0.00     0.00     0.00 -1 -1.57e-30      0.00 7.100e-01 2.748e-01 2.738e-03 7.388e-04 6.700e-03 -1.000 1.523e-02       5105          0          0          0          0     0.7334     0.7334 5.983 5.944 6.412 5.324 5.944 5.944 5.944 5.944 5.944 5.944 5.944 5.944 5.944 5.944 5.944 5.944 5.944 5.944 5.944 5.944 5.944 5.944 5.944 5.944 5.944 5.944 6.412 6.412 6.412 6.412 6.412 6.412 6.412 6.412 6.412 6.412 6.412 6.412 6.412 6.412 6.412 6.412 6.412 6.412 6.412 6.412 6.412 6.412 5.324 5.324 5.324 5.324 5.324 5.324 5.324 5.324 5.324 5.324 5.324 5.324 5.324 5.324 5.324 5.324 5.324 5.324 5.324 5.324 5.324 5.324
0.0152 0.01508 8.06000 0.8559259176 2.4368230270    0.855 -0.440  3.7150  4.622    0  0.000  0.545     0.00     0.00     0.00     0.00     0.00 -1 -2.49e-30      0.00 7.099e-01 2.749e-01 2.739e-03 7.390e-04 6.702e-03 -1.000 1.523e-02       5187          0          0          0          0     0.7484     0.7484 5.870 5.815 6.260 5.214 5.815 5.815 5.817 5.815 5.815 5.815 5.815 5.815 5.815 5.815 5.815 5.815 5.815 5.815 5.815 5.815 5.815 5.815 5.815 5.815 5.815 5.815 6.260 6.260 6.262 6.260 6.260 6.260 6.260 6.260 6.260 6.260 6.260 6.260 6.260 6.260 6.260 6.260 6.260 6.260 6.260 6.260 6.260 6.260 5.214 5.215 5.216 5.215 5.215 5.215 5.215 5.215 5.215 5.215 5.215 5.215 5.215 5.215 5.215 5.215 5.215 5.215 5.215 5.215 5.215 5.215
0.0152 0.01508 8.06000 0.8751851916 2.4424433239    0.874 -0.395  3.7216  4.613    0  0.000  0.545     0.00     0.00     0.00     0.00     0.00 -1  -7.7e-30      0.00 7.099e-01 2.749e-01 2.739e-03 7.390e-04 6.703e-03 -1.000 1.523e-02       5267          0          0          0          0      0.764      0.764 5.758 5.691 6.114 5.109 5.691 5.692 5.696 5.692 5.692 5.692 5.692 5.692 5.692 5.692 5.692 5.692 5.692 5.692 5.692 5.692 5.692 5.692 5.692 5.692 5.692 5.692 6.114 6.114 6.119 6.114 6.114 6.114 6.114 6.114 6.114 6.114 6.114 6.114 6.114 6.114 6.114 6.114 6.114 6.114 6.114 6.114 6.114 6.114 5.109 5.110 5.113 5.110 5.110 5.110 5.110 5.110 5.110 5.110 5.110 5.110 5.110 5.110 5.110 5.110 5.110 5.110 5.110 5.110 5.110 5.110
0.0152 0.01508 8.06000 0.8944445252 2.4477862051    0.893 -0.352  3.7279  4.604    0  0.000  0.545     0.00     0.00     0.00     0.00     0.00 -1 -2.92e-30      0.00 7.100e-01 2.748e-01 2.739e-03 7.388e-04 6.701e-03 -1.000 1.523e-02       5343          0          0          0          0     0.7807     0.7807 5.649 5.571 5.974 5.006 5.571 5.571 5.577 5.571 5.571 5.571 5.571 5.571 5.571 5.571 5.571 5.571 5.571 5.571 5.571 5.571 5.571 5.571 5.571 5.571 5.571 5.571 5.974 5.974 5.982 5.974 5.974 5.974 5.974 5.974 5.974 5.974 5.974 5.974 5.974 5.974 5.974 5.974 5.974 5.974 5.974 5.974 5.974 5.974 5.006 5.006 5.011 5.006 5.006 5.006 5.006 5.006 5.006 5.006 5.006 5.006 5.006 5.006 5.006 5.006 5.006 5.006 5.006 5.006 5.006 5.006
0.0152 0.01508 8.06000 0.9137036800 2.4528708428    0.913 -0.309  3.7339  4.595    0  0.000  0.545     0.00     0.00     0.00     0.00     0.00 -1 -9.23e-29      0.00 7.100e-01 2.748e-01 2.739e-03 7.388e-04 6.701e-03 -1.000 1.523e-02       5418          0          0          0          0     0.7973     0.7973 5.543 5.453 5.840 4.902 5.453 5.453 5.460 5.453 5.453 5.453 5.453 5.453 5.453 5.453 5.453 5.453 5.453 5.453 5.453 5.453 5.453 5.453 5.453 5.453 5.453 5.453 5.840 5.840 5.849 5.840 5.840 5.840 5.840 5.840 5.840 5.840 5.840 5.840 5.840 5.840 5.840 5.840 5.840 5.840 5.840 5.840 5.840 5.840 4.902 4.902 4.907 4.902 4.902 4.902 4.902 4.902 4.902 4.902 4.902 4.902 4.902 4.902 4.902 4.902 4.902 4.902 4.902 4.902 4.902 4.902
0.0152 0.01508 8.06000 0.9277468324 2.4564257409    0.927 -0.279  3.7381  4.589    0  0.000  0.545     0.00     0.00     0.00     0.00     0.00 -1 -1.54e-29      0.00 7.099e-01 2.749e-01 2.739e-03 7.390e-04 6.703e-03 -1.000 1.523e-02       5471          0          0          0          0     0.8095     0.8095 5.468 5.370 5.748 4.827 5.370 5.370 5.377 5.370 5.370 5.370 5.370 5.370 5.370 5.370 5.370 5.370 5.370 5.370 5.370 5.370 5.370 5.370 5.370 5.370 5.370 5.370 5.748 5.747 5.756 5.747 5.747 5.747 5.747 5.747 5.747 5.747 5.747 5.747 5.747 5.747 5.747 5.747 5.747 5.747 5.747 5.747 5.747 5.747 4.827 4.827 4.832 4.827 4.827 4.827 4.827 4.827 4.827 4.827 4.827 4.827 4.827 4.827 4.827 4.827 4.827 4.827 4.827 4.827 4.827 4.827
0.0152 0.01508 8.06000 0.9329630136 2.4577148652    0.932 -0.268  3.7397  4.586    0  0.000  0.545     0.00     0.00     0.00     0.00     0.00 -1 -6.73e-30      0.00 7.099e-01 2.749e-01 2.740e-03 7.391e-04 6.704e-03 -1.000 1.524e-02       5491          0          0          0          0      0.814      0.814 5.441 5.340 5.714 4.800 5.340 5.339 5.346 5.339 5.339 5.339 5.339 5.339 5.339 5.339 5.339 5.339 5.339 5.339 5.339 5.339 5.339 5.339 5.339 5.339 5.339 5.339 5.714 5.713 5.722 5.713 5.713 5.713 5.713 5.713 5.713 5.713 5.713 5.713 5.713 5.713 5.713 5.713 5.713 5.713 5.713 5.713 5.713 5.713 4.800 4.800 4.805 4.800 4.800 4.800 4.800 4.800 4.800 4.800 4.800 4.800 4.800 4.800 4.800 4.800 4.800 4.800 4.800 4.800 4.800 4.800
0.0152 0.01508 8.06000 0.9522222281 2.4623342097    0.951 -0.228  3.7451  4.577    0  0.000  0.545     0.00     0.00     0.00     0.00     0.00 -1 -1.45e-29      0.00 7.099e-01 2.749e-01 2.740e-03 7.391e-04 6.704e-03 -1.000 1.524e-02       5560          0          0          0          0     0.8315     0.8315 5.339 5.232 5.595 4.704 5.232 5.232 5.239 5.232 5.232 5.232 5.232 5.232 5.232 5.232 5.232 5.232 5.232 5.232 5.232 5.232 5.232 5.232 5.232 5.232 5.232 5.232 5.595 5.594 5.603 5.594 5.594 5.594 5.594 5.594 5.594 5.594 5.594 5.594 5.594 5.594 5.594 5.594 5.594 5.594 5.594 5.594 5.594 5.594 4.704 4.704 4.709 4.704 4.704 4.704 4.704 4.704 4.704 4.704 4.704 4.704 4.704 4.704 4.704 4.704 4.704 4.704 4.704 4.704 4.704 4.704
0.0152 0.01508 8.06000 0.9714815617 2.4667435862    0.971 -0.186  3.7505  4.565    0  0.000  0.545     0.00     0.00     0.00     0.00     0.00 -1 -2.57e-29      0.00 7.100e-01 2.748e-01 2.739e-03 7.389e-04 6.701e-03 -1.000 1.523e-02       5629          0          0          0          0     0.8518     0.8518 5.234 5.121 5.472 4.604 5.121 5.121 5.127 5.121 5.121 5.121 5.121 5.121 5.121 5.121 5.121 5.121 5.121 5.121 5.121 5.121 5.121 5.121 5.121 5.121 5.121 5.121 5.472 5.472 5.480 5.472 5.472 5.472 5.472 5.472 5.472 5.472 5.472 5.472 5.472 5.472 5.472 5.472 5.472 5.472 5.472 5.472 5.472 5.472 4.604 4.603 4.608 4.603 4.603 4.603 4.603 4.603 4.603 4.603 4.603 4.603 4.603 4.603 4.603 4.603 4.603 4.603 4.603 4.603 4.603 4.603
0.0152 0.01508 8.06000 0.9907408357 2.4709563841    0.991 -0.143  3.7558  4.552    0  0.000  0.545     0.00     0.00     0.00     0.00     0.00 -1 -2.31e-29      0.00 7.101e-01 2.747e-01 2.738e-03 7.386e-04 6.699e-03 -1.000 1.522e-02       5698          0          0          0          0     0.8727     0.8727 5.128 5.009 5.349 4.503 5.009 5.009 5.015 5.009 5.009 5.009 5.009 5.009 5.009 5.009 5.009 5.009 5.009 5.009 5.009 5.009 5.009 5.009 5.009 5.009 5.009 5.009 5.349 5.349 5.357 5.349 5.349 5.349 5.349 5.349 5.349 5.349 5.349 5.349 5.349 5.349 5.349 5.349 5.349 5.349 5.349 5.349 5.349 5.349 4.503 4.503 4.508 4.503 4.503 4.503 4.503 4.503 4.503 4.503 4.503 4.503 4.503 4.503 4.503 4.503 4.503 4.503 4.503 4.503 4.503 4.503
0.0152 0.01508 8.06000 1.0099999905 2.4749849264    1.010 -0.103  3.7609  4.541    0  0.000  0.545     0.00     0.00     0.00     0.00     0.00 -1 -2.58e-29      0.00 7.102e-01 2.746e-01 2.737e-03 7.385e-04 6.698e-03 -1.000 1.522e-02       5766          0          0          0          0     0.8929     0.8929 5.027 4.902 5.232 4.407 4.902 4.902 4.909 4.902 4.902 4.902 4.902 4.902 4.902 4.902 4.902 4.902 4.902 4.902 4.902 4.902 4.902 4.902 4.902 4.902 4.902 4.902 5.232 5.231 5.240 5.231 5.231 5.231 5.231 5.231 5.231 5.231 5.231 5.231 5.231 5.231 5.231 5.231 5.231 5.231 5.231 5.231 5.231 5.231 4.407 4.407 4.412 4.407 4.407 4.407 4.407 4.407 4.407 4.407 4.407 4.407 4.407 4.407 4.407 4.407 4.407 4.407 4.407 4.407 4.407 4.407
0.0152 0.01508 8.06000 1.0292592049 2.4788405951    1.029 -0.063  3.7658  4.529    0  0.000  0.545     0.00     0.00     0.00     0.00     0.00 -1 -3.93e-29      0.00 7.102e-01 2.746e-01 2.737e-03 7.384e-04 6.697e-03 -1.000 1.522e-02       5831          0          0          0          0     0.9136     0.9136 4.929 4.800 5.120 4.315 4.800 4.800 4.807 4.800 4.800 4.800 4.800 4.800 4.800 4.800 4.800 4.800 4.800 4.800 4.800 4.800 4.800 4.800 4.800 4.800 4.800 4.800 5.120 5.119 5.127 5.119 5.119 5.119 5.119 5.119 5.119 5.119 5.119 5.119 5.119 5.119 5.119 5.119 5.119 5.119 5.119 5.119 5.119 5.119 4.315 4.316 4.320 4.316 4.316 4.316 4.316 4.316 4.316 4.316 4.316 4.316 4.316 4.316 4.316 4.316 4.316 4.316 4.316 4.316 4.316 4.316
0.0152 0.01508 8.06000 1.0485184193 2.4825338275    1.048 -0.024  3.7705  4.517    0  0.000  0.545     0.00     0.00     0.00     0.00     0.00 -1    -1e-28      0.00 7.103e-01 2.745e-01 2.736e-03 7.383e-04 6.696e-03 -1.000 1.522e-02       5895          0          0          0          0      0.935      0.935 4.831 4.700 5.009 4.225 4.700 4.700 4.706 4.700 4.700 4.700 4.700 4.700 4.700 4.700 4.700 4.700 4.700 4.700 4.700 4.700 4.700 4.700 4.700 4.700 4.700 4.700 5.009 5.009 5.017 5.009 5.009 5.009 5.009 5.009 5.009 5.009 5.009 5.009 5.009 5.009 5.009 5.009 5.009 5.009 5.009 5.009 5.009 5.009 4.225 4.225 4.229 4.225 4.225 4.225 4.225 4.225 4.225 4.225 4.225 4.225 4.225 4.225 4.225 4.225 4.225 4.225 4.225 4.225 4.225 4.225
0.0152 0.01508 8.06000 1.0677778721 2.4860743086    1.067  0.013  3.7750  4.505    0  0.000  0.545     0.00     0.00     0.00     0.00     0.00 -1 -1.73e-29      0.00 7.103e-01 2.745e-01 2.736e-03 7.383e-04 6.696e-03 -1.000 1.522e-02       5955          0          0          0          0     0.9568     0.9568 4.737 4.603 4.904 4.137 4.603 4.603 4.609 4.603 4.603 4.603 4.603 4.603 4.603 4.603 4.603 4.603 4.603 4.603 4.603 4.603 4.603 4.603 4.603 4.603 4.603 4.603 4.904 4.904 4.911 4.904 4.904 4.904 4.904 4.904 4.904 4.904 4.904 4.904 4.904 4.904 4.904 4.904 4.904 4.904 4.904 4.904 4.904 4.904 4.137 4.137 4.142 4.137 4.137 4.137 4.137 4.137 4.137 4.137 4.137 4.137 4.137 4.137 4.137 4.137 4.137 4.137 4.137 4.137 4.137 4.137
0.0152 0.01508 8.06000 1.0870370865 2.4894708602    1.086  0.051  3.7793  4.492    0  0.000  0.545     0.00     0.00     0.00     0.00     0.00 -1 -6.92e-29      0.00 7.103e-01 2.744e-01 2.736e-03 7.381e-04 6.695e-03 -1.000 1.522e-02       6016          0          0          0          0     0.9793     0.9793 4.642 4.510 4.803 4.052 4.510 4.510 4.516 4.510 4.510 4.510 4.510 4.510 4.510 4.510 4.510 4.510 4.510 4.510 4.510 4.510 4.510 4.510 4.510 4.510 4.510 4.510 4.803 4.802 4.810 4.802 4.802 4.802 4.802 4.802 4.802 4.802 4.802 4.802 4.802 4.802 4.802 4.802 4.802 4.802 4.802 4.802 4.802 4.802 4.052 4.052 4.057 4.052 4.052 4.052 4.052 4.052 4.052 4.052 4.052 4.052 4.052 4.052 4.052 4.052 4.052 4.052 4.052 4.052 4.052 4.052
0.0152 0.01508 8.06000 1.1062963009 2.4927317712    1.105  0.088  3.7836  4.480    0  0.000  0.545     0.00     0.00     0.00     0.00     0.00 -1 -3.94e-29      0.00 7.104e-01 2.744e-01 2.735e-03 7.380e-04 6.694e-03 -1.000 1.521e-02       6075          0          0          0          0      1.002      1.002 4.550 4.416 4.700 3.967 4.416 4.416 4.422 4.416 4.416 4.416 4.416 4.416 4.416 4.416 4.416 4.416 4.416 4.416 4.416 4.416 4.416 4.416 4.416 4.416 4.416 4.416 4.700 4.700 4.708 4.700 4.700 4.700 4.700 4.700 4.700 4.700 4.700 4.700 4.700 4.700 4.700 4.700 4.700 4.700 4.700 4.700 4.700 4.700 3.967 3.967 3.971 3.967 3.967 3.967 3.967 3.967 3.967 3.967 3.967 3.967 3.967 3.967 3.967 3.967 3.967 3.967 3.967 3.967 3.967 3.967
0.0152 0.01508 8.06000 1.1255555153 2.4958646809    1.124  0.125  3.7877  4.467    0  0.000  0.545     0.00     0.00     0.00     0.00     0.00 -1  -6.5e-28      0.00 7.105e-01 2.743e-01 2.734e-03 7.378e-04 6.691e-03 -1.000 1.521e-02       6133          0          0          0          0      1.026      1.026 4.458 4.323 4.600 3.883 4.323 4.324 4.330 4.324 4.324 4.324 4.324 4.324 4.324 4.324 4.324 4.324 4.324 4.324 4.324 4.324 4.324 4.324 4.324 4.324 4.324 4.324 4.600 4.600 4.607 4.600 4.600 4.600 4.600 4.600 4.600 4.600 4.600 4.600 4.600 4.600 4.600 4.600 4.600 4.600 4.600 4.600 4.600 4.600 3.883 3.883 3.887 3.883 3.883 3.883 3.883 3.883 3.883 3.883 3.883 3.883 3.883 3.883 3.883 3.883 3.883 3.883 3.883 3.883 3.883 3.883
0.0152 0.01508 8.06000 1.1448147297 2.4988766773    1.144  0.161  3.7917  4.454    0  0.000  0.545     0.00     0.00     0.00     0.00     0.00 -1 -3.56e-27      0.00 7.107e-01 2.741e-01 2.734e-03 7.375e-04 6.689e-03 -1.000 1.520e-02       6189          0          0          0          0       1.05       1.05 4.369 4.233 4.502 3.800 4.233 4.233 4.239 4.233 4.233 4.233 4.233 4.233 4.233 4.233 4.233 4.233 4.233 4.233 4.233 4.233 4.233 4.233 4.233 4.233 4.233 4.233 4.502 4.502 4.510 4.502 4.502 4.502 4.502 4.502 4.502 4.502 4.502 4.502 4.502 4.502 4.502 4.502 4.502 4.502 4.502 4.502 4.502 4.502 3.800 3.801 3.806 3.801 3.801 3.801 3.801 3.801 3.801 3.801 3.801 3.801 3.801 3.801 3.801 3.801 3.801 3.801 3.801 3.801 3.801 3.801
0.0152 0.01508 8.06000 1.1640739441 2.5017743453    1.163  0.196  3.7956  4.442    0  0.000  0.545     0.00     0.00     0.00     0.00     0.00 -1  -3.3e-27      0.00 7.108e-01 2.740e-01 2.732e-03 7.372e-04 6.686e-03 -1.000 1.520e-02       6245          0          0          0          0      1.074      1.074 4.280 4.143 4.405 3.719 4.143 4.144 4.150 4.144 4.144 4.144 4.144 4.144 4.144 4.144 4.144 4.144 4.144 4.144 4.144 4.144 4.144 4.144 4.144 4.144 4.144 4.144 4.405 4.406 4.413 4.406 4.406 4.406 4.406 4.406 4.406 4.406 4.406 4.406 4.406 4.406 4.406 4.406 4.406 4.406 4.406 4.406 4.406 4.406 3.719 3.721 3.725 3.721 3.721 3.721 3.721 3.721 3.721 3.721 3.721 3.721 3.721 3.721 3.721 3.721 3.721 3.721 3.721 3.721 3.721 3.721
0.0152 0.01508 8.06000 1.1833333969 2.5045638442    1.182  0.230  3.7993  4.430    0  0.000  0.545     0.00     0.00     0.00     0.00     0.00 -1 -2.06e-26      0.00 7.110e-01 2.738e-01 2.731e-03 7.369e-04 6.683e-03 -1.000 1.519e-02       6299          0          0          0          0      1.098      1.098 4.194 4.056 4.311 3.640 4.056 4.058 4.063 4.058 4.058 4.058 4.058 4.058 4.058 4.058 4.058 4.058 4.058 4.058 4.058 4.058 4.058 4.058 4.058 4.058 4.058 4.058 4.311 4.312 4.320 4.312 4.312 4.312 4.312 4.312 4.312 4.312 4.312 4.312 4.312 4.312 4.312 4.312 4.312 4.312 4.312 4.312 4.312 4.312 3.640 3.642 3.646 3.642 3.642 3.642 3.642 3.642 3.642 3.642 3.642 3.642 3.642 3.642 3.642 3.642 3.642 3.642 3.642 3.642 3.642 3.642
0.0152 0.01508 8.06000 1.2025926113 2.5072508095    1.202  0.265  3.8032  4.418    0  0.000  0.545     0.00     0.00     0.00     0.00     0.00 -1 -1.38e-13      0.00 7.113e-01 2.735e-01 2.729e-03 7.362e-04 6.678e-03 -1.000 1.518e-02       6355          0          0          0          0      1.122      1.122 4.108 3.970 4.218 3.562 3.970 3.971 3.977 3.971 3.971 3.971 3.971 3.971 3.971 3.971 3.971 3.971 3.971 3.971 3.971 3.971 3.971 3.971 3.971 3.971 3.971 3.971 4.218 4.219 4.226 4.219 4.219 4.219 4.219 4.219 4.219 4.219 4.219 4.219 4.219 4.219 4.219 4.219 4.219 4.219 4.219 4.219 4.219 4.219 3.562 3.564 3.568 3.564 3.564 3.564 3.564 3.564 3.564 3.564 3.564 3.564 3.564 3.564 3.564 3.564 3.564 3.564 3.564 3.564 3.564 3.564
0.0152 0.01508 8.06000 1.2218518257 2.5098405951    1.220  0.297  3.8066  4.406    1  0.000  0.545     0.00     0.00     0.00     0.00     0.00 -1 -1.49e-13      0.00 7.116e-01 2.732e-01 2.726e-03 7.357e-04 6.673e-03 -1.000 1.517e-02       6406          0          0          0          0      1.146      1.146 4.028 3.890 4.132 3.490 3.890 3.892 3.897 3.892 3.892 3.892 3.892 3.892 3.892 3.892 3.892 3.892 3.892 3.892 3.892 3.892 3.892 3.892 3.892 3.892 3.892 3.892 4.132 4.133 4.140 4.133 4.133 4.133 4.133 4.133 4.133 4.133 4.133 4.133 4.133 4.133 4.133 4.133 4.133 4.133 4.133 4.133 4.133 4.133 3.490 3.492 3.496 3.492 3.492 3.492 3.492 3.492 3.492 3.492 3.492 3.492 3.492 3.492 3.492 3.492 3.492 3.492 3.492 3.492 3.492 3.492
0.0152 0.01508 8.06000 1.2411112785 2.5123381962    1.241  0.331  3.8104  4.394    0  0.000  0.545     0.00     0.00     0.00     0.00     0.00 -1 -1.63e-13      0.00 7.120e-01 2.729e-01 2.724e-03 7.349e-04 6.666e-03 -1.000 1.515e-02       6462          0          0          0          0      1.172      1.172 3.942 3.804 4.039 3.412 3.804 3.806 3.811 3.806 3.806 3.806 3.806 3.806 3.806 3.806 3.806 3.806 3.806 3.806 3.806 3.806 3.806 3.806 3.806 3.806 3.806 3.806 4.039 4.041 4.048 4.041 4.041 4.041 4.041 4.041 4.041 4.041 4.041 4.041 4.041 4.041 4.041 4.041 4.041 4.041 4.041 4.041 4.041 4.041 3.412 3.414 3.418 3.414 3.414 3.414 3.414 3.414 3.414 3.414 3.414 3.414 3.414 3.414 3.414 3.414 3.414 3.414 3.414 3.414 3.414 3.414
0.0152 0.01508 8.06000 1.2603704929 2.5147481902    1.259  0.362  3.8137  4.383    0  0.000  0.545     0.00     0.00     0.00     0.00     0.00 -1 -1.76e-13      0.00 7.124e-01 2.725e-01 2.721e-03 7.342e-04 6.660e-03 -1.000 1.514e-02       6510          0          0          0          0      1.196      1.196 3.865 3.727 3.956 3.342 3.727 3.729 3.735 3.729 3.729 3.729 3.729 3.729 3.729 3.729 3.729 3.729 3.729 3.729 3.729 3.729 3.729 3.729 3.729 3.729 3.729 3.729 3.956 3.958 3.965 3.958 3.958 3.958 3.958 3.958 3.958 3.958 3.958 3.958 3.958 3.958 3.958 3.958 3.958 3.958 3.958 3.958 3.958 3.958 3.342 3.344 3.348 3.344 3.344 3.344 3.344 3.344 3.344 3.344 3.344 3.344 3.344 3.344 3.344 3.344 3.344 3.344 3.344 3.344 3.344 3.344
0.0152 0.01508 8.06000 1.2796297073 2.5170749484    1.279  0.394  3.8174  4.373    1  0.000  0.545     0.00     0.00     0.00     0.00     0.00 -1  -1.9e-13      0.00 7.130e-01 2.719e-01 2.717e-03 7.331e-04 6.651e-03 -1.000 1.512e-02       6566          0          0          0          0      1.219      1.219 3.786 3.649 3.872 3.272 3.649 3.651 3.656 3.651 3.651 3.651 3.651 3.651 3.651 3.651 3.651 3.651 3.651 3.651 3.651 3.651 3.651 3.651 3.651 3.651 3.651 3.651 3.872 3.874 3.880 3.874 3.874 3.874 3.874 3.874 3.874 3.874 3.874 3.874 3.874 3.874 3.874 3.874 3.874 3.874 3.874 3.874 3.874 3.874 3.272 3.274 3.278 3.274 3.274 3.274 3.274 3.274 3.274 3.274 3.274 3.274 3.274 3.274 3.274 3.274 3.274 3.274 3.274 3.274 3.274 3.274
0.0152 0.01508 8.06000 1.2988889217 2.5193225344    1.299  0.425  3.8209  4.362    0  0.000  0.545     0.00     0.00     0.00     0.00     0.00 -1 -2.05e-13      0.00 7.134e-01 2.715e-01 2.716e-03 7.329e-04 6.648e-03 -1.000 1.511e-02       6619          0          0          0          0      1.245      1.245 3.707 3.570 3.787 3.201 3.570 3.572 3.578 3.572 3.572 3.572 3.572 3.572 3.572 3.572 3.572 3.572 3.572 3.572 3.572 3.572 3.572 3.572 3.572 3.572 3.572 3.572 3.787 3.789 3.796 3.789 3.789 3.789 3.789 3.789 3.789 3.789 3.789 3.789 3.789 3.789 3.789 3.789 3.789 3.789 3.789 3.789 3.789 3.789 3.201 3.203 3.207 3.203 3.203 3.203 3.203 3.203 3.203 3.203 3.203 3.203 3.203 3.203 3.203 3.203 3.203 3.203 3.203 3.203 3.203 3.203
0.0152 0.01508 8.06000 1.3181481361 2.5214947570    1.318  0.456  3.8244  4.352    0  0.000  0.544     0.00     0.00     0.00     0.00     0.00 -1 -2.21e-13      0.00 7.137e-01 2.712e-01 2.715e-03 7.328e-04 6.649e-03 -1.000 1.511e-02       6673          0          0          0          0      1.268      1.268 3.630 3.495 3.706 3.133 3.495 3.497 3.502 3.497 3.497 3.497 3.497 3.497 3.497 3.497 3.497 3.497 3.497 3.497 3.497 3.497 3.497 3.497 3.497 3.497 3.497 3.497 3.706 3.708 3.714 3.708 3.708 3.708 3.708 3.708 3.708 3.708 3.708 3.708 3.708 3.708 3.708 3.708 3.708 3.708 3.708 3.708 3.708 3.708 3.133 3.136 3.139 3.136 3.136 3.136 3.136 3.136 3.136 3.136 3.136 3.136 3.136 3.136 3.136 3.136 3.136 3.136 3.136 3.136 3.136 3.136
0.0152 0.01508 8.06000 1.3374075890 2.5235952155    1.338  0.485  3.8279  4.342    0  0.000  0.544     0.00     0.00     0.00     0.00     0.00 -1 -2.37e-13      0.00 7.141e-01 2.708e-01 2.712e-03 7.318e-04 6.640e-03 -1.000 1.509e-02       6727          0          0          0          0      1.291      1.291 3.556 3.422 3.626 3.068 3.422 3.424 3.429 3.424 3.424 3.424 3.424 3.424 3.424 3.424 3.424 3.424 3.424 3.424 3.424 3.424 3.424 3.424 3.424 3.424 3.424 3.424 3.626 3.628 3.635 3.628 3.628 3.628 3.628 3.628 3.628 3.628 3.628 3.628 3.628 3.628 3.628 3.628 3.628 3.628 3.628 3.628 3.628 3.628 3.068 3.070 3.074 3.070 3.070 3.070 3.070 3.070 3.070 3.070 3.070 3.070 3.070 3.070 3.070 3.070 3.070 3.070 3.070 3.070 3.070 3.070
0.0152 0.01508 8.06000 1.3566668034 2.5256272137    1.357  0.515  3.8315  4.334    0  0.000  0.544     0.00     0.00     0.00     0.00     0.00 -1 -2.54e-13      0.00 7.144e-01 2.705e-01 2.710e-03 7.315e-04 6.637e-03 -1.000 1.509e-02       6784          0          0          0          0      1.313      1.313 3.484 3.350 3.548 3.004 3.350 3.352 3.357 3.352 3.352 3.352 3.352 3.352 3.352 3.352 3.352 3.352 3.352 3.352 3.352 3.352 3.352 3.352 3.352 3.352 3.352 3.352 3.548 3.551 3.557 3.551 3.551 3.551 3.551 3.551 3.551 3.551 3.551 3.551 3.551 3.551 3.551 3.551 3.551 3.551 3.551 3.551 3.551 3.551 3.004 3.006 3.010 3.006 3.006 3.006 3.006 3.006 3.006 3.006 3.006 3.006 3.006 3.006 3.006 3.006 3.006 3.006 3.006 3.006 3.006 3.006
0.0152 0.01508 8.06000 1.3759260178 2.5275939325    1.376  0.543  3.8352  4.326    0  0.000  0.544     0.00     0.00     0.00     0.00     0.00 -1 -2.73e-13      0.00 7.148e-01 2.702e-01 2.705e-03 7.303e-04 6.626e-03 -1.000 1.506e-02       6842          0          0          0          0      1.334      1.334 3.412 3.279 3.472 2.942 3.279 3.281 3.287 3.281 3.281 3.281 3.281 3.281 3.281 3.281 3.281 3.281 3.281 3.281 3.281 3.281 3.281 3.281 3.281 3.281 3.281 3.281 3.472 3.474 3.480 3.474 3.474 3.474 3.474 3.474 3.474 3.474 3.474 3.474 3.474 3.474 3.474 3.474 3.474 3.474 3.474 3.474 3.474 3.474 2.942 2.944 2.948 2.944 2.944 2.944 2.944 2.944 2.944 2.944 2.944 2.944 2.944 2.944 2.944 2.944 2.944 2.944 2.944 2.944 2.944 2.944
0.0152 0.01508 8.06000 1.3951852322 2.5294983392    1.395  0.571  3.8390  4.319    0  0.000  0.544     0.00     0.00     0.00     0.00     0.00 -1 -2.91e-13      0.00 7.150e-01 2.699e-01 2.702e-03 7.293e-04 6.617e-03 -1.000 1.504e-02       6902          0          0          0          0      1.354      1.354 3.342 3.210 3.397 2.882 3.210 3.212 3.218 3.212 3.212 3.212 3.212 3.212 3.212 3.212 3.212 3.212 3.212 3.212 3.212 3.212 3.212 3.212 3.212 3.212 3.212 3.212 3.397 3.399 3.405 3.399 3.399 3.399 3.399 3.399 3.399 3.399 3.399 3.399 3.399 3.399 3.399 3.399 3.399 3.399 3.399 3.399 3.399 3.399 2.882 2.884 2.888 2.884 2.884 2.884 2.884 2.884 2.884 2.884 2.884 2.884 2.884 2.884 2.884 2.884 2.884 2.884 2.884 2.884 2.884 2.884
0.0152 0.01508 8.06000 1.4144444466 2.5313432281    1.415  0.599  3.8427  4.313    0  0.000  0.545     0.00     0.00     0.00     0.00     0.00 -1  -3.1e-13      0.00 7.146e-01 2.703e-01 2.704e-03 7.299e-04 6.622e-03 -1.000 1.505e-02       6961          0          0          0          0      1.374      1.374 3.273 3.143 3.323 2.824 3.143 3.145 3.151 3.145 3.145 3.145 3.145 3.145 3.145 3.145 3.145 3.145 3.145 3.145 3.145 3.145 3.145 3.145 3.145 3.145 3.145 3.145 3.323 3.325 3.332 3.325 3.325 3.325 3.325 3.325 3.325 3.325 3.325 3.325 3.325 3.325 3.325 3.325 3.325 3.325 3.325 3.325 3.325 3.325 2.824 2.826 2.830 2.826 2.826 2.826 2.826 2.826 2.826 2.826 2.826 2.826 2.826 2.826 2.826 2.826 2.826 2.826 2.826 2.826 2.826 2.826
0.0152 0.01508 8.06000 1.4337038994 2.5331312540    1.434  0.626  3.8469  4.308    0  0.000  0.545     0.00     0.00     0.00     0.00     0.00 -1  -3.3e-13      0.00 7.149e-01 2.701e-01 2.702e-03 7.294e-04 6.617e-03 -1.000 1.504e-02       7028          0          0          0          0      1.391      1.391 3.206 3.078 3.251 2.769 3.078 3.079 3.085 3.079 3.079 3.079 3.079 3.079 3.079 3.079 3.079 3.079 3.079 3.079 3.079 3.079 3.079 3.079 3.079 3.079 3.079 3.079 3.251 3.252 3.259 3.252 3.252 3.252 3.252 3.252 3.252 3.252 3.252 3.252 3.252 3.252 3.252 3.252 3.252 3.252 3.252 3.252 3.252 3.252 2.769 2.771 2.774 2.771 2.771 2.771 2.771 2.771 2.771 2.771 2.771 2.771 2.771 2.771 2.771 2.771 2.771 2.771 2.771 2.771 2.771 2.771
0.0152 0.01508 8.06000 1.4529631138 2.5348648559    1.453  0.652  3.8510  4.304    0  0.000  0.545     0.00     0.00     0.00     0.00     0.00 -1  -3.5e-13      0.00 7.147e-01 2.702e-01 2.704e-03 7.297e-04 6.620e-03 -1.000 1.505e-02       7095          0          0          0          0      1.407      1.407 3.139 3.013 3.179 2.714 3.013 3.014 3.019 3.014 3.014 3.014 3.014 3.014 3.014 3.014 3.014 3.014 3.014 3.014 3.014 3.014 3.014 3.014 3.014 3.014 3.014 3.014 3.179 3.180 3.187 3.180 3.180 3.180 3.180 3.180 3.180 3.180 3.180 3.180 3.180 3.180 3.180 3.180 3.180 3.180 3.180 3.180 3.180 3.180 2.714 2.716 2.719 2.716 2.716 2.716 2.716 2.716 2.716 2.716 2.716 2.716 2.716 2.716 2.716 2.716 2.716 2.716 2.716 2.716 2.716 2.716
0.0152 0.01508 8.06000 1.4722223282 2.5365464000    1.472  0.678  3.8556  4.302    0  0.000  0.545     0.00     0.00     0.00     0.00     0.00 -1  -3.7e-13      0.00 7.140e-01 2.709e-01 2.709e-03 7.310e-04 6.632e-03 -1.000 1.508e-02       7172          0          0          0          0      1.419      1.419 3.074 2.950 3.109 2.663 2.950 2.952 2.957 2.952 2.952 2.952 2.952 2.952 2.952 2.952 2.952 2.952 2.952 2.952 2.952 2.952 2.952 2.952 2.952 2.952 2.952 2.952 3.109 3.110 3.116 3.110 3.110 3.110 3.110 3.110 3.110 3.110 3.110 3.110 3.110 3.110 3.110 3.110 3.110 3.110 3.110 3.110 3.110 3.110 2.663 2.665 2.668 2.665 2.665 2.665 2.665 2.665 2.665 2.665 2.665 2.665 2.665 2.665 2.665 2.665 2.665 2.665 2.665 2.665 2.665 2.665
0.0152 0.01508 8.06000 1.5685186386 2.5442466878    1.568  0.801  3.8809  4.307    0  0.000  0.545     0.00     0.00     0.00     0.00     0.00 -1 -4.73e-13      0.00 7.092e-01 2.756e-01 2.746e-03 7.408e-04 6.719e-03 -1.000 1.527e-02       7604          0          0          0          0      1.456      1.456 2.766 2.660 2.777 2.440 2.660 2.660 2.665 2.660 2.660 2.660 2.660 2.660 2.660 2.660 2.660 2.660 2.660 2.660 2.660 2.660 2.660 2.660 2.660 2.660 2.660 2.660 2.777 2.777 2.783 2.777 2.777 2.777 2.777 2.777 2.777 2.777 2.777 2.777 2.777 2.777 2.777 2.777 2.777 2.777 2.777 2.777 2.777 2.777 2.440 2.440 2.443 2.440 2.440 2.440 2.440 2.440 2.440 2.440 2.440 2.440 2.440 2.440 2.440 2.440 2.440 2.440 2.440 2.440 2.440 2.440
0.0152 0.01508 8.06000 1.6648149490 2.5509316616    1.663  0.915  3.9050  4.316    0  0.000  0.545     0.00     0.00     0.00     0.00     0.00 -1 -5.91e-13      0.00 7.092e-01 2.756e-01 2.746e-03 7.408e-04 6.719e-03 -1.000 1.527e-02       8037          0          0          0          0      1.485      1.485 2.482 2.400 2.481 2.246 2.400 2.400 2.404 2.400 2.400 2.400 2.400 2.400 2.400 2.400 2.400 2.400 2.400 2.400 2.400 2.400 2.400 2.400 2.400 2.400 2.400 2.400 2.481 2.481 2.487 2.481 2.481 2.481 2.481 2.481 2.481 2.481 2.481 2.481 2.481 2.481 2.481 2.481 2.481 2.481 2.481 2.481 2.481 2.481 2.246 2.247 2.249 2.247 2.247 2.247 2.247 2.247 2.247 2.247 2.247 2.247 2.247 2.247 2.247 2.247 2.247 2.247 2.247 2.247 2.247 2.247
0.0152 0.01508 8.06000 1.7611110210 2.5567829591    1.759  1.019  3.9265  4.322    1  0.000  0.545     0.00     0.00     0.00     0.00     0.00 -1 -7.24e-13      0.00 7.092e-01 2.756e-01 2.746e-03 7.408e-04 6.719e-03 -1.000 1.527e-02       8446          0          0          0          0      1.516      1.516 2.222 2.174 2.227 2.073 2.174 2.176 2.180 2.176 2.176 2.176 2.176 2.176 2.176 2.176 2.176 2.176 2.176 2.176 2.176 2.176 2.176 2.176 2.176 2.176 2.176 2.176 2.227 2.228 2.233 2.228 2.228 2.228 2.228 2.228 2.228 2.228 2.228 2.228 2.228 2.228 2.228 2.228 2.228 2.228 2.228 2.228 2.228 2.228 2.073 2.075 2.077 2.075 2.075 2.075 2.075 2.075 2.075 2.075 2.075 2.075 2.075 2.075 2.075 2.075 2.075 2.075 2.075 2.075 2.075 2.075
0.0152 0.01508 8.06000 1.8110629320 2.5595379064    1.808  1.070  3.9365  4.323    0  0.000  0.545     0.00     0.00     0.00     0.00     0.00 -1 -8.01e-13      0.00 7.092e-01 2.756e-01 2.746e-03 7.408e-04 6.719e-03 -1.000 1.527e-02       8643          0          0          0          0      1.536      1.536 2.094 2.070 2.111 1.992 2.070 2.072 2.076 2.072 2.072 2.072 2.072 2.072 2.072 2.072 2.072 2.072 2.072 2.072 2.072 2.072 2.072 2.072 2.072 2.072 2.072 2.072 2.111 2.113 2.117 2.113 2.113 2.113 2.113 2.113 2.113 2.113 2.113 2.113 2.113 2.113 2.113 2.113 2.113 2.113 2.113 2.113 2.113 2.113 1.992 1.994 1.996 1.994 1.994 1.994 1.994 1.994 1.994 1.994 1.994 1.994 1.994 1.994 1.994 1.994 1.994 1.994 1.994 1.994 1.994 1.994
0.0152 0.01508 8.06000 1.8574073315 2.5619420929    1.855  1.116  3.9453  4.323    1  0.000  0.545     0.00     0.00     0.00     0.00     0.00 -1 -8.79e-13      0.00 7.092e-01 2.756e-01 2.746e-03 7.408e-04 6.719e-03 -1.000 1.527e-02       8819          0          0          0          0      1.555      1.555 1.979 1.980 2.012 1.919 1.980 1.982 1.986 1.982 1.982 1.982 1.982 1.982 1.982 1.982 1.982 1.982 1.982 1.982 1.982 1.982 1.982 1.982 1.982 1.982 1.982 1.982 2.012 2.013 2.018 2.013 2.013 2.013 2.013 2.013 2.013 2.013 2.013 2.013 2.013 2.013 2.013 2.013 2.013 2.013 2.013 2.013 2.013 2.013 1.919 1.921 1.924 1.921 1.921 1.921 1.921 1.921 1.921 1.921 1.921 1.921 1.921 1.921 1.921 1.921 1.921 1.921 1.921 1.921 1.921 1.921
0.0152 0.01508 8.06000 1.9537036419 2.5665207758    1.952  1.207  3.9625  4.324    1  0.000  0.545     0.00     0.00     0.00     0.00     0.00 -1 -1.05e-12      0.00 7.092e-01 2.756e-01 2.746e-03 7.408e-04 6.719e-03 -1.000 1.527e-02       9174          0          0          0          0      1.595      1.595 1.753 1.811 1.827 1.781 1.811 1.813 1.816 1.813 1.813 1.813 1.813 1.813 1.813 1.813 1.813 1.813 1.813 1.813 1.813 1.813 1.813 1.813 1.813 1.813 1.813 1.813 1.827 1.828 1.831 1.828 1.828 1.828 1.828 1.828 1.828 1.828 1.828 1.828 1.828 1.828 1.828 1.828 1.828 1.828 1.828 1.828 1.828 1.828 1.781 1.782 1.784 1.782 1.782 1.782 1.782 1.782 1.782 1.782 1.782 1.782 1.782 1.782 1.782 1.782 1.782 1.782 1.782 1.782 1.782 1.782
0.0152 0.01508 8.06000 2.0018517971 2.5686210819    2.002  1.251  3.9705  4.323    1  0.000  0.545     0.00     0.00     0.00     0.00     0.00 -1 -1.15e-12      0.00 7.092e-01 2.756e-01 2.746e-03 7.408e-04 6.719e-03 -1.000 1.527e-02       9343          0          0          0          0      1.616      1.616 1.644 1.733 1.741 1.714 1.733 1.733 1.736 1.733 1.733 1.733 1.733 1.733 1.733 1.733 1.733 1.733 1.733 1.733 1.733 1.733 1.733 1.733 1.733 1.733 1.733 1.733 1.741 1.741 1.745 1.741 1.741 1.741 1.741 1.741 1.741 1.741 1.741 1.741 1.741 1.741 1.741 1.741 1.741 1.741 1.741 1.741 1.741 1.741 1.714 1.714 1.717 1.715 1.714 1.714 1.714 1.714 1.714 1.714 1.714 1.714 1.714 1.714 1.714 1.714 1.714 1.714 1.714 1.714 1.714 1.714
0.0152 0.01508 8.06000 2.0499999523 2.5706083333    2.049  1.292  3.9778  4.321    1  0.000  0.545     0.00     0.00     0.00     0.00     0.00 -1 -1.26e-12      0.00 7.092e-01 2.756e-01 2.746e-03 7.408e-04 6.719e-03 -1.000 1.527e-02       9502          0          0          0          0      1.639      1.639 1.539 1.658 1.661 1.650 1.658 1.658 1.661 1.658 1.658 1.658 1.658 1.658 1.658 1.658 1.658 1.658 1.658 1.658 1.658 1.658 1.658 1.658 1.658 1.658 1.658 1.658 1.661 1.661 1.664 1.661 1.661 1.661 1.661 1.661 1.661 1.661 1.661 1.661 1.661 1.661 1.661 1.661 1.661 1.661 1.661 1.661 1.661 1.661 1.650 1.650 1.652 1.650 1.650 1.650 1.650 1.650 1.650 1.650 1.650 1.650 1.650 1.650 1.650 1.650 1.650 1.650 1.650 1.650 1.650 1.650
0.0152 0.01508 8.06000 2.0999999046 2.5725614918    2.098  1.335  3.9851  4.317    1  0.000  0.545     0.00     0.00     0.00     0.00     0.00 -1 -1.38e-12      0.00 7.092e-01 2.756e-01 2.746e-03 7.408e-04 6.719e-03 -1.000 1.527e-02       9662          0          0          0          0      1.666      1.666 1.432 1.581 1.578 1.582 1.581 1.581 1.584 1.581 1.581 1.581 1.581 1.581 1.581 1.581 1.581 1.581 1.581 1.581 1.581 1.581 1.581 1.581 1.581 1.581 1.581 1.581 1.578 1.578 1.581 1.578 1.578 1.578 1.578 1.578 1.578 1.578 1.578 1.578 1.578 1.578 1.578 1.578 1.578 1.578 1.578 1.578 1.578 1.578 1.582 1.582 1.584 1.582 1.582 1.582 1.582 1.582 1.582 1.582 1.582 1.582 1.582 1.582 1.582 1.582 1.582 1.582 1.582 1.582 1.582 1.582
0.0152 0.01508 8.06000 2.1500000954 2.5744105556    2.148  1.377  3.9920  4.313    1  0.000  0.545     0.00     0.00     0.00     0.00     0.00 -1  -1.5e-12      0.00 7.092e-01 2.756e-01 2.746e-03 7.408e-04 6.719e-03 -1.000 1.527e-02       9817          0          0          0          0      1.694      1.694 1.327 1.506 1.498 1.516 1.506 1.506 1.509 1.506 1.506 1.506 1.506 1.506 1.506 1.506 1.506 1.506 1.506 1.506 1.506 1.506 1.506 1.506 1.506 1.506 1.506 1.506 1.498 1.499 1.502 1.499 1.499 1.499 1.499 1.499 1.499 1.499 1.499 1.499 1.499 1.499 1.499 1.499 1.499 1.499 1.499 1.499 1.499 1.499 1.516 1.516 1.518 1.516 1.516 1.516 1.516 1.516 1.516 1.516 1.516 1.516 1.516 1.516 1.516 1.516 1.516 1.516 1.516 1.516 1.516 1.516
0.0152 0.01508 8.06000 2.2000000477 2.5761632879    2.198  1.419  3.9988  4.308    1  0.000  0.545     0.00     0.00     0.00     0.00     0.00 -1 -8.81e-17      0.00 7.092e-01 2.756e-01 2.746e-03 7.408e-04 6.719e-03 -1.000 1.527e-02       9972          0          0          0          0      1.723      1.723 1.223 1.432 1.420 1.450 1.432 1.432 1.435 1.432 1.432 1.432 1.432 1.432 1.432 1.432 1.432 1.432 1.432 1.432 1.432 1.432 1.432 1.432 1.432 1.432 1.432 1.432 1.420 1.420 1.423 1.420 1.420 1.420 1.420 1.420 1.420 1.420 1.420 1.420 1.420 1.420 1.420 1.420 1.420 1.420 1.420 1.420 1.420 1.420 1.450 1.450 1.452 1.450 1.450 1.450 1.450 1.450 1.450 1.450 1.450 1.450 1.450 1.450 1.450 1.450 1.450 1.450 1.450 1.450 1.450 1.450
0.0152 0.01508 8.06000 2.2271368504 2.5770767600    2.225  1.440  4.0023  4.306    1  0.000  0.545     0.00     0.00     0.00     0.00     0.00 -1 -3.71e-16      0.00 7.092e-01 2.756e-01 2.746e-03 7.408e-04 6.719e-03 -1.000 1.527e-02  1.005e+04          0          0          0          0      1.738      1.738 1.169 1.395 1.380 1.416 1.395 1.395 1.517 1.395 1.395 1.395 1.395 1.395 1.395 1.395 1.395 1.395 1.395 1.395 1.395 1.395 1.395 1.395 1.395 1.395 1.395 1.395 1.380 1.380 1.528 1.380 1.380 1.380 1.380 1.380 1.380 1.380 1.380 1.380 1.380 1.380 1.380 1.380 1.380 1.380 1.380 1.380 1.380 1.380 1.416 1.416 1.514 1.416 1.416 1.416 1.416 1.416 1.416 1.416 1.416 1.416 1.416 1.416 1.416 1.416 1.416 1.416 1.416 1.416 1.416 1.416
0.0152 0.01508 8.06000 2.4000000954 2.5823423892    2.398  1.573  4.0231  4.289    1  0.000  0.545     0.00     0.00     0.00     0.00     0.00 -1 -1.18e-13      0.00 7.092e-01 2.756e-01 2.746e-03 7.408e-04 6.719e-03 -1.000 1.527e-02  1.055e+04          0          0          0          0      1.839      1.839 0.837 1.159 1.132 1.199 1.159 1.160 1.205 1.160 1.160 1.160 1.160 1.160 1.160 1.160 1.160 1.160 1.160 1.160 1.160 1.160 1.160 1.160 1.160 1.160 1.160 1.160 1.132 1.133 1.187 1.133 1.133 1.133 1.133 1.133 1.133 1.133 1.133 1.133 1.133 1.133 1.133 1.133 1.133 1.133 1.133 1.133 1.133 1.133 1.199 1.201 1.237 1.201 1.201 1.201 1.201 1.201 1.201 1.201 1.201 1.201 1.201 1.201 1.201 1.201 1.201 1.201 1.201 1.201 1.201 1.201
0.0152 0.01508 8.06000 2.5999999046 2.5874412955    2.600  1.718  4.0451  4.267    1  0.000  0.545     0.00     0.00     0.00     0.00     0.00 -1 -2.44e-13      0.00 7.092e-01 2.756e-01 2.746e-03 7.408e-04 6.719e-03 -1.000 1.527e-02   1.11e+04          0          0          0          0      1.964      1.964 0.474 0.905 0.866 0.963 0.905 0.906 0.908 0.906 0.906 0.906 0.906 0.906 0.906 0.906 0.906 0.906 0.906 0.906 0.906 0.906 0.906 0.906 0.906 0.906 0.906 0.906 0.866 0.867 0.869 0.867 0.867 0.867 0.867 0.867 0.867 0.867 0.867 0.867 0.867 0.867 0.867 0.867 0.867 0.867 0.867 0.867 0.867 0.867 0.963 0.964 0.966 0.964 0.964 0.964 0.964 0.964 0.964 0.964 0.964 0.964 0.964 0.964 0.964 0.964 0.964 0.964 0.964 0.964 0.964 0.964
0.0152 0.01508 8.06000 2.6633594036 2.5888740941    2.664  1.762  4.0516  4.260    1  0.000  0.545     0.00     0.00     0.00     0.00     0.00 -1 -3.36e-13      0.00 7.092e-01 2.756e-01 2.746e-03 7.408e-04 6.719e-03 -1.000 1.527e-02  1.126e+04          0          0          0          0      2.005      2.005 0.365 0.829 0.786 0.892 0.829 0.830 0.832 0.830 0.830 0.830 0.830 0.830 0.830 0.830 0.830 0.830 0.830 0.830 0.830 0.830 0.830 0.830 0.830 0.830 0.830 0.830 0.786 0.787 0.790 0.787 0.787 0.787 0.787 0.787 0.787 0.787 0.787 0.787 0.787 0.787 0.787 0.787 0.787 0.787 0.787 0.787 0.787 0.787 0.892 0.892 0.894 0.892 0.892 0.892 0.892 0.892 0.892 0.892 0.892 0.892 0.892 0.892 0.892 0.892 0.892 0.892 0.892 0.892 0.892 0.892
0.0152 0.01508 8.06000 2.8000001907 2.5917117867    2.801  1.854  4.0648  4.242    1  0.000  0.545     0.00     0.00     0.00     0.00     0.00 -1 -5.34e-13      0.00 7.092e-01 2.756e-01 2.746e-03 7.408e-04 6.719e-03 -1.000 1.527e-02  1.161e+04          0          0          0          0      2.098      2.098 0.135 0.665 0.616 0.736 0.665 0.665 0.668 0.665 0.665 0.665 0.665 0.665 0.665 0.665 0.665 0.665 0.665 0.665 0.665 0.665 0.665 0.665 0.665 0.665 0.665 0.665 0.616 0.616 0.619 0.616 0.616 0.616 0.616 0.616 0.616 0.616 0.616 0.616 0.616 0.616 0.616 0.616 0.616 0.616 0.616 0.616 0.616 0.616 0.736 0.736 0.738 0.736 0.736 0.736 0.736 0.736 0.736 0.736 0.736 0.736 0.736 0.736 0.736 0.736 0.736 0.736 0.736 0.736 0.736 0.736
0.0152 0.01508 8.06000 3.0000000000 2.5953341962    3.000  1.984  4.0823  4.213    1  0.000  0.545     0.00     0.00     0.00     0.00     0.00 -1 -7.65e-13      0.00 7.092e-01 2.756e-01 2.746e-03 7.408e-04 6.719e-03 -1.000 1.527e-02  1.209e+04          0          0          0          0      2.249      2.249 -0.189 0.433 0.375 0.515 0.433 0.433 0.435 0.433 0.433 0.433 0.433 0.433 0.433 0.433 0.433 0.433 0.433 0.433 0.433 0.433 0.433 0.433 0.433 0.433 0.433 0.433 0.375 0.375 0.377 0.375 0.375 0.375 0.375 0.375 0.375 0.375 0.375 0.375 0.375 0.375 0.375 0.375 0.375 0.375 0.375 0.375 0.375 0.375 0.515 0.514 0.516 0.514 0.514 0.514 0.514 0.514 0.514 0.514 0.514 0.514 0.514 0.514 0.514 0.514 0.514 0.514 0.514 0.514 0.514 0.514
0.0152 0.01508 8.06000 3.1657021046 2.5979401329    3.165  2.086  4.0955  4.187    1  0.000  0.545     0.00     0.00     0.00     0.00     0.00 -1 -1.59e-12      0.00 7.092e-01 2.756e-01 2.746e-03 7.408e-04 6.719e-03 -1.000 1.527e-02  1.246e+04          0          0          0          0      2.379      2.379 -0.444 0.249 0.185 0.338 0.249 0.249 0.251 0.249 0.249 0.249 0.249 0.249 0.249 0.249 0.249 0.249 0.249 0.249 0.249 0.249 0.249 0.249 0.249 0.249 0.249 0.249 0.185 0.185 0.187 0.185 0.185 0.185 0.185 0.185 0.185 0.185 0.185 0.185 0.185 0.185 0.185 0.185 0.185 0.185 0.185 0.185 0.185 0.185 0.338 0.338 0.340 0.338 0.338 0.338 0.338 0.338 0.338 0.338 0.338 0.338 0.338 0.338 0.338 0.338 0.338 0.338 0.338 0.338 0.338 0.338
0.0152 0.01508 8.06000 3.2000000477 2.5984409005    3.199  2.106  4.0981  4.181    1  0.000  0.545     0.00     0.00     0.00     0.00     0.00 -1 -1.75e-12      0.00 7.092e-01 2.756e-01 2.746e-03 7.408e-04 6.719e-03 -1.000 1.527e-02  1.254e+04          0          0          0          0      2.407      2.407 -0.496 0.211 0.145 0.301 0.211 0.211 0.213 0.211 0.211 0.211 0.211 0.211 0.211 0.211 0.211 0.211 0.211 0.211 0.211 0.211 0.211 0.211 0.211 0.211 0.211 0.211 0.145 0.145 0.147 0.145 0.145 0.145 0.145 0.145 0.145 0.145 0.145 0.145 0.145 0.145 0.145 0.145 0.145 0.145 0.145 0.145 0.145 0.145 0.301 0.301 0.303 0.301 0.301 0.301 0.301 0.301 0.301 0.301 0.301 0.301 0.301 0.301 0.301 0.301 0.301 0.301 0.301 0.301 0.301 0.301
0.0152 0.01508 8.06000 3.2295582294 2.5988626664    3.228  2.124  4.1003  4.176    1  0.000  0.545     0.00     0.00     0.00     0.00     0.00 -1  -1.9e-12      0.00 7.092e-01 2.756e-01 2.746e-03 7.408e-04 6.719e-03 -1.000 1.527e-02   1.26e+04          0          0          0          0      2.431      2.431 -0.540 0.179 0.112 0.270 0.179 0.179 0.181 0.179 0.179 0.179 0.179 0.179 0.179 0.179 0.179 0.179 0.179 0.179 0.179 0.179 0.179 0.179 0.179 0.179 0.179 0.179 0.112 0.112 0.114 0.112 0.112 0.112 0.112 0.112 0.112 0.112 0.112 0.112 0.112 0.112 0.112 0.112 0.112 0.112 0.112 0.112 0.112 0.112 0.270 0.270 0.272 0.270 0.270 0.270 0.270 0.270 0.270 0.270 0.270 0.270 0.270 0.270 0.270 0.270 0.270 0.270 0.270 0.270 0.270 0.270
0.0152 0.01508 8.06000 3.4000000954 2.6011310876    3.397  2.225  4.1117  4.143    1  0.000  0.545     0.00     0.00     0.00     0.00     0.00 -1 -3.05e-12      0.00 7.092e-01 2.756e-01 2.746e-03 7.408e-04 6.719e-03 -1.000 1.527e-02  1.293e+04          0          0          0          0      2.593      2.593 -0.793 -0.012 -0.085 0.085 -0.012 -0.013 -0.011 -0.013 -0.013 -0.013 -0.013 -0.013 -0.013 -0.013 -0.013 -0.013 -0.013 -0.013 -0.013 -0.013 -0.013 -0.013 -0.013 -0.013 -0.013 -0.013 -0.085 -0.085 -0.083 -0.085 -0.085 -0.085 -0.085 -0.085 -0.085 -0.085 -0.085 -0.085 -0.085 -0.085 -0.085 -0.085 -0.085 -0.085 -0.085 -0.085 -0.085 -0.085 0.085 0.085 0.087 0.085 0.085 0.085 0.085 0.085 0.085 0.085 0.085 0.085 0.085 0.085 0.085 0.085 0.085 0.085 0.085 0.085 0.085 0.085
0.0152 0.01508 8.06000 3.5523900986 2.6029487395    3.548  2.312  4.1211  4.112    1  0.000  0.545     0.00     0.00     0.00     0.00     0.00 -1 -4.59e-12      0.00 7.092e-01 2.756e-01 2.746e-03 7.408e-04 6.719e-03 -1.000 1.527e-02  1.322e+04          0          0          0          0      2.742      2.742 -1.011 -0.178 -0.255 -0.076 -0.178 -0.178 -0.177 -0.178 -0.178 -0.178 -0.178 -0.178 -0.178 -0.178 -0.178 -0.178 -0.178 -0.178 -0.178 -0.178 -0.178 -0.178 -0.178 -0.178 -0.178 -0.178 -0.255 -0.256 -0.253 -0.256 -0.256 -0.256 -0.256 -0.256 -0.256 -0.256 -0.256 -0.256 -0.256 -0.256 -0.256 -0.256 -0.256 -0.256 -0.256 -0.256 -0.256 -0.256 -0.076 -0.076 -0.074 -0.076 -0.076 -0.076 -0.076 -0.076 -0.076 -0.076 -0.076 -0.076 -0.076 -0.076 -0.076 -0.076 -0.076 -0.076 -0.076 -0.076 -0.076 -0.076
0.0152 0.01508 8.06000 3.6000001431 2.6034804607    3.596  2.340  4.1236  4.101    1  0.000  0.545     0.00     0.00     0.00     0.00     0.00 -1 -5.21e-12      0.00 7.092e-01 2.756e-01 2.746e-03 7.408e-04 6.719e-03 -1.000 1.527e-02  1.329e+04          0          0          0          0      2.798      2.798 -1.079 -0.233 -0.311 -0.129 -0.233 -0.233 -0.231 -0.233 -0.233 -0.233 -0.233 -0.233 -0.233 -0.233 -0.233 -0.233 -0.233 -0.233 -0.233 -0.233 -0.233 -0.233 -0.233 -0.233 -0.233 -0.233 -0.311 -0.312 -0.309 -0.312 -0.312 -0.312 -0.312 -0.312 -0.312 -0.312 -0.312 -0.312 -0.312 -0.312 -0.312 -0.312 -0.312 -0.312 -0.312 -0.312 -0.312 -0.312 -0.129 -0.129 -0.128 -0.129 -0.129 -0.129 -0.129 -0.129 -0.129 -0.129 -0.129 -0.129 -0.129 -0.129 -0.129 -0.129 -0.129 -0.129 -0.129 -0.129 -0.129 -0.129
0.0152 0.01508 8.06000 3.7896351814 2.6054467451    3.785  2.448  4.1324  4.050    1  0.000  0.545     0.00     0.00     0.00     0.00     0.00 -1 -8.61e-12      0.00 7.092e-01 2.756e-01 2.746e-03 7.408e-04 6.719e-03 -1.000 1.527e-02  1.356e+04          0          0          0          0      3.047      3.047 -1.349 -0.455 -0.537 -0.346 -0.455 -0.455 -0.453 -0.455 -0.455 -0.455 -0.455 -0.455 -0.455 -0.455 -0.455 -0.455 -0.455 -0.455 -0.455 -0.455 -0.455 -0.455 -0.455 -0.455 -0.455 -0.455 -0.537 -0.537 -0.535 -0.537 -0.537 -0.537 -0.537 -0.537 -0.537 -0.537 -0.537 -0.537 -0.537 -0.537 -0.537 -0.537 -0.537 -0.537 -0.537 -0.537 -0.537 -0.537 -0.346 -0.346 -0.344 -0.346 -0.346 -0.346 -0.346 -0.346 -0.346 -0.346 -0.346 -0.346 -0.346 -0.346 -0.346 -0.346 -0.346 -0.346 -0.346 -0.346 -0.346 -0.346
0.0152 0.01508 8.06000 3.8000001907 2.6055477311    3.796  2.453  4.1328  4.047    1  0.000  0.545     0.00     0.00     0.00     0.00     0.00 -1 -8.85e-12      0.00 7.092e-01 2.756e-01 2.746e-03 7.408e-04 6.719e-03 -1.000 1.527e-02  1.358e+04          0          0          0          0      3.061      3.061 -1.364 -0.467 -0.550 -0.358 -0.467 -0.467 -0.465 -0.467 -0.467 -0.467 -0.467 -0.467 -0.467 -0.467 -0.467 -0.467 -0.467 -0.467 -0.467 -0.467 -0.467 -0.467 -0.467 -0.467 -0.467 -0.467 -0.550 -0.550 -0.548 -0.550 -0.550 -0.550 -0.550 -0.550 -0.550 -0.550 -0.550 -0.550 -0.550 -0.550 -0.550 -0.550 -0.550 -0.550 -0.550 -0.550 -0.550 -0.550 -0.358 -0.358 -0.356 -0.358 -0.358 -0.358 -0.358 -0.358 -0.358 -0.358 -0.358 -0.358 -0.358 -0.358 -0.358 -0.358 -0.358 -0.358 -0.358 -0.358 -0.358 -0.358
0.0152 0.01508 8.06000 3.8139679432 2.6056828206    3.810  2.461  4.1334  4.043    1  0.000  0.545     0.00     0.00     0.00     0.00     0.00 -1 -9.18e-12      0.00 7.092e-01 2.756e-01 2.746e-03 7.408e-04 6.719e-03 -1.000 1.527e-02   1.36e+04          0          0          0          0      3.081      3.081 -1.383 -0.483 -0.566 -0.374 -0.483 -0.483 -0.481 -0.483 -0.483 -0.483 -0.483 -0.483 -0.483 -0.483 -0.483 -0.483 -0.483 -0.483 -0.483 -0.483 -0.483 -0.483 -0.483 -0.483 -0.483 -0.483 -0.566 -0.566 -0.564 -0.566 -0.566 -0.566 -0.566 -0.566 -0.566 -0.566 -0.566 -0.566 -0.566 -0.566 -0.566 -0.566 -0.566 -0.566 -0.566 -0.566 -0.566 -0.566 -0.374 -0.374 -0.372 -0.374 -0.374 -0.374 -0.374 -0.374 -0.374 -0.374 -0.374 -0.374 -0.374 -0.374 -0.374 -0.374 -0.374 -0.374 -0.374 -0.374 -0.374 -0.374
0.0152 0.01508 8.06000 4.0000000000 2.6073790840    4.000  2.566  4.1386  3.981    1  0.000  0.545     0.00     0.00     0.00     0.00     0.00 -1 -1.49e-11      0.00 7.092e-01 2.756e-01 2.746e-03 7.408e-04 6.719e-03 -1.000 1.527e-02  1.376e+04          0          0          0          0      3.394      3.394 -1.644 -0.716 -0.801 -0.604 -0.716 -0.716 -0.714 -0.716 -0.716 -0.716 -0.716 -0.716 -0.716 -0.716 -0.716 -0.716 -0.716 -0.716 -0.716 -0.716 -0.716 -0.716 -0.716 -0.716 -0.716 -0.716 -0.801 -0.801 -0.799 -0.801 -0.801 -0.801 -0.801 -0.801 -0.801 -0.801 -0.801 -0.801 -0.801 -0.801 -0.801 -0.801 -0.801 -0.801 -0.801 -0.801 -0.801 -0.801 -0.604 -0.604 -0.602 -0.604 -0.604 -0.604 -0.604 -0.604 -0.604 -0.604 -0.604 -0.604 -0.604 -0.604 -0.604 -0.604 -0.604 -0.604 -0.604 -0.604 -0.604 -0.604
0.0152 0.01508 8.06000 4.0760154724 2.6080211741    4.074  2.608  4.1404  3.953    1  0.000  0.545     0.00     0.00     0.00     0.00     0.00 -1  -1.8e-11      0.00 7.092e-01 2.756e-01 2.746e-03 7.408e-04 6.719e-03 -1.000 1.527e-02  1.382e+04          0          0          0          0      3.532      3.532 -1.750 -0.812 -0.898 -0.699 -0.812 -0.812 -0.810 -0.812 -0.812 -0.812 -0.812 -0.812 -0.812 -0.812 -0.812 -0.812 -0.812 -0.812 -0.812 -0.812 -0.812 -0.812 -0.812 -0.812 -0.812 -0.812 -0.898 -0.898 -0.896 -0.898 -0.898 -0.898 -0.898 -0.898 -0.898 -0.898 -0.898 -0.898 -0.898 -0.898 -0.898 -0.898 -0.898 -0.898 -0.898 -0.898 -0.898 -0.898 -0.699 -0.699 -0.697 -0.699 -0.699 -0.699 -0.699 -0.699 -0.699 -0.699 -0.699 -0.699 -0.699 -0.699 -0.699 -0.699 -0.699 -0.699 -0.699 -0.699 -0.699 -0.699
0.0152 0.01508 8.06000 4.1999998093 2.6090113217    4.195  2.678  4.1409  3.899    1  0.000  0.545     0.00     0.00     0.00     0.00     0.00 -1 -2.47e-11      0.00 7.092e-01 2.756e-01 2.746e-03 7.408e-04 6.719e-03 -1.000 1.527e-02  1.383e+04          0          0          0          0      3.816      3.816 -1.924 -0.984 -1.071 -0.871 -0.984 -0.984 -0.982 -0.984 -0.984 -0.984 -0.984 -0.984 -0.984 -0.984 -0.984 -0.984 -0.984 -0.984 -0.984 -0.984 -0.984 -0.984 -0.984 -0.984 -0.984 -0.984 -1.071 -1.071 -1.069 -1.071 -1.071 -1.071 -1.071 -1.071 -1.071 -1.071 -1.071 -1.071 -1.071 -1.071 -1.071 -1.071 -1.071 -1.071 -1.071 -1.071 -1.071 -1.071 -0.871 -0.871 -0.869 -0.871 -0.871 -0.871 -0.871 -0.871 -0.871 -0.871 -0.871 -0.871 -0.871 -0.871 -0.871 -0.871 -0.871 -0.871 -0.871 -0.871 -0.871 -0.871
0.0152 0.01508 8.06000 4.2116937637 2.6091012568    4.206  2.684  4.1409  3.893    1  0.000  0.545     0.00     0.00     0.00     0.00     0.00 -1 -2.55e-11      0.00 7.092e-01 2.756e-01 2.746e-03 7.408e-04 6.719e-03 -1.000 1.527e-02  1.383e+04          0          0          0          0      3.845      3.845 -1.941 -1.001 -1.087 -0.887 -1.001 -1.001 -0.999 -1.001 -1.001 -1.001 -1.001 -1.001 -1.001 -1.001 -1.001 -1.001 -1.001 -1.001 -1.001 -1.001 -1.001 -1.001 -1.001 -1.001 -1.001 -1.001 -1.087 -1.087 -1.085 -1.087 -1.087 -1.087 -1.087 -1.087 -1.087 -1.087 -1.087 -1.087 -1.087 -1.087 -1.087 -1.087 -1.087 -1.087 -1.087 -1.087 -1.087 -1.087 -0.887 -0.887 -0.886 -0.887 -0.887 -0.887 -0.887 -0.887 -0.887 -0.887 -0.887 -0.887 -0.887 -0.887 -0.887 -0.887 -0.887 -0.887 -0.887 -0.887 -0.887 -0.887
0.0152 0.01508 8.06000 4.3164463043 2.6098819515    4.310  2.744  4.1386  3.835    1  0.000  0.545     0.00     0.00     0.00     0.00     0.00 -1 -3.33e-11      0.00 7.092e-01 2.756e-01 2.746e-03 7.408e-04 6.719e-03 -1.000 1.527e-02  1.376e+04          0          0          0          0      4.165      4.165 -2.090 -1.163 -1.249 -1.052 -1.163 -1.163 -1.162 -1.163 -1.163 -1.163 -1.163 -1.163 -1.163 -1.163 -1.163 -1.163 -1.163 -1.163 -1.163 -1.163 -1.163 -1.163 -1.163 -1.163 -1.163 -1.163 -1.249 -1.249 -1.247 -1.249 -1.249 -1.249 -1.249 -1.249 -1.249 -1.249 -1.249 -1.249 -1.249 -1.249 -1.249 -1.249 -1.249 -1.249 -1.249 -1.249 -1.249 -1.249 -1.052 -1.051 -1.050 -1.051 -1.051 -1.051 -1.051 -1.051 -1.051 -1.051 -1.051 -1.051 -1.051 -1.051 -1.051 -1.051 -1.051 -1.051 -1.051 -1.051 -1.051 -1.051
0.0152 0.01508 8.06000 4.4000000954 2.6104741055    4.393  2.792  4.1348  3.780    1  0.000  0.545     0.00     0.00     0.00     0.00     0.00 -1 -4.11e-11      0.00 7.092e-01 2.756e-01 2.746e-03 7.408e-04 6.719e-03 -1.000 1.527e-02  1.364e+04          0          0          0          0      4.481      4.481 -2.210 -1.306 -1.391 -1.197 -1.306 -1.306 -1.305 -1.306 -1.306 -1.306 -1.306 -1.306 -1.306 -1.306 -1.306 -1.306 -1.306 -1.306 -1.306 -1.306 -1.306 -1.306 -1.306 -1.306 -1.306 -1.306 -1.391 -1.391 -1.389 -1.391 -1.391 -1.391 -1.391 -1.391 -1.391 -1.391 -1.391 -1.391 -1.391 -1.391 -1.391 -1.391 -1.391 -1.391 -1.391 -1.391 -1.391 -1.391 -1.197 -1.197 -1.195 -1.197 -1.197 -1.197 -1.197 -1.197 -1.197 -1.197 -1.197 -1.197 -1.197 -1.197 -1.197 -1.197 -1.197 -1.197 -1.197 -1.197 -1.197 -1.197
0.0152 0.01508 8.06000 4.4525694847 2.6108335994    4.445  2.822  4.1314  3.741    1  0.000  0.545     0.00     0.00     0.00     0.00     0.00 -1 -4.68e-11      0.00 7.092e-01 2.756e-01 2.746e-03 7.408e-04 6.719e-03 -1.000 1.527e-02  1.354e+04          0          0          0          0       4.71       4.71 -2.286 -1.401 -1.484 -1.293 -1.401 -1.401 -1.400 -1.401 -1.401 -1.401 -1.401 -1.401 -1.401 -1.401 -1.401 -1.401 -1.401 -1.401 -1.401 -1.401 -1.401 -1.401 -1.401 -1.401 -1.401 -1.401 -1.484 -1.484 -1.482 -1.484 -1.484 -1.484 -1.484 -1.484 -1.484 -1.484 -1.484 -1.484 -1.484 -1.484 -1.484 -1.484 -1.484 -1.484 -1.484 -1.484 -1.484 -1.484 -1.293 -1.293 -1.292 -1.293 -1.293 -1.293 -1.293 -1.293 -1.293 -1.293 -1.293 -1.293 -1.293 -1.293 -1.293 -1.293 -1.293 -1.293 -1.293 -1.293 -1.293 -1.293
0.0152 0.01508 8.06000 4.5169281960 2.6112606386    4.508  2.860  4.1255  3.686    1  0.000  0.545     0.00     0.00     0.00     0.00     0.00 -1 -5.47e-11      0.00 7.092e-01 2.756e-01 2.746e-03 7.408e-04 6.719e-03 -1.000 1.527e-02  1.335e+04          0          0          0          0      5.056      5.056 -2.380 -1.529 -1.610 -1.425 -1.529 -1.529 -1.528 -1.529 -1.529 -1.529 -1.529 -1.529 -1.529 -1.529 -1.529 -1.529 -1.529 -1.529 -1.529 -1.529 -1.529 -1.529 -1.529 -1.529 -1.529 -1.529 -1.610 -1.610 -1.608 -1.610 -1.610 -1.610 -1.610 -1.610 -1.610 -1.610 -1.610 -1.610 -1.610 -1.610 -1.610 -1.610 -1.610 -1.610 -1.610 -1.610 -1.610 -1.610 -1.425 -1.425 -1.423 -1.425 -1.425 -1.425 -1.425 -1.425 -1.425 -1.425 -1.425 -1.425 -1.425 -1.425 -1.425 -1.425 -1.425 -1.425 -1.425 -1.425 -1.425 -1.425
0.0152 0.01508 8.06000 4.5736098289 2.6116253139    4.565  2.894  4.1188  3.631    1  0.000  0.545     0.00     0.00     0.00     0.00     0.00 -1 -6.29e-11      0.00 7.092e-01 2.756e-01 2.746e-03 7.408e-04 6.719e-03 -1.000 1.527e-02  1.315e+04          0          0          0          0      5.423      5.423 -2.465 -1.653 -1.730 -1.552 -1.653 -1.653 -1.651 -1.653 -1.653 -1.653 -1.653 -1.653 -1.653 -1.653 -1.653 -1.653 -1.653 -1.653 -1.653 -1.653 -1.653 -1.653 -1.653 -1.653 -1.653 -1.653 -1.730 -1.730 -1.728 -1.730 -1.730 -1.730 -1.730 -1.730 -1.730 -1.730 -1.730 -1.730 -1.730 -1.730 -1.730 -1.730 -1.730 -1.730 -1.730 -1.730 -1.730 -1.730 -1.552 -1.552 -1.550 -1.552 -1.552 -1.552 -1.552 -1.552 -1.552 -1.552 -1.552 -1.552 -1.552 -1.552 -1.552 -1.552 -1.552 -1.552 -1.552 -1.552 -1.552 -1.552
0.0152 0.01508 8.06000 4.5999999046 2.6117915791    4.591  2.910  4.1154  3.603    1  0.000  0.545     0.00     0.00     0.00     0.00     0.00 -1 -6.72e-11      0.00 7.092e-01 2.756e-01 2.746e-03 7.408e-04 6.719e-03 -1.000 1.527e-02  1.305e+04          0          0          0          0      5.611      5.611 -2.506 -1.713 -1.789 -1.614 -1.713 -1.713 -1.711 -1.713 -1.713 -1.713 -1.713 -1.713 -1.713 -1.713 -1.713 -1.713 -1.713 -1.713 -1.713 -1.713 -1.713 -1.713 -1.713 -1.713 -1.713 -1.713 -1.789 -1.789 -1.787 -1.789 -1.789 -1.789 -1.789 -1.789 -1.789 -1.789 -1.789 -1.789 -1.789 -1.789 -1.789 -1.789 -1.789 -1.789 -1.789 -1.789 -1.789 -1.789 -1.614 -1.614 -1.612 -1.614 -1.614 -1.614 -1.614 -1.614 -1.614 -1.614 -1.614 -1.614 -1.614 -1.614 -1.614 -1.614 -1.614 -1.614 -1.614 -1.614 -1.614 -1.614
0.0152 0.01508 8.06000 4.6403837204 2.6120418035    4.632  2.936  4.1100  3.560    1  0.000  0.545     0.00     0.00     0.00     0.00     0.00 -1 -7.46e-11      0.00 7.092e-01 2.756e-01 2.746e-03 7.408e-04 6.719e-03 -1.000 1.527e-02  1.288e+04          0          0          0          0      5.923      5.923 -2.569 -1.808 -1.881 -1.711 -1.808 -1.808 -1.806 -1.808 -1.808 -1.808 -1.808 -1.808 -1.808 -1.808 -1.808 -1.808 -1.808 -1.808 -1.808 -1.808 -1.808 -1.808 -1.808 -1.808 -1.808 -1.808 -1.881 -1.881 -1.879 -1.881 -1.881 -1.881 -1.881 -1.881 -1.881 -1.881 -1.881 -1.881 -1.881 -1.881 -1.881 -1.881 -1.881 -1.881 -1.881 -1.881 -1.881 -1.881 -1.711 -1.712 -1.710 -1.712 -1.712 -1.712 -1.712 -1.712 -1.712 -1.712 -1.712 -1.712 -1.712 -1.712 -1.712 -1.712 -1.712 -1.712 -1.712 -1.712 -1.712 -1.712
0.0152 0.01508 8.06000 4.6914610863 2.6123512021    4.682  2.971  4.1040  3.505    1  0.000  0.545     0.00     0.00     0.00     0.00     0.00 -1 -8.68e-11      0.00 7.092e-01 2.756e-01 2.746e-03 7.408e-04 6.719e-03 -1.000 1.527e-02  1.271e+04          0          0          0          0      6.334      6.334 -2.658 -1.929 -2.000 -1.837 -1.929 -1.929 -1.928 -1.929 -1.929 -1.929 -1.929 -1.929 -1.929 -1.929 -1.929 -1.929 -1.929 -1.929 -1.929 -1.929 -1.929 -1.929 -1.929 -1.929 -1.929 -1.929 -2.000 -2.000 -1.998 -2.000 -2.000 -2.000 -2.000 -2.000 -2.000 -2.000 -2.000 -2.000 -2.000 -2.000 -2.000 -2.000 -2.000 -2.000 -2.000 -2.000 -2.000 -2.000 -1.837 -1.837 -1.835 -1.837 -1.837 -1.837 -1.837 -1.837 -1.837 -1.837 -1.837 -1.837 -1.837 -1.837 -1.837 -1.837 -1.837 -1.837 -1.837 -1.837 -1.837 -1.837
0.0152 0.01508 8.06000 4.6944417953 2.6123690187    4.685  2.973  4.1037  3.502    1  0.000  0.545     0.00     0.00     0.00     0.00     0.00 -1 -8.76e-11      0.00 7.092e-01 2.756e-01 2.746e-03 7.408e-04 6.719e-03 -1.000 1.527e-02   1.27e+04          0          0          0          0      6.357      6.357 -2.663 -1.937 -2.007 -1.844 -1.937 -1.937 -1.935 -1.937 -1.937 -1.937 -1.937 -1.937 -1.937 -1.937 -1.937 -1.937 -1.937 -1.937 -1.937 -1.937 -1.937 -1.937 -1.937 -1.937 -1.937 -1.937 -2.007 -2.007 -2.005 -2.007 -2.007 -2.007 -2.007 -2.007 -2.007 -2.007 -2.007 -2.007 -2.007 -2.007 -2.007 -2.007 -2.007 -2.007 -2.007 -2.007 -2.007 -2.007 -1.844 -1.844 -1.842 -1.844 -1.844 -1.844 -1.844 -1.844 -1.844 -1.844 -1.844 -1.844 -1.844 -1.844 -1.844 -1.844 -1.844 -1.844 -1.844 -1.844 -1.844 -1.844
0.0152 0.01508 8.06000 4.7047429085 2.6124303915    4.695  2.986  4.1084  3.509    1  0.000  0.545     0.00     0.00     0.00     0.00     0.00 -1 -9.44e-11      0.00 7.092e-01 2.756e-01 2.746e-03 7.408e-04 6.719e-03 -1.000 1.527e-02  1.283e+04          0          0          0          0      6.318      6.318 -2.696 -1.944 -2.016 -1.848 -1.944 -1.944 -1.942 -1.944 -1.944 -1.944 -1.944 -1.944 -1.944 -1.944 -1.944 -1.944 -1.944 -1.944 -1.944 -1.944 -1.944 -1.944 -1.944 -1.944 -1.944 -1.944 -2.016 -2.016 -2.014 -2.016 -2.016 -2.016 -2.016 -2.016 -2.016 -2.016 -2.016 -2.016 -2.016 -2.016 -2.016 -2.016 -2.016 -2.016 -2.016 -2.016 -2.016 -2.016 -1.848 -1.848 -1.847 -1.848 -1.848 -1.848 -1.848 -1.848 -1.848 -1.848 -1.848 -1.848 -1.848 -1.848 -1.848 -1.848 -1.848 -1.848 -1.848 -1.848 -1.848 -1.848
0.0152 0.01508 8.06000 4.7195672989 2.6125181730    4.710  3.009  4.1192  3.530    1  0.000  0.545     0.00     0.00     0.00     0.00     0.00 -1 -1.08e-10      0.00 7.092e-01 2.756e-01 2.746e-03 7.408e-04 6.719e-03 -1.000 1.527e-02  1.316e+04          0          0          0          0      6.172      6.172 -2.753 -1.941 -2.019 -1.840 -1.941 -1.941 -1.939 -1.941 -1.941 -1.941 -1.941 -1.941 -1.941 -1.941 -1.941 -1.941 -1.941 -1.941 -1.941 -1.941 -1.941 -1.941 -1.941 -1.941 -1.941 -1.941 -2.019 -2.019 -2.017 -2.019 -2.019 -2.019 -2.019 -2.019 -2.019 -2.019 -2.019 -2.019 -2.019 -2.019 -2.019 -2.019 -2.019 -2.019 -2.019 -2.019 -2.019 -2.019 -1.840 -1.840 -1.839 -1.840 -1.840 -1.840 -1.840 -1.840 -1.840 -1.840 -1.840 -1.840 -1.840 -1.840 -1.840 -1.840 -1.840 -1.840 -1.840 -1.840 -1.840 -1.840
0.0152 0.01508 8.06000 4.7239198685 2.6125438261    4.714  3.025  4.1299  3.558    1  0.000  0.545     0.00     0.00     0.00     0.00     0.00 -1 -1.21e-10      0.00 7.092e-01 2.756e-01 2.746e-03 7.408e-04 6.719e-03 -1.000 1.527e-02  1.349e+04          0          0          0          0      5.982      5.982 -2.793 -1.919 -2.002 -1.812 -1.919 -1.919 -1.918 -1.919 -1.919 -1.919 -1.919 -1.919 -1.919 -1.919 -1.919 -1.919 -1.919 -1.919 -1.919 -1.919 -1.919 -1.919 -1.919 -1.919 -1.919 -1.919 -2.002 -2.002 -2.000 -2.002 -2.002 -2.002 -2.002 -2.002 -2.002 -2.002 -2.002 -2.002 -2.002 -2.002 -2.002 -2.002 -2.002 -2.002 -2.002 -2.002 -2.002 -2.002 -1.812 -1.812 -1.811 -1.812 -1.812 -1.812 -1.812 -1.812 -1.812 -1.812 -1.812 -1.812 -1.812 -1.812 -1.812 -1.812 -1.812 -1.812 -1.812 -1.812 -1.812 -1.812
0.0152 0.01508 8.06000 4.7259502411 2.6125557741    4.717  3.042  4.1408  3.585    1  0.000  0.545     0.00     0.00     0.00     0.00     0.00 -1 -1.34e-10      0.00 7.092e-01 2.756e-01 2.746e-03 7.408e-04 6.719e-03 -1.000 1.527e-02  1.383e+04          0          0          0          0      5.799      5.799 -2.834 -1.899 -1.986 -1.786 -1.899 -1.899 -1.897 -1.899 -1.899 -1.899 -1.899 -1.899 -1.899 -1.899 -1.899 -1.899 -1.899 -1.899 -1.899 -1.899 -1.899 -1.899 -1.899 -1.899 -1.899 -1.899 -1.986 -1.986 -1.984 -1.986 -1.986 -1.986 -1.986 -1.986 -1.986 -1.986 -1.986 -1.986 -1.986 -1.986 -1.986 -1.986 -1.986 -1.986 -1.986 -1.986 -1.986 -1.986 -1.786 -1.786 -1.784 -1.786 -1.786 -1.786 -1.786 -1.786 -1.786 -1.786 -1.786 -1.786 -1.786 -1.786 -1.786 -1.786 -1.786 -1.786 -1.786 -1.786 -1.786 -1.786
0.0152 0.01508 8.06000 4.7269983292 2.6125619371    4.718  3.059  4.1509  3.608    1  0.000  0.545     0.00     0.00     0.00     0.00     0.00 -1  -1.5e-10      0.00 7.092e-01 2.756e-01 2.746e-03 7.408e-04 6.719e-03 -1.000 1.527e-02  1.415e+04          0          0          0          0      5.647      5.647 -2.877 -1.884 -1.976 -1.766 -1.884 -1.884 -1.882 -1.884 -1.884 -1.884 -1.884 -1.884 -1.884 -1.884 -1.884 -1.884 -1.884 -1.884 -1.884 -1.884 -1.884 -1.884 -1.884 -1.884 -1.884 -1.884 -1.976 -1.976 -1.974 -1.976 -1.976 -1.976 -1.976 -1.976 -1.976 -1.976 -1.976 -1.976 -1.976 -1.976 -1.976 -1.976 -1.976 -1.976 -1.976 -1.976 -1.976 -1.976 -1.766 -1.766 -1.764 -1.766 -1.766 -1.766 -1.766 -1.766 -1.766 -1.766 -1.766 -1.766 -1.766 -1.766 -1.766 -1.766 -1.766 -1.766 -1.766 -1.766 -1.766 -1.766
0.0152 0.01508 8.06000 4.7276620865 2.6125658385    4.718  3.075  4.1596  3.627    1  0.000  0.545     0.00     0.00     0.00     0.00     0.00 -1 -1.67e-10      0.00 7.092e-01 2.756e-01 2.746e-03 7.408e-04 6.719e-03 -1.000 1.527e-02  1.444e+04          0          0          0          0      5.525      5.525 -2.917 -1.873 -1.969 -1.750 -1.873 -1.873 -1.872 -1.873 -1.873 -1.873 -1.873 -1.873 -1.873 -1.873 -1.873 -1.873 -1.873 -1.873 -1.873 -1.873 -1.873 -1.873 -1.873 -1.873 -1.873 -1.873 -1.969 -1.969 -1.967 -1.969 -1.969 -1.969 -1.969 -1.969 -1.969 -1.969 -1.969 -1.969 -1.969 -1.969 -1.969 -1.969 -1.969 -1.969 -1.969 -1.969 -1.969 -1.969 -1.750 -1.750 -1.749 -1.750 -1.750 -1.750 -1.750 -1.750 -1.750 -1.750 -1.750 -1.750 -1.750 -1.750 -1.750 -1.750 -1.750 -1.750 -1.750 -1.750 -1.750 -1.750
0.0152 0.01508 8.06000 4.7278652191 2.6125670322    4.718  3.079  4.1622  3.633    1  0.000  0.545     0.00     0.00     0.00     0.00     0.00 -1 -1.73e-10      0.00 7.092e-01 2.756e-01 2.746e-03 7.408e-04 6.719e-03 -1.000 1.527e-02  1.453e+04          0          0          0          0      5.487      5.487 -2.928 -1.870 -1.967 -1.745 -1.870 -1.870 -1.868 -1.870 -1.870 -1.870 -1.870 -1.870 -1.870 -1.870 -1.870 -1.870 -1.870 -1.870 -1.870 -1.870 -1.870 -1.870 -1.870 -1.870 -1.870 -1.870 -1.967 -1.967 -1.965 -1.967 -1.967 -1.967 -1.967 -1.967 -1.967 -1.967 -1.967 -1.967 -1.967 -1.967 -1.967 -1.967 -1.967 -1.967 -1.967 -1.967 -1.967 -1.967 -1.745 -1.745 -1.744 -1.745 -1.745 -1.745 -1.745 -1.745 -1.745 -1.745 -1.745 -1.745 -1.745 -1.745 -1.745 -1.745 -1.745 -1.745 -1.745 -1.745 -1.745 -1.745
0.0152 0.01508 8.06000 4.7280097008 2.6125678812    4.719  3.067  4.1589  3.633    2  0.000  0.545     0.00     0.00     0.00     0.00     0.00 -1 -1.64e-10      0.00 7.092e-01 2.756e-01 2.746e-03 7.408e-04 6.719e-03 -1.000 1.527e-02  1.442e+04          0          0          0          0      5.491      5.491 -2.897 -1.858 -1.953 -1.735 -1.858 -1.858 -1.856 -1.858 -1.858 -1.858 -1.858 -1.858 -1.858 -1.858 -1.858 -1.858 -1.858 -1.858 -1.858 -1.858 -1.858 -1.858 -1.858 -1.858 -1.858 -1.858 -1.953 -1.953 -1.951 -1.953 -1.953 -1.953 -1.953 -1.953 -1.953 -1.953 -1.953 -1.953 -1.953 -1.953 -1.953 -1.953 -1.953 -1.953 -1.953 -1.953 -1.953 -1.953 -1.735 -1.735 -1.733 -1.735 -1.735 -1.735 -1.735 -1.735 -1.735 -1.735 -1.735 -1.735 -1.735 -1.735 -1.735 -1.735 -1.735 -1.735 -1.735 -1.735 -1.735 -1.735
0.0152 0.01508 8.06000 4.7282199860 2.6125691167    4.719  3.046  4.1511  3.622    2  0.000  0.545     0.00     0.00     0.00     0.00     0.00 -1 -1.46e-10      0.00 7.092e-01 2.756e-01 2.746e-03 7.408e-04 6.719e-03 -1.000 1.527e-02  1.416e+04          0          0          0          0      5.562      5.562 -2.846 -1.852 -1.944 -1.733 -1.852 -1.852 -1.850 -1.852 -1.852 -1.852 -1.852 -1.852 -1.852 -1.852 -1.852 -1.852 -1.852 -1.852 -1.852 -1.852 -1.852 -1.852 -1.852 -1.852 -1.852 -1.852 -1.944 -1.944 -1.942 -1.944 -1.944 -1.944 -1.944 -1.944 -1.944 -1.944 -1.944 -1.944 -1.944 -1.944 -1.944 -1.944 -1.944 -1.944 -1.944 -1.944 -1.944 -1.944 -1.733 -1.733 -1.732 -1.733 -1.733 -1.733 -1.733 -1.733 -1.733 -1.733 -1.733 -1.733 -1.733 -1.733 -1.733 -1.733 -1.733 -1.733 -1.733 -1.733 -1.733 -1.733
0.0152 0.01508 8.06000 4.7284579277 2.6125705146    4.719  3.032  4.1390  3.588    2  0.000  0.545     0.00     0.00     0.00     0.00     0.00 -1  -1.3e-10      0.00 7.092e-01 2.756e-01 2.746e-03 7.408e-04 6.719e-03 -1.000 1.527e-02  1.378e+04          0          0          0          0      5.782      5.782 -2.809 -1.883 -1.970 -1.771 -1.883 -1.883 -1.882 -1.883 -1.883 -1.883 -1.883 -1.883 -1.883 -1.883 -1.883 -1.883 -1.883 -1.883 -1.883 -1.883 -1.883 -1.883 -1.883 -1.883 -1.883 -1.883 -1.970 -1.970 -1.968 -1.970 -1.970 -1.970 -1.970 -1.970 -1.970 -1.970 -1.970 -1.970 -1.970 -1.970 -1.970 -1.970 -1.970 -1.970 -1.970 -1.970 -1.970 -1.970 -1.771 -1.771 -1.770 -1.771 -1.771 -1.771 -1.771 -1.771 -1.771 -1.771 -1.771 -1.771 -1.771 -1.771 -1.771 -1.771 -1.771 -1.771 -1.771 -1.771 -1.771 -1.771
0.0152 0.01508 8.06000 4.7286887169 2.6125718703    4.719  3.034  4.1278  3.541    2  0.000  0.545     0.00     0.00     0.00     0.00     0.00 -1 -1.25e-10      0.00 7.092e-01 2.756e-01 2.746e-03 7.408e-04 6.719e-03 -1.000 1.527e-02  1.343e+04          0          0          0          0      6.108      6.108 -2.815 -1.953 -2.035 -1.847 -1.953 -1.953 -1.951 -1.953 -1.953 -1.953 -1.953 -1.953 -1.953 -1.953 -1.953 -1.953 -1.953 -1.953 -1.953 -1.953 -1.953 -1.953 -1.953 -1.953 -1.953 -1.953 -2.035 -2.035 -2.033 -2.035 -2.035 -2.035 -2.035 -2.035 -2.035 -2.035 -2.035 -2.035 -2.035 -2.035 -2.035 -2.035 -2.035 -2.035 -2.035 -2.035 -2.035 -2.035 -1.847 -1.847 -1.846 -1.847 -1.847 -1.847 -1.847 -1.847 -1.847 -1.847 -1.847 -1.847 -1.847 -1.847 -1.847 -1.847 -1.847 -1.847 -1.847 -1.847 -1.847 -1.847
0.0152 0.01508 8.06000 4.7289452553 2.6125733771    4.720  3.046  4.1167  3.485    2  0.000  0.545     0.00     0.00     0.00     0.00     0.00 -1 -1.29e-10      0.00 7.092e-01 2.756e-01 2.746e-03 7.408e-04 6.719e-03 -1.000 1.527e-02  1.309e+04          0          0          0          0      6.518      6.518 -2.845 -2.046 -2.123 -1.947 -2.046 -2.046 -2.044 -2.046 -2.046 -2.046 -2.046 -2.046 -2.046 -2.046 -2.046 -2.046 -2.046 -2.046 -2.046 -2.046 -2.046 -2.046 -2.046 -2.046 -2.046 -2.046 -2.123 -2.123 -2.121 -2.123 -2.123 -2.123 -2.123 -2.123 -2.123 -2.123 -2.123 -2.123 -2.123 -2.123 -2.123 -2.123 -2.123 -2.123 -2.123 -2.123 -2.123 -2.123 -1.947 -1.947 -1.945 -1.947 -1.947 -1.947 -1.947 -1.947 -1.947 -1.947 -1.947 -1.947 -1.947 -1.947 -1.947 -1.947 -1.947 -1.947 -1.947 -1.947 -1.947 -1.947
0.0152 0.01508 8.06000 4.7292366028 2.6125750881    4.720  3.059  4.1055  3.427    2  0.000  0.545     0.00     0.00     0.00     0.00     0.00 -1 -1.34e-10      0.00 7.092e-01 2.756e-01 2.746e-03 7.408e-04 6.719e-03 -1.000 1.527e-02  1.275e+04          0          0          0          0      6.967      6.967 -2.877 -2.141 -2.212 -2.048 -2.141 -2.141 -2.139 -2.141 -2.141 -2.141 -2.141 -2.141 -2.141 -2.141 -2.141 -2.141 -2.141 -2.141 -2.141 -2.141 -2.141 -2.141 -2.141 -2.141 -2.141 -2.141 -2.212 -2.212 -2.210 -2.212 -2.212 -2.212 -2.212 -2.212 -2.212 -2.212 -2.212 -2.212 -2.212 -2.212 -2.212 -2.212 -2.212 -2.212 -2.212 -2.212 -2.212 -2.212 -2.048 -2.048 -2.046 -2.048 -2.048 -2.048 -2.048 -2.048 -2.048 -2.048 -2.048 -2.048 -2.048 -2.048 -2.048 -2.048 -2.048 -2.048 -2.048 -2.048 -2.048 -2.048
0.0152 0.01508 8.06000 4.7295556068 2.6125769613    4.720  3.068  4.0942  3.372    2  0.000  0.545     0.00     0.00     0.00     0.00     0.00 -1 -1.37e-10      0.00 7.092e-01 2.756e-01 2.746e-03 7.408e-04 6.719e-03 -1.000 1.527e-02  1.243e+04          0          0          0          0       7.42       7.42 -2.901 -2.226 -2.291 -2.140 -2.226 -2.226 -2.224 -2.226 -2.226 -2.226 -2.226 -2.226 -2.226 -2.226 -2.226 -2.226 -2.226 -2.226 -2.226 -2.226 -2.226 -2.226 -2.226 -2.226 -2.226 -2.226 -2.291 -2.292 -2.289 -2.291 -2.292 -2.292 -2.291 -2.292 -2.292 -2.292 -2.292 -2.292 -2.291 -2.292 -2.292 -2.292 -2.292 -2.291 -2.292 -2.292 -2.292 -2.291 -2.140 -2.140 -2.138 -2.140 -2.140 -2.140 -2.140 -2.140 -2.140 -2.140 -2.140 -2.140 -2.140 -2.140 -2.140 -2.140 -2.140 -2.140 -2.140 -2.140 -2.140 -2.140
0.0152 0.01508 8.06000 4.7299814224 2.6125794612    4.721  3.076  4.0799  3.307    2  0.000  0.545     0.00     0.00     0.00     0.00     0.00 -1 -1.39e-10      0.00 7.092e-01 2.756e-01 2.746e-03 7.408e-04 6.719e-03 -1.000 1.527e-02  1.202e+04          0          0          0          0      7.994      7.994 -2.921 -2.323 -2.382 -2.246 -2.323 -2.323 -2.321 -2.323 -2.323 -2.323 -2.323 -2.323 -2.323 -2.323 -2.323 -2.323 -2.323 -2.323 -2.323 -2.323 -2.323 -2.323 -2.323 -2.323 -2.323 -2.323 -2.382 -2.382 -2.380 -2.382 -2.382 -2.382 -2.382 -2.382 -2.382 -2.382 -2.382 -2.382 -2.382 -2.382 -2.382 -2.382 -2.382 -2.382 -2.382 -2.382 -2.382 -2.382 -2.246 -2.246 -2.244 -2.246 -2.246 -2.246 -2.246 -2.246 -2.246 -2.246 -2.246 -2.246 -2.246 -2.246 -2.246 -2.246 -2.246 -2.246 -2.246 -2.246 -2.246 -2.246
0.0152 0.01508 8.06000 4.7303352356 2.6125815379    4.721  3.080  4.0685  3.258    2  0.000  0.545     0.00     0.00     0.00     0.00     0.00 -1 -1.37e-10      0.00 7.092e-01 2.756e-01 2.746e-03 7.408e-04 6.719e-03 -1.000 1.527e-02  1.171e+04          0          0          0          0       8.46       8.46 -2.929 -2.391 -2.445 -2.321 -2.391 -2.391 -2.389 -2.391 -2.391 -2.391 -2.391 -2.391 -2.391 -2.391 -2.391 -2.391 -2.391 -2.391 -2.391 -2.391 -2.391 -2.391 -2.391 -2.391 -2.391 -2.391 -2.445 -2.445 -2.442 -2.445 -2.445 -2.445 -2.445 -2.445 -2.445 -2.445 -2.445 -2.445 -2.445 -2.445 -2.445 -2.445 -2.445 -2.445 -2.445 -2.445 -2.445 -2.445 -2.321 -2.321 -2.319 -2.321 -2.321 -2.321 -2.321 -2.321 -2.321 -2.321 -2.321 -2.321 -2.321 -2.321 -2.321 -2.321 -2.321 -2.321 -2.321 -2.321 -2.321 -2.321
0.0152 0.01508 8.06000 4.7306966782 2.6125836591    4.721  3.081  4.0569  3.210    2  0.000  0.545     0.00     0.00     0.00     0.00     0.00 -1 -1.35e-10      0.00 7.092e-01 2.756e-01 2.746e-03 7.408e-04 6.719e-03 -1.000 1.527e-02   1.14e+04          0          0          0          0      8.939      8.939 -2.932 -2.455 -2.502 -2.392 -2.455 -2.454 -2.452 -2.454 -2.454 -2.454 -2.454 -2.454 -2.454 -2.454 -2.454 -2.454 -2.454 -2.454 -2.454 -2.454 -2.454 -2.454 -2.454 -2.454 -2.454 -2.454 -2.502 -2.502 -2.499 -2.502 -2.502 -2.502 -2.502 -2.502 -2.502 -2.502 -2.502 -2.502 -2.502 -2.502 -2.502 -2.502 -2.502 -2.502 -2.502 -2.502 -2.502 -2.502 -2.392 -2.391 -2.389 -2.391 -2.391 -2.391 -2.391 -2.391 -2.391 -2.391 -2.391 -2.391 -2.391 -2.391 -2.391 -2.391 -2.391 -2.391 -2.391 -2.391 -2.391 -2.391
0.0152 0.01508 8.06000 4.7310566902 2.6125857715    4.722  3.081  4.0452  3.164    2  0.000  0.545     0.00     0.00     0.00     0.00     0.00 -1 -1.31e-10      0.00 7.092e-01 2.756e-01 2.746e-03 7.408e-04 6.719e-03 -1.000 1.527e-02   1.11e+04          0          0          0          0      9.432      9.432 -2.933 -2.515 -2.556 -2.459 -2.515 -2.513 -2.511 -2.513 -2.513 -2.513 -2.513 -2.513 -2.513 -2.513 -2.513 -2.513 -2.513 -2.513 -2.513 -2.513 -2.513 -2.513 -2.514 -2.513 -2.513 -2.513 -2.556 -2.555 -2.552 -2.555 -2.555 -2.555 -2.555 -2.555 -2.555 -2.555 -2.555 -2.555 -2.555 -2.555 -2.555 -2.555 -2.555 -2.555 -2.555 -2.555 -2.555 -2.555 -2.459 -2.458 -2.456 -2.458 -2.458 -2.458 -2.458 -2.458 -2.458 -2.458 -2.458 -2.458 -2.458 -2.458 -2.458 -2.458 -2.458 -2.458 -2.458 -2.458 -2.458 -2.458
0.0152 0.01508 8.06000 4.7314100266 2.6125878444    4.722  3.080  4.0334  3.118    2  0.000  0.545     0.00     0.00     0.00     0.00     0.00 -1 -1.45e-10      0.00 7.092e-01 2.756e-01 2.746e-03 7.408e-04 6.719e-03 -1.000 1.527e-02   1.08e+04          0          0          0          0      9.944      9.944 -2.930 -2.570 -2.605 -2.522 -2.570 -2.569 -2.566 -2.569 -2.569 -2.569 -2.569 -2.569 -2.569 -2.569 -2.569 -2.569 -2.569 -2.569 -2.569 -2.569 -2.569 -2.569 -2.569 -2.569 -2.569 -2.569 -2.605 -2.604 -2.601 -2.604 -2.604 -2.604 -2.604 -2.604 -2.604 -2.604 -2.604 -2.604 -2.604 -2.604 -2.604 -2.604 -2.604 -2.604 -2.604 -2.604 -2.604 -2.604 -2.522 -2.520 -2.518 -2.520 -2.520 -2.520 -2.520 -2.520 -2.520 -2.520 -2.520 -2.520 -2.520 -2.520 -2.520 -2.520 -2.520 -2.520 -2.520 -2.520 -2.520 -2.520
0.0152 0.01508 8.06000 4.7318348885 2.6125903365    4.722  3.077  4.0186  3.062    2  0.000  0.545     0.00     0.00     0.00     0.00     0.00 -1 -2.03e-10      0.00 7.092e-01 2.756e-01 2.746e-03 7.408e-04 6.719e-03 -1.000 1.527e-02  1.044e+04          0          0          0          0      10.61      10.61 -2.923 -2.634 -2.661 -2.595 -2.634 -2.633 -2.512 -2.633 -2.633 -2.633 -2.633 -2.633 -2.633 -2.633 -2.633 -2.633 -2.633 -2.633 -2.633 -2.633 -2.633 -2.633 -2.633 -2.633 -2.633 -2.633 -2.661 -2.660 -2.514 -2.660 -2.660 -2.660 -2.660 -2.660 -2.660 -2.660 -2.660 -2.660 -2.660 -2.660 -2.660 -2.660 -2.660 -2.660 -2.660 -2.660 -2.660 -2.660 -2.595 -2.594 -2.497 -2.594 -2.594 -2.594 -2.594 -2.594 -2.594 -2.594 -2.594 -2.594 -2.594 -2.594 -2.594 -2.594 -2.594 -2.594 -2.594 -2.594 -2.594 -2.594
0.0152 0.01508 8.06000 4.7321572304 2.6125922268    4.723  3.074  4.0068  3.017    2  0.000  0.545     0.00     0.00     0.00     0.00     0.00 -1 -2.99e-10      0.00 7.092e-01 2.756e-01 2.746e-03 7.408e-04 6.719e-03 -1.000 1.527e-02  1.016e+04          0          0          0          0      11.16      11.16 -2.915 -2.680 -2.701 -2.650 -2.680 -2.680 -2.332 -2.680 -2.680 -2.680 -2.680 -2.680 -2.680 -2.680 -2.680 -2.680 -2.680 -2.680 -2.680 -2.680 -2.680 -2.680 -2.680 -2.680 -2.680 -2.680 -2.701 -2.701 -2.280 -2.701 -2.701 -2.701 -2.701 -2.701 -2.701 -2.701 -2.701 -2.701 -2.701 -2.701 -2.701 -2.701 -2.701 -2.701 -2.701 -2.701 -2.701 -2.701 -2.650 -2.650 -2.370 -2.650 -2.650 -2.650 -2.650 -2.650 -2.650 -2.650 -2.650 -2.650 -2.650 -2.650 -2.650 -2.650 -2.650 -2.650 -2.650 -2.650 -2.650 -2.650
0.0152 0.01508 8.06000 4.7324628830 2.6125940190    4.723  3.070  3.9948  2.974    2  0.000  0.545     0.00     0.00     0.00     0.00     0.00 -1 -5.83e-10      0.00 7.092e-01 2.756e-01 2.746e-03 7.408e-04 6.719e-03 -1.000 1.527e-02       9883          0          0          0          0      11.74      11.74 -2.905 -2.724 -2.738 -2.703 -2.724 -2.724 -2.721 -2.724 -2.724 -2.724 -2.724 -2.724 -2.724 -2.724 -2.724 -2.724 -2.724 -2.724 -2.724 -2.724 -2.724 -2.724 -2.724 -2.724 -2.724 -2.724 -2.738 -2.738 -2.735 -2.738 -2.738 -2.738 -2.738 -2.738 -2.738 -2.738 -2.738 -2.738 -2.738 -2.738 -2.738 -2.738 -2.738 -2.738 -2.738 -2.738 -2.738 -2.738 -2.703 -2.703 -2.701 -2.703 -2.703 -2.703 -2.703 -2.703 -2.703 -2.703 -2.703 -2.703 -2.703 -2.703 -2.703 -2.703 -2.703 -2.703 -2.703 -2.703 -2.703 -2.703
0.0152 0.01508 8.06000 4.7327499390 2.6125957020    4.723  3.065  3.9829  2.931    2  0.000  0.545     0.00     0.00     0.00     0.00     0.00 -1 -1.21e-09      0.00 7.092e-01 2.756e-01 2.746e-03 7.408e-04 6.719e-03 -1.000 1.527e-02       9615          0          0          0          0      12.34      12.34 -2.893 -2.765 -2.772 -2.753 -2.765 -2.765 -2.762 -2.765 -2.765 -2.765 -2.765 -2.765 -2.765 -2.765 -2.765 -2.765 -2.765 -2.765 -2.765 -2.765 -2.765 -2.765 -2.765 -2.765 -2.765 -2.765 -2.772 -2.772 -2.769 -2.772 -2.772 -2.772 -2.772 -2.772 -2.772 -2.772 -2.772 -2.772 -2.772 -2.772 -2.772 -2.772 -2.772 -2.772 -2.772 -2.772 -2.772 -2.772 -2.753 -2.753 -2.751 -2.753 -2.753 -2.753 -2.753 -2.753 -2.753 -2.753 -2.753 -2.753 -2.753 -2.753 -2.753 -2.753 -2.753 -2.753 -2.753 -2.753 -2.753 -2.753
0.0152 0.01508 8.06000 4.7330193520 2.6125972813    4.724  3.060  3.9708  2.888    2  0.000  0.545     0.00     0.00     0.00     0.00     0.00 -1 -1.33e-09      0.00 7.092e-01 2.756e-01 2.746e-03 7.408e-04 6.719e-03 -1.000 1.527e-02       9353          0          0          0          0      12.96      12.96 -2.879 -2.802 -2.802 -2.801 -2.802 -2.802 -2.799 -2.802 -2.802 -2.802 -2.802 -2.802 -2.802 -2.802 -2.802 -2.802 -2.802 -2.802 -2.802 -2.802 -2.802 -2.802 -2.802 -2.802 -2.802 -2.802 -2.802 -2.802 -2.799 -2.802 -2.802 -2.802 -2.802 -2.802 -2.802 -2.802 -2.802 -2.802 -2.802 -2.802 -2.802 -2.802 -2.802 -2.802 -2.802 -2.802 -2.802 -2.802 -2.801 -2.801 -2.798 -2.801 -2.801 -2.801 -2.801 -2.801 -2.801 -2.801 -2.801 -2.801 -2.801 -2.801 -2.801 -2.801 -2.801 -2.801 -2.801 -2.801 -2.801 -2.801
0.0152 0.01508 8.06000 4.7332715988 2.6125987597    4.724  3.054  3.9589  2.846    2  0.000  0.545     0.00     0.00     0.00     0.00     0.00 -1 -1.25e-09      0.00 7.092e-01 2.756e-01 2.746e-03 7.408e-04 6.719e-03 -1.000 1.527e-02       9098          0          0          0          0       13.6       13.6 -2.865 -2.836 -2.828 -2.848 -2.836 -2.835 -2.832 -2.835 -2.835 -2.835 -2.835 -2.835 -2.835 -2.835 -2.835 -2.835 -2.835 -2.835 -2.835 -2.835 -2.835 -2.835 -2.835 -2.835 -2.835 -2.835 -2.828 -2.826 -2.823 -2.826 -2.826 -2.826 -2.826 -2.826 -2.826 -2.826 -2.826 -2.826 -2.826 -2.826 -2.826 -2.826 -2.826 -2.826 -2.826 -2.826 -2.826 -2.826 -2.848 -2.847 -2.845 -2.847 -2.847 -2.847 -2.847 -2.847 -2.847 -2.847 -2.847 -2.847 -2.847 -2.847 -2.847 -2.847 -2.847 -2.847 -2.847 -2.847 -2.847 -2.847
0.0152 0.01508 8.06000 4.7335076332 2.6126001430    4.724  3.047  3.9468  2.804    2  0.000  0.545     0.00     0.00     0.00     0.00     0.00 -1 -1.18e-09      0.00 7.092e-01 2.756e-01 2.746e-03 7.408e-04 6.719e-03 -1.000 1.527e-02       8849          0          0          0          0      14.27      14.27 -2.849 -2.865 -2.848 -2.891 -2.865 -2.863 -2.860 -2.863 -2.863 -2.863 -2.863 -2.863 -2.863 -2.863 -2.863 -2.863 -2.863 -2.863 -2.863 -2.863 -2.863 -2.863 -2.863 -2.863 -2.863 -2.863 -2.848 -2.846 -2.843 -2.846 -2.846 -2.846 -2.846 -2.846 -2.846 -2.846 -2.846 -2.846 -2.846 -2.846 -2.846 -2.846 -2.846 -2.846 -2.846 -2.846 -2.846 -2.846 -2.891 -2.889 -2.887 -2.889 -2.889 -2.889 -2.889 -2.889 -2.889 -2.889 -2.889 -2.889 -2.889 -2.889 -2.889 -2.889 -2.889 -2.889 -2.889 -2.889 -2.889 -2.889
0.0152 0.01508 8.06000 4.7337279320 2.6126014339    4.724  3.041  3.9348  2.763    2  0.000  0.545     0.00     0.00     0.00     0.00     0.00 -1  -1.1e-09      0.00 7.092e-01 2.756e-01 2.746e-03 7.408e-04 6.719e-03 -1.000 1.527e-02       8607          0          0          0          0      14.97      14.97 -2.831 -2.889 -2.863 -2.931 -2.889 -2.887 -2.883 -2.887 -2.887 -2.887 -2.887 -2.887 -2.887 -2.887 -2.887 -2.887 -2.887 -2.887 -2.887 -2.887 -2.887 -2.887 -2.887 -2.887 -2.887 -2.887 -2.863 -2.861 -2.857 -2.861 -2.861 -2.861 -2.861 -2.861 -2.861 -2.861 -2.861 -2.861 -2.861 -2.861 -2.861 -2.861 -2.861 -2.860 -2.861 -2.861 -2.861 -2.861 -2.931 -2.929 -2.926 -2.929 -2.929 -2.929 -2.929 -2.929 -2.929 -2.929 -2.929 -2.929 -2.929 -2.929 -2.929 -2.929 -2.929 -2.929 -2.929 -2.929 -2.929 -2.929
0.0152 0.01508 8.06000 4.7339334488 2.6126026381    4.724  3.033  3.9227  2.722    2  0.000  0.545     0.00     0.00     0.00     0.00     0.00 -1 -1.03e-09      0.00 7.092e-01 2.756e-01 2.746e-03 7.408e-04 6.719e-03 -1.000 1.527e-02       8370          0          0          0          0      15.69      15.69 -2.813 -2.904 -2.867 -2.966 -2.904 -2.903 -2.899 -2.903 -2.903 -2.903 -2.903 -2.903 -2.903 -2.903 -2.903 -2.903 -2.903 -2.903 -2.903 -2.903 -2.903 -2.903 -2.903 -2.903 -2.903 -2.903 -2.867 -2.866 -2.861 -2.866 -2.866 -2.866 -2.866 -2.866 -2.866 -2.866 -2.866 -2.866 -2.866 -2.866 -2.866 -2.866 -2.866 -2.866 -2.866 -2.866 -2.866 -2.866 -2.966 -2.965 -2.962 -2.965 -2.965 -2.965 -2.965 -2.965 -2.965 -2.965 -2.965 -2.965 -2.965 -2.965 -2.965 -2.965 -2.965 -2.965 -2.965 -2.965 -2.965 -2.965
0.0152 0.01508 8.06000 4.7341246605 2.6126037583    4.725  3.025  3.9106  2.681    2  0.000  0.545     0.00     0.00     0.00     0.00     0.00 -1 -9.62e-10      0.00 7.092e-01 2.756e-01 2.746e-03 7.408e-04 6.719e-03 -1.000 1.527e-02       8140          0          0          0          0      16.44      16.44 -2.793 -2.912 -2.861 -2.997 -2.912 -2.912 -2.907 -2.912 -2.912 -2.912 -2.912 -2.912 -2.912 -2.912 -2.912 -2.912 -2.912 -2.912 -2.912 -2.912 -2.912 -2.912 -2.912 -2.912 -2.912 -2.912 -2.861 -2.861 -2.856 -2.861 -2.861 -2.861 -2.861 -2.861 -2.861 -2.861 -2.861 -2.861 -2.861 -2.861 -2.861 -2.861 -2.861 -2.861 -2.861 -2.861 -2.861 -2.861 -2.997 -2.997 -2.994 -2.997 -2.997 -2.997 -2.997 -2.997 -2.997 -2.997 -2.997 -2.997 -2.997 -2.997 -2.997 -2.997 -2.997 -2.997 -2.997 -2.997 -2.997 -2.997
0.0152 0.01508 8.06000 4.7343029976 2.6126048030    4.725  3.017  3.8985  2.641    2  0.000  0.545     0.00     0.00     0.00     0.00     0.00 -1 -8.96e-10      0.00 7.092e-01 2.756e-01 2.746e-03 7.408e-04 6.719e-03 -1.000 1.527e-02       7917          0          0          0          0      17.22      17.22 -2.773 -2.914 -2.849 -3.025 -2.914 -2.914 -2.910 -2.914 -2.914 -2.914 -2.914 -2.914 -2.914 -2.914 -2.914 -2.914 -2.914 -2.914 -2.914 -2.914 -2.914 -2.914 -2.914 -2.914 -2.914 -2.914 -2.849 -2.849 -2.844 -2.849 -2.849 -2.849 -2.849 -2.849 -2.849 -2.849 -2.849 -2.849 -2.849 -2.849 -2.849 -2.849 -2.849 -2.849 -2.849 -2.849 -2.849 -2.849 -3.025 -3.025 -3.022 -3.025 -3.025 -3.025 -3.025 -3.025 -3.025 -3.025 -3.025 -3.025 -3.025 -3.025 -3.025 -3.025 -3.025 -3.025 -3.025 -3.025 -3.025 -3.025
0.0152 0.01508 8.06000 4.7344694138 2.6126057779    4.725  3.009  3.8863  2.601    2  0.000  0.545     0.00     0.00     0.00     0.00     0.00 -1 -8.34e-10      0.00 7.092e-01 2.756e-01 2.746e-03 7.408e-04 6.719e-03 -1.000 1.527e-02       7699          0          0          0          0      18.03      18.03 -2.752 -2.909 -2.828 -3.049 -2.909 -2.909 -2.904 -2.909 -2.909 -2.909 -2.909 -2.909 -2.909 -2.909 -2.909 -2.909 -2.909 -2.909 -2.909 -2.909 -2.909 -2.909 -2.909 -2.909 -2.909 -2.909 -2.828 -2.828 -2.822 -2.828 -2.828 -2.828 -2.828 -2.828 -2.828 -2.828 -2.828 -2.828 -2.828 -2.828 -2.828 -2.828 -2.828 -2.828 -2.828 -2.828 -2.828 -2.828 -3.049 -3.049 -3.046 -3.049 -3.049 -3.049 -3.049 -3.049 -3.049 -3.049 -3.049 -3.049 -3.049 -3.049 -3.049 -3.049 -3.049 -3.049 -3.049 -3.049 -3.049 -3.049
0.0152 0.01508 8.06000 4.7346243858 2.6126066856    4.725  3.000  3.8742  2.561    2  0.000  0.545     0.00     0.00     0.00     0.00     0.00 -1 -7.74e-10      0.00 7.092e-01 2.756e-01 2.746e-03 7.408e-04 6.719e-03 -1.000 1.527e-02       7487          0          0          0          0      18.87      18.87 -2.730 -2.899 -2.800 -3.070 -2.899 -2.899 -2.893 -2.899 -2.899 -2.899 -2.899 -2.899 -2.899 -2.899 -2.899 -2.899 -2.899 -2.899 -2.899 -2.899 -2.899 -2.899 -2.899 -2.899 -2.899 -2.899 -2.800 -2.800 -2.793 -2.800 -2.800 -2.800 -2.800 -2.800 -2.800 -2.800 -2.800 -2.800 -2.800 -2.800 -2.800 -2.800 -2.800 -2.800 -2.800 -2.800 -2.800 -2.800 -3.070 -3.070 -3.067 -3.070 -3.070 -3.070 -3.070 -3.070 -3.070 -3.070 -3.070 -3.070 -3.070 -3.070 -3.070 -3.070 -3.070 -3.070 -3.070 -3.070 -3.070 -3.070
0.0152 0.01508 8.06000 4.7347698212 2.6126075373    4.725  2.991  3.8621  2.522    2  0.000  0.545     0.00     0.00     0.00     0.00     0.00 -1 -7.17e-10      0.00 7.092e-01 2.756e-01 2.746e-03 7.408e-04 6.719e-03 -1.000 1.527e-02       7282          0          0          0          0      19.75      19.75 -2.707 -2.885 -2.766 -3.091 -2.885 -2.884 -2.879 -2.884 -2.884 -2.884 -2.884 -2.884 -2.884 -2.884 -2.884 -2.884 -2.884 -2.884 -2.884 -2.884 -2.884 -2.884 -2.884 -2.884 -2.884 -2.884 -2.766 -2.765 -2.758 -2.765 -2.765 -2.765 -2.765 -2.765 -2.765 -2.765 -2.765 -2.765 -2.765 -2.765 -2.765 -2.765 -2.765 -2.765 -2.765 -2.765 -2.765 -2.765 -3.091 -3.090 -3.087 -3.090 -3.090 -3.090 -3.090 -3.090 -3.090 -3.090 -3.090 -3.090 -3.090 -3.090 -3.090 -3.090 -3.090 -3.090 -3.090 -3.090 -3.090 -3.090
0.0152 0.01508 8.06000 4.7349052429 2.6126083304    4.725  2.981  3.8500  2.483    2  0.000  0.545     0.00     0.00     0.00     0.00     0.00 -1 -6.64e-10      0.00 7.092e-01 2.756e-01 2.746e-03 7.408e-04 6.719e-03 -1.000 1.527e-02       7081          0          0          0          0      20.66      20.66 -2.684 -2.866 -2.725 -3.108 -2.866 -2.865 -2.859 -2.865 -2.865 -2.865 -2.865 -2.865 -2.865 -2.865 -2.865 -2.865 -2.865 -2.865 -2.865 -2.865 -2.865 -2.865 -2.865 -2.865 -2.865 -2.865 -2.725 -2.724 -2.717 -2.724 -2.724 -2.724 -2.724 -2.724 -2.724 -2.724 -2.724 -2.724 -2.724 -2.724 -2.724 -2.724 -2.724 -2.724 -2.724 -2.724 -2.724 -2.724 -3.108 -3.106 -3.103 -3.106 -3.106 -3.106 -3.106 -3.106 -3.106 -3.106 -3.106 -3.106 -3.106 -3.106 -3.106 -3.106 -3.106 -3.106 -3.106 -3.106 -3.106 -3.106
0.0152 0.01508 8.06000 4.7350325584 2.6126090760    4.725  2.972  3.8380  2.444    2  0.000  0.545     0.00     0.00     0.00     0.00     0.00 -1 -6.14e-10      0.00 7.092e-01 2.756e-01 2.746e-03 7.408e-04 6.719e-03 -1.000 1.527e-02       6887          0          0          0          0       21.6       21.6 -2.660 -2.843 -2.679 -3.120 -2.843 -2.841 -2.835 -2.841 -2.841 -2.841 -2.841 -2.841 -2.841 -2.841 -2.841 -2.841 -2.841 -2.841 -2.841 -2.841 -2.841 -2.841 -2.841 -2.841 -2.841 -2.841 -2.679 -2.678 -2.670 -2.678 -2.678 -2.678 -2.678 -2.678 -2.678 -2.678 -2.678 -2.678 -2.678 -2.678 -2.678 -2.678 -2.678 -2.678 -2.678 -2.678 -2.678 -2.678 -3.120 -3.117 -3.115 -3.117 -3.117 -3.117 -3.117 -3.117 -3.117 -3.117 -3.117 -3.117 -3.117 -3.117 -3.117 -3.117 -3.117 -3.117 -3.117 -3.117 -3.117 -3.117
0.0152 0.01508 8.06000 4.7351517677 2.6126097740    4.725  2.962  3.8259  2.406    2  0.000  0.545     0.00     0.00     0.00     0.00     0.00 -1 -5.68e-10      0.00 7.092e-01 2.756e-01 2.746e-03 7.408e-04 6.719e-03 -1.000 1.527e-02       6699          0          0          0          0      22.57      22.57 -2.635 -2.816 -2.627 -3.132 -2.816 -2.814 -2.808 -2.814 -2.814 -2.814 -2.814 -2.814 -2.814 -2.814 -2.814 -2.814 -2.814 -2.814 -2.814 -2.814 -2.814 -2.814 -2.814 -2.814 -2.814 -2.814 -2.627 -2.626 -2.617 -2.626 -2.626 -2.626 -2.626 -2.626 -2.626 -2.626 -2.626 -2.626 -2.626 -2.626 -2.626 -2.626 -2.626 -2.626 -2.626 -2.626 -2.626 -2.626 -3.132 -3.129 -3.126 -3.129 -3.129 -3.129 -3.129 -3.129 -3.129 -3.129 -3.129 -3.129 -3.129 -3.129 -3.129 -3.129 -3.129 -3.129 -3.129 -3.129 -3.129 -3.129
0.0152 0.01508 8.06000 4.7352638245 2.6126104301    4.726  2.952  3.8138  2.368    2  0.000  0.545     0.00     0.00     0.00     0.00     0.00 -1 -5.23e-10      0.00 7.092e-01 2.756e-01 2.746e-03 7.408e-04 6.719e-03 -1.000 1.527e-02       6515          0          0          0          0      23.59      23.59 -2.610 -2.784 -2.565 -3.145 -2.784 -2.782 -2.776 -2.782 -2.782 -2.782 -2.782 -2.782 -2.782 -2.782 -2.782 -2.782 -2.782 -2.782 -2.782 -2.782 -2.782 -2.782 -2.782 -2.782 -2.782 -2.782 -2.565 -2.563 -2.555 -2.563 -2.563 -2.563 -2.563 -2.563 -2.563 -2.563 -2.563 -2.563 -2.563 -2.563 -2.563 -2.563 -2.563 -2.563 -2.563 -2.563 -2.563 -2.563 -3.145 -3.143 -3.140 -3.143 -3.143 -3.143 -3.143 -3.143 -3.143 -3.143 -3.143 -3.143 -3.143 -3.143 -3.143 -3.143 -3.143 -3.143 -3.143 -3.143 -3.143 -3.143
0.0152 0.01508 8.06000 4.7353434563 2.6126108964    4.726  2.944  3.8049  2.339    2  0.000  0.545     0.00     0.00     0.00     0.00     0.00 -1 -4.92e-10      0.00 7.092e-01 2.756e-01 2.746e-03 7.408e-04 6.719e-03 -1.000 1.527e-02       6381          0          0          0          0      24.37      24.37 -2.591 -2.761 -2.521 -3.149 -2.761 -2.759 -2.753 -2.759 -2.759 -2.759 -2.759 -2.759 -2.759 -2.759 -2.759 -2.759 -2.759 -2.759 -2.759 -2.759 -2.759 -2.759 -2.759 -2.759 -2.759 -2.759 -2.521 -2.520 -2.512 -2.520 -2.520 -2.520 -2.520 -2.520 -2.520 -2.520 -2.520 -2.520 -2.520 -2.520 -2.520 -2.520 -2.520 -2.520 -2.520 -2.520 -2.520 -2.520 -3.149 -3.147 -3.143 -3.147 -3.147 -3.147 -3.147 -3.147 -3.147 -3.147 -3.147 -3.147 -3.147 -3.147 -3.147 -3.147 -3.147 -3.147 -3.147 -3.147 -3.147 -3.147
0.0152 0.01508 8.06000 4.7354445457 2.6126114882    4.726  2.934  3.7928  2.302    2  0.000  0.545     0.00     0.00     0.00     0.00     0.00 -1 -4.54e-10      0.00 7.092e-01 2.756e-01 2.746e-03 7.408e-04 6.719e-03 -1.000 1.527e-02       6207          0          0          0          0      25.45      25.45 -2.565 -2.728 -2.464 -3.147 -2.728 -2.728 -2.721 -2.728 -2.728 -2.728 -2.728 -2.728 -2.728 -2.728 -2.728 -2.728 -2.728 -2.728 -2.728 -2.728 -2.728 -2.728 -2.728 -2.728 -2.728 -2.728 -2.464 -2.464 -2.456 -2.464 -2.464 -2.464 -2.464 -2.464 -2.464 -2.464 -2.464 -2.464 -2.464 -2.464 -2.464 -2.464 -2.464 -2.464 -2.464 -2.464 -2.464 -2.464 -3.147 -3.146 -3.142 -3.146 -3.146 -3.146 -3.146 -3.146 -3.146 -3.146 -3.146 -3.146 -3.146 -3.146 -3.146 -3.146 -3.146 -3.146 -3.146 -3.146 -3.146 -3.146
0.0152 0.01508 8.06000 4.7355399132 2.6126120466    4.726  2.924  3.7809  2.264    2  0.000  0.545     0.00     0.00     0.00     0.00     0.00 -1 -4.18e-10      0.00 7.092e-01 2.756e-01 2.746e-03 7.408e-04 6.719e-03 -1.000 1.527e-02       6038          0          0          0          0      26.57      26.57 -2.539 -2.694 -2.406 -3.142 -2.694 -2.694 -2.688 -2.694 -2.694 -2.694 -2.694 -2.694 -2.694 -2.694 -2.694 -2.694 -2.694 -2.694 -2.694 -2.694 -2.694 -2.694 -2.694 -2.694 -2.694 -2.694 -2.406 -2.406 -2.398 -2.406 -2.406 -2.406 -2.406 -2.406 -2.406 -2.406 -2.406 -2.406 -2.406 -2.406 -2.406 -2.406 -2.406 -2.406 -2.406 -2.406 -2.406 -2.406 -3.142 -3.141 -3.137 -3.141 -3.141 -3.141 -3.141 -3.141 -3.141 -3.141 -3.141 -3.141 -3.141 -3.141 -3.141 -3.141 -3.141 -3.141 -3.141 -3.141 -3.141 -3.141
0.0152 0.01508 8.06000 4.7356300354 2.6126125742    4.726  2.913  3.7690  2.228    2  0.000  0.545     0.00     0.00     0.00     0.00     0.00 -1 -3.84e-10      0.00 7.092e-01 2.756e-01 2.746e-03 7.408e-04 6.719e-03 -1.000 1.527e-02       5876          0          0          0          0      27.72      27.72 -2.512 -2.658 -2.344 -3.133 -2.658 -2.658 -2.651 -2.658 -2.658 -2.658 -2.658 -2.658 -2.658 -2.658 -2.658 -2.658 -2.658 -2.658 -2.658 -2.658 -2.658 -2.658 -2.658 -2.658 -2.658 -2.658 -2.344 -2.344 -2.336 -2.344 -2.344 -2.344 -2.344 -2.344 -2.344 -2.344 -2.344 -2.344 -2.344 -2.344 -2.344 -2.344 -2.344 -2.344 -2.344 -2.344 -2.344 -2.344 -3.133 -3.133 -3.128 -3.133 -3.133 -3.133 -3.133 -3.133 -3.133 -3.133 -3.133 -3.133 -3.133 -3.133 -3.133 -3.133 -3.133 -3.133 -3.133 -3.133 -3.133 -3.133
0.0152 0.01508 8.06000 4.7357158661 2.6126130766    4.726  2.902  3.7576  2.193    2  0.000  0.545     0.00     0.00     0.00     0.00     0.00 -1 -3.55e-10      0.00 7.092e-01 2.756e-01 2.746e-03 7.408e-04 6.719e-03 -1.000 1.527e-02       5723          0          0          0          0      28.86      28.86 -2.485 -2.619 -2.281 -3.121 -2.619 -2.619 -2.613 -2.619 -2.619 -2.619 -2.619 -2.619 -2.619 -2.619 -2.619 -2.619 -2.619 -2.619 -2.619 -2.619 -2.619 -2.619 -2.619 -2.619 -2.619 -2.619 -2.281 -2.281 -2.273 -2.281 -2.281 -2.281 -2.281 -2.281 -2.281 -2.281 -2.281 -2.281 -2.281 -2.281 -2.281 -2.281 -2.281 -2.281 -2.281 -2.281 -2.281 -2.281 -3.121 -3.121 -3.116 -3.121 -3.121 -3.121 -3.121 -3.121 -3.121 -3.121 -3.121 -3.121 -3.121 -3.121 -3.121 -3.121 -3.121 -3.121 -3.121 -3.121 -3.121 -3.121
0.0152 0.01508 8.06000 4.7357988358 2.6126135623    4.726  2.891  3.7467  2.161    2  0.000  0.545     0.00     0.00     0.00     0.00     0.00 -1  -3.4e-10      0.00 7.092e-01 2.756e-01 2.746e-03 7.408e-04 6.719e-03 -1.000 1.527e-02       5582          0          0          0          0      29.94      29.94 -2.457 -2.577 -2.215 -3.103 -2.577 -2.577 -2.570 -2.577 -2.577 -2.577 -2.577 -2.577 -2.577 -2.577 -2.577 -2.577 -2.577 -2.577 -2.577 -2.577 -2.577 -2.577 -2.577 -2.577 -2.577 -2.577 -2.215 -2.215 -2.206 -2.215 -2.215 -2.215 -2.215 -2.215 -2.215 -2.215 -2.215 -2.215 -2.215 -2.215 -2.215 -2.215 -2.215 -2.215 -2.215 -2.215 -2.215 -2.215 -3.103 -3.103 -3.098 -3.103 -3.103 -3.103 -3.103 -3.103 -3.103 -3.103 -3.103 -3.103 -3.103 -3.103 -3.103 -3.103 -3.103 -3.103 -3.103 -3.103 -3.103 -3.103
0.0152 0.01508 8.06000 4.7358841896 2.6126140619    4.726  2.878  3.7365  2.132    2  0.000  0.545     0.00     0.00     0.00     0.00     0.00 -1 -3.53e-10      0.00 7.092e-01 2.756e-01 2.746e-03 7.408e-04 6.719e-03 -1.000 1.527e-02       5451          0          0          0          0      30.94      30.94 -2.425 -2.530 -2.144 -3.077 -2.530 -2.530 -2.523 -2.530 -2.530 -2.530 -2.530 -2.530 -2.530 -2.530 -2.530 -2.530 -2.530 -2.530 -2.530 -2.530 -2.530 -2.530 -2.530 -2.530 -2.530 -2.530 -2.144 -2.145 -2.136 -2.145 -2.145 -2.145 -2.145 -2.145 -2.145 -2.145 -2.145 -2.145 -2.145 -2.145 -2.145 -2.145 -2.145 -2.145 -2.145 -2.145 -2.145 -2.145 -3.077 -3.077 -3.072 -3.077 -3.077 -3.077 -3.077 -3.077 -3.077 -3.077 -3.077 -3.077 -3.077 -3.077 -3.077 -3.077 -3.077 -3.077 -3.077 -3.077 -3.077 -3.077
0.0152 0.01508 8.06000 4.7360005379 2.6126147429    4.726  2.859  3.7248  2.105    2  0.000  0.545     0.00     0.00     0.00     0.00     0.00 -1 -3.92e-10      0.00 7.092e-01 2.756e-01 2.746e-03 7.408e-04 6.719e-03 -1.000 1.527e-02       5307          0          0          0          0      31.95      31.95 -2.378 -2.457 -2.044 -3.030 -2.457 -2.457 -2.452 -2.457 -2.457 -2.457 -2.457 -2.457 -2.457 -2.457 -2.457 -2.457 -2.457 -2.457 -2.457 -2.457 -2.457 -2.457 -2.457 -2.457 -2.457 -2.457 -2.044 -2.044 -2.037 -2.044 -2.044 -2.044 -2.044 -2.044 -2.044 -2.044 -2.044 -2.044 -2.044 -2.044 -2.044 -2.044 -2.044 -2.044 -2.044 -2.044 -2.044 -2.044 -3.030 -3.030 -3.026 -3.030 -3.030 -3.030 -3.030 -3.030 -3.030 -3.030 -3.030 -3.030 -3.030 -3.030 -3.030 -3.030 -3.030 -3.030 -3.030 -3.030 -3.030 -3.030
0.0152 0.01508 8.06000 4.7361173630 2.6126154267    4.726  2.839  3.7155  2.087    2  0.000  0.545     0.00     0.00     0.00     0.00     0.00 -1 -4.24e-10      0.00 7.092e-01 2.756e-01 2.746e-03 7.408e-04 6.719e-03 -1.000 1.527e-02       5194          0          0          0          0      32.58      32.58 -2.328 -2.385 -1.948 -2.978 -2.385 -2.385 -2.383 -2.385 -2.385 -2.385 -2.385 -2.385 -2.385 -2.385 -2.385 -2.385 -2.385 -2.385 -2.385 -2.385 -2.385 -2.385 -2.385 -2.385 -2.385 -2.385 -1.948 -1.948 -1.945 -1.948 -1.948 -1.948 -1.948 -1.948 -1.948 -1.948 -1.948 -1.948 -1.948 -1.948 -1.948 -1.948 -1.948 -1.948 -1.948 -1.948 -1.948 -1.948 -2.978 -2.978 -2.977 -2.978 -2.978 -2.978 -2.978 -2.978 -2.978 -2.978 -2.978 -2.978 -2.978 -2.978 -2.978 -2.978 -2.978 -2.978 -2.978 -2.978 -2.978 -2.978
0.0152 0.01508 8.06000 4.7362370491 2.6126161272    4.727  2.817  3.7077  2.078    2  0.000  0.545     0.00     0.00     0.00     0.00     0.00 -1 -4.42e-10      0.00 7.092e-01 2.756e-01 2.746e-03 7.408e-04 6.719e-03 -1.000 1.527e-02       5101          0          0          0          0      32.94      32.94 -2.274 -2.311 -1.854 -2.922 -2.311 -2.311 -2.311 -2.311 -2.311 -2.311 -2.311 -2.311 -2.311 -2.311 -2.311 -2.311 -2.311 -2.311 -2.311 -2.311 -2.311 -2.311 -2.311 -2.311 -2.311 -2.311 -1.854 -1.854 -1.854 -1.854 -1.854 -1.854 -1.854 -1.854 -1.854 -1.854 -1.854 -1.854 -1.854 -1.854 -1.854 -1.854 -1.854 -1.854 -1.854 -1.854 -1.854 -1.854 -2.922 -2.922 -2.922 -2.922 -2.922 -2.922 -2.922 -2.922 -2.922 -2.922 -2.922 -2.922 -2.922 -2.922 -2.922 -2.922 -2.922 -2.922 -2.922 -2.922 -2.922 -2.922
0.0152 0.01508 8.06000 4.7363758087 2.6126169392    4.727  2.794  3.6997  2.070    2  0.000  0.545     0.00     0.00     0.00     0.00     0.00 -1 -4.56e-10      0.00 7.092e-01 2.756e-01 2.746e-03 7.408e-04 6.719e-03 -1.000 1.527e-02       5009          0          0          0          0      33.25      33.25 -2.214 -2.232 -1.755 -2.859 -2.232 -2.232 -2.232 -2.232 -2.232 -2.232 -2.232 -2.232 -2.232 -2.232 -2.232 -2.232 -2.232 -2.232 -2.232 -2.232 -2.232 -2.232 -2.232 -2.232 -2.232 -2.232 -1.755 -1.755 -1.755 -1.755 -1.755 -1.755 -1.755 -1.755 -1.755 -1.755 -1.755 -1.755 -1.755 -1.755 -1.755 -1.755 -1.755 -1.755 -1.755 -1.755 -1.755 -1.755 -2.859 -2.859 -2.859 -2.859 -2.859 -2.859 -2.859 -2.859 -2.859 -2.859 -2.859 -2.859 -2.859 -2.859 -2.859 -2.859 -2.859 -2.859 -2.859 -2.859 -2.859 -2.859
0.0152 0.01508 8.06000 4.7365841866 2.6126181586    4.727  2.767  3.6887  2.052    2  0.000  0.545     0.00     0.00     0.00     0.00     0.00 -1 -4.86e-10      0.00 7.092e-01 2.756e-01 2.746e-03 7.408e-04 6.719e-03 -1.000 1.527e-02       4883          0          0          0          0      33.93      33.93 -2.147 -2.134 -1.628 -2.785 -2.134 -2.134 -2.134 -2.134 -2.134 -2.134 -2.134 -2.134 -2.134 -2.134 -2.134 -2.134 -2.134 -2.134 -2.134 -2.134 -2.134 -2.134 -2.134 -2.134 -2.134 -2.134 -1.628 -1.628 -1.628 -1.628 -1.628 -1.628 -1.628 -1.628 -1.628 -1.628 -1.628 -1.628 -1.628 -1.628 -1.628 -1.628 -1.628 -1.628 -1.628 -1.628 -1.628 -1.628 -2.785 -2.785 -2.785 -2.785 -2.785 -2.785 -2.785 -2.785 -2.785 -2.785 -2.785 -2.785 -2.785 -2.785 -2.785 -2.785 -2.785 -2.785 -2.785 -2.785 -2.785 -2.785
0.0152 0.01508 8.06000 4.7366971970 2.6126188198    4.727  2.757  3.6829  2.039    2  0.000  0.545     0.00     0.00     0.00     0.00     0.00 -1  -5.1e-10      0.00 7.092e-01 2.756e-01 2.746e-03 7.408e-04 6.719e-03 -1.000 1.527e-02       4818          0          0          0          0      34.44      34.44 -2.122 -2.090 -1.569 -2.754 -2.090 -2.090 -2.090 -2.090 -2.090 -2.090 -2.090 -2.090 -2.090 -2.090 -2.090 -2.090 -2.090 -2.090 -2.090 -2.090 -2.090 -2.090 -2.090 -2.090 -2.090 -2.090 -1.569 -1.569 -1.569 -1.569 -1.569 -1.569 -1.569 -1.569 -1.569 -1.569 -1.569 -1.569 -1.569 -1.569 -1.569 -1.569 -1.569 -1.569 -1.569 -1.569 -1.569 -1.569 -2.754 -2.754 -2.754 -2.754 -2.754 -2.754 -2.754 -2.754 -2.754 -2.754 -2.754 -2.754 -2.754 -2.754 -2.754 -2.754 -2.754 -2.754 -2.754 -2.754 -2.754 -2.754
0.0152 0.01508 8.06000 4.7368183136 2.6126195285    4.727  2.770  3.6768  2.002    2  0.000  0.545     0.00     0.00     0.00     0.00     0.00 -1 -6.04e-10      0.00 7.092e-01 2.756e-01 2.746e-03 7.408e-04 6.719e-03 -1.000 1.527e-02       4751          0          0          0          0      36.01      36.01 -2.155 -2.103 -1.565 -2.781 -2.103 -2.103 -2.103 -2.103 -2.103 -2.103 -2.103 -2.103 -2.103 -2.103 -2.103 -2.103 -2.103 -2.103 -2.103 -2.103 -2.103 -2.103 -2.103 -2.103 -2.103 -2.103 -1.565 -1.565 -1.565 -1.565 -1.565 -1.565 -1.565 -1.565 -1.565 -1.565 -1.565 -1.565 -1.565 -1.565 -1.565 -1.565 -1.565 -1.565 -1.565 -1.565 -1.565 -1.565 -2.781 -2.781 -2.781 -2.781 -2.781 -2.781 -2.781 -2.781 -2.781 -2.781 -2.781 -2.781 -2.781 -2.781 -2.781 -2.781 -2.781 -2.781 -2.781 -2.781 -2.781 -2.781
0.0152 0.01508 8.06000 4.7369384766 2.6126202315    4.727  2.792  3.6707  1.956    3  0.000  0.545     3.97     3.69     2.78     2.00     1.64  4 -7.55e-10      0.00 7.091e-01 2.756e-01 2.745e-03 7.408e-04 6.719e-03 -1.000 1.527e-02       4685          0          0          0          0      37.97      37.97 -2.209 -2.136 -1.579 -2.828 -2.136 -2.136 -2.136 -2.136 -2.136 -2.136 -2.136 -2.136 -2.136 -2.136 -2.136 -2.136 -2.136 -2.136 -2.136 -2.136 -2.136 -2.136 -2.136 -2.136 -2.136 -2.136 -1.579 -1.579 -1.579 -1.579 -1.579 -1.579 -1.579 -1.579 -1.579 -1.579 -1.579 -1.579 -1.579 -1.579 -1.579 -1.579 -1.579 -1.579 -1.579 -1.579 -1.579 -1.579 -2.828 -2.828 -2.828 -2.828 -2.828 -2.828 -2.828 -2.828 -2.828 -2.828 -2.828 -2.828 -2.828 -2.828 -2.828 -2.828 -2.828 -2.828 -2.828 -2.828 -2.828 -2.828
0.0152 0.01508 8.06000 4.7370715141 2.6126210098    4.727  2.826  3.6641  1.894    3  0.000  0.544     4.52     4.13     3.09     2.23     1.83  4 -1.05e-09      0.00 7.091e-01 2.756e-01 2.742e-03 7.412e-04 6.719e-03 -1.000 1.527e-02       4613          0          0          0          0      40.73      40.73 -2.296 -2.198 -1.618 -2.906 -2.198 -2.198 -2.198 -2.198 -2.198 -2.198 -2.198 -2.198 -2.198 -2.198 -2.198 -2.198 -2.198 -2.198 -2.198 -2.198 -2.198 -2.198 -2.198 -2.198 -2.198 -2.198 -1.618 -1.618 -1.618 -1.618 -1.618 -1.618 -1.618 -1.618 -1.618 -1.618 -1.618 -1.618 -1.618 -1.618 -1.618 -1.618 -1.618 -1.618 -1.618 -1.618 -1.618 -1.618 -2.906 -2.906 -2.906 -2.906 -2.906 -2.906 -2.906 -2.906 -2.906 -2.906 -2.906 -2.906 -2.906 -2.906 -2.906 -2.906 -2.906 -2.906 -2.906 -2.906 -2.906 -2.906
0.0152 0.01508 8.06000 4.7371711731 2.6126215928    4.727  2.859  3.6594  1.843    3  0.000  0.542     5.04     4.53     3.38     2.44     2.00  4 -1.38e-09      0.00 7.091e-01 2.756e-01 2.729e-03 7.449e-04 6.719e-03 -1.000 1.527e-02       4564          0          0          0          0      43.19      43.19 -2.378 -2.262 -1.666 -2.981 -2.262 -2.262 -2.262 -2.262 -2.262 -2.262 -2.262 -2.262 -2.262 -2.262 -2.262 -2.262 -2.262 -2.262 -2.262 -2.262 -2.262 -2.262 -2.262 -2.262 -2.262 -2.262 -1.666 -1.666 -1.666 -1.666 -1.666 -1.666 -1.666 -1.666 -1.666 -1.666 -1.666 -1.666 -1.666 -1.666 -1.666 -1.666 -1.666 -1.666 -1.666 -1.666 -1.666 -1.666 -2.981 -2.981 -2.981 -2.981 -2.981 -2.981 -2.981 -2.981 -2.981 -2.981 -2.981 -2.981 -2.981 -2.981 -2.981 -2.981 -2.981 -2.981 -2.981 -2.981 -2.981 -2.981
0.0152 0.01508 8.06000 4.7372975349 2.6126223320    4.728  2.900  3.6544  1.782    3  0.000  0.529     5.73     5.06     3.75     2.71     2.22  4 -1.88e-09      0.00 7.091e-01 2.757e-01 2.667e-03 7.774e-04 6.719e-03 -1.000 1.528e-02       4512          0          0          0          0      46.35      46.35 -2.481 -2.343 -1.729 -3.076 -2.343 -2.343 -2.343 -2.343 -2.343 -2.343 -2.343 -2.343 -2.343 -2.343 -2.343 -2.343 -2.343 -2.343 -2.343 -2.343 -2.343 -2.343 -2.343 -2.343 -2.343 -2.343 -1.729 -1.729 -1.729 -1.729 -1.729 -1.729 -1.729 -1.729 -1.729 -1.729 -1.729 -1.729 -1.729 -1.729 -1.729 -1.729 -1.729 -1.729 -1.729 -1.729 -1.729 -1.729 -3.076 -3.076 -3.076 -3.076 -3.076 -3.076 -3.076 -3.076 -3.076 -3.076 -3.076 -3.076 -3.076 -3.076 -3.076 -3.076 -3.076 -3.076 -3.076 -3.076 -3.076 -3.076
0.0152 0.01508 8.06000 4.7374863625 2.6126234364    4.728  2.950  3.6487  1.709    3  0.000  0.490     6.69     5.77     4.26     3.08     2.53  4 -2.66e-09      0.00 7.090e-01 2.757e-01 2.467e-03 9.660e-04 6.719e-03 -1.000 1.531e-02       4453          0          0          0          0      50.39      50.39 -2.606 -2.444 -1.809 -3.191 -2.444 -2.444 -2.444 -2.444 -2.444 -2.444 -2.444 -2.444 -2.444 -2.444 -2.444 -2.444 -2.444 -2.444 -2.444 -2.444 -2.444 -2.444 -2.444 -2.444 -2.444 -2.444 -1.809 -1.809 -1.809 -1.809 -1.809 -1.809 -1.809 -1.809 -1.809 -1.809 -1.809 -1.809 -1.809 -1.809 -1.809 -1.809 -1.809 -1.809 -1.809 -1.809 -1.809 -1.809 -3.191 -3.191 -3.191 -3.191 -3.191 -3.191 -3.191 -3.191 -3.191 -3.191 -3.191 -3.191 -3.191 -3.191 -3.191 -3.191 -3.191 -3.191 -3.191 -3.191 -3.191 -3.191
0.0152 0.01508 8.06000 4.7375178337 2.6126236205    4.728  2.958  3.6478  1.698    3  0.000  0.483     6.85     5.89     4.34     3.14     2.58  4 -2.81e-09      0.00 7.090e-01 2.757e-01 2.431e-03 1.003e-03 6.719e-03 -1.000 1.532e-02       4444          0          0          0          0      51.03      51.03 -2.626 -2.459 -1.821 -3.209 -2.459 -2.459 -2.459 -2.459 -2.459 -2.459 -2.459 -2.459 -2.459 -2.459 -2.459 -2.459 -2.459 -2.459 -2.459 -2.459 -2.459 -2.459 -2.459 -2.459 -2.459 -2.459 -1.821 -1.821 -1.821 -1.821 -1.821 -1.821 -1.821 -1.821 -1.821 -1.821 -1.821 -1.821 -1.821 -1.821 -1.821 -1.821 -1.821 -1.821 -1.821 -1.821 -1.821 -1.821 -3.209 -3.209 -3.209 -3.209 -3.209 -3.209 -3.209 -3.209 -3.209 -3.209 -3.209 -3.209 -3.209 -3.209 -3.209 -3.209 -3.209 -3.209 -3.209 -3.209 -3.209 -3.209
0.0152 0.01508 8.06000 4.7375545502 2.6126238352    4.728  2.965  3.6471  1.688    3  0.000  0.475     7.00     6.00     4.42     3.20     2.63  4 -2.94e-09      0.00 7.090e-01 2.757e-01 2.392e-03 1.050e-03 6.719e-03 -1.000 1.532e-02       4436          0          0          0          0      51.64      51.64 -2.643 -2.473 -1.833 -3.225 -2.473 -2.473 -2.473 -2.473 -2.473 -2.473 -2.473 -2.473 -2.473 -2.473 -2.473 -2.473 -2.473 -2.473 -2.473 -2.473 -2.473 -2.473 -2.473 -2.473 -2.473 -2.473 -1.833 -1.833 -1.833 -1.833 -1.833 -1.833 -1.833 -1.833 -1.833 -1.833 -1.833 -1.833 -1.833 -1.833 -1.833 -1.833 -1.833 -1.833 -1.833 -1.833 -1.833 -1.833 -3.225 -3.225 -3.225 -3.225 -3.225 -3.225 -3.225 -3.225 -3.225 -3.225 -3.225 -3.225 -3.225 -3.225 -3.225 -3.225 -3.225 -3.225 -3.225 -3.225 -3.225 -3.225
0.0152 0.01508 8.06000 4.7375912666 2.6126240500    4.728  2.972  3.6464  1.678    3  0.000  0.468     7.14     6.10     4.49     3.26     2.67  4 -3.07e-09      0.00 7.089e-01 2.757e-01 2.359e-03 1.090e-03 6.719e-03 -1.000 1.533e-02       4429          0          0          0          0      52.21      52.21 -2.660 -2.487 -1.843 -3.240 -2.487 -2.487 -2.487 -2.487 -2.487 -2.487 -2.487 -2.487 -2.487 -2.487 -2.487 -2.487 -2.487 -2.487 -2.487 -2.487 -2.487 -2.487 -2.487 -2.487 -2.487 -2.487 -1.843 -1.843 -1.843 -1.843 -1.843 -1.843 -1.843 -1.843 -1.843 -1.843 -1.843 -1.843 -1.843 -1.843 -1.843 -1.843 -1.843 -1.843 -1.843 -1.843 -1.843 -1.843 -3.240 -3.240 -3.240 -3.240 -3.240 -3.240 -3.240 -3.240 -3.240 -3.240 -3.240 -3.240 -3.240 -3.240 -3.240 -3.240 -3.240 -3.240 -3.240 -3.240 -3.240 -3.240
0.0152 0.01508 8.06000 4.7376279831 2.6126242647    4.728  2.978  3.6457  1.669    3  0.000  0.461     7.28     6.20     4.56     3.31     2.71  4  -3.2e-09      0.00 7.089e-01 2.757e-01 2.324e-03 1.133e-03 6.719e-03 -1.000 1.533e-02       4422          0          0          0          0      52.74      52.74 -2.675 -2.499 -1.853 -3.254 -2.499 -2.499 -2.499 -2.499 -2.499 -2.499 -2.499 -2.499 -2.499 -2.499 -2.499 -2.499 -2.499 -2.499 -2.499 -2.499 -2.499 -2.499 -2.499 -2.499 -2.499 -2.499 -1.853 -1.853 -1.853 -1.853 -1.853 -1.853 -1.853 -1.853 -1.853 -1.853 -1.853 -1.853 -1.853 -1.853 -1.853 -1.853 -1.853 -1.853 -1.853 -1.853 -1.853 -1.853 -3.254 -3.254 -3.254 -3.254 -3.254 -3.254 -3.254 -3.254 -3.254 -3.254 -3.254 -3.254 -3.254 -3.254 -3.254 -3.254 -3.254 -3.254 -3.254 -3.254 -3.254 -3.254
0.0152 0.01508 8.06000 4.7376689911 2.6126245045    4.728  2.985  3.6450  1.660    3  0.000  0.455     7.42     6.30     4.63     3.36     2.76  4 -3.34e-09      0.00 7.089e-01 2.758e-01 2.294e-03 1.170e-03 6.719e-03 -1.000 1.534e-02       4415          0          0          0          0       53.3       53.3 -2.691 -2.512 -1.863 -3.269 -2.512 -2.512 -2.512 -2.512 -2.512 -2.512 -2.512 -2.512 -2.512 -2.512 -2.512 -2.512 -2.512 -2.512 -2.512 -2.512 -2.512 -2.512 -2.512 -2.512 -2.512 -2.512 -1.863 -1.863 -1.863 -1.863 -1.863 -1.863 -1.863 -1.863 -1.863 -1.863 -1.863 -1.863 -1.863 -1.863 -1.863 -1.863 -1.863 -1.863 -1.863 -1.863 -1.863 -1.863 -3.269 -3.269 -3.269 -3.269 -3.269 -3.269 -3.269 -3.269 -3.269 -3.269 -3.269 -3.269 -3.269 -3.269 -3.269 -3.269 -3.269 -3.269 -3.269 -3.269 -3.269 -3.269
0.0152 0.01508 8.06000 4.7377099991 2.6126247444    4.728  2.990  3.6444  1.652    3  0.000  0.450     7.55     6.40     4.70     3.41     2.80  4 -3.47e-09      0.00 7.089e-01 2.758e-01 2.267e-03 1.203e-03 6.719e-03 -1.000 1.534e-02       4409          0          0          0          0      53.81      53.81 -2.706 -2.524 -1.872 -3.282 -2.524 -2.524 -2.524 -2.524 -2.524 -2.524 -2.524 -2.524 -2.524 -2.524 -2.524 -2.524 -2.524 -2.524 -2.524 -2.524 -2.524 -2.524 -2.524 -2.524 -2.524 -2.524 -1.872 -1.872 -1.872 -1.872 -1.872 -1.872 -1.872 -1.872 -1.872 -1.872 -1.872 -1.872 -1.872 -1.872 -1.872 -1.872 -1.872 -1.872 -1.872 -1.872 -1.872 -1.872 -3.282 -3.282 -3.282 -3.282 -3.282 -3.282 -3.282 -3.282 -3.282 -3.282 -3.282 -3.282 -3.282 -3.282 -3.282 -3.282 -3.282 -3.282 -3.282 -3.282 -3.282 -3.282
0.0152 0.01508 8.06000 4.7377510071 2.6126249842    4.728  2.996  3.6438  1.644    3  0.000  0.444     7.68     6.49     4.76     3.46     2.84  4  -3.6e-09      0.00 7.089e-01 2.758e-01 2.236e-03 1.241e-03 6.719e-03 -1.000 1.535e-02       4403          0          0          0          0      54.31      54.31 -2.720 -2.535 -1.881 -3.295 -2.535 -2.535 -2.535 -2.535 -2.535 -2.535 -2.535 -2.535 -2.535 -2.535 -2.535 -2.535 -2.535 -2.535 -2.535 -2.535 -2.535 -2.535 -2.535 -2.535 -2.535 -2.535 -1.881 -1.881 -1.881 -1.881 -1.881 -1.881 -1.881 -1.881 -1.881 -1.881 -1.881 -1.881 -1.881 -1.881 -1.881 -1.881 -1.881 -1.881 -1.881 -1.881 -1.881 -1.881 -3.295 -3.295 -3.295 -3.295 -3.295 -3.295 -3.295 -3.295 -3.295 -3.295 -3.295 -3.295 -3.295 -3.295 -3.295 -3.295 -3.295 -3.295 -3.295 -3.295 -3.295 -3.295
0.0152 0.01508 8.06000 4.7377843857 2.6126251794    4.728  3.000  3.6434  1.639    3  0.000  0.441     7.76     6.56     4.81     3.49     2.86  4 -3.68e-09      0.00 7.089e-01 2.758e-01 2.220e-03 1.261e-03 6.719e-03 -1.000 1.535e-02       4399          0          0          0          0      54.65      54.65 -2.729 -2.542 -1.887 -3.303 -2.542 -2.542 -2.542 -2.542 -2.542 -2.542 -2.542 -2.542 -2.542 -2.542 -2.542 -2.542 -2.542 -2.542 -2.542 -2.542 -2.542 -2.542 -2.542 -2.542 -2.542 -2.542 -1.887 -1.887 -1.887 -1.887 -1.887 -1.887 -1.887 -1.887 -1.887 -1.887 -1.887 -1.887 -1.887 -1.887 -1.887 -1.887 -1.887 -1.887 -1.887 -1.887 -1.887 -1.887 -3.303 -3.303 -3.303 -3.303 -3.303 -3.303 -3.303 -3.303 -3.303 -3.303 -3.303 -3.303 -3.303 -3.303 -3.303 -3.303 -3.303 -3.303 -3.303 -3.303 -3.303 -3.303
0.0152 0.01508 8.06000 4.7381544113 2.6126273431    4.728  3.038  3.6395  1.585    3  0.000  0.412     8.70     7.23     5.28     3.84     3.15  4 -4.62e-09      0.00 7.088e-01 2.759e-01 2.074e-03 1.440e-03 6.718e-03 -1.000 1.538e-02       4359          0          0          0          0      58.21      58.21 -2.825 -2.619 -1.948 -3.391 -2.619 -2.619 -2.619 -2.619 -2.619 -2.619 -2.619 -2.619 -2.619 -2.619 -2.619 -2.619 -2.619 -2.619 -2.619 -2.619 -2.619 -2.619 -2.619 -2.619 -2.619 -2.619 -1.948 -1.948 -1.948 -1.948 -1.948 -1.948 -1.948 -1.948 -1.948 -1.948 -1.948 -1.948 -1.948 -1.948 -1.948 -1.948 -1.948 -1.948 -1.948 -1.948 -1.948 -1.948 -3.391 -3.391 -3.391 -3.391 -3.391 -3.391 -3.391 -3.391 -3.391 -3.391 -3.391 -3.391 -3.391 -3.391 -3.391 -3.391 -3.391 -3.391 -3.391 -3.391 -3.391 -3.391
0.0152 0.01508 8.06000 4.7385439873 2.6126296207    4.729  3.075  3.6358  1.533    3  0.000  0.391     9.70     7.93     5.77     4.20     3.44  4 -5.67e-09      0.00 7.086e-01 2.760e-01 1.967e-03 1.577e-03 6.712e-03 -1.000 1.539e-02       4322          0          0          0          0      61.77      61.77 -2.917 -2.692 -2.006 -3.474 -2.692 -2.692 -2.692 -2.692 -2.692 -2.692 -2.692 -2.692 -2.692 -2.692 -2.692 -2.692 -2.692 -2.692 -2.692 -2.692 -2.692 -2.692 -2.692 -2.692 -2.692 -2.692 -2.006 -2.006 -2.006 -2.006 -2.006 -2.006 -2.006 -2.006 -2.006 -2.006 -2.006 -2.006 -2.006 -2.006 -2.006 -2.006 -2.006 -2.006 -2.006 -2.006 -2.006 -2.006 -3.474 -3.474 -3.474 -3.474 -3.474 -3.474 -3.474 -3.474 -3.474 -3.474 -3.474 -3.474 -3.474 -3.474 -3.474 -3.474 -3.474 -3.474 -3.474 -3.474 -3.474 -3.474
0.0152 0.01508 8.06000 4.7389588356 2.6126320456    4.729  3.112  3.6322  1.482    3  0.000  0.377    10.82     8.71     6.30     4.59     3.77  4  -6.9e-09      0.00 7.079e-01 2.767e-01 1.888e-03 1.710e-03 6.670e-03 -1.000 1.540e-02       4287          0          0          0          0      65.54      65.54 -3.010 -2.767 -2.067 -3.558 -2.767 -2.767 -2.767 -2.767 -2.767 -2.767 -2.767 -2.767 -2.767 -2.767 -2.767 -2.767 -2.767 -2.767 -2.767 -2.767 -2.767 -2.767 -2.767 -2.767 -2.767 -2.767 -2.067 -2.067 -2.067 -2.067 -2.067 -2.067 -2.067 -2.067 -2.067 -2.067 -2.067 -2.067 -2.067 -2.067 -2.067 -2.067 -2.067 -2.067 -2.067 -2.067 -2.067 -2.067 -3.558 -3.558 -3.558 -3.558 -3.558 -3.558 -3.558 -3.558 -3.558 -3.558 -3.558 -3.558 -3.558 -3.558 -3.558 -3.558 -3.558 -3.558 -3.558 -3.558 -3.558 -3.558
0.0152 0.01508 8.06000 4.7394266129 2.6126347793    4.729  3.153  3.6284  1.426    3  0.000  0.371    12.18     9.63     6.94     5.07     4.16  4 -8.44e-09      0.00 7.053e-01 2.793e-01 1.822e-03 1.901e-03 6.544e-03 -1.000 1.540e-02       4250          0          0          0          0      69.91      69.91 -3.112 -2.850 -2.134 -3.650 -2.850 -2.850 -2.850 -2.850 -2.850 -2.850 -2.850 -2.850 -2.850 -2.850 -2.850 -2.850 -2.850 -2.850 -2.850 -2.850 -2.850 -2.850 -2.850 -2.850 -2.850 -2.850 -2.134 -2.134 -2.134 -2.134 -2.134 -2.134 -2.134 -2.134 -2.134 -2.134 -2.134 -2.134 -2.134 -2.134 -2.134 -2.134 -2.134 -2.134 -2.134 -2.134 -2.134 -2.134 -3.650 -3.650 -3.650 -3.650 -3.650 -3.650 -3.650 -3.650 -3.650 -3.650 -3.650 -3.650 -3.650 -3.650 -3.650 -3.650 -3.650 -3.650 -3.650 -3.650 -3.650 -3.650
0.0152 0.01508 8.06000 4.7398610115 2.6126373174    4.729  3.190  3.6252  1.375    3  0.000  0.369    13.55    10.55     7.57     5.54     4.55  4    -1e-08      0.00 7.011e-01 2.835e-01 1.772e-03 2.096e-03 6.391e-03 -1.000 1.539e-02       4218          0          0          0          0      74.08      74.08 -3.206 -2.926 -2.196 -3.735 -2.926 -2.926 -2.926 -2.926 -2.926 -2.926 -2.926 -2.926 -2.926 -2.926 -2.926 -2.926 -2.926 -2.926 -2.926 -2.926 -2.926 -2.926 -2.926 -2.926 -2.926 -2.926 -2.196 -2.196 -2.196 -2.196 -2.196 -2.196 -2.196 -2.196 -2.196 -2.196 -2.196 -2.196 -2.196 -2.196 -2.196 -2.196 -2.196 -2.196 -2.196 -2.196 -2.196 -2.196 -3.735 -3.735 -3.735 -3.735 -3.735 -3.735 -3.735 -3.735 -3.735 -3.735 -3.735 -3.735 -3.735 -3.735 -3.735 -3.735 -3.735 -3.735 -3.735 -3.735 -3.735 -3.735
0.0152 0.01508 8.06000 4.7403254509 2.6126400303    4.729  3.230  3.6219  1.322    3  0.000  0.369    15.16    11.61     8.30     6.07     4.99  4  -1.2e-08      0.00 6.956e-01 2.890e-01 1.728e-03 2.281e-03 6.241e-03 -1.000 1.538e-02       4187          0          0          0          0      78.72      78.72 -3.305 -3.007 -2.263 -3.824 -3.007 -3.007 -3.007 -3.007 -3.007 -3.007 -3.007 -3.007 -3.007 -3.007 -3.007 -3.007 -3.007 -3.007 -3.007 -3.007 -3.007 -3.007 -3.007 -3.007 -3.007 -3.007 -2.263 -2.263 -2.263 -2.263 -2.263 -2.263 -2.263 -2.263 -2.263 -2.263 -2.263 -2.263 -2.263 -2.263 -2.263 -2.263 -2.263 -2.263 -2.263 -2.263 -2.263 -2.263 -3.824 -3.824 -3.824 -3.824 -3.824 -3.824 -3.824 -3.824 -3.824 -3.824 -3.824 -3.824 -3.824 -3.824 -3.824 -3.824 -3.824 -3.824 -3.824 -3.824 -3.824 -3.824
0.0152 0.01508 8.06000 4.7407922745 2.6126427567    4.729  3.269  3.6188  1.271    3  0.000  0.369    16.90    12.74     9.07     6.65     5.46  4 -1.42e-08      0.00 6.898e-01 2.948e-01 1.693e-03 2.433e-03 6.117e-03 -1.000 1.537e-02       4156          0          0          0          0      83.53      83.53 -3.402 -3.086 -2.328 -3.911 -3.086 -3.086 -3.086 -3.086 -3.086 -3.086 -3.086 -3.086 -3.086 -3.086 -3.086 -3.086 -3.086 -3.086 -3.086 -3.086 -3.086 -3.086 -3.086 -3.086 -3.086 -3.086 -2.328 -2.328 -2.328 -2.328 -2.328 -2.328 -2.328 -2.328 -2.328 -2.328 -2.328 -2.328 -2.328 -2.328 -2.328 -2.328 -2.328 -2.328 -2.328 -2.328 -2.328 -2.328 -3.911 -3.911 -3.911 -3.911 -3.911 -3.911 -3.911 -3.911 -3.911 -3.911 -3.911 -3.911 -3.911 -3.911 -3.911 -3.911 -3.911 -3.911 -3.911 -3.911 -3.911 -3.911
0.0152 0.01508 8.06000 4.7412505150 2.6126454322    4.729  3.303  3.6160  1.226    3  0.000  0.369    18.59    13.83     9.80     7.19     5.91  4 -1.64e-08      0.00 6.852e-01 2.994e-01 1.669e-03 2.538e-03 6.031e-03 -1.000 1.536e-02       4130          0          0          0          0      87.97      87.97 -3.487 -3.155 -2.383 -3.987 -3.155 -3.155 -3.155 -3.155 -3.155 -3.155 -3.155 -3.155 -3.155 -3.155 -3.155 -3.155 -3.155 -3.155 -3.155 -3.155 -3.155 -3.155 -3.155 -3.155 -3.155 -3.155 -2.383 -2.383 -2.383 -2.383 -2.383 -2.383 -2.383 -2.383 -2.383 -2.383 -2.383 -2.383 -2.383 -2.383 -2.383 -2.383 -2.383 -2.383 -2.383 -2.383 -2.383 -2.383 -3.987 -3.987 -3.987 -3.987 -3.987 -3.987 -3.987 -3.987 -3.987 -3.987 -3.987 -3.987 -3.987 -3.987 -3.987 -3.987 -3.987 -3.987 -3.987 -3.987 -3.987 -3.987
0.0152 0.01508 8.06000 4.7426285744 2.6126534749    4.729  3.346  3.6125  1.169    3  0.000  0.369    20.98    15.33    10.82     7.95     6.54  4 -1.96e-08      0.00 6.812e-01 3.034e-01 1.651e-03 2.618e-03 5.966e-03 -1.000 1.536e-02       4096          0          0          0          0      93.87      93.87 -3.595 -3.240 -2.453 -4.082 -3.240 -3.240 -3.240 -3.240 -3.240 -3.240 -3.240 -3.240 -3.240 -3.240 -3.240 -3.240 -3.240 -3.240 -3.240 -3.240 -3.240 -3.240 -3.240 -3.240 -3.240 -3.240 -2.453 -2.453 -2.453 -2.453 -2.453 -2.453 -2.453 -2.453 -2.453 -2.453 -2.453 -2.453 -2.453 -2.453 -2.453 -2.453 -2.453 -2.453 -2.453 -2.453 -2.453 -2.453 -4.082 -4.082 -4.082 -4.082 -4.082 -4.082 -4.082 -4.082 -4.082 -4.082 -4.082 -4.082 -4.082 -4.082 -4.082 -4.082 -4.082 -4.082 -4.082 -4.082 -4.082 -4.082
0.0152 0.01508 8.06000 4.7429585457 2.6126553999    4.729  3.354  3.6118  1.158    3  0.000  0.369    21.48    15.64    11.03     8.11     6.66  4 -2.03e-08      0.00 6.805e-01 3.041e-01 1.648e-03 2.631e-03 5.956e-03 -1.000 1.536e-02       4090          0          0          0          0      95.04      95.04 -3.615 -3.257 -2.466 -4.100 -3.257 -3.257 -3.257 -3.257 -3.257 -3.257 -3.257 -3.257 -3.257 -3.257 -3.257 -3.257 -3.257 -3.257 -3.257 -3.257 -3.257 -3.257 -3.257 -3.257 -3.257 -3.257 -2.466 -2.466 -2.466 -2.466 -2.466 -2.466 -2.466 -2.466 -2.466 -2.466 -2.466 -2.466 -2.466 -2.466 -2.466 -2.466 -2.466 -2.466 -2.466 -2.466 -2.466 -2.466 -4.100 -4.100 -4.100 -4.100 -4.100 -4.100 -4.100 -4.100 -4.100 -4.100 -4.100 -4.100 -4.100 -4.100 -4.100 -4.100 -4.100 -4.100 -4.100 -4.100 -4.100 -4.100
0.0152 0.01508 8.06000 4.7455163002 2.6126703108    4.729  3.344  3.6128  1.172    3  0.000  0.369    20.83    15.23    10.75     7.90     6.50  4 -1.95e-08      0.00 6.806e-01 3.041e-01 1.648e-03 2.631e-03 5.956e-03 -1.000 1.536e-02       4099          0          0          0          0      93.48      93.48 -3.589 -3.237 -2.451 -4.078 -3.237 -3.237 -3.237 -3.237 -3.237 -3.237 -3.237 -3.237 -3.237 -3.237 -3.237 -3.237 -3.237 -3.237 -3.237 -3.237 -3.237 -3.237 -3.237 -3.237 -3.237 -3.237 -2.451 -2.451 -2.451 -2.451 -2.451 -2.451 -2.451 -2.451 -2.451 -2.451 -2.451 -2.451 -2.451 -2.451 -2.451 -2.451 -2.451 -2.451 -2.451 -2.451 -2.451 -2.451 -4.078 -4.078 -4.078 -4.078 -4.078 -4.078 -4.078 -4.078 -4.078 -4.078 -4.078 -4.078 -4.078 -4.078 -4.078 -4.078 -4.078 -4.078 -4.078 -4.078 -4.078 -4.078
0.0152 0.01508 8.06000 4.7526597977 2.6127118576    4.728  3.310  3.6160  1.219    4  0.000  0.369     0.00     0.00     0.00     0.00     0.00 -1 -1.71e-08      0.00 6.806e-01 3.040e-01 1.648e-03 2.630e-03 5.957e-03 -1.000 1.536e-02       4130          0          0          0          0      88.57      88.57 -3.504 -3.172 -2.401 -4.004 -3.172 -3.172 -3.172 -3.172 -3.172 -3.172 -3.172 -3.172 -3.172 -3.172 -3.172 -3.172 -3.172 -3.172 -3.172 -3.172 -3.172 -3.172 -3.172 -3.172 -3.172 -3.172 -2.401 -2.401 -2.401 -2.401 -2.401 -2.401 -2.401 -2.401 -2.401 -2.401 -2.401 -2.401 -2.401 -2.401 -2.401 -2.401 -2.401 -2.401 -2.401 -2.401 -2.401 -2.401 -4.004 -4.004 -4.004 -4.004 -4.004 -4.004 -4.004 -4.004 -4.004 -4.004 -4.004 -4.004 -4.004 -4.004 -4.004 -4.004 -4.004 -4.004 -4.004 -4.004 -4.004 -4.004
0.0152 0.01508 8.06000 4.7572174072 2.6127382898    4.728  3.279  3.6188  1.261    4  0.000  0.369     0.00     0.00     0.00     0.00     0.00 -1 -1.51e-08      0.00 6.806e-01 3.040e-01 1.648e-03 2.629e-03 5.957e-03 -1.000 1.536e-02       4157          0          0          0          0      84.43      84.43 -3.428 -3.112 -2.355 -3.937 -3.112 -3.112 -3.112 -3.112 -3.112 -3.112 -3.112 -3.112 -3.112 -3.112 -3.112 -3.112 -3.112 -3.112 -3.112 -3.112 -3.112 -3.112 -3.112 -3.112 -3.112 -3.112 -2.355 -2.355 -2.355 -2.355 -2.355 -2.355 -2.355 -2.355 -2.355 -2.355 -2.355 -2.355 -2.355 -2.355 -2.355 -2.355 -2.355 -2.355 -2.355 -2.355 -2.355 -2.355 -3.937 -3.937 -3.937 -3.937 -3.937 -3.937 -3.937 -3.937 -3.937 -3.937 -3.937 -3.937 -3.937 -3.937 -3.937 -3.937 -3.937 -3.937 -3.937 -3.937 -3.937 -3.937
0.0152 0.01508 8.06000 4.7612562180 2.6127616646    4.729  3.246  3.6219  1.306    4  0.000  0.369     0.00     0.00     0.00     0.00     0.00 -1 -1.32e-08      0.00 6.807e-01 3.040e-01 1.648e-03 2.629e-03 5.958e-03 -1.000 1.536e-02       4186          0          0          0          0      80.16      80.16 -3.345 -3.047 -2.303 -3.864 -3.047 -3.047 -3.047 -3.047 -3.047 -3.047 -3.047 -3.047 -3.047 -3.047 -3.047 -3.047 -3.047 -3.047 -3.047 -3.047 -3.047 -3.047 -3.047 -3.047 -3.047 -3.047 -2.303 -2.303 -2.303 -2.303 -2.303 -2.303 -2.303 -2.303 -2.303 -2.303 -2.303 -2.303 -2.303 -2.303 -2.303 -2.303 -2.303 -2.303 -2.303 -2.303 -2.303 -2.303 -3.864 -3.864 -3.864 -3.864 -3.864 -3.864 -3.864 -3.864 -3.864 -3.864 -3.864 -3.864 -3.864 -3.864 -3.864 -3.864 -3.864 -3.864 -3.864 -3.864 -3.864 -3.864
0.0152 0.01508 8.06000 4.7646942139 2.6127815263    4.730  3.213  3.6249  1.351    4  0.000  0.369     0.00     0.00     0.00     0.00     0.00 -1 -1.14e-08      0.00 6.807e-01 3.040e-01 1.648e-03 2.628e-03 5.958e-03 -1.000 1.536e-02       4215          0          0          0          0      76.09      76.09 -3.262 -2.981 -2.250 -3.790 -2.981 -2.981 -2.981 -2.981 -2.981 -2.981 -2.981 -2.981 -2.981 -2.981 -2.981 -2.981 -2.981 -2.981 -2.981 -2.981 -2.981 -2.981 -2.981 -2.981 -2.981 -2.981 -2.250 -2.250 -2.250 -2.250 -2.250 -2.250 -2.250 -2.250 -2.250 -2.250 -2.250 -2.250 -2.250 -2.250 -2.250 -2.250 -2.250 -2.250 -2.250 -2.250 -2.250 -2.250 -3.790 -3.790 -3.790 -3.790 -3.790 -3.790 -3.790 -3.790 -3.790 -3.790 -3.790 -3.790 -3.790 -3.790 -3.790 -3.790 -3.790 -3.790 -3.790 -3.790 -3.790 -3.790
0.0152 0.01508 8.06000 4.7679600716 2.6128003629    4.731  3.179  3.6280  1.398    4  0.000  0.369     0.00     0.00     0.00     0.00     0.00 -1 -9.84e-09      0.00 6.807e-01 3.039e-01 1.648e-03 2.628e-03 5.958e-03 -1.000 1.536e-02       4246          0          0          0          0      72.11      72.11 -3.178 -2.913 -2.196 -3.715 -2.913 -2.913 -2.913 -2.913 -2.913 -2.913 -2.913 -2.913 -2.913 -2.913 -2.913 -2.913 -2.913 -2.913 -2.913 -2.913 -2.913 -2.913 -2.913 -2.913 -2.913 -2.913 -2.196 -2.196 -2.196 -2.196 -2.196 -2.196 -2.196 -2.196 -2.196 -2.196 -2.196 -2.196 -2.196 -2.196 -2.196 -2.196 -2.196 -2.196 -2.196 -2.196 -2.196 -2.196 -3.715 -3.715 -3.715 -3.715 -3.715 -3.715 -3.715 -3.715 -3.715 -3.715 -3.715 -3.715 -3.715 -3.715 -3.715 -3.715 -3.715 -3.715 -3.715 -3.715 -3.715 -3.715
0.0152 0.01508 8.06000 4.7709321976 2.6128174797    4.732  3.147  3.6311  1.443    4  0.000  0.369     0.00     0.00     0.00     0.00     0.00 -1 -8.45e-09      0.00 6.807e-01 3.039e-01 1.648e-03 2.628e-03 5.959e-03 -1.000 1.536e-02       4276          0          0          0          0       68.5       68.5 -3.096 -2.849 -2.143 -3.642 -2.849 -2.849 -2.849 -2.849 -2.849 -2.849 -2.849 -2.849 -2.849 -2.849 -2.849 -2.849 -2.849 -2.849 -2.849 -2.849 -2.849 -2.849 -2.849 -2.849 -2.849 -2.849 -2.143 -2.143 -2.143 -2.143 -2.143 -2.143 -2.143 -2.143 -2.143 -2.143 -2.143 -2.143 -2.143 -2.143 -2.143 -2.143 -2.143 -2.143 -2.143 -2.143 -2.143 -2.143 -3.642 -3.642 -3.642 -3.642 -3.642 -3.642 -3.642 -3.642 -3.642 -3.642 -3.642 -3.642 -3.642 -3.642 -3.642 -3.642 -3.642 -3.642 -3.642 -3.642 -3.642 -3.642
0.0152 0.01508 8.06000 4.7741589546 2.6128360351    4.734  3.111  3.6344  1.492    4  0.000  0.369     0.00     0.00     0.00     0.00     0.00 -1 -7.11e-09      0.00 6.807e-01 3.039e-01 1.648e-03 2.627e-03 5.959e-03 -1.000 1.536e-02       4309          0          0          0          0      64.77      64.77 -3.008 -2.777 -2.085 -3.563 -2.777 -2.777 -2.777 -2.777 -2.777 -2.777 -2.777 -2.777 -2.777 -2.777 -2.777 -2.777 -2.777 -2.777 -2.777 -2.777 -2.777 -2.777 -2.777 -2.777 -2.777 -2.777 -2.085 -2.085 -2.085 -2.085 -2.085 -2.085 -2.085 -2.085 -2.085 -2.085 -2.085 -2.085 -2.085 -2.085 -2.085 -2.085 -2.085 -2.085 -2.085 -2.085 -2.085 -2.085 -3.563 -3.563 -3.563 -3.563 -3.563 -3.563 -3.563 -3.563 -3.563 -3.563 -3.563 -3.563 -3.563 -3.563 -3.563 -3.563 -3.563 -3.563 -3.563 -3.563 -3.563 -3.563
0.0152 0.01508 8.06000 4.7775964737 2.6128557708    4.736  3.076  3.6379  1.541    4  0.000  0.369     0.00     0.00     0.00     0.00     0.00 -1  -5.9e-09      0.00 6.807e-01 3.039e-01 1.648e-03 2.627e-03 5.959e-03 -1.000 1.536e-02       4343          0          0          0          0      61.18      61.18 -2.919 -2.706 -2.028 -3.482 -2.706 -2.706 -2.706 -2.706 -2.706 -2.706 -2.706 -2.706 -2.706 -2.706 -2.706 -2.706 -2.706 -2.706 -2.706 -2.706 -2.706 -2.706 -2.706 -2.706 -2.706 -2.706 -2.028 -2.028 -2.028 -2.028 -2.028 -2.028 -2.028 -2.028 -2.028 -2.028 -2.028 -2.028 -2.028 -2.028 -2.028 -2.028 -2.028 -2.028 -2.028 -2.028 -2.028 -2.028 -3.482 -3.482 -3.482 -3.482 -3.482 -3.482 -3.482 -3.482 -3.482 -3.482 -3.482 -3.482 -3.482 -3.482 -3.482 -3.482 -3.482 -3.482 -3.482 -3.482 -3.482 -3.482
0.0152 0.01508 8.06000 4.7814345360 2.6128777676    4.738  3.040  3.6415  1.592    4  0.000  0.369     0.00     0.00     0.00     0.00     0.00 -1 -4.84e-09      0.00 6.808e-01 3.039e-01 1.648e-03 2.627e-03 5.960e-03 -1.000 1.536e-02       4380          0          0          0          0      57.76      57.76 -2.831 -2.635 -1.972 -3.401 -2.635 -2.635 -2.635 -2.635 -2.635 -2.635 -2.635 -2.635 -2.635 -2.635 -2.635 -2.635 -2.635 -2.635 -2.635 -2.635 -2.635 -2.635 -2.635 -2.635 -2.635 -2.635 -1.972 -1.972 -1.972 -1.972 -1.972 -1.972 -1.972 -1.972 -1.972 -1.972 -1.972 -1.972 -1.972 -1.972 -1.972 -1.972 -1.972 -1.972 -1.972 -1.972 -1.972 -1.972 -3.401 -3.401 -3.401 -3.401 -3.401 -3.401 -3.401 -3.401 -3.401 -3.401 -3.401 -3.401 -3.401 -3.401 -3.401 -3.401 -3.401 -3.401 -3.401 -3.401 -3.401 -3.401
0.0152 0.01508 8.06000 4.7868146896 2.6129085341    4.742  2.999  3.6461  1.651    4  0.000  0.369     0.00     0.00     0.00     0.00     0.00 -1 -3.77e-09      0.00 6.808e-01 3.038e-01 1.648e-03 2.626e-03 5.960e-03 -1.000 1.536e-02       4426          0          0          0          0      53.93      53.93 -2.728 -2.553 -1.908 -3.308 -2.553 -2.553 -2.553 -2.553 -2.553 -2.553 -2.553 -2.553 -2.553 -2.553 -2.553 -2.553 -2.553 -2.553 -2.553 -2.553 -2.553 -2.553 -2.553 -2.553 -2.553 -2.553 -1.908 -1.908 -1.908 -1.908 -1.908 -1.908 -1.908 -1.908 -1.908 -1.908 -1.908 -1.908 -1.908 -1.908 -1.908 -1.908 -1.908 -1.908 -1.908 -1.908 -1.908 -1.908 -3.308 -3.308 -3.308 -3.308 -3.308 -3.308 -3.308 -3.308 -3.308 -3.308 -3.308 -3.308 -3.308 -3.308 -3.308 -3.308 -3.308 -3.308 -3.308 -3.308 -3.308 -3.308
0.0152 0.01508 8.06000 4.7935280800 2.6129468135    4.747  2.964  3.6509  1.706    4  0.000  0.369     0.00     0.00     0.00     0.00     0.00 -1 -2.96e-09      0.00 6.808e-01 3.038e-01 1.648e-03 2.625e-03 5.961e-03 -1.000 1.536e-02       4476          0          0          0          0      50.66      50.66 -2.640 -2.487 -1.860 -3.229 -2.487 -2.487 -2.487 -2.487 -2.487 -2.487 -2.487 -2.487 -2.487 -2.487 -2.487 -2.487 -2.487 -2.487 -2.487 -2.487 -2.487 -2.487 -2.487 -2.487 -2.487 -2.487 -1.860 -1.860 -1.860 -1.860 -1.860 -1.860 -1.860 -1.860 -1.860 -1.860 -1.860 -1.860 -1.860 -1.860 -1.860 -1.860 -1.860 -1.860 -1.860 -1.860 -1.860 -1.860 -3.229 -3.229 -3.229 -3.229 -3.229 -3.229 -3.229 -3.229 -3.229 -3.229 -3.229 -3.229 -3.229 -3.229 -3.229 -3.229 -3.229 -3.229 -3.229 -3.229 -3.229 -3.229
0.0152 0.01508 8.06000 4.8000001907 2.6129836005    4.753  2.947  3.6548  1.739    4  0.000  0.368     0.00     0.00     0.00     0.00     0.00 -1 -2.53e-09      0.00 6.809e-01 3.038e-01 1.648e-03 2.625e-03 5.962e-03 -1.000 1.536e-02       4516          0          0          0          0      48.83      48.83 -2.598 -2.463 -1.849 -3.195 -2.463 -2.463 -2.463 -2.463 -2.463 -2.463 -2.463 -2.463 -2.463 -2.463 -2.463 -2.463 -2.463 -2.463 -2.463 -2.463 -2.463 -2.463 -2.463 -2.463 -2.463 -2.463 -1.849 -1.849 -1.849 -1.849 -1.849 -1.849 -1.849 -1.849 -1.849 -1.849 -1.849 -1.849 -1.849 -1.849 -1.849 -1.849 -1.849 -1.849 -1.849 -1.849 -1.849 -1.849 -3.195 -3.195 -3.195 -3.195 -3.195 -3.195 -3.195 -3.195 -3.195 -3.195 -3.195 -3.195 -3.195 -3.195 -3.195 -3.195 -3.195 -3.195 -3.195 -3.195 -3.195 -3.195
0.0152 0.01508 8.06000 4.8060388565 2.6130178211    4.758  2.932  3.6584  1.769    4  0.000  0.369     0.00     0.00     0.00     0.00     0.00 -1 -2.19e-09      0.00 6.809e-01 3.038e-01 1.649e-03 2.624e-03 5.962e-03 -1.000 1.536e-02       4553          0          0          0          0      47.19      47.19 -2.561 -2.440 -1.839 -3.163 -2.440 -2.440 -2.440 -2.440 -2.440 -2.440 -2.440 -2.440 -2.440 -2.440 -2.440 -2.440 -2.440 -2.440 -2.440 -2.440 -2.440 -2.440 -2.440 -2.440 -2.440 -2.440 -1.839 -1.839 -1.839 -1.839 -1.839 -1.839 -1.839 -1.839 -1.839 -1.839 -1.839 -1.839 -1.839 -1.839 -1.839 -1.839 -1.839 -1.839 -1.839 -1.839 -1.839 -1.839 -3.163 -3.163 -3.163 -3.163 -3.163 -3.163 -3.163 -3.163 -3.163 -3.163 -3.163 -3.163 -3.163 -3.163 -3.163 -3.163 -3.163 -3.163 -3.163 -3.163 -3.163 -3.163
0.0152 0.01508 8.06000 4.8109025955 2.6130453117    4.762  2.926  3.6610  1.786    4  0.000  0.369     0.00     0.00     0.00     0.00     0.00 -1 -2.01e-09      0.00 6.809e-01 3.037e-01 1.649e-03 2.624e-03 5.963e-03 -1.000 1.536e-02       4581          0          0          0          0      46.26      46.26 -2.546 -2.436 -1.844 -3.153 -2.436 -2.436 -2.436 -2.436 -2.436 -2.436 -2.436 -2.436 -2.436 -2.436 -2.436 -2.436 -2.436 -2.436 -2.436 -2.436 -2.436 -2.436 -2.436 -2.436 -2.436 -2.436 -1.844 -1.844 -1.844 -1.844 -1.844 -1.844 -1.844 -1.844 -1.844 -1.844 -1.844 -1.844 -1.844 -1.844 -1.844 -1.844 -1.844 -1.844 -1.844 -1.844 -1.844 -1.844 -3.153 -3.153 -3.153 -3.153 -3.153 -3.153 -3.153 -3.153 -3.153 -3.153 -3.153 -3.153 -3.153 -3.153 -3.153 -3.153 -3.153 -3.153 -3.153 -3.153 -3.153 -3.153
0.0152 0.01508 8.06000 4.8187785149 2.6130896923    4.769  2.944  3.6667  1.792    5  0.000  0.369     0.00     0.00     0.00     0.00     0.00 -1 -1.94e-09      0.00 6.809e-01 3.037e-01 1.649e-03 2.623e-03 5.963e-03 -1.000 1.536e-02       4642          0          0          0          0      45.99      45.99 -2.589 -2.502 -1.927 -3.206 -2.502 -2.502 -2.502 -2.502 -2.502 -2.502 -2.502 -2.502 -2.502 -2.502 -2.502 -2.502 -2.502 -2.502 -2.502 -2.502 -2.502 -2.502 -2.502 -2.502 -2.502 -2.502 -1.927 -1.927 -1.927 -1.927 -1.927 -1.927 -1.927 -1.927 -1.927 -1.927 -1.927 -1.927 -1.927 -1.927 -1.927 -1.927 -1.927 -1.927 -1.927 -1.927 -1.927 -1.927 -3.206 -3.206 -3.206 -3.206 -3.206 -3.206 -3.206 -3.206 -3.206 -3.206 -3.206 -3.206 -3.206 -3.206 -3.206 -3.206 -3.206 -3.206 -3.206 -3.206 -3.206 -3.206
0.0152 0.01508 8.06000 4.8244690895 2.6131216548    4.774  2.965  3.6721  1.793    5  0.000  0.369     0.00     0.00     0.00     0.00     0.00 -1 -1.92e-09      0.00 6.809e-01 3.037e-01 1.649e-03 2.622e-03 5.964e-03 -1.000 1.536e-02       4699          0          0          0          0      45.96      45.96 -2.641 -2.574 -2.015 -3.266 -2.574 -2.574 -2.574 -2.574 -2.574 -2.574 -2.574 -2.574 -2.574 -2.574 -2.574 -2.574 -2.574 -2.574 -2.574 -2.574 -2.574 -2.574 -2.574 -2.574 -2.574 -2.574 -2.015 -2.015 -2.015 -2.015 -2.015 -2.015 -2.015 -2.015 -2.015 -2.015 -2.015 -2.015 -2.015 -2.015 -2.015 -2.015 -2.015 -2.015 -2.015 -2.015 -2.015 -2.015 -3.266 -3.266 -3.266 -3.266 -3.266 -3.266 -3.266 -3.266 -3.266 -3.266 -3.266 -3.266 -3.266 -3.266 -3.266 -3.266 -3.266 -3.266 -3.266 -3.266 -3.266 -3.266
0.0152 0.01508 8.06000 4.8280377388 2.6131416549    4.777  2.986  3.6770  1.791    5  0.000  0.369     0.00     0.00     0.00     0.00     0.00 -1 -1.93e-09      0.00 6.809e-01 3.037e-01 1.649e-03 2.622e-03 5.964e-03 -1.000 1.536e-02       4753          0          0          0          0      46.06      46.06 -2.695 -2.645 -2.099 -3.326 -2.645 -2.645 -2.645 -2.645 -2.645 -2.645 -2.645 -2.645 -2.645 -2.645 -2.645 -2.645 -2.645 -2.645 -2.645 -2.645 -2.645 -2.645 -2.645 -2.645 -2.645 -2.645 -2.099 -2.099 -2.099 -2.099 -2.099 -2.099 -2.099 -2.099 -2.099 -2.099 -2.099 -2.099 -2.099 -2.099 -2.099 -2.099 -2.099 -2.099 -2.099 -2.099 -2.099 -2.099 -3.326 -3.326 -3.326 -3.326 -3.326 -3.326 -3.326 -3.326 -3.326 -3.326 -3.326 -3.326 -3.326 -3.326 -3.326 -3.326 -3.326 -3.326 -3.326 -3.326 -3.326 -3.326
0.0152 0.01508 8.06000 4.8300571442 2.6131529573    4.779  3.003  3.6813  1.791    5  0.000  0.369     0.00     0.00     0.00     0.00     0.00 -1 -1.94e-09      0.00 6.809e-01 3.037e-01 1.649e-03 2.622e-03 5.964e-03 -1.000 1.536e-02       4800          0          0          0          0      46.08      46.08 -2.739 -2.703 -2.169 -3.375 -2.703 -2.703 -2.703 -2.703 -2.703 -2.703 -2.703 -2.703 -2.703 -2.703 -2.703 -2.703 -2.703 -2.703 -2.703 -2.703 -2.703 -2.703 -2.703 -2.703 -2.703 -2.703 -2.169 -2.169 -2.169 -2.169 -2.169 -2.169 -2.169 -2.169 -2.169 -2.169 -2.169 -2.169 -2.169 -2.169 -2.169 -2.169 -2.169 -2.169 -2.169 -2.169 -2.169 -2.169 -3.375 -3.375 -3.375 -3.375 -3.375 -3.375 -3.375 -3.375 -3.375 -3.375 -3.375 -3.375 -3.375 -3.375 -3.375 -3.375 -3.375 -3.375 -3.375 -3.375 -3.375 -3.375
0.0152 0.01508 8.06000 4.8318729401 2.6131631109    4.780  3.022  3.6864  1.793    5  0.000  0.369     0.00     0.00     0.00     0.00     0.00 -1 -1.93e-09      0.00 6.809e-01 3.037e-01 1.649e-03 2.622e-03 5.964e-03 -1.000 1.536e-02       4857          0          0          0          0      45.96      45.96 -2.784 -2.765 -2.245 -3.426 -2.765 -2.765 -2.765 -2.765 -2.765 -2.765 -2.765 -2.765 -2.765 -2.765 -2.765 -2.765 -2.765 -2.765 -2.765 -2.765 -2.765 -2.765 -2.765 -2.765 -2.765 -2.765 -2.245 -2.245 -2.245 -2.245 -2.245 -2.245 -2.245 -2.245 -2.245 -2.245 -2.245 -2.245 -2.245 -2.245 -2.245 -2.245 -2.245 -2.245 -2.245 -2.245 -2.245 -2.245 -3.426 -3.426 -3.426 -3.426 -3.426 -3.426 -3.426 -3.426 -3.426 -3.426 -3.426 -3.426 -3.426 -3.426 -3.426 -3.426 -3.426 -3.426 -3.426 -3.426 -3.426 -3.426
0.0152 0.01508 8.06000 4.8328566551 2.6131686079    4.781  3.032  3.6897  1.796    5  0.000  0.369     0.00     0.00     0.00     0.00     0.00 -1 -1.92e-09      0.00 6.809e-01 3.037e-01 1.649e-03 2.622e-03 5.964e-03 -1.000 1.536e-02       4895          0          0          0          0       45.8       45.8 -2.810 -2.802 -2.291 -3.456 -2.802 -2.802 -2.802 -2.802 -2.802 -2.802 -2.802 -2.802 -2.802 -2.802 -2.802 -2.802 -2.802 -2.802 -2.802 -2.802 -2.802 -2.802 -2.802 -2.802 -2.802 -2.802 -2.291 -2.291 -2.291 -2.291 -2.291 -2.291 -2.291 -2.291 -2.291 -2.291 -2.291 -2.291 -2.291 -2.291 -2.291 -2.291 -2.291 -2.291 -2.291 -2.291 -2.291 -2.291 -3.456 -3.456 -3.456 -3.456 -3.456 -3.456 -3.456 -3.456 -3.456 -3.456 -3.456 -3.456 -3.456 -3.456 -3.456 -3.456 -3.456 -3.456 -3.456 -3.456 -3.456 -3.456
0.0152 0.01508 8.06000 4.8340668678 2.6131753672    4.782  3.045  3.6943  1.802    5  0.000  0.369     0.00     0.00     0.00     0.00     0.00 -1 -1.89e-09      0.00 6.809e-01 3.037e-01 1.649e-03 2.621e-03 5.964e-03 -1.000 1.536e-02       4946          0          0          0          0      45.51      45.51 -2.842 -2.846 -2.348 -3.491 -2.846 -2.846 -2.846 -2.846 -2.846 -2.846 -2.846 -2.846 -2.846 -2.846 -2.846 -2.846 -2.846 -2.846 -2.846 -2.846 -2.846 -2.846 -2.846 -2.846 -2.846 -2.846 -2.348 -2.348 -2.348 -2.348 -2.348 -2.348 -2.348 -2.348 -2.348 -2.348 -2.348 -2.348 -2.348 -2.348 -2.348 -2.348 -2.348 -2.348 -2.348 -2.348 -2.348 -2.348 -3.491 -3.491 -3.491 -3.491 -3.491 -3.491 -3.491 -3.491 -3.491 -3.491 -3.491 -3.491 -3.491 -3.491 -3.491 -3.491 -3.491 -3.491 -3.491 -3.491 -3.491 -3.491
0.0152 0.01508 8.06000 4.8350119591 2.6131806430    4.783  3.054  3.6985  1.810    5  0.000  0.369     0.00     0.00     0.00     0.00     0.00 -1 -1.84e-09      0.00 6.809e-01 3.037e-01 1.649e-03 2.621e-03 5.964e-03 -1.000 1.536e-02       4996          0          0          0          0      45.11      45.11 -2.865 -2.882 -2.394 -3.517 -2.882 -2.882 -2.882 -2.882 -2.882 -2.882 -2.882 -2.882 -2.882 -2.882 -2.882 -2.882 -2.882 -2.882 -2.882 -2.882 -2.882 -2.882 -2.882 -2.882 -2.882 -2.882 -2.394 -2.394 -2.394 -2.394 -2.394 -2.394 -2.394 -2.394 -2.394 -2.394 -2.394 -2.394 -2.394 -2.394 -2.394 -2.394 -2.394 -2.394 -2.394 -2.394 -2.394 -2.394 -3.517 -3.517 -3.517 -3.517 -3.517 -3.517 -3.517 -3.517 -3.517 -3.517 -3.517 -3.517 -3.517 -3.517 -3.517 -3.517 -3.517 -3.517 -3.517 -3.517 -3.517 -3.517
0.0152 0.01508 8.06000 4.8358817101 2.6131854961    4.784  3.062  3.7031  1.820    5  0.000  0.369     0.00     0.00     0.00     0.00     0.00 -1 -1.78e-09      0.00 6.809e-01 3.037e-01 1.649e-03 2.621e-03 5.964e-03 -1.000 1.536e-02       5049          0          0          0          0      44.59      44.59 -2.885 -2.914 -2.438 -3.540 -2.914 -2.914 -2.914 -2.914 -2.914 -2.914 -2.914 -2.914 -2.914 -2.914 -2.914 -2.914 -2.914 -2.914 -2.914 -2.914 -2.914 -2.914 -2.914 -2.914 -2.914 -2.914 -2.438 -2.438 -2.438 -2.438 -2.438 -2.438 -2.438 -2.438 -2.438 -2.438 -2.438 -2.438 -2.438 -2.438 -2.438 -2.438 -2.438 -2.438 -2.438 -2.438 -2.438 -2.438 -3.540 -3.540 -3.540 -3.540 -3.540 -3.540 -3.540 -3.540 -3.540 -3.540 -3.540 -3.540 -3.540 -3.540 -3.540 -3.540 -3.540 -3.540 -3.540 -3.540 -3.540 -3.540
0.0152 0.01508 8.06000 4.8367609978 2.6131904004    4.784  3.070  3.7081  1.832    5  0.000  0.369     0.00     0.00     0.00     0.00     0.00 -1  -1.7e-09      0.00 6.809e-01 3.037e-01 1.649e-03 2.621e-03 5.964e-03 -1.000 1.536e-02       5108          0          0          0          0      43.96      43.96 -2.904 -2.946 -2.483 -3.560 -2.946 -2.946 -2.946 -2.946 -2.946 -2.946 -2.946 -2.946 -2.946 -2.946 -2.946 -2.946 -2.946 -2.946 -2.946 -2.946 -2.946 -2.946 -2.946 -2.946 -2.946 -2.946 -2.483 -2.483 -2.483 -2.483 -2.483 -2.483 -2.483 -2.483 -2.483 -2.483 -2.483 -2.483 -2.483 -2.483 -2.483 -2.483 -2.483 -2.483 -2.483 -2.483 -2.483 -2.483 -3.560 -3.560 -3.560 -3.560 -3.560 -3.560 -3.560 -3.560 -3.560 -3.560 -3.560 -3.560 -3.560 -3.560 -3.560 -3.560 -3.560 -3.560 -3.560 -3.560 -3.560 -3.560
0.0152 0.01508 8.06000 4.8379840851 2.6131972188    4.785  3.079  3.7155  1.853    5  0.000  0.369     0.00     0.00     0.00     0.00     0.00 -1 -1.57e-09      0.00 6.809e-01 3.037e-01 1.649e-03 2.621e-03 5.964e-03 -1.000 1.536e-02       5197          0          0          0          0      42.95      42.95 -2.927 -2.988 -2.547 -3.583 -2.988 -2.987 -2.985 -2.987 -2.987 -2.987 -2.987 -2.987 -2.987 -2.987 -2.987 -2.987 -2.987 -2.987 -2.987 -2.987 -2.987 -2.987 -2.987 -2.987 -2.987 -2.987 -2.547 -2.547 -2.544 -2.547 -2.547 -2.547 -2.547 -2.547 -2.547 -2.547 -2.547 -2.547 -2.547 -2.547 -2.547 -2.547 -2.547 -2.547 -2.547 -2.547 -2.547 -2.547 -3.583 -3.583 -3.582 -3.583 -3.583 -3.583 -3.583 -3.583 -3.583 -3.583 -3.583 -3.583 -3.583 -3.583 -3.583 -3.583 -3.583 -3.583 -3.583 -3.583 -3.583 -3.583
0.0152 0.01508 8.06000 4.8394532204 2.6132054037    4.787  3.087  3.7236  1.877    5  0.000  0.369     0.00     0.00     0.00     0.00     0.00 -1 -1.44e-09      0.00 6.810e-01 3.037e-01 1.649e-03 2.621e-03 5.965e-03 -1.000 1.536e-02       5298          0          0          0          0       41.8       41.8 -2.948 -3.027 -2.611 -3.602 -3.027 -3.027 -3.022 -3.027 -3.027 -3.027 -3.027 -3.027 -3.027 -3.027 -3.027 -3.027 -3.027 -3.027 -3.027 -3.027 -3.027 -3.027 -3.027 -3.027 -3.027 -3.027 -2.611 -2.611 -2.604 -2.611 -2.611 -2.611 -2.611 -2.611 -2.611 -2.611 -2.611 -2.611 -2.611 -2.611 -2.611 -2.611 -2.611 -2.611 -2.611 -2.611 -2.611 -2.611 -3.602 -3.602 -3.598 -3.602 -3.602 -3.602 -3.602 -3.602 -3.602 -3.602 -3.602 -3.602 -3.602 -3.602 -3.602 -3.602 -3.602 -3.602 -3.602 -3.602 -3.602 -3.602
0.0152 0.01508 8.06000 4.8409509659 2.6132137421    4.788  3.094  3.7303  1.897    5  0.000  0.369     0.00     0.00     0.00     0.00     0.00 -1 -1.35e-09      0.00 6.810e-01 3.037e-01 1.649e-03 2.621e-03 5.965e-03 -1.000 1.536e-02       5381          0          0          0          0      40.87      40.87 -2.965 -3.058 -2.659 -3.618 -3.058 -3.058 -3.051 -3.058 -3.058 -3.058 -3.058 -3.058 -3.058 -3.058 -3.058 -3.058 -3.058 -3.058 -3.058 -3.058 -3.058 -3.058 -3.058 -3.058 -3.058 -3.058 -2.659 -2.660 -2.650 -2.660 -2.660 -2.660 -2.660 -2.660 -2.660 -2.660 -2.660 -2.660 -2.660 -2.660 -2.660 -2.660 -2.660 -2.660 -2.660 -2.660 -2.660 -2.660 -3.618 -3.617 -3.612 -3.617 -3.617 -3.617 -3.617 -3.617 -3.617 -3.617 -3.617 -3.617 -3.617 -3.617 -3.617 -3.617 -3.617 -3.617 -3.617 -3.617 -3.617 -3.617
0.0152 0.01508 8.06000 4.8456401825 2.6132398100    4.792  3.107  3.7428  1.935    5  0.000  0.369     0.00     0.00     0.00     0.00     0.00 -1 -1.26e-09      0.00 6.810e-01 3.037e-01 1.650e-03 2.620e-03 5.965e-03 -1.000 1.536e-02       5541          0          0          0          0      39.18      39.18 -2.997 -3.113 -2.744 -3.646 -3.113 -3.113 -3.106 -3.113 -3.113 -3.113 -3.113 -3.113 -3.113 -3.113 -3.113 -3.113 -3.113 -3.113 -3.113 -3.113 -3.113 -3.113 -3.113 -3.113 -3.113 -3.113 -2.744 -2.744 -2.735 -2.744 -2.744 -2.744 -2.744 -2.744 -2.744 -2.744 -2.744 -2.744 -2.744 -2.744 -2.744 -2.744 -2.744 -2.744 -2.744 -2.744 -2.744 -2.744 -3.646 -3.646 -3.641 -3.646 -3.646 -3.646 -3.646 -3.646 -3.646 -3.646 -3.646 -3.646 -3.646 -3.646 -3.646 -3.646 -3.646 -3.646 -3.646 -3.646 -3.646 -3.646
0.0152 0.01508 8.06000 4.8482890129 2.6132545095    4.794  3.108  3.7412  1.928    6  0.000  0.369     0.00     0.00     0.00     0.00     0.00 -1 -1.27e-09      0.00 6.810e-01 3.037e-01 1.650e-03 2.620e-03 5.965e-03 -1.000 1.536e-02       5520          0          0          0          0      39.52      39.52 -3.000 -3.114 -2.741 -3.650 -3.114 -3.114 -3.107 -3.114 -3.114 -3.114 -3.114 -3.114 -3.114 -3.114 -3.114 -3.114 -3.114 -3.114 -3.114 -3.114 -3.114 -3.114 -3.114 -3.114 -3.114 -3.114 -2.741 -2.741 -2.733 -2.741 -2.741 -2.741 -2.741 -2.741 -2.741 -2.741 -2.741 -2.741 -2.741 -2.741 -2.741 -2.741 -2.741 -2.741 -2.741 -2.741 -2.741 -2.741 -3.650 -3.650 -3.645 -3.650 -3.650 -3.650 -3.650 -3.650 -3.650 -3.650 -3.650 -3.650 -3.650 -3.650 -3.650 -3.650 -3.650 -3.650 -3.650 -3.650 -3.650 -3.650
0.0152 0.01508 8.06000 4.8593225479 2.6133155412    4.804  3.115  3.7365  1.903    6  0.000  0.369     0.00     0.00     0.00     0.00     0.00 -1 -1.35e-09      0.00 6.810e-01 3.037e-01 1.650e-03 2.619e-03 5.966e-03 -1.000 1.536e-02       5459          0          0          0          0       40.7       40.7 -3.018 -3.123 -2.739 -3.670 -3.123 -3.123 -3.116 -3.123 -3.123 -3.123 -3.123 -3.123 -3.123 -3.123 -3.123 -3.123 -3.123 -3.123 -3.123 -3.123 -3.123 -3.123 -3.123 -3.123 -3.123 -3.123 -2.739 -2.740 -2.731 -2.740 -2.740 -2.740 -2.740 -2.740 -2.740 -2.740 -2.740 -2.740 -2.740 -2.740 -2.740 -2.740 -2.740 -2.740 -2.740 -2.740 -2.740 -2.740 -3.670 -3.670 -3.665 -3.670 -3.670 -3.670 -3.670 -3.670 -3.670 -3.670 -3.670 -3.670 -3.670 -3.670 -3.670 -3.670 -3.670 -3.670 -3.670 -3.670 -3.670 -3.670
0.0152 0.01508 8.06000 4.8984675407 2.6135295223    4.838  3.153  3.7338  1.857    6  0.000  0.369     0.00     0.00     0.00     0.00     0.00 -1 -1.71e-09      0.00 6.811e-01 3.036e-01 1.651e-03 2.616e-03 5.969e-03 -1.000 1.536e-02       5426          0          0          0          0      43.07      43.07 -3.112 -3.212 -2.822 -3.764 -3.212 -3.212 -3.205 -3.212 -3.212 -3.212 -3.212 -3.212 -3.212 -3.212 -3.212 -3.212 -3.212 -3.212 -3.212 -3.212 -3.212 -3.212 -3.212 -3.212 -3.212 -3.212 -2.822 -2.822 -2.813 -2.822 -2.822 -2.822 -2.822 -2.822 -2.822 -2.822 -2.822 -2.822 -2.822 -2.822 -2.822 -2.822 -2.822 -2.822 -2.822 -2.822 -2.822 -2.822 -3.764 -3.764 -3.759 -3.764 -3.764 -3.764 -3.764 -3.764 -3.764 -3.764 -3.764 -3.764 -3.764 -3.764 -3.764 -3.764 -3.764 -3.764 -3.764 -3.764 -3.764 -3.764
0.0152 0.01508 8.06000 4.9131436348 2.6136087374    4.850  3.163  3.7275  1.823    6  0.000  0.369     0.00     0.00     0.00     0.00     0.00 -1 -1.89e-09      0.00 6.811e-01 3.036e-01 1.651e-03 2.614e-03 5.970e-03 -1.000 1.536e-02       5347          0          0          0          0      44.86      44.86 -3.138 -3.225 -2.820 -3.791 -3.225 -3.225 -3.219 -3.225 -3.225 -3.225 -3.225 -3.225 -3.225 -3.225 -3.225 -3.225 -3.225 -3.225 -3.225 -3.225 -3.225 -3.225 -3.225 -3.225 -3.225 -3.225 -2.820 -2.820 -2.811 -2.820 -2.820 -2.820 -2.820 -2.820 -2.820 -2.820 -2.820 -2.820 -2.820 -2.820 -2.820 -2.820 -2.820 -2.820 -2.820 -2.820 -2.820 -2.820 -3.791 -3.791 -3.786 -3.791 -3.791 -3.791 -3.791 -3.791 -3.791 -3.791 -3.791 -3.791 -3.791 -3.791 -3.791 -3.791 -3.791 -3.791 -3.791 -3.791 -3.791 -3.791
0.0152 0.01508 8.06000 4.9202885628 2.6136471059    4.856  3.165  3.7202  1.792    6  0.000  0.369     0.00     0.00     0.00     0.00     0.00 -1  -2.1e-09      0.00 6.811e-01 3.035e-01 1.651e-03 2.614e-03 5.970e-03 -1.000 1.536e-02       5256          0          0          0          0      46.46      46.46 -3.142 -3.214 -2.787 -3.798 -3.214 -3.214 -3.210 -3.214 -3.214 -3.214 -3.214 -3.214 -3.214 -3.214 -3.214 -3.214 -3.214 -3.214 -3.214 -3.214 -3.214 -3.214 -3.214 -3.214 -3.214 -3.214 -2.787 -2.787 -2.781 -2.787 -2.787 -2.787 -2.787 -2.787 -2.787 -2.787 -2.787 -2.787 -2.787 -2.787 -2.787 -2.787 -2.787 -2.787 -2.787 -2.787 -2.787 -2.787 -3.798 -3.798 -3.795 -3.798 -3.798 -3.798 -3.798 -3.798 -3.798 -3.798 -3.798 -3.798 -3.798 -3.798 -3.798 -3.798 -3.798 -3.798 -3.798 -3.798 -3.798 -3.798
0.0152 0.01508 8.06000 4.9254221916 2.6136745946    4.861  3.163  3.7122  1.763    6  0.000  0.369     0.00     0.00     0.00     0.00     0.00 -1 -2.35e-09      0.00 6.811e-01 3.035e-01 1.651e-03 2.613e-03 5.971e-03 -1.000 1.536e-02       5158          0          0          0          0      48.07      48.07 -3.137 -3.190 -2.737 -3.796 -3.190 -3.190 -3.189 -3.190 -3.190 -3.190 -3.190 -3.190 -3.190 -3.190 -3.190 -3.190 -3.190 -3.190 -3.190 -3.190 -3.190 -3.190 -3.190 -3.190 -3.190 -3.190 -2.737 -2.737 -2.736 -2.737 -2.737 -2.737 -2.737 -2.737 -2.737 -2.737 -2.737 -2.737 -2.737 -2.737 -2.737 -2.737 -2.737 -2.737 -2.737 -2.737 -2.737 -2.737 -3.796 -3.796 -3.795 -3.796 -3.796 -3.796 -3.796 -3.796 -3.796 -3.796 -3.796 -3.796 -3.796 -3.796 -3.796 -3.796 -3.796 -3.796 -3.796 -3.796 -3.796 -3.796
0.0152 0.01508 8.06000 4.9292354584 2.6136949707    4.864  3.159  3.7047  1.737    6  0.000  0.369     0.00     0.00     0.00     0.00     0.00 -1 -2.59e-09      0.00 6.811e-01 3.035e-01 1.651e-03 2.613e-03 5.971e-03 -1.000 1.536e-02       5070          0          0          0          0      49.49      49.49 -3.127 -3.161 -2.687 -3.785 -3.161 -3.161 -3.161 -3.161 -3.161 -3.161 -3.161 -3.161 -3.161 -3.161 -3.161 -3.161 -3.161 -3.161 -3.161 -3.161 -3.161 -3.161 -3.161 -3.161 -3.161 -3.161 -2.687 -2.687 -2.687 -2.687 -2.687 -2.687 -2.687 -2.687 -2.687 -2.687 -2.687 -2.687 -2.687 -2.687 -2.687 -2.687 -2.687 -2.687 -2.687 -2.687 -2.687 -2.687 -3.785 -3.785 -3.785 -3.785 -3.785 -3.785 -3.785 -3.785 -3.785 -3.785 -3.785 -3.785 -3.785 -3.785 -3.785 -3.785 -3.785 -3.785 -3.785 -3.785 -3.785 -3.785
0.0152 0.01508 8.06000 4.9324874878 2.6137123192    4.866  3.153  3.6976  1.714    6  0.000  0.369     0.00     0.00     0.00     0.00     0.00 -1 -2.82e-09      0.00 6.811e-01 3.035e-01 1.651e-03 2.613e-03 5.971e-03 -1.000 1.536e-02       4986          0          0          0          0       50.8       50.8 -3.113 -3.129 -2.636 -3.768 -3.129 -3.129 -3.129 -3.129 -3.129 -3.129 -3.129 -3.129 -3.129 -3.129 -3.129 -3.129 -3.129 -3.129 -3.129 -3.129 -3.129 -3.129 -3.129 -3.129 -3.129 -3.129 -2.636 -2.636 -2.636 -2.636 -2.636 -2.636 -2.636 -2.636 -2.636 -2.636 -2.636 -2.636 -2.636 -2.636 -2.636 -2.636 -2.636 -2.636 -2.636 -2.636 -2.636 -2.636 -3.768 -3.768 -3.768 -3.768 -3.768 -3.768 -3.768 -3.768 -3.768 -3.768 -3.768 -3.768 -3.768 -3.768 -3.768 -3.768 -3.768 -3.768 -3.768 -3.768 -3.768 -3.768
0.0152 0.01508 8.06000 4.9352540970 2.6137270575    4.868  3.146  3.6913  1.696    6  0.000  0.369     0.00     0.00     0.00     0.00     0.00 -1 -3.03e-09      0.00 6.811e-01 3.035e-01 1.652e-03 2.612e-03 5.971e-03 -1.000 1.536e-02       4913          0          0          0          0       51.9       51.9 -3.096 -3.093 -2.583 -3.747 -3.093 -3.093 -3.093 -3.093 -3.093 -3.093 -3.093 -3.093 -3.093 -3.093 -3.093 -3.093 -3.093 -3.093 -3.093 -3.093 -3.093 -3.093 -3.093 -3.093 -3.093 -3.093 -2.583 -2.583 -2.583 -2.583 -2.583 -2.583 -2.583 -2.583 -2.583 -2.583 -2.583 -2.583 -2.583 -2.583 -2.583 -2.583 -2.583 -2.583 -2.583 -2.583 -2.583 -2.583 -3.747 -3.747 -3.747 -3.747 -3.747 -3.747 -3.747 -3.747 -3.747 -3.747 -3.747 -3.747 -3.747 -3.747 -3.747 -3.747 -3.747 -3.747 -3.747 -3.747 -3.747 -3.747
0.0152 0.01508 8.06000 4.9376974106 2.6137400576    4.870  3.139  3.6858  1.682    6  0.000  0.369     0.00     0.00     0.00     0.00     0.00 -1 -3.21e-09      0.00 6.811e-01 3.035e-01 1.652e-03 2.612e-03 5.971e-03 -1.000 1.536e-02       4851          0          0          0          0      52.76      52.76 -3.077 -3.056 -2.531 -3.722 -3.056 -3.056 -3.056 -3.056 -3.056 -3.056 -3.056 -3.056 -3.056 -3.056 -3.056 -3.056 -3.056 -3.056 -3.056 -3.056 -3.056 -3.056 -3.056 -3.056 -3.056 -3.056 -2.531 -2.531 -2.531 -2.531 -2.531 -2.531 -2.531 -2.531 -2.531 -2.531 -2.531 -2.531 -2.531 -2.531 -2.531 -2.531 -2.531 -2.531 -2.531 -2.531 -2.531 -2.531 -3.722 -3.722 -3.722 -3.722 -3.722 -3.722 -3.722 -3.722 -3.722 -3.722 -3.722 -3.722 -3.722 -3.722 -3.722 -3.722 -3.722 -3.722 -3.722 -3.722 -3.722 -3.722
0.0152 0.01508 8.06000 4.9408545494 2.6137568340    4.873  3.125  3.6788  1.668    6  0.000  0.369     0.00     0.00     0.00     0.00     0.00 -1 -3.39e-09      0.00 6.811e-01 3.035e-01 1.652e-03 2.612e-03 5.972e-03 -1.000 1.536e-02       4773          0          0          0          0      53.62      53.62 -3.042 -2.999 -2.455 -3.680 -2.999 -2.999 -2.999 -2.999 -2.999 -2.999 -2.999 -2.999 -2.999 -2.999 -2.999 -2.999 -2.999 -2.999 -2.999 -2.999 -2.999 -2.999 -2.999 -2.999 -2.999 -2.999 -2.455 -2.455 -2.455 -2.455 -2.455 -2.455 -2.455 -2.455 -2.455 -2.455 -2.455 -2.455 -2.455 -2.455 -2.455 -2.455 -2.455 -2.455 -2.455 -2.455 -2.455 -2.455 -3.680 -3.680 -3.680 -3.680 -3.680 -3.680 -3.680 -3.680 -3.680 -3.680 -3.680 -3.680 -3.680 -3.680 -3.680 -3.680 -3.680 -3.680 -3.680 -3.680 -3.680 -3.680
0.0152 0.01508 8.06000 4.9442620277 2.6137749130    4.875  3.108  3.6714  1.655    6  0.000  0.369     0.00     0.00     0.00     0.00     0.00 -1 -3.58e-09      0.00 6.811e-01 3.035e-01 1.652e-03 2.612e-03 5.972e-03 -1.000 1.536e-02       4693          0          0          0          0      54.44      54.44 -3.001 -2.932 -2.367 -3.628 -2.932 -2.932 -2.932 -2.932 -2.932 -2.932 -2.932 -2.932 -2.932 -2.932 -2.932 -2.932 -2.932 -2.932 -2.932 -2.932 -2.932 -2.932 -2.932 -2.932 -2.932 -2.932 -2.367 -2.367 -2.367 -2.367 -2.367 -2.367 -2.367 -2.367 -2.367 -2.367 -2.367 -2.367 -2.367 -2.367 -2.367 -2.367 -2.367 -2.367 -2.367 -2.367 -2.367 -2.367 -3.628 -3.628 -3.628 -3.628 -3.628 -3.628 -3.628 -3.628 -3.628 -3.628 -3.628 -3.628 -3.628 -3.628 -3.628 -3.628 -3.628 -3.628 -3.628 -3.628 -3.628 -3.628
0.0152 0.01508 8.06000 4.9471421242 2.6137901715    4.878  3.096  3.6656  1.644    6  0.000  0.369     0.00     0.00     0.00     0.00     0.00 -1 -3.76e-09      0.00 6.812e-01 3.035e-01 1.652e-03 2.611e-03 5.972e-03 -1.000 1.536e-02       4630          0          0          0          0      55.15      55.15 -2.971 -2.880 -2.297 -3.589 -2.880 -2.880 -2.880 -2.880 -2.880 -2.880 -2.880 -2.880 -2.880 -2.880 -2.880 -2.880 -2.880 -2.880 -2.880 -2.880 -2.880 -2.880 -2.880 -2.880 -2.880 -2.880 -2.297 -2.297 -2.297 -2.297 -2.297 -2.297 -2.297 -2.297 -2.297 -2.297 -2.297 -2.297 -2.297 -2.297 -2.297 -2.297 -2.297 -2.297 -2.297 -2.297 -2.297 -2.297 -3.589 -3.589 -3.589 -3.589 -3.589 -3.589 -3.589 -3.589 -3.589 -3.589 -3.589 -3.589 -3.589 -3.589 -3.589 -3.589 -3.589 -3.589 -3.589 -3.589 -3.589 -3.589
0.0152 0.01508 8.06000 4.9509367943 2.6138102442    4.880  3.089  3.6588  1.625    6  0.000  0.369     0.00     0.00     0.00     0.00     0.00 -1 -4.09e-09      0.00 6.812e-01 3.035e-01 1.652e-03 2.611e-03 5.972e-03 -1.000 1.536e-02       4559          0          0          0          0      56.43      56.43 -2.952 -2.834 -2.230 -3.558 -2.834 -2.834 -2.834 -2.834 -2.834 -2.834 -2.834 -2.834 -2.834 -2.834 -2.834 -2.834 -2.834 -2.834 -2.834 -2.834 -2.834 -2.834 -2.834 -2.834 -2.834 -2.834 -2.230 -2.230 -2.230 -2.230 -2.230 -2.230 -2.230 -2.230 -2.230 -2.230 -2.230 -2.230 -2.230 -2.230 -2.230 -2.230 -2.230 -2.230 -2.230 -2.230 -2.230 -2.230 -3.558 -3.558 -3.558 -3.558 -3.558 -3.558 -3.558 -3.558 -3.558 -3.558 -3.558 -3.558 -3.558 -3.558 -3.558 -3.558 -3.558 -3.558 -3.558 -3.558 -3.558 -3.558
0.0152 0.01508 8.06000 4.9579186440 2.6138470839    4.885  3.105  3.6460  1.558    6  0.000  0.369     0.00     0.00     0.00     0.00     0.00 -1 -5.37e-09      0.00 6.812e-01 3.035e-01 1.652e-03 2.610e-03 5.973e-03 -1.000 1.536e-02       4426          0          0          0          0      61.03      61.03 -2.992 -2.818 -2.170 -3.574 -2.818 -2.818 -2.818 -2.818 -2.818 -2.818 -2.818 -2.818 -2.818 -2.818 -2.818 -2.818 -2.818 -2.818 -2.818 -2.818 -2.818 -2.818 -2.818 -2.818 -2.818 -2.818 -2.170 -2.170 -2.170 -2.170 -2.170 -2.170 -2.170 -2.170 -2.170 -2.170 -2.170 -2.170 -2.170 -2.170 -2.170 -2.170 -2.170 -2.170 -2.170 -2.170 -2.170 -2.170 -3.574 -3.574 -3.574 -3.574 -3.574 -3.574 -3.574 -3.574 -3.574 -3.574 -3.574 -3.574 -3.574 -3.574 -3.574 -3.574 -3.574 -3.574 -3.574 -3.574 -3.574 -3.574
0.0152 0.01508 8.06000 4.9601235390 2.6138586932    4.886  3.134  3.6397  1.504    6  0.000  0.369     0.00     0.00     0.00     0.00     0.00 -1 -6.64e-09      0.00 6.812e-01 3.035e-01 1.652e-03 2.610e-03 5.973e-03 -1.000 1.536e-02       4362          0          0          0          0      64.91      64.91 -3.064 -2.861 -2.189 -3.632 -2.861 -2.861 -2.861 -2.861 -2.861 -2.861 -2.861 -2.861 -2.861 -2.861 -2.861 -2.861 -2.861 -2.861 -2.861 -2.861 -2.861 -2.861 -2.861 -2.861 -2.861 -2.861 -2.189 -2.189 -2.189 -2.189 -2.189 -2.189 -2.189 -2.189 -2.189 -2.189 -2.189 -2.189 -2.189 -2.189 -2.189 -2.189 -2.189 -2.189 -2.189 -2.189 -2.189 -2.189 -3.632 -3.632 -3.632 -3.632 -3.632 -3.632 -3.632 -3.632 -3.632 -3.632 -3.632 -3.632 -3.632 -3.632 -3.632 -3.632 -3.632 -3.632 -3.632 -3.632 -3.632 -3.632
0.0152 0.01508 8.06000 4.9607782364 2.6138621380    4.887  3.162  3.6358  1.460    6  0.000  0.369     0.00     0.00     0.00     0.00     0.00 -1 -7.88e-09      0.00 6.812e-01 3.035e-01 1.652e-03 2.610e-03 5.973e-03 -1.000 1.536e-02       4323          0          0          0          0      68.19      68.19 -3.135 -2.911 -2.224 -3.693 -2.911 -2.911 -2.911 -2.911 -2.911 -2.911 -2.911 -2.911 -2.911 -2.911 -2.911 -2.911 -2.911 -2.911 -2.911 -2.911 -2.911 -2.911 -2.911 -2.911 -2.911 -2.911 -2.224 -2.224 -2.224 -2.224 -2.224 -2.224 -2.224 -2.224 -2.224 -2.224 -2.224 -2.224 -2.224 -2.224 -2.224 -2.224 -2.224 -2.224 -2.224 -2.224 -2.224 -2.224 -3.693 -3.693 -3.693 -3.693 -3.693 -3.693 -3.693 -3.693 -3.693 -3.693 -3.693 -3.693 -3.693 -3.693 -3.693 -3.693 -3.693 -3.693 -3.693 -3.693 -3.693 -3.693
0.0152 0.01508 8.06000 4.9608058929 2.6138622835    4.887  3.164  3.6356  1.458    6  0.000  0.369     0.00     0.00     0.00     0.00     0.00 -1 -7.96e-09      0.00 6.812e-01 3.035e-01 1.652e-03 2.610e-03 5.973e-03 -1.000 1.536e-02       4320          0          0          0          0      68.39      68.39 -3.139 -2.914 -2.226 -3.697 -2.914 -2.914 -2.914 -2.914 -2.914 -2.914 -2.914 -2.914 -2.914 -2.914 -2.914 -2.914 -2.914 -2.914 -2.914 -2.914 -2.914 -2.914 -2.914 -2.914 -2.914 -2.914 -2.226 -2.226 -2.226 -2.226 -2.226 -2.226 -2.226 -2.226 -2.226 -2.226 -2.226 -2.226 -2.226 -2.226 -2.226 -2.226 -2.226 -2.226 -2.226 -2.226 -2.226 -2.226 -3.697 -3.697 -3.697 -3.697 -3.697 -3.697 -3.697 -3.697 -3.697 -3.697 -3.697 -3.697 -3.697 -3.697 -3.697 -3.697 -3.697 -3.697 -3.697 -3.697 -3.697 -3.697
0.0152 0.01508 8.06000 4.9608259201 2.6138623889    4.887  3.164  3.6356  1.458    6  0.000  0.369     0.00     0.00     0.00     0.00     0.00 -1 -7.97e-09      0.00 6.812e-01 3.035e-01 1.652e-03 2.610e-03 5.973e-03 -1.000 1.536e-02       4321          0          0          0          0      68.39      68.39 -3.140 -2.915 -2.227 -3.697 -2.915 -2.915 -2.915 -2.915 -2.915 -2.915 -2.915 -2.915 -2.915 -2.915 -2.915 -2.915 -2.915 -2.915 -2.915 -2.915 -2.915 -2.915 -2.915 -2.915 -2.915 -2.915 -2.227 -2.227 -2.227 -2.227 -2.227 -2.227 -2.227 -2.227 -2.227 -2.227 -2.227 -2.227 -2.227 -2.227 -2.227 -2.227 -2.227 -2.227 -2.227 -2.227 -2.227 -2.227 -3.697 -3.697 -3.697 -3.697 -3.697 -3.697 -3.697 -3.697 -3.697 -3.697 -3.697 -3.697 -3.697 -3.697 -3.697 -3.697 -3.697 -3.697 -3.697 -3.697 -3.697 -3.697
0.0152 0.01508 8.06000 4.9611487389 2.6138640871    4.887  3.162  3.6364  1.463    7  0.000  0.369    11.27     9.09     6.57     4.79     3.93  4 -7.94e-09      0.00 6.812e-01 3.035e-01 1.652e-03 2.610e-03 5.973e-03 -1.000 1.536e-02       4328          0          0          0          0      68.02      68.02 -3.135 -2.914 -2.229 -3.694 -2.914 -2.914 -2.914 -2.914 -2.914 -2.914 -2.914 -2.914 -2.914 -2.914 -2.914 -2.914 -2.914 -2.914 -2.914 -2.914 -2.914 -2.914 -2.914 -2.914 -2.914 -2.914 -2.229 -2.229 -2.229 -2.229 -2.229 -2.229 -2.229 -2.229 -2.229 -2.229 -2.229 -2.229 -2.229 -2.229 -2.229 -2.229 -2.229 -2.229 -2.229 -2.229 -2.229 -2.229 -3.694 -3.694 -3.694 -3.694 -3.694 -3.694 -3.694 -3.694 -3.694 -3.694 -3.694 -3.694 -3.694 -3.694 -3.694 -3.694 -3.694 -3.694 -3.694 -3.694 -3.694 -3.694
0.0152 0.01508 8.06000 4.9616594315 2.6138667730    4.887  3.145  3.6384  1.488    7  0.000  0.369    10.67     8.68     6.29     4.58     3.76  4  -7.2e-09      0.00 6.812e-01 3.035e-01 1.652e-03 2.610e-03 5.973e-03 -1.000 1.536e-02       4349          0          0          0          0      66.08      66.08 -3.091 -2.881 -2.204 -3.656 -2.881 -2.881 -2.881 -2.881 -2.881 -2.881 -2.881 -2.881 -2.881 -2.881 -2.881 -2.881 -2.881 -2.881 -2.881 -2.881 -2.881 -2.881 -2.881 -2.881 -2.881 -2.881 -2.204 -2.204 -2.204 -2.204 -2.204 -2.204 -2.204 -2.204 -2.204 -2.204 -2.204 -2.204 -2.204 -2.204 -2.204 -2.204 -2.204 -2.204 -2.204 -2.204 -2.204 -2.204 -3.656 -3.656 -3.656 -3.656 -3.656 -3.656 -3.656 -3.656 -3.656 -3.656 -3.656 -3.656 -3.656 -3.656 -3.656 -3.656 -3.656 -3.656 -3.656 -3.656 -3.656 -3.656
0.0152 0.01508 8.06000 4.9635996819 2.6138769719    4.888  3.146  3.6374  1.483    7  0.000  0.369    10.78     8.76     6.34     4.62     3.79  4 -6.96e-09      0.00 6.812e-01 3.035e-01 1.652e-03 2.610e-03 5.973e-03 -1.000 1.536e-02       4338          0          0          0          0      66.47      66.47 -3.094 -2.878 -2.197 -3.656 -2.878 -2.878 -2.878 -2.878 -2.878 -2.878 -2.878 -2.878 -2.878 -2.878 -2.878 -2.878 -2.878 -2.878 -2.878 -2.878 -2.878 -2.878 -2.878 -2.878 -2.878 -2.878 -2.197 -2.197 -2.197 -2.197 -2.197 -2.197 -2.197 -2.197 -2.197 -2.197 -2.197 -2.197 -2.197 -2.197 -2.197 -2.197 -2.197 -2.197 -2.197 -2.197 -2.197 -2.197 -3.656 -3.656 -3.656 -3.656 -3.656 -3.656 -3.656 -3.656 -3.656 -3.656 -3.656 -3.656 -3.656 -3.656 -3.656 -3.656 -3.656 -3.656 -3.656 -3.656 -3.656 -3.656
0.0152 0.01508 8.06000 4.9645404816 2.6138819138    4.889  3.173  3.6342  1.443    7  0.000  0.369    11.74     9.41     6.79     4.95     4.07  4 -7.98e-09      0.00 6.812e-01 3.035e-01 1.652e-03 2.610e-03 5.973e-03 -1.000 1.536e-02       4306          0          0          0          0      69.62      69.62 -3.161 -2.929 -2.236 -3.715 -2.929 -2.929 -2.929 -2.929 -2.929 -2.929 -2.929 -2.929 -2.929 -2.929 -2.929 -2.929 -2.929 -2.929 -2.929 -2.929 -2.929 -2.929 -2.929 -2.929 -2.929 -2.929 -2.236 -2.236 -2.236 -2.236 -2.236 -2.236 -2.236 -2.236 -2.236 -2.236 -2.236 -2.236 -2.236 -2.236 -2.236 -2.236 -2.236 -2.236 -2.236 -2.236 -2.236 -2.236 -3.715 -3.715 -3.715 -3.715 -3.715 -3.715 -3.715 -3.715 -3.715 -3.715 -3.715 -3.715 -3.715 -3.715 -3.715 -3.715 -3.715 -3.715 -3.715 -3.715 -3.715 -3.715
0.0152 0.01508 8.06000 4.9657778740 2.6138884105    4.889  3.212  3.6299  1.387    7  0.000  0.369    13.23    10.42     7.49     5.47     4.49  4 -9.77e-09      0.00 6.812e-01 3.035e-01 1.652e-03 2.610e-03 5.973e-03 -1.000 1.536e-02       4264          0          0          0          0      74.28      74.28 -3.260 -3.006 -2.296 -3.803 -3.006 -3.006 -3.006 -3.006 -3.006 -3.006 -3.006 -3.006 -3.006 -3.006 -3.006 -3.006 -3.006 -3.006 -3.006 -3.006 -3.006 -3.006 -3.006 -3.006 -3.006 -3.006 -2.296 -2.296 -2.296 -2.296 -2.296 -2.296 -2.296 -2.296 -2.296 -2.296 -2.296 -2.296 -2.296 -2.296 -2.296 -2.296 -2.296 -2.296 -2.296 -2.296 -2.296 -2.296 -3.803 -3.803 -3.803 -3.803 -3.803 -3.803 -3.803 -3.803 -3.803 -3.803 -3.803 -3.803 -3.803 -3.803 -3.803 -3.803 -3.803 -3.803 -3.803 -3.803 -3.803 -3.803
0.0152 0.01508 8.06000 4.9675922394 2.6138979297    4.890  3.260  3.6251  1.319    7  0.000  0.369    15.27    11.78     8.42     6.15     5.06  4 -1.22e-08      0.00 6.812e-01 3.035e-01 1.652e-03 2.610e-03 5.973e-03 -1.000 1.536e-02       4217          0          0          0          0       80.3       80.3 -3.381 -3.100 -2.370 -3.909 -3.100 -3.100 -3.100 -3.100 -3.100 -3.100 -3.100 -3.100 -3.100 -3.100 -3.100 -3.100 -3.100 -3.100 -3.100 -3.100 -3.100 -3.100 -3.100 -3.100 -3.100 -3.100 -2.370 -2.370 -2.370 -2.370 -2.370 -2.370 -2.370 -2.370 -2.370 -2.370 -2.370 -2.370 -2.370 -2.370 -2.370 -2.370 -2.370 -2.370 -2.370 -2.370 -2.370 -2.370 -3.909 -3.909 -3.909 -3.909 -3.909 -3.909 -3.909 -3.909 -3.909 -3.909 -3.909 -3.909 -3.909 -3.909 -3.909 -3.909 -3.909 -3.909 -3.909 -3.909 -3.909 -3.909
0.0152 0.01508 8.06000 4.9692502022 2.6139066214    4.890  3.300  3.6212  1.264    7  0.000  0.369    17.18    13.01     9.26     6.78     5.57  4 -1.46e-08      0.00 6.812e-01 3.035e-01 1.652e-03 2.609e-03 5.974e-03 -1.000 1.536e-02       4180          0          0          0          0      85.58      85.58 -3.480 -3.179 -2.432 -3.998 -3.179 -3.179 -3.179 -3.179 -3.179 -3.179 -3.179 -3.179 -3.179 -3.179 -3.179 -3.179 -3.179 -3.179 -3.179 -3.179 -3.179 -3.179 -3.179 -3.179 -3.179 -3.179 -2.432 -2.432 -2.432 -2.432 -2.432 -2.432 -2.432 -2.432 -2.432 -2.432 -2.432 -2.432 -2.432 -2.432 -2.432 -2.432 -2.432 -2.432 -2.432 -2.432 -2.432 -2.432 -3.998 -3.998 -3.998 -3.998 -3.998 -3.998 -3.998 -3.998 -3.998 -3.998 -3.998 -3.998 -3.998 -3.998 -3.998 -3.998 -3.998 -3.998 -3.998 -3.998 -3.998 -3.998
0.0152 0.01508 8.06000 4.9705629349 2.6139134985    4.890  3.331  3.6184  1.222    7  0.000  0.369    18.78    14.04     9.96     7.30     6.00  4 -1.66e-08      0.00 6.812e-01 3.034e-01 1.652e-03 2.609e-03 5.974e-03 -1.000 1.536e-02       4152          0          0          0          0       89.8       89.8 -3.557 -3.238 -2.479 -4.064 -3.238 -3.238 -3.238 -3.238 -3.238 -3.238 -3.238 -3.238 -3.238 -3.238 -3.238 -3.238 -3.238 -3.238 -3.238 -3.238 -3.238 -3.238 -3.238 -3.238 -3.238 -3.238 -2.479 -2.479 -2.479 -2.479 -2.479 -2.479 -2.479 -2.479 -2.479 -2.479 -2.479 -2.479 -2.479 -2.479 -2.479 -2.479 -2.479 -2.479 -2.479 -2.479 -2.479 -2.479 -4.064 -4.064 -4.064 -4.064 -4.064 -4.064 -4.064 -4.064 -4.064 -4.064 -4.064 -4.064 -4.064 -4.064 -4.064 -4.064 -4.064 -4.064 -4.064 -4.064 -4.064 -4.064
0.0152 0.01508 8.06000 4.9723439217 2.6139228220    4.890  3.372  3.6145  1.166    7  0.000  0.369    21.17    15.55    10.97     8.06     6.62  4 -1.96e-08      0.00 6.812e-01 3.034e-01 1.652e-03 2.609e-03 5.974e-03 -1.000 1.536e-02       4116          0          0          0          0      95.81      95.81 -3.659 -3.318 -2.540 -4.154 -3.318 -3.318 -3.318 -3.318 -3.318 -3.318 -3.318 -3.318 -3.318 -3.318 -3.318 -3.318 -3.318 -3.318 -3.318 -3.318 -3.318 -3.318 -3.318 -3.318 -3.318 -3.318 -2.540 -2.540 -2.540 -2.540 -2.540 -2.540 -2.540 -2.540 -2.540 -2.540 -2.540 -2.540 -2.540 -2.540 -2.540 -2.540 -2.540 -2.540 -2.540 -2.540 -2.540 -2.540 -4.154 -4.154 -4.154 -4.154 -4.154 -4.154 -4.154 -4.154 -4.154 -4.154 -4.154 -4.154 -4.154 -4.154 -4.154 -4.154 -4.154 -4.154 -4.154 -4.154 -4.154 -4.154
0.0152 0.01508 8.06000 4.9740962982 2.6139319882    4.889  3.413  3.6107  1.108    7  0.000  0.368    23.91    17.24    12.11     8.91     7.33  4  -2.3e-08      0.00 6.812e-01 3.034e-01 1.652e-03 2.609e-03 5.974e-03 -1.000 1.536e-02       4079          0          0          0          0      102.3      102.3 -3.764 -3.399 -2.604 -4.245 -3.399 -3.399 -3.399 -3.399 -3.399 -3.399 -3.399 -3.399 -3.399 -3.399 -3.399 -3.399 -3.399 -3.399 -3.399 -3.399 -3.399 -3.399 -3.399 -3.399 -3.399 -3.399 -2.604 -2.604 -2.604 -2.604 -2.604 -2.604 -2.604 -2.604 -2.604 -2.604 -2.604 -2.604 -2.604 -2.604 -2.604 -2.604 -2.604 -2.604 -2.604 -2.604 -2.604 -2.604 -4.245 -4.245 -4.245 -4.245 -4.245 -4.245 -4.245 -4.245 -4.245 -4.245 -4.245 -4.245 -4.245 -4.245 -4.245 -4.245 -4.245 -4.245 -4.245 -4.245 -4.245 -4.245
0.0152 0.01508 8.06000 4.9757375717 2.6139405665    4.889  3.457  3.6067  1.049    7  0.000  0.368    27.11    19.19    13.42     9.88     8.13  4 -2.69e-08      0.00 6.812e-01 3.034e-01 1.650e-03 2.610e-03 5.974e-03 -1.000 1.536e-02       4042          0          0          0          0      109.6      109.6 -3.872 -3.481 -2.664 -4.338 -3.481 -3.481 -3.481 -3.481 -3.481 -3.481 -3.481 -3.481 -3.481 -3.481 -3.481 -3.481 -3.481 -3.481 -3.481 -3.481 -3.481 -3.481 -3.481 -3.481 -3.481 -3.481 -2.664 -2.664 -2.664 -2.664 -2.664 -2.664 -2.664 -2.664 -2.664 -2.664 -2.664 -2.664 -2.664 -2.664 -2.664 -2.664 -2.664 -2.664 -2.664 -2.664 -2.664 -2.664 -4.338 -4.338 -4.338 -4.338 -4.338 -4.338 -4.338 -4.338 -4.338 -4.338 -4.338 -4.338 -4.338 -4.338 -4.338 -4.338 -4.338 -4.338 -4.338 -4.338 -4.338 -4.338
0.0152 0.01508 8.06000 4.9768495560 2.6139463748    4.888  3.489  3.6037  1.005    7  0.000  0.367    29.79    20.79    14.48    10.68     8.79  4 -3.02e-08      0.00 6.812e-01 3.034e-01 1.647e-03 2.613e-03 5.974e-03 -1.000 1.536e-02       4014          0          0          0          0      115.3      115.3 -3.952 -3.542 -2.709 -4.407 -3.542 -3.542 -3.542 -3.542 -3.542 -3.542 -3.542 -3.542 -3.542 -3.542 -3.542 -3.542 -3.542 -3.542 -3.542 -3.542 -3.542 -3.542 -3.542 -3.542 -3.542 -3.542 -2.709 -2.709 -2.709 -2.709 -2.709 -2.709 -2.709 -2.709 -2.709 -2.709 -2.709 -2.709 -2.709 -2.709 -2.709 -2.709 -2.709 -2.709 -2.709 -2.709 -2.709 -2.709 -4.407 -4.407 -4.407 -4.407 -4.407 -4.407 -4.407 -4.407 -4.407 -4.407 -4.407 -4.407 -4.407 -4.407 -4.407 -4.407 -4.407 -4.407 -4.407 -4.407 -4.407 -4.407
0.0152 0.01508 8.06000 4.9781475067 2.6139531506    4.886  3.533  3.5996  0.945    7  0.000  0.366    33.86    23.18    16.07    11.87     9.77  4 -3.52e-08      0.00 6.812e-01 3.034e-01 1.639e-03 2.622e-03 5.974e-03 -1.000 1.536e-02       3977          0          0          0          0      123.6      123.6 -4.062 -3.624 -2.768 -4.500 -3.624 -3.624 -3.624 -3.624 -3.624 -3.624 -3.624 -3.624 -3.624 -3.624 -3.624 -3.624 -3.624 -3.624 -3.624 -3.624 -3.624 -3.624 -3.624 -3.624 -3.624 -3.624 -2.768 -2.768 -2.768 -2.768 -2.768 -2.768 -2.768 -2.768 -2.768 -2.768 -2.768 -2.768 -2.768 -2.768 -2.768 -2.768 -2.768 -2.768 -2.768 -2.768 -2.768 -2.768 -4.500 -4.500 -4.500 -4.500 -4.500 -4.500 -4.500 -4.500 -4.500 -4.500 -4.500 -4.500 -4.500 -4.500 -4.500 -4.500 -4.500 -4.500 -4.500 -4.500 -4.500 -4.500
0.0152 0.01508 8.06000 4.9792671204 2.6139589922    4.885  3.575  3.5957  0.886    7  0.000  0.364    38.34    25.76    17.77    13.15    10.82  4 -4.05e-08      0.00 6.812e-01 3.034e-01 1.632e-03 2.631e-03 5.974e-03 -1.000 1.536e-02       3941          0          0          0          0      132.2      132.2 -4.168 -3.699 -2.817 -4.587 -3.699 -3.699 -3.699 -3.699 -3.699 -3.699 -3.699 -3.699 -3.699 -3.699 -3.699 -3.699 -3.699 -3.699 -3.699 -3.699 -3.699 -3.699 -3.699 -3.699 -3.699 -3.699 -2.817 -2.817 -2.817 -2.817 -2.817 -2.817 -2.817 -2.817 -2.817 -2.817 -2.817 -2.817 -2.817 -2.817 -2.817 -2.817 -2.817 -2.817 -2.817 -2.817 -2.817 -2.817 -4.587 -4.587 -4.587 -4.587 -4.587 -4.587 -4.587 -4.587 -4.587 -4.587 -4.587 -4.587 -4.587 -4.587 -4.587 -4.587 -4.587 -4.587 -4.587 -4.587 -4.587 -4.587
0.0152 0.01508 8.06000 4.9800190926 2.6139629139    4.884  3.606  3.5927  0.843    7  0.000  0.363    41.99    27.84    19.14    14.18    11.67  4 -4.48e-08      0.00 6.812e-01 3.034e-01 1.627e-03 2.637e-03 5.974e-03 -1.000 1.536e-02       3915          0          0          0          0      138.8      138.8 -4.246 -3.755 -2.853 -4.652 -3.755 -3.755 -3.755 -3.755 -3.755 -3.755 -3.755 -3.755 -3.755 -3.755 -3.755 -3.755 -3.755 -3.755 -3.755 -3.755 -3.755 -3.755 -3.755 -3.755 -3.755 -3.755 -2.853 -2.853 -2.853 -2.853 -2.853 -2.853 -2.853 -2.853 -2.853 -2.853 -2.853 -2.853 -2.853 -2.853 -2.853 -2.853 -2.853 -2.853 -2.853 -2.853 -2.853 -2.853 -4.652 -4.652 -4.652 -4.652 -4.652 -4.652 -4.652 -4.652 -4.652 -4.652 -4.652 -4.652 -4.652 -4.652 -4.652 -4.652 -4.652 -4.652 -4.652 -4.652 -4.652 -4.652
0.0152 0.01508 8.06000 4.9809293747 2.6139676594    4.882  3.648  3.5888  0.786    7  0.000  0.362    47.43    30.88    21.13    15.67    12.91  4 -5.09e-08      0.00 6.812e-01 3.034e-01 1.621e-03 2.643e-03 5.974e-03 -1.000 1.536e-02       3879          0          0          0          0      148.3      148.3 -4.350 -3.827 -2.897 -4.736 -3.827 -3.827 -3.827 -3.827 -3.827 -3.827 -3.827 -3.827 -3.827 -3.827 -3.827 -3.827 -3.827 -3.827 -3.827 -3.827 -3.827 -3.827 -3.827 -3.827 -3.827 -3.827 -2.897 -2.897 -2.897 -2.897 -2.897 -2.897 -2.897 -2.897 -2.897 -2.897 -2.897 -2.897 -2.897 -2.897 -2.897 -2.897 -2.897 -2.897 -2.897 -2.897 -2.897 -2.897 -4.736 -4.736 -4.736 -4.736 -4.736 -4.736 -4.736 -4.736 -4.736 -4.736 -4.736 -4.736 -4.736 -4.736 -4.736 -4.736 -4.736 -4.736 -4.736 -4.736 -4.736 -4.736
0.0152 0.01508 8.06000 4.9817528725 2.6139719508    4.880  3.689  3.5849  0.729    7  0.000  0.361    53.54    34.23    23.32    17.32    14.27  4 -5.75e-08      0.00 6.812e-01 3.034e-01 1.617e-03 2.649e-03 5.973e-03 -1.000 1.537e-02       3844          0          0          0          0      158.3      158.3 -4.453 -3.894 -2.931 -4.817 -3.894 -3.894 -3.894 -3.894 -3.894 -3.894 -3.894 -3.894 -3.894 -3.894 -3.894 -3.894 -3.894 -3.894 -3.894 -3.894 -3.894 -3.894 -3.894 -3.894 -3.894 -3.894 -2.931 -2.931 -2.931 -2.931 -2.931 -2.931 -2.931 -2.931 -2.931 -2.931 -2.931 -2.931 -2.931 -2.931 -2.931 -2.931 -2.931 -2.931 -2.931 -2.931 -2.931 -2.931 -4.817 -4.817 -4.817 -4.817 -4.817 -4.817 -4.817 -4.817 -4.817 -4.817 -4.817 -4.817 -4.817 -4.817 -4.817 -4.817 -4.817 -4.817 -4.817 -4.817 -4.817 -4.817
0.0152 0.01508 8.06000 4.9823207855 2.6139749093    4.879  3.720  3.5819  0.686    7  0.000  0.360    58.59    36.96    25.09    18.66    15.37  4 -6.29e-08      0.00 6.812e-01 3.034e-01 1.614e-03 2.654e-03 5.972e-03 -1.000 1.537e-02       3818          0          0          0          0      166.2      166.2 -4.529 -3.944 -2.956 -4.877 -3.944 -3.944 -3.944 -3.944 -3.944 -3.944 -3.944 -3.944 -3.944 -3.944 -3.944 -3.944 -3.944 -3.944 -3.944 -3.944 -3.944 -3.944 -3.944 -3.944 -3.944 -3.944 -2.956 -2.956 -2.956 -2.956 -2.956 -2.956 -2.956 -2.956 -2.956 -2.956 -2.956 -2.956 -2.956 -2.956 -2.956 -2.956 -2.956 -2.956 -2.956 -2.956 -2.956 -2.956 -4.877 -4.877 -4.877 -4.877 -4.877 -4.877 -4.877 -4.877 -4.877 -4.877 -4.877 -4.877 -4.877 -4.877 -4.877 -4.877 -4.877 -4.877 -4.877 -4.877 -4.877 -4.877
0.0152 0.01508 8.06000 4.9830183983 2.6139785424    4.877  3.760  3.5779  0.630    7  0.000  0.359    66.02    40.91    27.64    20.59    16.97  4 -7.06e-08      0.00 6.812e-01 3.035e-01 1.610e-03 2.660e-03 5.969e-03 -1.000 1.537e-02       3783          0          0          0          0      177.3      177.3 -4.630 -4.004 -2.978 -4.953 -4.004 -4.004 -4.004 -4.004 -4.004 -4.004 -4.004 -4.004 -4.004 -4.004 -4.004 -4.004 -4.004 -4.004 -4.004 -4.004 -4.004 -4.004 -4.004 -4.004 -4.004 -4.004 -2.978 -2.978 -2.978 -2.978 -2.978 -2.978 -2.978 -2.978 -2.978 -2.978 -2.978 -2.978 -2.978 -2.978 -2.978 -2.978 -2.978 -2.978 -2.978 -2.978 -2.978 -2.978 -4.953 -4.953 -4.953 -4.953 -4.953 -4.953 -4.953 -4.953 -4.953 -4.953 -4.953 -4.953 -4.953 -4.953 -4.953 -4.953 -4.953 -4.953 -4.953 -4.953 -4.953 -4.953
0.0152 0.01508 8.06000 4.9836573601 2.6139818691    4.875  3.799  3.5740  0.575    7  0.000  0.359    74.21    45.19    30.40    22.68    18.69  4 -7.87e-08      0.00 6.811e-01 3.035e-01 1.607e-03 2.668e-03 5.964e-03 -1.000 1.537e-02       3749          0          0          0          0      188.8      188.8 -4.728 -4.059 -2.989 -5.024 -4.059 -4.059 -4.059 -4.059 -4.059 -4.059 -4.059 -4.059 -4.059 -4.059 -4.059 -4.059 -4.059 -4.059 -4.059 -4.059 -4.059 -4.059 -4.059 -4.059 -4.059 -4.059 -2.989 -2.989 -2.989 -2.989 -2.989 -2.989 -2.989 -2.989 -2.989 -2.989 -2.989 -2.989 -2.989 -2.989 -2.989 -2.989 -2.989 -2.989 -2.989 -2.989 -2.989 -2.989 -5.024 -5.024 -5.024 -5.024 -5.024 -5.024 -5.024 -5.024 -5.024 -5.024 -5.024 -5.024 -5.024 -5.024 -5.024 -5.024 -5.024 -5.024 -5.024 -5.024 -5.024 -5.024
0.0152 0.01508 8.06000 4.9841055870 2.6139842021    4.873  3.828  3.5711  0.534    7  0.000  0.359    80.98    48.67    32.63    24.37    20.09  4 -8.53e-08      0.00 6.809e-01 3.037e-01 1.605e-03 2.677e-03 5.958e-03 -1.000 1.537e-02       3724          0          0          0          0      197.9      197.9 -4.800 -4.100 -2.997 -5.077 -4.100 -4.100 -4.100 -4.100 -4.100 -4.100 -4.100 -4.100 -4.100 -4.100 -4.100 -4.100 -4.100 -4.100 -4.100 -4.100 -4.100 -4.100 -4.100 -4.100 -4.100 -4.100 -2.997 -2.997 -2.997 -2.997 -2.997 -2.997 -2.997 -2.997 -2.997 -2.997 -2.997 -2.997 -2.997 -2.997 -2.997 -2.997 -2.997 -2.997 -2.997 -2.997 -2.997 -2.997 -5.077 -5.077 -5.077 -5.077 -5.077 -5.077 -5.077 -5.077 -5.077 -5.077 -5.077 -5.077 -5.077 -5.077 -5.077 -5.077 -5.077 -5.077 -5.077 -5.077 -5.077 -5.077
0.0152 0.01508 8.06000 4.9846701622 2.6139871401    4.870  3.866  3.5671  0.480    7  0.000  0.359    90.83    53.67    35.82    26.79    22.09  3 -9.45e-08      0.00 6.803e-01 3.044e-01 1.601e-03 2.693e-03 5.945e-03 -1.000 1.536e-02       3690          0          0          0          0      210.6      210.6 -4.896 -4.146 -2.990 -5.142 -4.146 -4.146 -4.146 -4.146 -4.146 -4.146 -4.146 -4.146 -4.146 -4.146 -4.146 -4.146 -4.146 -4.146 -4.146 -4.146 -4.146 -4.146 -4.146 -4.146 -4.146 -4.146 -2.990 -2.990 -2.990 -2.990 -2.990 -2.990 -2.990 -2.990 -2.990 -2.990 -2.990 -2.990 -2.990 -2.990 -2.990 -2.990 -2.990 -2.990 -2.990 -2.990 -2.990 -2.990 -5.142 -5.142 -5.142 -5.142 -5.142 -5.142 -5.142 -5.142 -5.142 -5.142 -5.142 -5.142 -5.142 -5.142 -5.142 -5.142 -5.142 -5.142 -5.142 -5.142 -5.142 -5.142
0.0152 0.01508 8.06000 4.9851961136 2.6139898763    4.868  3.902  3.5635  0.430    7  0.000  0.359   101.01    58.75    39.05    29.25    24.12  3 -1.04e-07      0.00 6.782e-01 3.064e-01 1.595e-03 2.720e-03 5.923e-03 -1.000 1.536e-02       3660          0          0          0          0        223        223 -4.984 -4.189 -2.980 -5.203 -4.189 -4.189 -4.189 -4.189 -4.189 -4.189 -4.189 -4.189 -4.189 -4.189 -4.189 -4.189 -4.189 -4.189 -4.189 -4.189 -4.189 -4.189 -4.189 -4.189 -4.189 -4.189 -2.980 -2.980 -2.980 -2.980 -2.980 -2.980 -2.980 -2.980 -2.980 -2.980 -2.980 -2.980 -2.980 -2.980 -2.980 -2.980 -2.980 -2.980 -2.980 -2.980 -2.980 -2.980 -5.203 -5.203 -5.203 -5.203 -5.203 -5.203 -5.203 -5.203 -5.203 -5.203 -5.203 -5.203 -5.203 -5.203 -5.203 -5.203 -5.203 -5.203 -5.203 -5.203 -5.203 -5.203
0.0152 0.01508 8.06000 4.9857010841 2.6139925028    4.865  3.936  3.5604  0.382    7  0.000  0.359   111.70    64.00    42.38    31.78    26.22  3 -1.13e-07      0.00 6.679e-01 3.168e-01 1.572e-03 2.827e-03 5.834e-03 -1.000 1.536e-02       3633          0          0          0          0      235.4      235.4 -5.071 -4.238 -2.985 -5.268 -4.238 -4.238 -4.238 -4.238 -4.238 -4.238 -4.238 -4.238 -4.238 -4.238 -4.238 -4.238 -4.238 -4.238 -4.238 -4.238 -4.238 -4.238 -4.238 -4.238 -4.238 -4.238 -2.985 -2.985 -2.985 -2.985 -2.985 -2.985 -2.985 -2.985 -2.985 -2.985 -2.985 -2.985 -2.985 -2.985 -2.985 -2.985 -2.985 -2.985 -2.985 -2.985 -2.985 -2.985 -5.268 -5.268 -5.268 -5.268 -5.268 -5.268 -5.268 -5.268 -5.268 -5.268 -5.268 -5.268 -5.268 -5.268 -5.268 -5.268 -5.268 -5.268 -5.268 -5.268 -5.268 -5.268
0.0152 0.01508 8.06000 4.9860758781 2.6139944518    4.863  3.966  3.5579  0.343    7  0.000  0.359   121.45    68.73    45.37    34.06    28.10  3 -1.21e-07      0.00 6.560e-01 3.286e-01 1.545e-03 2.949e-03 5.732e-03 -1.000 1.535e-02       3613          0          0          0          0      246.4      246.4 -5.145 -4.277 -2.982 -5.321 -4.277 -4.277 -4.277 -4.277 -4.277 -4.277 -4.277 -4.277 -4.277 -4.277 -4.277 -4.277 -4.277 -4.277 -4.277 -4.277 -4.277 -4.277 -4.277 -4.277 -4.277 -4.277 -2.982 -2.982 -2.982 -2.982 -2.982 -2.982 -2.982 -2.982 -2.982 -2.982 -2.982 -2.982 -2.982 -2.982 -2.982 -2.982 -2.982 -2.982 -2.982 -2.982 -2.982 -2.982 -5.321 -5.321 -5.321 -5.321 -5.321 -5.321 -5.321 -5.321 -5.321 -5.321 -5.321 -5.321 -5.321 -5.321 -5.321 -5.321 -5.321 -5.321 -5.321 -5.321 -5.321 -5.321
0.0152 0.01508 8.06000 4.9865760803 2.6139970525    4.860  4.015  3.5535  0.276    7  0.000  0.359   139.91    77.53    50.90    38.28    31.59  3 -1.35e-07      0.00 6.398e-01 3.449e-01 1.509e-03 3.116e-03 5.594e-03 -1.000 1.534e-02       3577          0          0          0          0      266.2      266.2 -5.267 -4.337 -2.965 -5.406 -4.337 -4.337 -4.337 -4.337 -4.337 -4.337 -4.337 -4.337 -4.337 -4.337 -4.337 -4.337 -4.337 -4.337 -4.337 -4.337 -4.337 -4.337 -4.337 -4.337 -4.337 -4.337 -2.965 -2.965 -2.965 -2.965 -2.965 -2.965 -2.965 -2.965 -2.965 -2.965 -2.965 -2.965 -2.965 -2.965 -2.965 -2.965 -2.965 -2.965 -2.965 -2.965 -2.965 -2.965 -5.406 -5.406 -5.406 -5.406 -5.406 -5.406 -5.406 -5.406 -5.406 -5.406 -5.406 -5.406 -5.406 -5.406 -5.406 -5.406 -5.406 -5.406 -5.406 -5.406 -5.406 -5.406
0.0152 0.01508 8.06000 4.9870400429 2.6139994642    4.856  4.068  3.5482  0.202    7  0.000  0.360   163.83    88.68    57.87    43.61    36.00  3 -1.54e-07      0.00 6.297e-01 3.549e-01 1.487e-03 3.220e-03 5.507e-03 -1.000 1.534e-02       3533          0          0          0          0      289.7      289.7 -5.399 -4.390 -2.914 -5.488 -4.390 -4.390 -4.390 -4.390 -4.390 -4.390 -4.390 -4.390 -4.390 -4.390 -4.390 -4.390 -4.390 -4.390 -4.390 -4.390 -4.390 -4.390 -4.390 -4.390 -4.390 -4.390 -2.914 -2.914 -2.914 -2.914 -2.914 -2.914 -2.914 -2.914 -2.914 -2.914 -2.914 -2.914 -2.914 -2.914 -2.914 -2.914 -2.914 -2.914 -2.914 -2.914 -2.914 -2.914 -5.488 -5.488 -5.488 -5.488 -5.488 -5.488 -5.488 -5.488 -5.488 -5.488 -5.488 -5.488 -5.488 -5.488 -5.488 -5.488 -5.488 -5.488 -5.488 -5.488 -5.488 -5.488
0.0152 0.01508 8.06000 4.9873352051 2.6140009982    4.854  4.104  3.5441  0.148    7  0.000  0.360   183.53    97.69    63.46    47.89    39.55  3 -1.69e-07      0.00 6.269e-01 3.578e-01 1.480e-03 3.249e-03 5.483e-03 -1.000 1.533e-02       3500          0          0          0          0      308.1      308.1 -5.491 -4.413 -2.848 -5.536 -4.413 -4.413 -4.413 -4.413 -4.413 -4.413 -4.413 -4.413 -4.413 -4.413 -4.413 -4.413 -4.413 -4.413 -4.413 -4.413 -4.413 -4.413 -4.413 -4.413 -4.413 -4.413 -2.848 -2.848 -2.848 -2.848 -2.848 -2.848 -2.848 -2.848 -2.848 -2.848 -2.848 -2.848 -2.848 -2.848 -2.848 -2.848 -2.848 -2.848 -2.848 -2.848 -2.848 -2.848 -5.536 -5.536 -5.536 -5.536 -5.536 -5.536 -5.536 -5.536 -5.536 -5.536 -5.536 -5.536 -5.536 -5.536 -5.536 -5.536 -5.536 -5.536 -5.536 -5.536 -5.536 -5.536
0.0152 0.01508 8.06000 4.9876847267 2.6140028144    4.850  4.149  3.5389  0.083    7  0.000  0.360   210.78   109.92    71.03    53.70    44.36  3 -1.89e-07      0.00 6.248e-01 3.598e-01 1.476e-03 3.270e-03 5.465e-03 -1.000 1.533e-02       3458          0          0          0          0        332        332 -5.602 -4.436 -2.752 -5.590 -4.436 -4.436 -4.436 -4.436 -4.436 -4.436 -4.436 -4.436 -4.436 -4.436 -4.436 -4.436 -4.436 -4.436 -4.436 -4.436 -4.436 -4.436 -4.436 -4.436 -4.436 -4.436 -2.752 -2.752 -2.752 -2.752 -2.752 -2.752 -2.752 -2.752 -2.752 -2.752 -2.752 -2.752 -2.752 -2.752 -2.752 -2.752 -2.752 -2.752 -2.752 -2.752 -2.752 -2.752 -5.590 -5.590 -5.590 -5.590 -5.590 -5.590 -5.590 -5.590 -5.590 -5.590 -5.590 -5.590 -5.590 -5.590 -5.590 -5.590 -5.590 -5.590 -5.590 -5.590 -5.590 -5.590
0.0152 0.01508 8.06000 4.9880108833 2.6140045089    4.847  4.189  3.5341  0.023    7  0.000  0.360   239.24   122.44    78.74    59.62    49.26  2 -2.09e-07      0.00 6.238e-01 3.609e-01 1.473e-03 3.282e-03 5.456e-03 -1.000 1.533e-02       3420          0          0          0          0      355.5      355.5 -5.702 -4.442 -2.631 -5.626 -4.442 -4.442 -4.442 -4.442 -4.442 -4.442 -4.442 -4.442 -4.442 -4.442 -4.442 -4.442 -4.442 -4.442 -4.442 -4.442 -4.442 -4.442 -4.442 -4.442 -4.442 -4.442 -2.631 -2.631 -2.631 -2.631 -2.631 -2.631 -2.631 -2.631 -2.631 -2.631 -2.631 -2.631 -2.631 -2.631 -2.631 -2.631 -2.631 -2.631 -2.631 -2.631 -2.631 -2.631 -5.626 -5.626 -5.626 -5.626 -5.626 -5.626 -5.626 -5.626 -5.626 -5.626 -5.626 -5.626 -5.626 -5.626 -5.626 -5.626 -5.626 -5.626 -5.626 -5.626 -5.626 -5.626
0.0152 0.01508 8.06000 4.9883365631 2.6140062008    4.843  4.226  3.5294 -0.033    7  0.000  0.360   269.39   135.48    86.73    65.77    54.35  2  -2.3e-07      0.00 6.231e-01 3.616e-01 1.472e-03 3.288e-03 5.451e-03 -1.000 1.533e-02       3384          0          0          0          0        379        379 -5.795 -4.445 -2.512 -5.655 -4.445 -4.445 -4.445 -4.445 -4.445 -4.445 -4.445 -4.445 -4.445 -4.445 -4.445 -4.445 -4.445 -4.445 -4.445 -4.445 -4.445 -4.445 -4.445 -4.445 -4.445 -4.445 -2.512 -2.512 -2.512 -2.512 -2.512 -2.512 -2.512 -2.512 -2.512 -2.512 -2.512 -2.512 -2.512 -2.512 -2.512 -2.512 -2.512 -2.512 -2.512 -2.512 -2.512 -2.512 -5.655 -5.655 -5.655 -5.655 -5.655 -5.655 -5.655 -5.655 -5.655 -5.655 -5.655 -5.655 -5.655 -5.655 -5.655 -5.655 -5.655 -5.655 -5.655 -5.655 -5.655 -5.655
0.0152 0.01508 8.06000 4.9885854721 2.6140074936    4.840  4.252  3.5262 -0.072    7  0.000  0.360   292.65   145.39    92.78    70.43    58.22  2 -2.47e-07      0.00 6.228e-01 3.619e-01 1.471e-03 3.291e-03 5.448e-03 -1.000 1.533e-02       3358          0          0          0          0      396.3      396.3 -5.860 -4.428 -2.394 -5.657 -4.428 -4.428 -4.428 -4.428 -4.428 -4.428 -4.428 -4.428 -4.428 -4.428 -4.428 -4.428 -4.428 -4.428 -4.428 -4.428 -4.428 -4.428 -4.428 -4.428 -4.428 -4.428 -2.394 -2.394 -2.394 -2.394 -2.394 -2.394 -2.394 -2.394 -2.394 -2.394 -2.394 -2.394 -2.394 -2.394 -2.394 -2.394 -2.394 -2.394 -2.394 -2.394 -2.394 -2.394 -5.657 -5.657 -5.657 -5.657 -5.657 -5.657 -5.657 -5.657 -5.657 -5.657 -5.657 -5.657 -5.657 -5.657 -5.657 -5.657 -5.657 -5.657 -5.657 -5.657 -5.657 -5.657
0.0152 0.01508 8.06000 4.9889311790 2.6140092890    4.835  4.282  3.5222 -0.119    7  0.000  0.360   323.11   158.20   100.57    76.44    63.20  2 -2.67e-07      0.00 6.226e-01 3.621e-01 1.471e-03 3.294e-03 5.446e-03 -1.000 1.533e-02       3328          0          0          0          0        418        418 -5.936 -4.408 -2.250 -5.659 -4.408 -4.408 -4.408 -4.408 -4.408 -4.408 -4.408 -4.408 -4.408 -4.408 -4.408 -4.408 -4.408 -4.408 -4.408 -4.408 -4.408 -4.408 -4.408 -4.408 -4.408 -4.408 -2.250 -2.250 -2.250 -2.250 -2.250 -2.250 -2.250 -2.250 -2.250 -2.250 -2.250 -2.250 -2.250 -2.250 -2.250 -2.250 -2.250 -2.250 -2.250 -2.250 -2.250 -2.250 -5.659 -5.659 -5.659 -5.659 -5.659 -5.659 -5.659 -5.659 -5.659 -5.659 -5.659 -5.659 -5.659 -5.659 -5.659 -5.659 -5.659 -5.659 -5.659 -5.659 -5.659 -5.659
0.0152 0.01508 8.06000 4.9893198013 2.6140113069    4.829  4.308  3.5187 -0.160    7  0.000  0.360   351.88   170.16   107.81    82.04    67.84  2 -2.88e-07      0.00 6.225e-01 3.622e-01 1.471e-03 3.295e-03 5.445e-03 -1.000 1.533e-02       3301          0          0          0          0      437.6      437.6 -6.001 -4.391 -2.137 -5.658 -4.391 -4.391 -4.391 -4.391 -4.391 -4.391 -4.391 -4.391 -4.391 -4.391 -4.391 -4.391 -4.391 -4.391 -4.391 -4.391 -4.391 -4.391 -4.391 -4.391 -4.391 -4.391 -2.137 -2.137 -2.137 -2.137 -2.137 -2.137 -2.137 -2.137 -2.137 -2.137 -2.137 -2.137 -2.137 -2.137 -2.137 -2.137 -2.137 -2.137 -2.137 -2.137 -2.137 -2.137 -5.658 -5.658 -5.658 -5.658 -5.658 -5.658 -5.658 -5.658 -5.658 -5.658 -5.658 -5.658 -5.658 -5.658 -5.658 -5.658 -5.658 -5.658 -5.658 -5.658 -5.658 -5.658
0.0152 0.01508 8.06000 4.9899129868 2.6140143863    4.819  4.326  3.5162 -0.188    7  0.000  0.360   373.60   179.11   113.21    86.23    71.31  2 -3.07e-07      0.00 6.224e-01 3.623e-01 1.470e-03 3.296e-03 5.444e-03 -1.000 1.533e-02       3282          0          0          0          0      451.7      451.7 -6.046 -4.376 -2.069 -5.651 -4.376 -4.376 -4.376 -4.376 -4.376 -4.376 -4.376 -4.376 -4.376 -4.376 -4.376 -4.376 -4.376 -4.376 -4.376 -4.376 -4.376 -4.376 -4.376 -4.376 -4.376 -4.376 -2.069 -2.069 -2.069 -2.069 -2.069 -2.069 -2.069 -2.069 -2.069 -2.069 -2.069 -2.069 -2.069 -2.069 -2.069 -2.069 -2.069 -2.069 -2.069 -2.069 -2.069 -2.069 -5.651 -5.651 -5.651 -5.651 -5.651 -5.651 -5.651 -5.651 -5.651 -5.651 -5.651 -5.651 -5.651 -5.651 -5.651 -5.651 -5.651 -5.651 -5.651 -5.651 -5.651 -5.651
0.0152 0.01508 8.06000 4.9908838272 2.6140194244    4.802  4.310  3.5181 -0.166    7  0.000  0.360   355.83   171.90   108.85    82.86    68.52  2 -3.16e-07      0.00 6.223e-01 3.624e-01 1.470e-03 3.296e-03 5.444e-03 -1.000 1.533e-02       3296          0          0          0          0      439.7      439.7 -6.005 -4.379 -2.112 -5.648 -4.379 -4.379 -4.379 -4.379 -4.379 -4.379 -4.379 -4.379 -4.379 -4.379 -4.379 -4.379 -4.379 -4.379 -4.379 -4.379 -4.379 -4.379 -4.379 -4.379 -4.379 -4.379 -2.112 -2.112 -2.112 -2.112 -2.112 -2.112 -2.112 -2.112 -2.112 -2.112 -2.112 -2.112 -2.112 -2.112 -2.112 -2.112 -2.112 -2.112 -2.112 -2.112 -2.112 -2.112 -5.648 -5.648 -5.648 -5.648 -5.648 -5.648 -5.648 -5.648 -5.648 -5.648 -5.648 -5.648 -5.648 -5.648 -5.648 -5.648 -5.648 -5.648 -5.648 -5.648 -5.648 -5.648
0.0152 0.01508 8.06000 4.9910402298 2.6140202358    4.799  4.288  3.5208 -0.134    7  0.000  0.360   332.17   162.11   102.92    78.28    64.72  2 -3.09e-07      0.00 6.223e-01 3.624e-01 1.470e-03 3.297e-03 5.444e-03 -1.000 1.533e-02       3317          0          0          0          0      423.5      423.5 -5.951 -4.391 -2.189 -5.649 -4.391 -4.391 -4.391 -4.391 -4.391 -4.391 -4.391 -4.391 -4.391 -4.391 -4.391 -4.391 -4.391 -4.391 -4.391 -4.391 -4.391 -4.391 -4.391 -4.391 -4.391 -4.391 -2.189 -2.189 -2.189 -2.189 -2.189 -2.189 -2.189 -2.189 -2.189 -2.189 -2.189 -2.189 -2.189 -2.189 -2.189 -2.189 -2.189 -2.189 -2.189 -2.189 -2.189 -2.189 -5.649 -5.649 -5.649 -5.649 -5.649 -5.649 -5.649 -5.649 -5.649 -5.649 -5.649 -5.649 -5.649 -5.649 -5.649 -5.649 -5.649 -5.649 -5.649 -5.649 -5.649 -5.649
0.0152 0.01508 8.06000 4.9911413193 2.6140207602    4.797  4.229  3.5283 -0.045    7  0.864  0.360   274.97   137.99    88.24    66.96    55.34  2 -2.55e-07      0.00 6.223e-01 3.624e-01 1.470e-03 3.297e-03 5.444e-03 -1.000 1.533e-02       3375          0          0          0          0        383        383 -5.803 -4.426 -2.459 -5.642 -4.426 -4.426 -4.426 -4.426 -4.426 -4.426 -4.426 -4.426 -4.426 -4.426 -4.426 -4.426 -4.426 -4.426 -4.426 -4.426 -4.426 -4.426 -4.426 -4.426 -4.426 -4.426 -2.459 -2.459 -2.459 -2.459 -2.459 -2.459 -2.459 -2.459 -2.459 -2.459 -2.459 -2.459 -2.459 -2.459 -2.459 -2.459 -2.459 -2.459 -2.459 -2.459 -2.459 -2.459 -5.642 -5.642 -5.642 -5.642 -5.642 -5.642 -5.642 -5.642 -5.642 -5.642 -5.642 -5.642 -5.642 -5.642 -5.642 -5.642 -5.642 -5.642 -5.642 -5.642 -5.642 -5.642
0.0152 0.01508 8.06000 4.9911932945 2.6140210299    4.797  4.236  3.5275 -0.055    7  0.864  0.360   281.09   140.60    89.84    68.19    56.36  2 -2.47e-07      0.00 6.223e-01 3.624e-01 1.470e-03 3.297e-03 5.444e-03 -1.000 1.533e-02       3369          0          0          0          0      387.1      387.1 -5.820 -4.421 -2.428 -5.642 -4.421 -4.421 -4.421 -4.421 -4.421 -4.421 -4.421 -4.421 -4.421 -4.421 -4.421 -4.421 -4.421 -4.421 -4.421 -4.421 -4.421 -4.421 -4.421 -4.421 -4.421 -4.421 -2.428 -2.428 -2.428 -2.428 -2.428 -2.428 -2.428 -2.428 -2.428 -2.428 -2.428 -2.428 -2.428 -2.428 -2.428 -2.428 -2.428 -2.428 -2.428 -2.428 -2.428 -2.428 -5.642 -5.642 -5.642 -5.642 -5.642 -5.642 -5.642 -5.642 -5.642 -5.642 -5.642 -5.642 -5.642 -5.642 -5.642 -5.642 -5.642 -5.642 -5.642 -5.642 -5.642 -5.642
0.0152 0.01508 8.06000 4.9912171364 2.6140211535    4.796  4.267  3.5235 -0.102    7  0.864  0.360   310.40   153.01    97.39    74.02    61.19  2 -2.64e-07      0.00 6.223e-01 3.624e-01 1.470e-03 3.297e-03 5.444e-03 -1.000 1.533e-02       3338          0          0          0          0      408.1      408.1 -5.898 -4.402 -2.286 -5.645 -4.402 -4.402 -4.402 -4.402 -4.402 -4.402 -4.402 -4.402 -4.402 -4.402 -4.402 -4.402 -4.402 -4.402 -4.402 -4.402 -4.402 -4.402 -4.402 -4.402 -4.402 -4.402 -2.286 -2.286 -2.286 -2.286 -2.286 -2.286 -2.286 -2.286 -2.286 -2.286 -2.286 -2.286 -2.286 -2.286 -2.286 -2.286 -2.286 -2.286 -2.286 -2.286 -2.286 -2.286 -5.645 -5.645 -5.645 -5.645 -5.645 -5.645 -5.645 -5.645 -5.645 -5.645 -5.645 -5.645 -5.645 -5.645 -5.645 -5.645 -5.645 -5.645 -5.645 -5.645 -5.645 -5.645
0.0152 0.01508 8.06000 4.9912247658 2.6140211931    4.796  4.271  3.5230 -0.108    7  0.864  0.360   314.58   154.77    98.46    74.84    61.87  2 -2.67e-07      0.00 6.223e-01 3.624e-01 1.470e-03 3.297e-03 5.444e-03 -1.000 1.533e-02       3334          0          0          0          0      411.2      411.2 -5.908 -4.400 -2.267 -5.646 -4.400 -4.400 -4.400 -4.400 -4.400 -4.400 -4.400 -4.400 -4.400 -4.400 -4.400 -4.400 -4.400 -4.400 -4.400 -4.400 -4.400 -4.400 -4.400 -4.400 -4.400 -4.400 -2.267 -2.267 -2.267 -2.267 -2.267 -2.267 -2.267 -2.267 -2.267 -2.267 -2.267 -2.267 -2.267 -2.267 -2.267 -2.267 -2.267 -2.267 -2.267 -2.267 -2.267 -2.267 -5.646 -5.646 -5.646 -5.646 -5.646 -5.646 -5.646 -5.646 -5.646 -5.646 -5.646 -5.646 -5.646 -5.646 -5.646 -5.646 -5.646 -5.646 -5.646 -5.646 -5.646 -5.646
0.0152 0.01508 8.06000 4.9912366867 2.6140212550    4.796  4.278  3.5222 -0.118    7  0.864  0.360   321.09   157.50   100.12    76.12    62.93  2 -2.72e-07      0.00 6.223e-01 3.624e-01 1.470e-03 3.297e-03 5.444e-03 -1.000 1.533e-02       3328          0          0          0          0      415.8      415.8 -5.924 -4.396 -2.237 -5.647 -4.396 -4.396 -4.396 -4.396 -4.396 -4.396 -4.396 -4.396 -4.396 -4.396 -4.396 -4.396 -4.396 -4.396 -4.396 -4.396 -4.396 -4.396 -4.396 -4.396 -4.396 -4.396 -2.237 -2.237 -2.237 -2.237 -2.237 -2.237 -2.237 -2.237 -2.237 -2.237 -2.237 -2.237 -2.237 -2.237 -2.237 -2.237 -2.237 -2.237 -2.237 -2.237 -2.237 -2.237 -5.647 -5.647 -5.647 -5.647 -5.647 -5.647 -5.647 -5.647 -5.647 -5.647 -5.647 -5.647 -5.647 -5.647 -5.647 -5.647 -5.647 -5.647 -5.647 -5.647 -5.647 -5.647
0.0152 0.01508 8.06000 4.9912962914 2.6140215642    4.795  4.309  3.5181 -0.166    7  0.864  0.360   355.55   171.81   108.79    82.82    68.48  2 -2.96e-07      0.00 6.223e-01 3.624e-01 1.470e-03 3.297e-03 5.444e-03 -1.000 1.533e-02       3296          0          0          0          0        439        439 -6.003 -4.377 -2.110 -5.646 -4.377 -4.377 -4.377 -4.377 -4.377 -4.377 -4.377 -4.377 -4.377 -4.377 -4.377 -4.377 -4.377 -4.377 -4.377 -4.377 -4.377 -4.377 -4.377 -4.377 -4.377 -4.377 -2.110 -2.110 -2.110 -2.110 -2.110 -2.110 -2.110 -2.110 -2.110 -2.110 -2.110 -2.110 -2.110 -2.110 -2.110 -2.110 -2.110 -2.110 -2.110 -2.110 -2.110 -2.110 -5.646 -5.646 -5.646 -5.646 -5.646 -5.646 -5.646 -5.646 -5.646 -5.646 -5.646 -5.646 -5.646 -5.646 -5.646 -5.646 -5.646 -5.646 -5.646 -5.646 -5.646 -5.646
# Zini     MH   logAge Mini        int_IMF         Mass   logL    logTe  logg  label   McoreTP C_O  period0  period1  period2  period3  period4  pmode  Mloss  tau1m   X   Y   Xc  Xn  Xo  Cexcess  Z  Teff0 omega angvel vtaneq angmom Rpol Req	 mbolmag  G_fSBmag  G_BP_fSBmag  G_RP_fSBmag G_fSB G_f0 G_fk G_i00 G_i05 G_i10 G_i15 G_i20 G_i25 G_i30 G_i35 G_i40 G_i45 G_i50 G_i55 G_i60 G_i65 G_i70 G_i75 G_i80 G_i85 G_i90 G_BP_fSB G_BP_f0 G_BP_fk G_BP_i00 G_BP_i05 G_BP_i10 G_BP_i15 G_BP_i20 G_BP_i25 G_BP_i30 G_BP_i35 G_BP_i40 G_BP_i45 G_BP_i50 G_BP_i55 G_BP_i60 G_BP_i65 G_BP_i70 G_BP_i75 G_BP_i80 G_BP_i85 G_BP_i90 G_RP_fSB G_RP_f0 G_RP_fk G_RP_i00 G_RP_i05 G_RP_i10 G_RP_i15 G_RP_i20 G_RP_i25 G_RP_i30 G_RP_i35 G_RP_i40 G_RP_i45 G_RP_i50 G_RP_i55 G_RP_i60 G_RP_i65 G_RP_i70 G_RP_i75 G_RP_i80 G_RP_i85 G_RP_i90
0.0152 0.01508 8.12000 0.0900000036 1.0816895926    0.090 -2.845  3.3985  4.784    0  0.000  0.545     0.00     0.00     0.00     0.00     0.00 -1    -1e-30      0.00 7.092e-01 2.755e-01 2.746e-03 7.408e-04 6.719e-03 -1.000 1.527e-02       2503          0          0          0          0     0.2017     0.2017 11.882 13.867 16.807 12.506 13.867 13.867 13.867 13.867 13.867 13.867 13.867 13.867 13.867 13.867 13.867 13.867 13.867 13.867 13.867 13.867 13.867 13.867 13.867 13.867 13.867 13.867 16.807 16.807 16.807 16.807 16.807 16.807 16.807 16.807 16.807 16.807 16.807 16.807 16.807 16.807 16.807 16.807 16.807 16.807 16.807 16.807 16.807 16.807 12.506 12.506 12.506 12.506 12.506 12.506 12.506 12.506 12.506 12.506 12.506 12.506 12.506 12.506 12.506 12.506 12.506 12.506 12.506 12.506 12.506 12.506
0.0152 0.01508 8.12000 0.0905961320 1.0873757636    0.091 -2.840  3.3993  4.784    0  0.000  0.545     0.00     0.00     0.00     0.00     0.00 -1    -1e-30      0.00 7.092e-01 2.755e-01 2.746e-03 7.408e-04 6.719e-03 -1.000 1.527e-02       2507          0          0          0          0     0.2022     0.2022 11.870 13.855 16.795 12.494 13.855 13.855 13.855 13.855 13.855 13.855 13.855 13.855 13.855 13.855 13.855 13.855 13.855 13.855 13.855 13.855 13.855 13.855 13.855 13.855 13.855 13.855 16.795 16.795 16.795 16.795 16.795 16.795 16.795 16.795 16.795 16.795 16.795 16.795 16.795 16.795 16.795 16.795 16.795 16.795 16.795 16.795 16.795 16.795 12.494 12.494 12.494 12.494 12.494 12.494 12.494 12.494 12.494 12.494 12.494 12.494 12.494 12.494 12.494 12.494 12.494 12.494 12.494 12.494 12.494 12.494
0.0152 0.01508 8.12000 0.0969625562 1.1452207139    0.097 -2.787  3.4071  4.792    0  0.000  0.545     0.00     0.00     0.00     0.00     0.00 -1    -1e-30      0.00 7.092e-01 2.755e-01 2.746e-03 7.408e-04 6.719e-03 -1.000 1.527e-02       2553          0          0          0          0     0.2074     0.2074 11.738 13.723 16.664 12.361 13.723 13.723 13.723 13.723 13.723 13.723 13.723 13.723 13.723 13.723 13.723 13.723 13.723 13.723 13.723 13.723 13.723 13.723 13.723 13.723 13.723 13.723 16.664 16.664 16.664 16.664 16.664 16.664 16.664 16.664 16.664 16.664 16.664 16.664 16.664 16.664 16.664 16.664 16.664 16.664 16.664 16.664 16.664 16.664 12.361 12.361 12.361 12.361 12.361 12.361 12.361 12.361 12.361 12.361 12.361 12.361 12.361 12.361 12.361 12.361 12.361 12.361 12.361 12.361 12.361 12.361
0.0152 0.01508 8.12000 0.1000000015 1.1711064122    0.100 -2.761  3.4110  4.795    0  0.000  0.545     0.00     0.00     0.00     0.00     0.00 -1    -1e-30      0.00 7.092e-01 2.755e-01 2.746e-03 7.408e-04 6.719e-03 -1.000 1.527e-02       2576          0          0          0          0     0.2098     0.2098 11.673 13.651 16.584 12.291 13.651 13.651 13.651 13.651 13.651 13.651 13.651 13.651 13.651 13.651 13.651 13.651 13.651 13.651 13.651 13.651 13.651 13.651 13.651 13.651 13.651 13.651 16.584 16.584 16.584 16.584 16.584 16.584 16.584 16.584 16.584 16.584 16.584 16.584 16.584 16.584 16.584 16.584 16.584 16.584 16.584 16.584 16.584 16.584 12.291 12.291 12.291 12.291 12.291 12.291 12.291 12.291 12.291 12.291 12.291 12.291 12.291 12.291 12.291 12.291 12.291 12.291 12.291 12.291 12.291 12.291
0.0152 0.01508 8.12000 0.1063383967 1.2219724934    0.106 -2.716  3.4172  4.801    0  0.000  0.545     0.00     0.00     0.00     0.00     0.00 -1    -1e-30      0.00 7.092e-01 2.755e-01 2.746e-03 7.408e-04 6.719e-03 -1.000 1.527e-02       2614          0          0          0          0     0.2154     0.2154 11.559 13.495 16.363 12.141 13.495 13.495 13.495 13.495 13.495 13.495 13.495 13.495 13.495 13.495 13.495 13.495 13.495 13.495 13.495 13.495 13.495 13.495 13.495 13.495 13.495 13.495 16.363 16.363 16.363 16.363 16.363 16.363 16.363 16.363 16.363 16.363 16.363 16.363 16.363 16.363 16.363 16.363 16.363 16.363 16.363 16.363 16.363 16.363 12.141 12.141 12.141 12.141 12.141 12.141 12.141 12.141 12.141 12.141 12.141 12.141 12.141 12.141 12.141 12.141 12.141 12.141 12.141 12.141 12.141 12.141
0.0152 0.01508 8.12000 0.1170761585 1.2997346069    0.117 -2.640  3.4281  4.811    0  0.000  0.545     0.00     0.00     0.00     0.00     0.00 -1    -1e-30      0.00 7.092e-01 2.755e-01 2.746e-03 7.408e-04 6.719e-03 -1.000 1.527e-02       2680          0          0          0          0      0.223      0.223 11.371 13.180 15.854 11.845 13.180 13.180 13.180 13.180 13.180 13.180 13.180 13.180 13.180 13.180 13.180 13.180 13.180 13.180 13.180 13.180 13.180 13.180 13.180 13.180 13.180 13.180 15.854 15.854 15.854 15.854 15.854 15.854 15.854 15.854 15.854 15.854 15.854 15.854 15.854 15.854 15.854 15.854 15.854 15.854 15.854 15.854 15.854 15.854 11.845 11.845 11.845 11.845 11.845 11.845 11.845 11.845 11.845 11.845 11.845 11.845 11.845 11.845 11.845 11.845 11.845 11.845 11.845 11.845 11.845 11.845
0.0152 0.01508 8.12000 0.1200000122 1.3193155232    0.120 -2.620  3.4311  4.813    0  0.000  0.545     0.00     0.00     0.00     0.00     0.00 -1    -1e-30      0.00 7.092e-01 2.755e-01 2.746e-03 7.408e-04 6.719e-03 -1.000 1.527e-02       2698          0          0          0          0     0.2249     0.2249 11.319 13.090 15.708 11.761 13.090 13.090 13.090 13.090 13.090 13.090 13.090 13.090 13.090 13.090 13.090 13.090 13.090 13.090 13.090 13.090 13.090 13.090 13.090 13.090 13.090 13.090 15.708 15.708 15.708 15.708 15.708 15.708 15.708 15.708 15.708 15.708 15.708 15.708 15.708 15.708 15.708 15.708 15.708 15.708 15.708 15.708 15.708 15.708 11.761 11.761 11.761 11.761 11.761 11.761 11.761 11.761 11.761 11.761 11.761 11.761 11.761 11.761 11.761 11.761 11.761 11.761 11.761 11.761 11.761 11.761
0.0152 0.01508 8.12000 0.1325394511 1.3967586699    0.132 -2.550  3.4394  4.819    0  0.000  0.545     0.00     0.00     0.00     0.00     0.00 -1    -1e-30      0.00 7.092e-01 2.755e-01 2.746e-03 7.408e-04 6.719e-03 -1.000 1.527e-02       2751          0          0          0          0     0.2351     0.2351 11.145 12.815 15.292 11.504 12.815 12.815 12.815 12.815 12.815 12.815 12.815 12.815 12.815 12.815 12.815 12.815 12.815 12.815 12.815 12.815 12.815 12.815 12.815 12.815 12.815 12.815 15.292 15.292 15.292 15.292 15.292 15.292 15.292 15.292 15.292 15.292 15.292 15.292 15.292 15.292 15.292 15.292 15.292 15.292 15.292 15.292 15.292 15.292 11.504 11.504 11.504 11.504 11.504 11.504 11.504 11.504 11.504 11.504 11.504 11.504 11.504 11.504 11.504 11.504 11.504 11.504 11.504 11.504 11.504 11.504
0.0152 0.01508 8.12000 0.1400000006 1.4384526719    0.140 -2.510  3.4442  4.822    0  0.000  0.545     0.00     0.00     0.00     0.00     0.00 -1    -1e-30      0.00 7.092e-01 2.755e-01 2.746e-03 7.408e-04 6.719e-03 -1.000 1.527e-02       2781          0          0          0          0     0.2404     0.2404 11.044 12.659 15.058 11.358 12.659 12.659 12.659 12.659 12.659 12.659 12.659 12.659 12.659 12.659 12.659 12.659 12.659 12.659 12.659 12.659 12.659 12.659 12.659 12.659 12.659 12.659 15.058 15.058 15.058 15.058 15.058 15.058 15.058 15.058 15.058 15.058 15.058 15.058 15.058 15.058 15.058 15.058 15.058 15.058 15.058 15.058 15.058 15.058 11.358 11.358 11.358 11.358 11.358 11.358 11.358 11.358 11.358 11.358 11.358 11.358 11.358 11.358 11.358 11.358 11.358 11.358 11.358 11.358 11.358 11.358
0.0152 0.01508 8.12000 0.1507260203 1.4935845789    0.151 -2.458  3.4504  4.828    0  0.000  0.545     0.00     0.00     0.00     0.00     0.00 -1    -1e-30      0.00 7.092e-01 2.755e-01 2.746e-03 7.408e-04 6.719e-03 -1.000 1.527e-02       2821          0          0          0          0      0.248      0.248 10.916 12.458 14.755 11.170 12.458 12.458 12.458 12.458 12.458 12.458 12.458 12.458 12.458 12.458 12.458 12.458 12.458 12.458 12.458 12.458 12.458 12.458 12.458 12.458 12.458 12.458 14.755 14.755 14.755 14.755 14.755 14.755 14.755 14.755 14.755 14.755 14.755 14.755 14.755 14.755 14.755 14.755 14.755 14.755 14.755 14.755 14.755 14.755 11.170 11.170 11.170 11.170 11.170 11.170 11.170 11.170 11.170 11.170 11.170 11.170 11.170 11.170 11.170 11.170 11.170 11.170 11.170 11.170 11.170 11.170
0.0152 0.01508 8.12000 0.1599999964 1.5372931554    0.160 -2.415  3.4555  4.831    0  0.000  0.545     0.00     0.00     0.00     0.00     0.00 -1    -1e-30      0.00 7.092e-01 2.755e-01 2.746e-03 7.408e-04 6.719e-03 -1.000 1.527e-02       2854          0          0          0          0     0.2545     0.2545 10.808 12.291 14.503 11.016 12.291 12.291 12.291 12.291 12.291 12.291 12.291 12.291 12.291 12.291 12.291 12.291 12.291 12.291 12.291 12.291 12.291 12.291 12.291 12.291 12.291 12.291 14.503 14.503 14.503 14.503 14.503 14.503 14.503 14.503 14.503 14.503 14.503 14.503 14.503 14.503 14.503 14.503 14.503 14.503 14.503 14.503 14.503 14.503 11.016 11.016 11.016 11.016 11.016 11.016 11.016 11.016 11.016 11.016 11.016 11.016 11.016 11.016 11.016 11.016 11.016 11.016 11.016 11.016 11.016 11.016
0.0152 0.01508 8.12000 0.1804321259 1.6229286005    0.180 -2.332  3.4646  4.837    0  0.000  0.545     0.00     0.00     0.00     0.00     0.00 -1    -1e-30      0.00 7.092e-01 2.755e-01 2.746e-03 7.408e-04 6.719e-03 -1.000 1.527e-02       2915          0          0          0          0     0.2692     0.2692 10.601 11.982 14.047 10.729 11.982 11.982 11.982 11.982 11.982 11.982 11.982 11.982 11.982 11.982 11.982 11.982 11.982 11.982 11.982 11.982 11.982 11.982 11.982 11.982 11.982 11.982 14.047 14.047 14.047 14.047 14.047 14.047 14.047 14.047 14.047 14.047 14.047 14.047 14.047 14.047 14.047 14.047 14.047 14.047 14.047 14.047 14.047 14.047 10.729 10.729 10.729 10.729 10.729 10.729 10.729 10.729 10.729 10.729 10.729 10.729 10.729 10.729 10.729 10.729 10.729 10.729 10.729 10.729 10.729 10.729
0.0152 0.01508 8.12000 0.2000000030 1.6938790862    0.200 -2.260  3.4726  4.841    0  0.000  0.545     0.00     0.00     0.00     0.00     0.00 -1    -1e-30      0.00 7.092e-01 2.755e-01 2.746e-03 7.408e-04 6.719e-03 -1.000 1.527e-02       2968          0          0          0          0     0.2811     0.2811 10.420 11.718 13.669 10.485 11.718 11.718 11.718 11.718 11.718 11.718 11.718 11.718 11.718 11.718 11.718 11.718 11.718 11.718 11.718 11.718 11.718 11.718 11.718 11.718 11.718 11.718 13.669 13.669 13.669 13.669 13.669 13.669 13.669 13.669 13.669 13.669 13.669 13.669 13.669 13.669 13.669 13.669 13.669 13.669 13.669 13.669 13.669 13.669 10.485 10.485 10.485 10.485 10.485 10.485 10.485 10.485 10.485 10.485 10.485 10.485 10.485 10.485 10.485 10.485 10.485 10.485 10.485 10.485 10.485 10.485
0.0152 0.01508 8.12000 0.2337872684 1.7973476877    0.234 -2.151  3.4836  4.844    0  0.000  0.545     0.00     0.00     0.00     0.00     0.00 -1    -1e-30      0.00 7.092e-01 2.755e-01 2.746e-03 7.408e-04 6.719e-03 -1.000 1.527e-02       3045          0          0          0          0     0.3038     0.3038 10.147 11.332 13.126 10.128 11.332 11.332 11.332 11.332 11.332 11.332 11.332 11.332 11.332 11.332 11.332 11.332 11.332 11.332 11.332 11.332 11.332 11.332 11.332 11.332 11.332 11.332 13.126 13.126 13.126 13.126 13.126 13.126 13.126 13.126 13.126 13.126 13.126 13.126 13.126 13.126 13.126 13.126 13.126 13.126 13.126 13.126 13.126 13.126 10.128 10.128 10.128 10.128 10.128 10.128 10.128 10.128 10.128 10.128 10.128 10.128 10.128 10.128 10.128 10.128 10.128 10.128 10.128 10.128 10.128 10.128
0.0152 0.01508 8.12000 0.2500000000 1.8403257998    0.250 -2.103  3.4885  4.845    0  0.000  0.545     0.00     0.00     0.00     0.00     0.00 -1    -1e-30      0.00 7.092e-01 2.755e-01 2.746e-03 7.408e-04 6.719e-03 -1.000 1.527e-02       3079          0          0          0          0      0.313      0.313 10.028 11.164 12.891 9.974 11.164 11.164 11.164 11.164 11.164 11.164 11.164 11.164 11.164 11.164 11.164 11.164 11.164 11.164 11.164 11.164 11.164 11.164 11.164 11.164 11.164 11.164 12.891 12.891 12.891 12.891 12.891 12.891 12.891 12.891 12.891 12.891 12.891 12.891 12.891 12.891 12.891 12.891 12.891 12.891 12.891 12.891 12.891 12.891 9.974 9.974 9.974 9.974 9.974 9.974 9.974 9.974 9.974 9.974 9.974 9.974 9.974 9.974 9.974 9.974 9.974 9.974 9.974 9.974 9.974 9.974
0.0152 0.01508 8.12000 0.2841273844 1.9199873261    0.284 -2.012  3.4968  4.843    0  0.000  0.545     0.00     0.00     0.00     0.00     0.00 -1    -1e-30      0.00 7.092e-01 2.755e-01 2.746e-03 7.408e-04 6.719e-03 -1.000 1.527e-02       3139          0          0          0          0     0.3351     0.3351 9.801 10.862 12.492 9.695 10.862 10.862 10.862 10.862 10.862 10.862 10.862 10.862 10.862 10.862 10.862 10.862 10.862 10.862 10.862 10.862 10.862 10.862 10.862 10.862 10.862 10.862 12.492 12.492 12.492 12.492 12.492 12.492 12.492 12.492 12.492 12.492 12.492 12.492 12.492 12.492 12.492 12.492 12.492 12.492 12.492 12.492 12.492 12.492 9.695 9.695 9.695 9.695 9.695 9.695 9.695 9.695 9.695 9.695 9.695 9.695 9.695 9.695 9.695 9.695 9.695 9.695 9.695 9.695 9.695 9.695
0.0152 0.01508 8.12000 0.3000000119 1.9529139769    0.300 -1.973  3.5004  4.842    0  0.000  0.545     0.00     0.00     0.00     0.00     0.00 -1    -1e-30      0.00 7.092e-01 2.755e-01 2.746e-03 7.408e-04 6.719e-03 -1.000 1.527e-02       3165          0          0          0          0     0.3441     0.3441 9.704 10.735 12.326 9.577 10.735 10.735 10.735 10.735 10.735 10.735 10.735 10.735 10.735 10.735 10.735 10.735 10.735 10.735 10.735 10.735 10.735 10.735 10.735 10.735 10.735 10.735 12.326 12.326 12.326 12.326 12.326 12.326 12.326 12.326 12.326 12.326 12.326 12.326 12.326 12.326 12.326 12.326 12.326 12.326 12.326 12.326 12.326 12.326 9.577 9.577 9.577 9.577 9.577 9.577 9.577 9.577 9.577 9.577 9.577 9.577 9.577 9.577 9.577 9.577 9.577 9.577 9.577 9.577 9.577 9.577
0.0152 0.01508 8.12000 0.3007451892 1.9544038910    0.301 -1.971  3.5005  4.842    0  0.000  0.545     0.00     0.00     0.00     0.00     0.00 -1    -1e-30      0.00 7.092e-01 2.755e-01 2.746e-03 7.408e-04 6.719e-03 -1.000 1.527e-02       3166          0          0          0          0     0.3446     0.3446 9.699 10.729 12.318 9.571 10.729 10.729 10.729 10.729 10.729 10.729 10.729 10.729 10.729 10.729 10.729 10.729 10.729 10.729 10.729 10.729 10.729 10.729 10.729 10.729 10.729 10.729 12.318 12.318 12.318 12.318 12.318 12.318 12.318 12.318 12.318 12.318 12.318 12.318 12.318 12.318 12.318 12.318 12.318 12.318 12.318 12.318 12.318 12.318 9.571 9.571 9.571 9.571 9.571 9.571 9.571 9.571 9.571 9.571 9.571 9.571 9.571 9.571 9.571 9.571 9.571 9.571 9.571 9.571 9.571 9.571
0.0152 0.01508 8.12000 0.3279472291 2.0057179088    0.328 -1.903  3.5067  4.836    0  0.000  0.545     0.00     0.00     0.00     0.00     0.00 -1    -1e-30      0.00 7.092e-01 2.755e-01 2.746e-03 7.408e-04 6.719e-03 -1.000 1.527e-02       3211          0          0          0          0     0.3628     0.3628 9.529 10.510 12.037 9.368 10.510 10.510 10.510 10.510 10.510 10.510 10.510 10.510 10.510 10.510 10.510 10.510 10.510 10.510 10.510 10.510 10.510 10.510 10.510 10.510 10.510 10.510 12.037 12.037 12.037 12.037 12.037 12.037 12.037 12.037 12.037 12.037 12.037 12.037 12.037 12.037 12.037 12.037 12.037 12.037 12.037 12.037 12.037 12.037 9.368 9.368 9.368 9.368 9.368 9.368 9.368 9.368 9.368 9.368 9.368 9.368 9.368 9.368 9.368 9.368 9.368 9.368 9.368 9.368 9.368 9.368
0.0152 0.01508 8.12000 0.3500000238 2.0434175133    0.350 -1.850  3.5114  4.830    0  0.000  0.545     0.00     0.00     0.00     0.00     0.00 -1    -1e-30      0.00 7.092e-01 2.755e-01 2.746e-03 7.408e-04 6.719e-03 -1.000 1.527e-02       3246          0          0          0          0     0.3769     0.3769 9.395 10.340 11.821 9.210 10.340 10.340 10.340 10.340 10.340 10.340 10.340 10.340 10.340 10.340 10.340 10.340 10.340 10.340 10.340 10.340 10.340 10.340 10.340 10.340 10.340 10.340 11.821 11.821 11.821 11.821 11.821 11.821 11.821 11.821 11.821 11.821 11.821 11.821 11.821 11.821 11.821 11.821 11.821 11.821 11.821 11.821 11.821 11.821 9.210 9.210 9.210 9.210 9.210 9.210 9.210 9.210 9.210 9.210 9.210 9.210 9.210 9.210 9.210 9.210 9.210 9.210 9.210 9.210 9.210 9.210
0.0152 0.01508 8.12000 0.3530817330 2.0484396317    0.353 -1.842  3.5121  4.828    0  0.000  0.545     0.00     0.00     0.00     0.00     0.00 -1    -1e-30      0.00 7.092e-01 2.755e-01 2.746e-03 7.408e-04 6.719e-03 -1.000 1.527e-02       3251          0          0          0          0     0.3793     0.3793 9.375 10.314 11.788 9.186 10.314 10.314 10.314 10.314 10.314 10.314 10.314 10.314 10.314 10.314 10.314 10.314 10.314 10.314 10.314 10.314 10.314 10.314 10.314 10.314 10.314 10.314 11.788 11.788 11.788 11.788 11.788 11.788 11.788 11.788 11.788 11.788 11.788 11.788 11.788 11.788 11.788 11.788 11.788 11.788 11.788 11.788 11.788 11.788 9.186 9.186 9.186 9.186 9.186 9.186 9.186 9.186 9.186 9.186 9.186 9.186 9.186 9.186 9.186 9.186 9.186 9.186 9.186 9.186 9.186 9.186
0.0152 0.01508 8.12000 0.3870106637 2.1002184894    0.387 -1.754  3.5202  4.812    0  0.000  0.545     0.00     0.00     0.00     0.00     0.00 -1    -1e-30      0.00 7.092e-01 2.755e-01 2.746e-03 7.408e-04 6.719e-03 -1.000 1.527e-02       3313          0          0          0          0     0.4046     0.4046 9.155 10.033 11.432 8.926 10.033 10.033 10.033 10.033 10.033 10.033 10.033 10.033 10.033 10.033 10.033 10.033 10.033 10.033 10.033 10.033 10.033 10.033 10.033 10.033 10.033 10.033 11.432 11.432 11.432 11.432 11.432 11.432 11.432 11.432 11.432 11.432 11.432 11.432 11.432 11.432 11.432 11.432 11.432 11.432 11.432 11.432 11.432 11.432 8.926 8.926 8.926 8.926 8.926 8.926 8.926 8.926 8.926 8.926 8.926 8.926 8.926 8.926 8.926 8.926 8.926 8.926 8.926 8.926 8.926 8.926
0.0152 0.01508 8.12000 0.4000000358 2.1185024810    0.400 -1.721  3.5232  4.806    0  0.000  0.545     0.00     0.00     0.00     0.00     0.00 -1    -1e-30      0.00 7.092e-01 2.755e-01 2.746e-03 7.408e-04 6.719e-03 -1.000 1.527e-02       3335          0          0          0          0      0.414      0.414 9.073 9.931 11.306 8.832 9.931 9.931 9.931 9.931 9.931 9.931 9.931 9.931 9.931 9.931 9.931 9.931 9.931 9.931 9.931 9.931 9.931 9.931 9.931 9.931 9.931 9.931 11.306 11.306 11.306 11.306 11.306 11.306 11.306 11.306 11.306 11.306 11.306 11.306 11.306 11.306 11.306 11.306 11.306 11.306 11.306 11.306 11.306 11.306 8.832 8.832 8.832 8.832 8.832 8.832 8.832 8.832 8.832 8.832 8.832 8.832 8.832 8.832 8.832 8.832 8.832 8.832 8.832 8.832 8.832 8.832
0.0152 0.01508 8.12000 0.4109959602 2.1333873815    0.411 -1.690  3.5263  4.798    0  0.000  0.545     0.00     0.00     0.00     0.00     0.00 -1    -1e-30      0.00 7.092e-01 2.755e-01 2.746e-03 7.408e-04 6.719e-03 -1.000 1.527e-02       3359          0          0          0          0     0.4238     0.4238 8.994 9.831 11.180 8.740 9.831 9.831 9.831 9.831 9.831 9.831 9.831 9.831 9.831 9.831 9.831 9.831 9.831 9.831 9.831 9.831 9.831 9.831 9.831 9.831 9.831 9.831 11.180 11.180 11.180 11.180 11.180 11.180 11.180 11.180 11.180 11.180 11.180 11.180 11.180 11.180 11.180 11.180 11.180 11.180 11.180 11.180 11.180 11.180 8.740 8.740 8.740 8.740 8.740 8.740 8.740 8.740 8.740 8.740 8.740 8.740 8.740 8.740 8.740 8.740 8.740 8.740 8.740 8.740 8.740 8.740
0.0152 0.01508 8.12000 0.4384604990 2.1684072023    0.438 -1.612  3.5339  4.779    0  0.000  0.545     0.00     0.00     0.00     0.00     0.00 -1    -1e-30      0.00 7.092e-01 2.755e-01 2.746e-03 7.408e-04 6.719e-03 -1.000 1.527e-02       3419          0          0          0          0     0.4472     0.4472 8.801 9.588 10.879 8.516 9.588 9.588 9.588 9.588 9.588 9.588 9.588 9.588 9.588 9.588 9.588 9.588 9.588 9.588 9.588 9.588 9.588 9.588 9.588 9.588 9.588 9.588 10.879 10.879 10.879 10.879 10.879 10.879 10.879 10.879 10.879 10.879 10.879 10.879 10.879 10.879 10.879 10.879 10.879 10.879 10.879 10.879 10.879 10.879 8.516 8.516 8.516 8.516 8.516 8.516 8.516 8.516 8.516 8.516 8.516 8.516 8.516 8.516 8.516 8.516 8.516 8.516 8.516 8.516 8.516 8.516
0.0152 0.01508 8.12000 0.4500000477 2.1822809714    0.450 -1.581  3.5370  4.771    0  0.000  0.545     0.00     0.00     0.00     0.00     0.00 -1    -1e-30      0.00 7.092e-01 2.755e-01 2.746e-03 7.408e-04 6.719e-03 -1.000 1.527e-02       3443          0          0          0          0     0.4567     0.4567 8.722 9.489 10.757 8.425 9.489 9.489 9.489 9.489 9.489 9.489 9.489 9.489 9.489 9.489 9.489 9.489 9.489 9.489 9.489 9.489 9.489 9.489 9.489 9.489 9.489 9.489 10.757 10.757 10.757 10.757 10.757 10.757 10.757 10.757 10.757 10.757 10.757 10.757 10.757 10.757 10.757 10.757 10.757 10.757 10.757 10.757 10.757 10.757 8.425 8.425 8.425 8.425 8.425 8.425 8.425 8.425 8.425 8.425 8.425 8.425 8.425 8.425 8.425 8.425 8.425 8.425 8.425 8.425 8.425 8.425
0.0152 0.01508 8.12000 0.4655099213 2.2002162077    0.465 -1.529  3.5431  4.759    0  0.000  0.545     0.00     0.00     0.00     0.00     0.00 -1    -1e-30      0.00 7.092e-01 2.755e-01 2.746e-03 7.408e-04 6.719e-03 -1.000 1.527e-02       3492          0          0          0          0     0.4721     0.4721 8.591 9.321 10.546 8.272 9.321 9.321 9.321 9.321 9.321 9.321 9.321 9.321 9.321 9.321 9.321 9.321 9.321 9.321 9.321 9.321 9.321 9.321 9.321 9.321 9.321 9.321 10.546 10.546 10.546 10.546 10.546 10.546 10.546 10.546 10.546 10.546 10.546 10.546 10.546 10.546 10.546 10.546 10.546 10.546 10.546 10.546 10.546 10.546 8.272 8.272 8.272 8.272 8.272 8.272 8.272 8.272 8.272 8.272 8.272 8.272 8.272 8.272 8.272 8.272 8.272 8.272 8.272 8.272 8.272 8.272
0.0152 0.01508 8.12000 0.5000000000 2.2374541529    0.500 -1.416  3.5564  4.731    0  0.000  0.545     0.00     0.00     0.00     0.00     0.00 -1    -1e-30      0.00 7.092e-01 2.755e-01 2.746e-03 7.408e-04 6.719e-03 -1.000 1.527e-02       3601          0          0          0          0     0.5046     0.5046 8.311 8.961 10.097 7.945 8.961 8.961 8.961 8.961 8.961 8.961 8.961 8.961 8.961 8.961 8.961 8.961 8.961 8.961 8.961 8.961 8.961 8.961 8.961 8.961 8.961 8.961 10.097 10.097 10.097 10.097 10.097 10.097 10.097 10.097 10.097 10.097 10.097 10.097 10.097 10.097 10.097 10.097 10.097 10.097 10.097 10.097 10.097 10.097 7.945 7.945 7.945 7.945 7.945 7.945 7.945 7.945 7.945 7.945 7.945 7.945 7.945 7.945 7.945 7.945 7.945 7.945 7.945 7.945 7.945 7.945
0.0152 0.01508 8.12000 0.5040190816 2.2415592914    0.504 -1.401  3.5587  4.729    0  0.000  0.545     0.00     0.00     0.00     0.00     0.00 -1    -1e-30      0.00 7.092e-01 2.755e-01 2.746e-03 7.408e-04 6.719e-03 -1.000 1.527e-02       3619          0          0          0          0     0.5084     0.5084 8.273 8.909 10.031 7.900 8.909 8.909 8.909 8.909 8.909 8.909 8.909 8.909 8.909 8.909 8.909 8.909 8.909 8.909 8.909 8.909 8.909 8.909 8.909 8.909 8.909 8.909 10.031 10.031 10.031 10.031 10.031 10.031 10.031 10.031 10.031 10.031 10.031 10.031 10.031 10.031 10.031 10.031 10.031 10.031 10.031 10.031 10.031 10.031 7.900 7.900 7.900 7.900 7.900 7.900 7.900 7.900 7.900 7.900 7.900 7.900 7.900 7.900 7.900 7.900 7.900 7.900 7.900 7.900 7.900 7.900
0.0152 0.01508 8.12000 0.5250726342 2.2618879955    0.525 -1.328  3.5692  4.715    0  0.000  0.545     0.00     0.00     0.00     0.00     0.00 -1    -1e-30      0.00 7.092e-01 2.755e-01 2.745e-03 7.407e-04 6.717e-03 -1.000 1.527e-02       3709          0          0          0          0     0.5276     0.5276 8.090 8.661 9.715 7.680 8.661 8.661 8.661 8.661 8.661 8.661 8.661 8.661 8.661 8.661 8.661 8.661 8.661 8.661 8.661 8.661 8.661 8.661 8.661 8.661 8.661 8.661 9.715 9.715 9.715 9.715 9.715 9.715 9.715 9.715 9.715 9.715 9.715 9.715 9.715 9.715 9.715 9.715 9.715 9.715 9.715 9.715 9.715 9.715 7.680 7.680 7.680 7.680 7.680 7.680 7.680 7.680 7.680 7.680 7.680 7.680 7.680 7.680 7.680 7.680 7.680 7.680 7.680 7.680 7.680 7.680
0.0152 0.01508 8.12000 0.5405856967 2.2757074632    0.540 -1.280  3.5761  4.706    0  0.000  0.545     0.00     0.00     0.00     0.00     0.00 -1    -1e-30      0.00 7.093e-01 2.754e-01 2.745e-03 7.405e-04 6.716e-03 -1.000 1.527e-02       3768          0          0          0          0     0.5402     0.5402 7.969 8.500 9.514 7.537 8.500 8.500 8.500 8.500 8.500 8.500 8.500 8.500 8.500 8.500 8.500 8.500 8.500 8.500 8.500 8.500 8.500 8.500 8.500 8.500 8.500 8.500 9.514 9.514 9.514 9.514 9.514 9.514 9.514 9.514 9.514 9.514 9.514 9.514 9.514 9.514 9.514 9.514 9.514 9.514 9.514 9.514 9.514 9.514 7.537 7.537 7.537 7.537 7.537 7.537 7.537 7.537 7.537 7.537 7.537 7.537 7.537 7.537 7.537 7.537 7.537 7.537 7.537 7.537 7.537 7.537
0.0152 0.01508 8.12000 0.5500000119 2.2836582633    0.549 -1.253  3.5797  4.701    0  0.000  0.545     0.00     0.00     0.00     0.00     0.00 -1    -1e-30      0.00 7.093e-01 2.754e-01 2.744e-03 7.404e-04 6.715e-03 -1.000 1.527e-02       3799          0          0          0          0     0.5474     0.5474 7.902 8.413 9.407 7.460 8.413 8.413 8.413 8.413 8.413 8.413 8.413 8.413 8.413 8.413 8.413 8.413 8.413 8.413 8.413 8.413 8.413 8.413 8.413 8.413 8.413 8.413 9.407 9.407 9.407 9.407 9.407 9.407 9.407 9.407 9.407 9.407 9.407 9.407 9.407 9.407 9.407 9.407 9.407 9.407 9.407 9.407 9.407 9.407 7.460 7.460 7.460 7.460 7.460 7.460 7.460 7.460 7.460 7.460 7.460 7.460 7.460 7.460 7.460 7.460 7.460 7.460 7.460 7.460 7.460 7.460
0.0152 0.01508 8.12000 0.5643740892 2.2952113696    0.564 -1.207  3.5878  4.699    0  0.000  0.545     0.00     0.00     0.00     0.00     0.00 -1    -1e-30      0.00 7.093e-01 2.754e-01 2.744e-03 7.404e-04 6.715e-03 -1.000 1.527e-02       3873          0          0          0          0     0.5564     0.5564 7.787 8.253 9.202 7.321 8.253 8.253 8.253 8.253 8.253 8.253 8.253 8.253 8.253 8.253 8.253 8.253 8.253 8.253 8.253 8.253 8.253 8.253 8.253 8.253 8.253 8.253 9.202 9.202 9.202 9.202 9.202 9.202 9.202 9.202 9.202 9.202 9.202 9.202 9.202 9.202 9.202 9.202 9.202 9.202 9.202 9.202 9.202 9.202 7.321 7.321 7.321 7.321 7.321 7.321 7.321 7.321 7.321 7.321 7.321 7.321 7.321 7.321 7.321 7.321 7.321 7.321 7.321 7.321 7.321 7.321
0.0152 0.01508 8.12000 0.5738376379 2.3024553569    0.573 -1.179  3.5925  4.698    0  0.000  0.545     0.00     0.00     0.00     0.00     0.00 -1    -1e-30      0.00 7.093e-01 2.754e-01 2.744e-03 7.403e-04 6.715e-03 -1.000 1.527e-02       3915          0          0          0          0     0.5621     0.5621 7.718 8.159 9.085 7.239 8.159 8.159 8.159 8.159 8.159 8.159 8.159 8.159 8.159 8.159 8.159 8.159 8.159 8.159 8.159 8.159 8.159 8.159 8.159 8.159 8.159 8.159 9.085 9.085 9.085 9.085 9.085 9.085 9.085 9.085 9.085 9.085 9.085 9.085 9.085 9.085 9.085 9.085 9.085 9.085 9.085 9.085 9.085 9.085 7.239 7.239 7.239 7.239 7.239 7.239 7.239 7.239 7.239 7.239 7.239 7.239 7.239 7.239 7.239 7.239 7.239 7.239 7.239 7.239 7.239 7.239
0.0152 0.01508 8.12000 0.5809080601 2.3076907107    0.580 -1.162  3.5955  4.698    0  0.000  0.545     0.00     0.00     0.00     0.00     0.00 -1    -1e-30      0.00 7.093e-01 2.754e-01 2.744e-03 7.403e-04 6.714e-03 -1.000 1.527e-02       3942          0          0          0          0     0.5654     0.5654 7.675 8.102 9.014 7.189 8.102 8.102 8.102 8.102 8.102 8.102 8.102 8.102 8.102 8.102 8.102 8.102 8.102 8.102 8.102 8.102 8.102 8.102 8.102 8.102 8.102 8.102 9.014 9.014 9.014 9.014 9.014 9.014 9.014 9.014 9.014 9.014 9.014 9.014 9.014 9.014 9.014 9.014 9.014 9.014 9.014 9.014 9.014 9.014 7.189 7.189 7.189 7.189 7.189 7.189 7.189 7.189 7.189 7.189 7.189 7.189 7.189 7.189 7.189 7.189 7.189 7.189 7.189 7.189 7.189 7.189
0.0152 0.01508 8.12000 0.5860894918 2.3114352504    0.586 -1.153  3.5970  4.699    0  0.000  0.545     0.00     0.00     0.00     0.00     0.00 -1    -1e-30      0.00 7.093e-01 2.754e-01 2.744e-03 7.403e-04 6.714e-03 -1.000 1.527e-02       3955          0          0          0          0     0.5672     0.5672 7.653 8.073 8.977 7.163 8.073 8.073 8.073 8.073 8.073 8.073 8.073 8.073 8.073 8.073 8.073 8.073 8.073 8.073 8.073 8.073 8.073 8.073 8.073 8.073 8.073 8.073 8.977 8.977 8.977 8.977 8.977 8.977 8.977 8.977 8.977 8.977 8.977 8.977 8.977 8.977 8.977 8.977 8.977 8.977 8.977 8.977 8.977 8.977 7.163 7.163 7.163 7.163 7.163 7.163 7.163 7.163 7.163 7.163 7.163 7.163 7.163 7.163 7.163 7.163 7.163 7.163 7.163 7.163 7.163 7.163
0.0152 0.01508 8.12000 0.5901665688 2.3143285933    0.590 -1.148  3.5977  4.700    0  0.000  0.545     0.00     0.00     0.00     0.00     0.00 -1    -1e-30      0.00 7.094e-01 2.754e-01 2.744e-03 7.403e-04 6.714e-03 -1.000 1.523e-02       3961          0          0          0          0     0.5684     0.5684 7.641 8.057 8.958 7.149 8.057 8.057 8.057 8.057 8.057 8.057 8.057 8.057 8.057 8.057 8.057 8.057 8.057 8.057 8.057 8.057 8.057 8.057 8.057 8.057 8.057 8.057 8.958 8.958 8.958 8.958 8.958 8.958 8.958 8.958 8.958 8.958 8.958 8.958 8.958 8.958 8.958 8.958 8.958 8.958 8.958 8.958 8.958 8.958 7.149 7.149 7.149 7.149 7.149 7.149 7.149 7.149 7.149 7.149 7.149 7.149 7.149 7.149 7.149 7.149 7.149 7.149 7.149 7.149 7.149 7.149
0.0152 0.01508 8.12000 0.5936320424 2.3167520039    0.593 -1.145  3.5981  4.701    0  0.000  0.545     0.00     0.00     0.00     0.00     0.00 -1    -1e-30      0.00 7.094e-01 2.754e-01 2.744e-03 7.403e-04 6.714e-03 -1.000 1.522e-02       3964          0          0          0          0     0.5694     0.5694 7.633 8.047 8.947 7.140 8.047 8.047 8.047 8.047 8.047 8.047 8.047 8.047 8.047 8.047 8.047 8.047 8.047 8.047 8.047 8.047 8.047 8.047 8.047 8.047 8.047 8.047 8.947 8.947 8.947 8.947 8.947 8.947 8.947 8.947 8.947 8.947 8.947 8.947 8.947 8.947 8.947 8.947 8.947 8.947 8.947 8.947 8.947 8.947 7.140 7.140 7.140 7.140 7.140 7.140 7.140 7.140 7.140 7.140 7.140 7.140 7.140 7.140 7.140 7.140 7.140 7.140 7.140 7.140 7.140 7.140
0.0152 0.01508 8.12000 0.5967776775 2.3189237499    0.596 -1.143  3.5983  4.701    0  0.000  0.545     0.00     0.00     0.00     0.00     0.00 -1    -1e-30      0.00 7.094e-01 2.753e-01 2.744e-03 7.403e-04 6.714e-03 -1.000 1.527e-02       3966          0          0          0          0     0.5703     0.5703 7.627 8.040 8.939 7.133 8.040 8.040 8.040 8.040 8.040 8.040 8.040 8.040 8.040 8.040 8.040 8.040 8.040 8.040 8.040 8.040 8.040 8.040 8.040 8.040 8.040 8.040 8.939 8.939 8.939 8.939 8.939 8.939 8.939 8.939 8.939 8.939 8.939 8.939 8.939 8.939 8.939 8.939 8.939 8.939 8.939 8.939 8.939 8.939 7.133 7.133 7.133 7.133 7.133 7.133 7.133 7.133 7.133 7.133 7.133 7.133 7.133 7.133 7.133 7.133 7.133 7.133 7.133 7.133 7.133 7.133
0.0152 0.01508 8.12000 0.5998009443 2.3209863443    0.599 -1.140  3.5985  4.702    0  0.000  0.545     0.00     0.00     0.00     0.00     0.00 -1    -1e-30      0.00 7.094e-01 2.753e-01 2.744e-03 7.403e-04 6.714e-03 -1.000 1.527e-02       3967          0          0          0          0     0.5714     0.5714 7.620 8.033 8.932 7.127 8.033 8.033 8.033 8.033 8.033 8.033 8.033 8.033 8.033 8.033 8.033 8.033 8.033 8.033 8.033 8.033 8.033 8.033 8.033 8.033 8.033 8.033 8.932 8.932 8.932 8.932 8.932 8.932 8.932 8.932 8.932 8.932 8.932 8.932 8.932 8.932 8.932 8.932 8.932 8.932 8.932 8.932 8.932 8.932 7.127 7.127 7.127 7.127 7.127 7.127 7.127 7.127 7.127 7.127 7.127 7.127 7.127 7.127 7.127 7.127 7.127 7.127 7.127 7.127 7.127 7.127
0.0152 0.01508 8.12000 0.6000000238 2.3211213258    0.600 -1.140  3.5985  4.702    0  0.000  0.545     0.00     0.00     0.00     0.00     0.00 -1    -1e-30      0.00 7.094e-01 2.753e-01 2.744e-03 7.403e-04 6.714e-03 -1.000 1.527e-02       3967          0          0          0          0     0.5715     0.5715 7.620 8.033 8.931 7.126 8.033 8.033 8.033 8.033 8.033 8.033 8.033 8.033 8.033 8.033 8.033 8.033 8.033 8.033 8.033 8.033 8.033 8.033 8.033 8.033 8.033 8.033 8.931 8.931 8.931 8.931 8.931 8.931 8.931 8.931 8.931 8.931 8.931 8.931 8.931 8.931 8.931 8.931 8.931 8.931 8.931 8.931 8.931 8.931 7.126 7.126 7.126 7.126 7.126 7.126 7.126 7.126 7.126 7.126 7.126 7.126 7.126 7.126 7.126 7.126 7.126 7.126 7.126 7.126 7.126 7.126
0.0152 0.01508 8.12000 0.6059424281 2.3251035260    0.606 -1.126  3.6006  4.701    0  0.000  0.545     0.00     0.00     0.00     0.00     0.00 -1    -1e-30      0.00 7.094e-01 2.754e-01 2.744e-03 7.403e-04 6.714e-03 -1.000 1.526e-02       3987          0          0          0          0     0.5749     0.5749 7.586 7.988 8.876 7.087 7.988 7.988 7.988 7.988 7.988 7.988 7.988 7.988 7.988 7.988 7.988 7.988 7.988 7.988 7.988 7.988 7.988 7.988 7.988 7.988 7.988 7.988 8.876 8.876 8.876 8.876 8.876 8.876 8.876 8.876 8.876 8.876 8.876 8.876 8.876 8.876 8.876 8.876 8.876 8.876 8.876 8.876 8.876 8.876 7.087 7.087 7.087 7.087 7.087 7.087 7.087 7.087 7.087 7.087 7.087 7.087 7.087 7.087 7.087 7.087 7.087 7.087 7.087 7.087 7.087 7.087
0.0152 0.01508 8.12000 0.6126237512 2.3294749680    0.612 -1.110  3.6033  4.700    0  0.000  0.545     0.00     0.00     0.00     0.00     0.00 -1    -1e-30      0.00 7.094e-01 2.754e-01 2.744e-03 7.403e-04 6.714e-03 -1.000 1.526e-02       4012          0          0          0          0     0.5792     0.5792 7.544 7.933 8.809 7.039 7.933 7.933 7.933 7.933 7.933 7.933 7.933 7.933 7.933 7.933 7.933 7.933 7.933 7.933 7.933 7.933 7.933 7.933 7.933 7.933 7.933 7.933 8.809 8.809 8.809 8.809 8.809 8.809 8.809 8.809 8.809 8.809 8.809 8.809 8.809 8.809 8.809 8.809 8.809 8.809 8.809 8.809 8.809 8.809 7.039 7.039 7.039 7.039 7.039 7.039 7.039 7.039 7.039 7.039 7.039 7.039 7.039 7.039 7.039 7.039 7.039 7.039 7.039 7.039 7.039 7.039
0.0152 0.01508 8.12000 0.6346439719 2.3431360270    0.635 -1.047  3.6130  4.692    0  0.000  0.545     0.00     0.00     0.00     0.00     0.00 -1    -1e-30      0.00 7.094e-01 2.753e-01 2.744e-03 7.402e-04 6.713e-03 -1.000 1.524e-02       4104          0          0          0          0     0.5951     0.5951 7.387 7.731 8.562 6.860 7.731 7.731 7.731 7.731 7.731 7.731 7.731 7.731 7.731 7.731 7.731 7.731 7.731 7.731 7.731 7.731 7.731 7.731 7.731 7.731 7.731 7.731 8.562 8.562 8.562 8.562 8.562 8.562 8.562 8.562 8.562 8.562 8.562 8.562 8.562 8.562 8.562 8.562 8.562 8.562 8.562 8.562 8.562 8.562 6.860 6.860 6.860 6.860 6.860 6.860 6.860 6.860 6.860 6.860 6.860 6.860 6.860 6.860 6.860 6.860 6.860 6.860 6.860 6.860 6.860 6.860
0.0152 0.01508 8.12000 0.6418693662 2.3473843697    0.642 -1.024  3.6167  4.688    0  0.000  0.545     0.00     0.00     0.00     0.00     0.00 -1    -1e-30      0.00 7.094e-01 2.753e-01 2.743e-03 7.402e-04 6.713e-03 -1.000 1.527e-02       4137          0          0          0          0     0.6007     0.6007 7.331 7.658 8.473 6.796 7.658 7.658 7.658 7.658 7.658 7.658 7.658 7.658 7.658 7.658 7.658 7.658 7.658 7.658 7.658 7.658 7.658 7.658 7.658 7.658 7.658 7.658 8.473 8.473 8.473 8.473 8.473 8.473 8.473 8.473 8.473 8.473 8.473 8.473 8.473 8.473 8.473 8.473 8.473 8.473 8.473 8.473 8.473 8.473 6.796 6.796 6.796 6.796 6.796 6.796 6.796 6.796 6.796 6.796 6.796 6.796 6.796 6.796 6.796 6.796 6.796 6.796 6.796 6.796 6.796 6.796
0.0152 0.01508 8.12000 0.6495341659 2.3517724679    0.650 -1.000  3.6206  4.685    0  0.000  0.545     0.00     0.00     0.00     0.00     0.00 -1    -1e-30      0.00 7.094e-01 2.753e-01 2.743e-03 7.402e-04 6.713e-03 -1.000 1.527e-02       4174          0          0          0          0     0.6065     0.6065 7.270 7.579 8.378 6.727 7.579 7.579 7.579 7.579 7.579 7.579 7.579 7.579 7.579 7.579 7.579 7.579 7.579 7.579 7.579 7.579 7.579 7.579 7.579 7.579 7.579 7.579 8.378 8.378 8.378 8.378 8.378 8.378 8.378 8.378 8.378 8.378 8.378 8.378 8.378 8.378 8.378 8.378 8.378 8.378 8.378 8.378 8.378 8.378 6.727 6.727 6.727 6.727 6.727 6.727 6.727 6.727 6.727 6.727 6.727 6.727 6.727 6.727 6.727 6.727 6.727 6.727 6.727 6.727 6.727 6.727
0.0152 0.01508 8.12000 0.6499999762 2.3520353107    0.650 -0.999  3.6208  4.685    0  0.000  0.545     0.00     0.00     0.00     0.00     0.00 -1    -1e-30      0.00 7.094e-01 2.753e-01 2.743e-03 7.402e-04 6.713e-03 -1.000 1.527e-02       4176          0          0          0          0     0.6068     0.6068 7.266 7.574 8.372 6.723 7.574 7.574 7.574 7.574 7.574 7.574 7.574 7.574 7.574 7.574 7.574 7.574 7.574 7.574 7.574 7.574 7.574 7.574 7.574 7.574 7.574 7.574 8.372 8.372 8.372 8.372 8.372 8.372 8.372 8.372 8.372 8.372 8.372 8.372 8.372 8.372 8.372 8.372 8.372 8.372 8.372 8.372 8.372 8.372 6.723 6.723 6.723 6.723 6.723 6.723 6.723 6.723 6.723 6.723 6.723 6.723 6.723 6.723 6.723 6.723 6.723 6.723 6.723 6.723 6.723 6.723
0.0152 0.01508 8.12000 0.6583684683 2.3566846288    0.658 -0.971  3.6256  4.682    0  0.000  0.545     0.00     0.00     0.00     0.00     0.00 -1    -1e-30      0.00 7.094e-01 2.753e-01 2.743e-03 7.401e-04 6.713e-03 -1.000 1.527e-02       4224          0          0          0          0     0.6126     0.6126 7.199 7.483 8.259 6.645 7.483 7.483 7.483 7.483 7.483 7.483 7.483 7.483 7.483 7.483 7.483 7.483 7.483 7.483 7.483 7.483 7.483 7.483 7.483 7.483 7.483 7.483 8.259 8.259 8.259 8.259 8.259 8.259 8.259 8.259 8.259 8.259 8.259 8.259 8.259 8.259 8.259 8.259 8.259 8.259 8.259 8.259 8.259 8.259 6.645 6.645 6.645 6.645 6.645 6.645 6.645 6.645 6.645 6.645 6.645 6.645 6.645 6.645 6.645 6.645 6.645 6.645 6.645 6.645 6.645 6.645
0.0152 0.01508 8.12000 0.6673949957 2.3615495182    0.667 -0.943  3.6307  4.680    0  0.000  0.545     0.00     0.00     0.00     0.00     0.00 -1    -1e-30      0.00 7.094e-01 2.753e-01 2.743e-03 7.401e-04 6.713e-03 -1.000 1.527e-02       4274          0          0          0          0     0.6186     0.6186 7.127 7.388 8.140 6.563 7.388 7.388 7.388 7.388 7.388 7.388 7.388 7.388 7.388 7.388 7.388 7.388 7.388 7.388 7.388 7.388 7.388 7.388 7.388 7.388 7.388 7.388 8.140 8.140 8.140 8.140 8.140 8.140 8.140 8.140 8.140 8.140 8.140 8.140 8.140 8.140 8.140 8.140 8.140 8.140 8.140 8.140 8.140 8.140 6.563 6.563 6.563 6.563 6.563 6.563 6.563 6.563 6.563 6.563 6.563 6.563 6.563 6.563 6.563 6.563 6.563 6.563 6.563 6.563 6.563 6.563
0.0152 0.01508 8.12000 0.6765471101 2.3663299853    0.677 -0.915  3.6357  4.678    0  0.000  0.545     0.00     0.00     0.00     0.00     0.00 -1    -1e-30      0.00 7.095e-01 2.753e-01 2.743e-03 7.401e-04 6.712e-03 -1.000 1.525e-02       4324          0          0          0          0     0.6244     0.6244 7.056 7.293 8.022 6.482 7.293 7.293 7.293 7.293 7.293 7.293 7.293 7.293 7.293 7.293 7.293 7.293 7.293 7.293 7.293 7.293 7.293 7.293 7.293 7.293 7.293 7.293 8.022 8.022 8.022 8.022 8.022 8.022 8.022 8.022 8.022 8.022 8.022 8.022 8.022 8.022 8.022 8.022 8.022 8.022 8.022 8.022 8.022 8.022 6.482 6.482 6.482 6.482 6.482 6.482 6.482 6.482 6.482 6.482 6.482 6.482 6.482 6.482 6.482 6.482 6.482 6.482 6.482 6.482 6.482 6.482
0.0152 0.01508 8.12000 0.6858162284 2.3710223179    0.686 -0.887  3.6407  4.675    0  0.000  0.545     0.00     0.00     0.00     0.00     0.00 -1    -1e-30      0.00 7.095e-01 2.753e-01 2.743e-03 7.401e-04 6.712e-03 -1.000 1.527e-02       4373          0          0          0          0     0.6302     0.6302 6.986 7.199 7.906 6.403 7.199 7.199 7.199 7.199 7.199 7.199 7.199 7.199 7.199 7.199 7.199 7.199 7.199 7.199 7.199 7.199 7.199 7.199 7.199 7.199 7.199 7.199 7.906 7.906 7.906 7.906 7.906 7.906 7.906 7.906 7.906 7.906 7.906 7.906 7.906 7.906 7.906 7.906 7.906 7.906 7.906 7.906 7.906 7.906 6.403 6.403 6.403 6.403 6.403 6.403 6.403 6.403 6.403 6.403 6.403 6.403 6.403 6.403 6.403 6.403 6.403 6.403 6.403 6.403 6.403 6.403
0.0152 0.01508 8.12000 0.6951976418 2.3756252741    0.695 -0.859  3.6456  4.673    0  0.000  0.545     0.00     0.00     0.00     0.00     0.00 -1    -1e-30      0.00 7.095e-01 2.753e-01 2.743e-03 7.400e-04 6.712e-03 -1.000 1.527e-02       4422          0          0          0          0      0.636      0.636 6.917 7.107 7.792 6.324 7.107 7.107 7.107 7.107 7.107 7.107 7.107 7.107 7.107 7.107 7.107 7.107 7.107 7.107 7.107 7.107 7.107 7.107 7.107 7.107 7.107 7.107 7.792 7.792 7.792 7.792 7.792 7.792 7.792 7.792 7.792 7.792 7.792 7.792 7.792 7.792 7.792 7.792 7.792 7.792 7.792 7.792 7.792 7.792 6.324 6.324 6.324 6.324 6.324 6.324 6.324 6.324 6.324 6.324 6.324 6.324 6.324 6.324 6.324 6.324 6.324 6.324 6.324 6.324 6.324 6.324
0.0152 0.01508 8.12000 0.7000000477 2.3779267258    0.700 -0.845  3.6481  4.672    0  0.000  0.545     0.00     0.00     0.00     0.00     0.00 -1    -1e-30      0.00 7.095e-01 2.752e-01 2.743e-03 7.400e-04 6.712e-03 -1.000 1.527e-02       4447          0          0          0          0     0.6389     0.6389 6.882 7.060 7.735 6.284 7.060 7.060 7.060 7.060 7.060 7.060 7.060 7.060 7.060 7.060 7.060 7.060 7.060 7.060 7.060 7.060 7.060 7.060 7.060 7.060 7.060 7.060 7.735 7.735 7.735 7.735 7.735 7.735 7.735 7.735 7.735 7.735 7.735 7.735 7.735 7.735 7.735 7.735 7.735 7.735 7.735 7.735 7.735 7.735 6.284 6.284 6.284 6.284 6.284 6.284 6.284 6.284 6.284 6.284 6.284 6.284 6.284 6.284 6.284 6.284 6.284 6.284 6.284 6.284 6.284 6.284
0.0152 0.01508 8.12000 0.7067354321 2.3810939957    0.707 -0.825  3.6517  4.671    0  0.000  0.544     0.00     0.00     0.00     0.00     0.00 -1    -1e-30      0.00 7.095e-01 2.752e-01 2.738e-03 7.399e-04 6.712e-03 -1.000 1.527e-02       4485          0          0          0          0     0.6427     0.6427 6.833 6.993 7.652 6.228 6.993 6.993 6.993 6.993 6.993 6.993 6.993 6.993 6.993 6.993 6.993 6.993 6.993 6.993 6.993 6.993 6.993 6.993 6.993 6.993 6.993 6.993 7.652 7.652 7.652 7.652 7.652 7.652 7.652 7.652 7.652 7.652 7.652 7.652 7.652 7.652 7.652 7.652 7.652 7.652 7.652 7.652 7.652 7.652 6.228 6.228 6.228 6.228 6.228 6.228 6.228 6.228 6.228 6.228 6.228 6.228 6.228 6.228 6.228 6.228 6.228 6.228 6.228 6.228 6.228 6.228
0.0152 0.01508 8.12000 0.7141296268 2.3844920706    0.714 -0.804  3.6557  4.671    0  0.000  0.543     0.00     0.00     0.00     0.00     0.00 -1    -1e-30      0.00 7.095e-01 2.753e-01 2.733e-03 7.397e-04 6.712e-03 -1.000 1.523e-02       4527          0          0          0          0     0.6468     0.6468 6.780 6.921 7.563 6.167 6.921 6.921 6.921 6.921 6.921 6.921 6.921 6.921 6.921 6.921 6.921 6.921 6.921 6.921 6.921 6.921 6.921 6.921 6.921 6.921 6.921 6.921 7.563 7.563 7.563 7.563 7.563 7.563 7.563 7.563 7.563 7.563 7.563 7.563 7.563 7.563 7.563 7.563 7.563 7.563 7.563 7.563 7.563 7.563 6.167 6.167 6.167 6.167 6.167 6.167 6.167 6.167 6.167 6.167 6.167 6.167 6.167 6.167 6.167 6.167 6.167 6.167 6.167 6.167 6.167 6.167
0.0152 0.01508 8.12000 0.7200072408 2.3871360047    0.720 -0.787  3.6588  4.670    0  0.000  0.542     0.00     0.00     0.00     0.00     0.00 -1    -1e-30      0.00 7.095e-01 2.752e-01 2.728e-03 7.396e-04 6.712e-03 -1.000 1.524e-02       4560          0          0          0          0       0.65       0.65 6.738 6.865 7.493 6.120 6.865 6.865 6.865 6.865 6.865 6.865 6.865 6.865 6.865 6.865 6.865 6.865 6.865 6.865 6.865 6.865 6.865 6.865 6.865 6.865 6.865 6.865 7.493 7.493 7.493 7.493 7.493 7.493 7.493 7.493 7.493 7.493 7.493 7.493 7.493 7.493 7.493 7.493 7.493 7.493 7.493 7.493 7.493 7.493 6.120 6.120 6.120 6.120 6.120 6.120 6.120 6.120 6.120 6.120 6.120 6.120 6.120 6.120 6.120 6.120 6.120 6.120 6.120 6.120 6.120 6.120
0.0152 0.01508 8.12000 0.7247970700 2.3892541903    0.725 -0.774  3.6613  4.669    0  0.000  0.541     0.00     0.00     0.00     0.00     0.00 -1    -1e-30      0.00 7.095e-01 2.752e-01 2.724e-03 7.395e-04 6.711e-03 -1.000 1.527e-02       4587          0          0          0          0     0.6526     0.6526 6.704 6.820 7.438 6.082 6.820 6.820 6.820 6.820 6.820 6.820 6.820 6.820 6.820 6.820 6.820 6.820 6.820 6.820 6.820 6.820 6.820 6.820 6.820 6.820 6.820 6.820 7.438 7.438 7.438 7.438 7.438 7.438 7.438 7.438 7.438 7.438 7.438 7.438 7.438 7.438 7.438 7.438 7.438 7.438 7.438 7.438 7.438 7.438 6.082 6.082 6.082 6.082 6.082 6.082 6.082 6.082 6.082 6.082 6.082 6.082 6.082 6.082 6.082 6.082 6.082 6.082 6.082 6.082 6.082 6.082
0.0152 0.01508 8.12000 0.7287836671 2.3909927721    0.729 -0.762  3.6634  4.669    0  0.000  0.541     0.00     0.00     0.00     0.00     0.00 -1    -1e-30      0.00 7.095e-01 2.752e-01 2.721e-03 7.394e-04 6.712e-03 -1.000 1.525e-02       4609          0          0          0          0     0.6548     0.6548 6.676 6.783 7.394 6.051 6.783 6.783 6.783 6.783 6.783 6.783 6.783 6.783 6.783 6.783 6.783 6.783 6.783 6.783 6.783 6.783 6.783 6.783 6.783 6.783 6.783 6.783 7.394 7.394 7.394 7.394 7.394 7.394 7.394 7.394 7.394 7.394 7.394 7.394 7.394 7.394 7.394 7.394 7.394 7.394 7.394 7.394 7.394 7.394 6.051 6.051 6.051 6.051 6.051 6.051 6.051 6.051 6.051 6.051 6.051 6.051 6.051 6.051 6.051 6.051 6.051 6.051 6.051 6.051 6.051 6.051
0.0152 0.01508 8.12000 0.7321645021 2.3924501278    0.732 -0.753  3.6652  4.668    0  0.000  0.540     0.00     0.00     0.00     0.00     0.00 -1    -1e-30      0.00 7.095e-01 2.752e-01 2.719e-03 7.393e-04 6.711e-03 -1.000 1.525e-02       4628          0          0          0          0     0.6566     0.6566 6.652 6.752 7.356 6.024 6.752 6.752 6.752 6.752 6.752 6.752 6.752 6.752 6.752 6.752 6.752 6.752 6.752 6.752 6.752 6.752 6.752 6.752 6.752 6.752 6.752 6.752 7.356 7.356 7.356 7.356 7.356 7.356 7.356 7.356 7.356 7.356 7.356 7.356 7.356 7.356 7.356 7.356 7.356 7.356 7.356 7.356 7.356 7.356 6.024 6.024 6.024 6.024 6.024 6.024 6.024 6.024 6.024 6.024 6.024 6.024 6.024 6.024 6.024 6.024 6.024 6.024 6.024 6.024 6.024 6.024
0.0152 0.01508 8.12000 0.7350803614 2.3936946752    0.735 -0.744  3.6667  4.668    0  0.000  0.540     0.00     0.00     0.00     0.00     0.00 -1    -1e-30      0.00 7.095e-01 2.752e-01 2.717e-03 7.392e-04 6.711e-03 -1.000 1.526e-02       4644          0          0          0          0     0.6582     0.6582 6.631 6.725 7.323 6.001 6.725 6.725 6.725 6.725 6.725 6.725 6.725 6.725 6.725 6.725 6.725 6.725 6.725 6.725 6.725 6.725 6.725 6.725 6.725 6.725 6.725 6.725 7.323 7.323 7.323 7.323 7.323 7.323 7.323 7.323 7.323 7.323 7.323 7.323 7.323 7.323 7.323 7.323 7.323 7.323 7.323 7.323 7.323 7.323 6.001 6.001 6.001 6.001 6.001 6.001 6.001 6.001 6.001 6.001 6.001 6.001 6.001 6.001 6.001 6.001 6.001 6.001 6.001 6.001 6.001 6.001
0.0152 0.01508 8.12000 0.7376350760 2.3947757841    0.738 -0.737  3.6681  4.668    0  0.000  0.539     0.00     0.00     0.00     0.00     0.00 -1    -1e-30      0.00 7.095e-01 2.752e-01 2.715e-03 7.392e-04 6.711e-03 -1.000 1.526e-02       4658          0          0          0          0     0.6595     0.6595 6.613 6.702 7.295 5.982 6.702 6.702 6.702 6.702 6.702 6.702 6.702 6.702 6.702 6.702 6.702 6.702 6.702 6.702 6.702 6.702 6.702 6.702 6.702 6.702 6.702 6.702 7.295 7.295 7.295 7.295 7.295 7.295 7.295 7.295 7.295 7.295 7.295 7.295 7.295 7.295 7.295 7.295 7.295 7.295 7.295 7.295 7.295 7.295 5.982 5.982 5.982 5.982 5.982 5.982 5.982 5.982 5.982 5.982 5.982 5.982 5.982 5.982 5.982 5.982 5.982 5.982 5.982 5.982 5.982 5.982
0.0152 0.01508 8.12000 0.7399067879 2.3957299233    0.740 -0.731  3.6693  4.667    0  0.000  0.539     0.00     0.00     0.00     0.00     0.00 -1    -1e-30      0.00 7.095e-01 2.752e-01 2.713e-03 7.391e-04 6.712e-03 -1.000 1.527e-02       4671          0          0          0          0     0.6607     0.6607 6.597 6.681 7.269 5.964 6.681 6.681 6.681 6.681 6.681 6.681 6.681 6.681 6.681 6.681 6.681 6.681 6.681 6.681 6.681 6.681 6.681 6.681 6.681 6.681 6.681 6.681 7.269 7.269 7.269 7.269 7.269 7.269 7.269 7.269 7.269 7.269 7.269 7.269 7.269 7.269 7.269 7.269 7.269 7.269 7.269 7.269 7.269 7.269 5.964 5.964 5.964 5.964 5.964 5.964 5.964 5.964 5.964 5.964 5.964 5.964 5.964 5.964 5.964 5.964 5.964 5.964 5.964 5.964 5.964 5.964
0.0152 0.01508 8.12000 0.7419558167 2.3965847726    0.742 -0.725  3.6704  4.667    0  0.000  0.539     0.00     0.00     0.00     0.00     0.00 -1    -1e-30      0.00 7.096e-01 2.752e-01 2.712e-03 7.390e-04 6.711e-03 -1.000 1.526e-02       4682          0          0          0          0     0.6618     0.6618 6.583 6.662 7.247 5.948 6.662 6.662 6.662 6.662 6.662 6.662 6.662 6.662 6.662 6.662 6.662 6.662 6.662 6.662 6.662 6.662 6.662 6.662 6.662 6.662 6.662 6.662 7.247 7.247 7.247 7.247 7.247 7.247 7.247 7.247 7.247 7.247 7.247 7.247 7.247 7.247 7.247 7.247 7.247 7.247 7.247 7.247 7.247 7.247 5.948 5.948 5.948 5.948 5.948 5.948 5.948 5.948 5.948 5.948 5.948 5.948 5.948 5.948 5.948 5.948 5.948 5.948 5.948 5.948 5.948 5.948
0.0152 0.01508 8.12000 0.7438292503 2.3973616261    0.744 -0.720  3.6714  4.667    0  0.000  0.538     0.00     0.00     0.00     0.00     0.00 -1    -1e-30      0.00 7.096e-01 2.752e-01 2.711e-03 7.390e-04 6.712e-03 -1.000 1.527e-02       4692          0          0          0          0     0.6628     0.6628 6.570 6.645 7.227 5.934 6.645 6.645 6.645 6.645 6.645 6.645 6.645 6.645 6.645 6.645 6.645 6.645 6.645 6.645 6.645 6.645 6.645 6.645 6.645 6.645 6.645 6.645 7.227 7.227 7.227 7.227 7.227 7.227 7.227 7.227 7.227 7.227 7.227 7.227 7.227 7.227 7.227 7.227 7.227 7.227 7.227 7.227 7.227 7.227 5.934 5.934 5.934 5.934 5.934 5.934 5.934 5.934 5.934 5.934 5.934 5.934 5.934 5.934 5.934 5.934 5.934 5.934 5.934 5.934 5.934 5.934
0.0152 0.01508 8.12000 0.7455648780 2.3980773308    0.746 -0.715  3.6723  4.667    0  0.000  0.538     0.00     0.00     0.00     0.00     0.00 -1    -1e-30      0.00 7.096e-01 2.752e-01 2.709e-03 7.390e-04 6.712e-03 -1.000 1.527e-02       4702          0          0          0          0     0.6637     0.6637 6.558 6.630 7.208 5.921 6.630 6.630 6.630 6.630 6.630 6.630 6.630 6.630 6.630 6.630 6.630 6.630 6.630 6.630 6.630 6.630 6.630 6.630 6.630 6.630 6.630 6.630 7.208 7.208 7.208 7.208 7.208 7.208 7.208 7.208 7.208 7.208 7.208 7.208 7.208 7.208 7.208 7.208 7.208 7.208 7.208 7.208 7.208 7.208 5.921 5.921 5.921 5.921 5.921 5.921 5.921 5.921 5.921 5.921 5.921 5.921 5.921 5.921 5.921 5.921 5.921 5.921 5.921 5.921 5.921 5.921
0.0152 0.01508 8.12000 0.7471932173 2.3987453186    0.747 -0.711  3.6731  4.666    0  0.000  0.538     0.00     0.00     0.00     0.00     0.00 -1    -1e-30      0.00 7.096e-01 2.752e-01 2.708e-03 7.389e-04 6.712e-03 -1.000 1.527e-02       4711          0          0          0          0     0.6646     0.6646 6.546 6.615 7.191 5.908 6.615 6.615 6.615 6.615 6.615 6.615 6.615 6.615 6.615 6.615 6.615 6.615 6.615 6.615 6.615 6.615 6.615 6.615 6.615 6.615 6.615 6.615 7.191 7.191 7.191 7.191 7.191 7.191 7.191 7.191 7.191 7.191 7.191 7.191 7.191 7.191 7.191 7.191 7.191 7.191 7.191 7.191 7.191 7.191 5.908 5.908 5.908 5.908 5.908 5.908 5.908 5.908 5.908 5.908 5.908 5.908 5.908 5.908 5.908 5.908 5.908 5.908 5.908 5.908 5.908 5.908
0.0152 0.01508 8.12000 0.7487394214 2.3993765207    0.749 -0.706  3.6739  4.666    0  0.000  0.538     0.00     0.00     0.00     0.00     0.00 -1    -1e-30      0.00 7.095e-01 2.752e-01 2.707e-03 7.389e-04 6.712e-03 -1.000 1.527e-02       4719          0          0          0          0     0.6654     0.6654 6.536 6.602 7.175 5.897 6.602 6.602 6.602 6.602 6.602 6.602 6.602 6.602 6.602 6.602 6.602 6.602 6.602 6.602 6.602 6.602 6.602 6.602 6.602 6.602 6.602 6.602 7.175 7.175 7.175 7.175 7.175 7.175 7.175 7.175 7.175 7.175 7.175 7.175 7.175 7.175 7.175 7.175 7.175 7.175 7.175 7.175 7.175 7.175 5.897 5.897 5.897 5.897 5.897 5.897 5.897 5.897 5.897 5.897 5.897 5.897 5.897 5.897 5.897 5.897 5.897 5.897 5.897 5.897 5.897 5.897
0.0152 0.01508 8.12000 0.7500000000 2.3998889087    0.750 -0.703  3.6745  4.666    0  0.000  0.538     0.00     0.00     0.00     0.00     0.00 -1    -1e-30      0.00 7.095e-01 2.752e-01 2.706e-03 7.389e-04 6.712e-03 -1.000 1.527e-02       4726          0          0          0          0     0.6661     0.6661 6.527 6.591 7.161 5.887 6.591 6.591 6.591 6.591 6.591 6.591 6.591 6.591 6.591 6.591 6.591 6.591 6.591 6.591 6.591 6.591 6.591 6.591 6.591 6.591 6.591 6.591 7.161 7.161 7.161 7.161 7.161 7.161 7.161 7.161 7.161 7.161 7.161 7.161 7.161 7.161 7.161 7.161 7.161 7.161 7.161 7.161 7.161 7.161 5.887 5.887 5.887 5.887 5.887 5.887 5.887 5.887 5.887 5.887 5.887 5.887 5.887 5.887 5.887 5.887 5.887 5.887 5.887 5.887 5.887 5.887
0.0152 0.01508 8.12000 0.7538789511 2.4014532339    0.754 -0.693  3.6761  4.664    0  0.000  0.538     0.00     0.00     0.00     0.00     0.00 -1    -1e-30      0.00 7.096e-01 2.752e-01 2.708e-03 7.389e-04 6.711e-03 -1.000 1.527e-02       4743          0          0          0          0     0.6693     0.6693 6.501 6.559 7.124 5.860 6.559 6.559 6.559 6.559 6.559 6.559 6.559 6.559 6.559 6.559 6.559 6.559 6.559 6.559 6.559 6.559 6.559 6.559 6.559 6.559 6.559 6.559 7.124 7.124 7.124 7.124 7.124 7.124 7.124 7.124 7.124 7.124 7.124 7.124 7.124 7.124 7.124 7.124 7.124 7.124 7.124 7.124 7.124 7.124 5.860 5.860 5.860 5.860 5.860 5.860 5.860 5.860 5.860 5.860 5.860 5.860 5.860 5.860 5.860 5.860 5.860 5.860 5.860 5.860 5.860 5.860
0.0152 0.01508 8.12000 0.7918174863 2.4158287904    0.792 -0.595  3.6909  4.647    0  0.000  0.544     0.00     0.00     0.00     0.00     0.00 -1    -1e-30      0.00 7.101e-01 2.747e-01 2.731e-03 7.383e-04 6.698e-03 -1.000 1.523e-02       4908          0          0          0          0     0.6994     0.6994 6.257 6.265 6.782 5.604 6.265 6.265 6.265 6.265 6.265 6.265 6.265 6.265 6.265 6.265 6.265 6.265 6.265 6.265 6.265 6.265 6.265 6.265 6.265 6.265 6.265 6.265 6.782 6.782 6.782 6.782 6.782 6.782 6.782 6.782 6.782 6.782 6.782 6.782 6.782 6.782 6.782 6.782 6.782 6.782 6.782 6.782 6.782 6.782 5.604 5.604 5.604 5.604 5.604 5.604 5.604 5.604 5.604 5.604 5.604 5.604 5.604 5.604 5.604 5.604 5.604 5.604 5.604 5.604 5.604 5.604
0.0152 0.01508 8.12000 0.7981481552 2.4180750773    0.798 -0.579  3.6934  4.645    0  0.000  0.545     0.00     0.00     0.00     0.00     0.00 -1 -1.12e-30      0.00 7.102e-01 2.746e-01 2.735e-03 7.382e-04 6.696e-03 -1.000 1.522e-02       4936          0          0          0          0     0.7041     0.7041 6.218 6.219 6.728 5.563 6.219 6.219 6.219 6.219 6.219 6.219 6.219 6.219 6.219 6.219 6.219 6.219 6.219 6.219 6.219 6.219 6.219 6.219 6.219 6.219 6.219 6.219 6.728 6.728 6.728 6.728 6.728 6.728 6.728 6.728 6.728 6.728 6.728 6.728 6.728 6.728 6.728 6.728 6.728 6.728 6.728 6.728 6.728 6.728 5.563 5.563 5.563 5.563 5.563 5.563 5.563 5.563 5.563 5.563 5.563 5.563 5.563 5.563 5.563 5.563 5.563 5.563 5.563 5.563 5.563 5.563
0.0152 0.01508 8.12000 0.8174074888 2.4246634420    0.817 -0.531  3.7009  4.637    0  0.000  0.545     0.00     0.00     0.00     0.00     0.00 -1 -1.61e-30      0.00 7.101e-01 2.747e-01 2.737e-03 7.385e-04 6.697e-03 -1.000 1.522e-02       5022          0          0          0          0     0.7187     0.7187 6.099 6.078 6.565 5.441 6.078 6.078 6.078 6.078 6.078 6.078 6.078 6.078 6.078 6.078 6.078 6.078 6.078 6.078 6.078 6.078 6.078 6.078 6.078 6.078 6.078 6.078 6.565 6.565 6.565 6.565 6.565 6.565 6.565 6.565 6.565 6.565 6.565 6.565 6.565 6.565 6.565 6.565 6.565 6.565 6.565 6.565 6.565 6.565 5.441 5.441 5.441 5.441 5.441 5.441 5.441 5.441 5.441 5.441 5.441 5.441 5.441 5.441 5.441 5.441 5.441 5.441 5.441 5.441 5.441 5.441
0.0152 0.01508 8.12000 0.8366667032 2.4309041707    0.836 -0.485  3.7081  4.629    0  0.000  0.545     0.00     0.00     0.00     0.00     0.00 -1 -2.54e-30      0.00 7.101e-01 2.747e-01 2.738e-03 7.386e-04 6.699e-03 -1.000 1.522e-02       5105          0          0          0          0     0.7336     0.7336 5.982 5.944 6.411 5.323 5.944 5.944 5.944 5.944 5.944 5.944 5.944 5.944 5.944 5.944 5.944 5.944 5.944 5.944 5.944 5.944 5.944 5.944 5.944 5.944 5.944 5.944 6.411 6.411 6.411 6.411 6.411 6.411 6.411 6.411 6.411 6.411 6.411 6.411 6.411 6.411 6.411 6.411 6.411 6.411 6.411 6.411 6.411 6.411 5.323 5.323 5.323 5.323 5.323 5.323 5.323 5.323 5.323 5.323 5.323 5.323 5.323 5.323 5.323 5.323 5.323 5.323 5.323 5.323 5.323 5.323
0.0152 0.01508 8.12000 0.8559259176 2.4368230270    0.855 -0.439  3.7150  4.621    0  0.000  0.545     0.00     0.00     0.00     0.00     0.00 -1 -4.28e-30      0.00 7.100e-01 2.748e-01 2.738e-03 7.388e-04 6.700e-03 -1.000 1.523e-02       5188          0          0          0          0     0.7487     0.7487 5.869 5.814 6.259 5.214 5.814 5.814 5.816 5.814 5.814 5.814 5.814 5.814 5.814 5.814 5.814 5.814 5.814 5.814 5.814 5.814 5.814 5.814 5.814 5.814 5.814 5.814 6.259 6.259 6.261 6.259 6.259 6.259 6.259 6.259 6.259 6.259 6.259 6.259 6.259 6.259 6.259 6.259 6.259 6.259 6.259 6.259 6.259 6.259 5.214 5.214 5.215 5.214 5.214 5.214 5.214 5.214 5.214 5.214 5.214 5.214 5.214 5.214 5.214 5.214 5.214 5.214 5.214 5.214 5.214 5.214
0.0152 0.01508 8.12000 0.8751851916 2.4424433239    0.874 -0.395  3.7216  4.613    0  0.000  0.545     0.00     0.00     0.00     0.00     0.00 -1 -1.89e-29      0.00 7.100e-01 2.748e-01 2.738e-03 7.388e-04 6.701e-03 -1.000 1.523e-02       5267          0          0          0          0     0.7644     0.7644 5.757 5.690 6.112 5.108 5.690 5.690 5.695 5.690 5.690 5.690 5.690 5.690 5.690 5.690 5.690 5.690 5.690 5.690 5.690 5.690 5.690 5.690 5.690 5.690 5.690 5.690 6.112 6.113 6.118 6.113 6.113 6.113 6.113 6.113 6.113 6.113 6.113 6.113 6.113 6.113 6.113 6.113 6.113 6.113 6.113 6.113 6.113 6.113 5.108 5.109 5.112 5.109 5.109 5.109 5.109 5.109 5.109 5.109 5.109 5.109 5.109 5.109 5.109 5.109 5.109 5.109 5.109 5.109 5.109 5.109
0.0152 0.01508 8.12000 0.8944445252 2.4477862051    0.893 -0.351  3.7278  4.603    0  0.000  0.545     0.00     0.00     0.00     0.00     0.00 -1 -4.33e-30      0.00 7.101e-01 2.747e-01 2.737e-03 7.385e-04 6.698e-03 -1.000 1.522e-02       5343          0          0          0          0     0.7813     0.7813 5.648 5.569 5.972 5.004 5.569 5.569 5.576 5.569 5.569 5.569 5.569 5.569 5.569 5.569 5.569 5.569 5.569 5.569 5.569 5.569 5.569 5.569 5.569 5.569 5.569 5.569 5.972 5.972 5.980 5.972 5.972 5.972 5.972 5.972 5.972 5.972 5.972 5.972 5.972 5.972 5.972 5.972 5.972 5.972 5.972 5.972 5.972 5.972 5.004 5.004 5.009 5.004 5.004 5.004 5.004 5.004 5.004 5.004 5.004 5.004 5.004 5.004 5.004 5.004 5.004 5.004 5.004 5.004 5.004 5.004
0.0152 0.01508 8.12000 0.8986867070 2.4489277245    0.898 -0.342  3.7292  4.601    0  0.000  0.545     0.00     0.00     0.00     0.00     0.00 -1 -1.03e-29      0.00 7.101e-01 2.747e-01 2.737e-03 7.385e-04 6.698e-03 -1.000 1.522e-02       5360          0          0          0          0      0.785      0.785 5.624 5.543 5.942 4.982 5.543 5.543 5.550 5.543 5.543 5.543 5.543 5.543 5.543 5.543 5.543 5.543 5.543 5.543 5.543 5.543 5.543 5.543 5.543 5.543 5.543 5.543 5.942 5.942 5.950 5.942 5.942 5.942 5.942 5.942 5.942 5.942 5.942 5.942 5.942 5.942 5.942 5.942 5.942 5.942 5.942 5.942 5.942 5.942 4.982 4.982 4.987 4.982 4.982 4.982 4.982 4.982 4.982 4.982 4.982 4.982 4.982 4.982 4.982 4.982 4.982 4.982 4.982 4.982 4.982 4.982
0.0152 0.01508 8.12000 0.9137036800 2.4528708428    0.913 -0.309  3.7339  4.595    0  0.000  0.545     0.00     0.00     0.00     0.00     0.00 -1 -2.09e-28      0.00 7.101e-01 2.747e-01 2.738e-03 7.386e-04 6.699e-03 -1.000 1.522e-02       5419          0          0          0          0     0.7977     0.7977 5.542 5.452 5.839 4.900 5.452 5.451 5.458 5.451 5.451 5.451 5.451 5.451 5.451 5.451 5.451 5.451 5.451 5.451 5.451 5.451 5.451 5.451 5.451 5.451 5.451 5.451 5.839 5.838 5.847 5.839 5.839 5.839 5.839 5.839 5.839 5.838 5.838 5.839 5.838 5.838 5.838 5.839 5.838 5.838 5.838 5.839 5.838 5.838 4.900 4.900 4.906 4.900 4.900 4.900 4.900 4.900 4.900 4.900 4.900 4.900 4.900 4.900 4.900 4.900 4.900 4.900 4.900 4.900 4.900 4.900
0.0152 0.01508 8.12000 0.9329630136 2.4577148652    0.932 -0.268  3.7397  4.586    0  0.000  0.545     0.00     0.00     0.00     0.00     0.00 -1 -9.89e-30      0.00 7.100e-01 2.748e-01 2.739e-03 7.389e-04 6.702e-03 -1.000 1.523e-02       5491          0          0          0          0     0.8143     0.8143 5.439 5.338 5.712 4.799 5.338 5.338 5.345 5.338 5.338 5.338 5.338 5.338 5.338 5.338 5.338 5.338 5.338 5.338 5.338 5.338 5.338 5.338 5.338 5.338 5.338 5.338 5.712 5.712 5.720 5.712 5.712 5.712 5.712 5.712 5.712 5.712 5.712 5.712 5.712 5.712 5.712 5.712 5.712 5.712 5.712 5.712 5.712 5.712 4.799 4.799 4.804 4.799 4.799 4.799 4.799 4.799 4.799 4.799 4.799 4.799 4.799 4.799 4.799 4.799 4.799 4.799 4.799 4.799 4.799 4.799
0.0152 0.01508 8.12000 0.9522222281 2.4623342097    0.951 -0.227  3.7452  4.576    0  0.000  0.545     0.00     0.00     0.00     0.00     0.00 -1 -2.23e-29      0.00 7.100e-01 2.748e-01 2.739e-03 7.389e-04 6.702e-03 -1.000 1.523e-02       5561          0          0          0          0     0.8319     0.8319 5.338 5.231 5.593 4.703 5.231 5.230 5.237 5.231 5.230 5.230 5.230 5.230 5.230 5.230 5.230 5.230 5.230 5.230 5.230 5.230 5.230 5.230 5.230 5.230 5.230 5.230 5.593 5.593 5.601 5.593 5.593 5.593 5.593 5.593 5.593 5.593 5.593 5.593 5.593 5.593 5.593 5.593 5.593 5.593 5.593 5.593 5.593 5.593 4.703 4.702 4.707 4.702 4.702 4.702 4.702 4.702 4.702 4.702 4.702 4.702 4.702 4.702 4.702 4.702 4.702 4.702 4.702 4.702 4.702 4.702
0.0152 0.01508 8.12000 0.9714815617 2.4667435862    0.971 -0.185  3.7505  4.564    0  0.000  0.545     0.00     0.00     0.00     0.00     0.00 -1  -7.3e-29      0.00 7.101e-01 2.747e-01 2.738e-03 7.386e-04 6.699e-03 -1.000 1.522e-02       5630          0          0          0          0     0.8523     0.8523 5.232 5.119 5.470 4.602 5.119 5.119 5.125 5.119 5.119 5.119 5.119 5.119 5.119 5.119 5.119 5.119 5.119 5.119 5.119 5.119 5.119 5.119 5.119 5.119 5.119 5.119 5.470 5.470 5.478 5.470 5.470 5.470 5.470 5.470 5.470 5.470 5.470 5.470 5.470 5.470 5.470 5.470 5.470 5.470 5.470 5.470 5.470 5.470 4.602 4.602 4.607 4.602 4.602 4.602 4.602 4.602 4.602 4.602 4.602 4.602 4.602 4.602 4.602 4.602 4.602 4.602 4.602 4.602 4.602 4.602
0.0152 0.01508 8.12000 0.9907408357 2.4709563841    0.991 -0.143  3.7558  4.552    0  0.000  0.545     0.00     0.00     0.00     0.00     0.00 -1 -8.23e-29      0.00 7.102e-01 2.745e-01 2.737e-03 7.383e-04 6.696e-03 -1.000 1.522e-02       5699          0          0          0          0     0.8732     0.8732 5.126 5.007 5.347 4.501 5.007 5.007 5.014 5.007 5.007 5.007 5.007 5.007 5.007 5.007 5.007 5.007 5.007 5.007 5.007 5.007 5.007 5.007 5.007 5.007 5.007 5.007 5.347 5.347 5.355 5.347 5.347 5.347 5.347 5.347 5.347 5.347 5.347 5.347 5.347 5.347 5.347 5.347 5.347 5.347 5.347 5.347 5.347 5.347 4.501 4.501 4.506 4.501 4.501 4.501 4.501 4.501 4.501 4.501 4.501 4.501 4.501 4.501 4.501 4.501 4.501 4.501 4.501 4.501 4.501 4.501
0.0152 0.01508 8.12000 1.0099999905 2.4749849264    1.010 -0.102  3.7610  4.540    0  0.000  0.545     0.00     0.00     0.00     0.00     0.00 -1 -9.57e-29      0.00 7.103e-01 2.745e-01 2.736e-03 7.382e-04 6.695e-03 -1.000 1.522e-02       5766          0          0          0          0     0.8934     0.8934 5.025 4.901 5.230 4.405 4.901 4.901 4.907 4.901 4.901 4.901 4.901 4.901 4.901 4.901 4.901 4.901 4.901 4.901 4.901 4.901 4.901 4.901 4.901 4.901 4.901 4.901 5.230 5.229 5.238 5.229 5.229 5.229 5.229 5.229 5.229 5.229 5.229 5.229 5.229 5.229 5.229 5.229 5.229 5.229 5.229 5.229 5.229 5.229 4.405 4.405 4.410 4.405 4.405 4.405 4.405 4.405 4.405 4.405 4.405 4.405 4.405 4.405 4.405 4.405 4.405 4.405 4.405 4.405 4.405 4.405
0.0152 0.01508 8.12000 1.0292592049 2.4788405951    1.029 -0.063  3.7659  4.528    0  0.000  0.545     0.00     0.00     0.00     0.00     0.00 -1 -1.58e-28      0.00 7.103e-01 2.744e-01 2.736e-03 7.381e-04 6.694e-03 -1.000 1.522e-02       5832          0          0          0          0     0.9141     0.9141 4.927 4.798 5.117 4.314 4.798 4.798 4.805 4.798 4.798 4.798 4.798 4.798 4.798 4.798 4.798 4.798 4.798 4.798 4.798 4.798 4.798 4.798 4.798 4.798 4.798 4.798 5.117 5.117 5.125 5.117 5.117 5.117 5.117 5.117 5.117 5.117 5.117 5.117 5.117 5.117 5.117 5.117 5.117 5.117 5.117 5.117 5.117 5.117 4.314 4.314 4.318 4.314 4.314 4.314 4.314 4.314 4.314 4.314 4.314 4.314 4.314 4.314 4.314 4.314 4.314 4.314 4.314 4.314 4.314 4.314
0.0152 0.01508 8.12000 1.0485184193 2.4825338275    1.048 -0.024  3.7706  4.516    0  0.000  0.545     0.00     0.00     0.00     0.00     0.00 -1  -5.2e-28      0.00 7.104e-01 2.744e-01 2.735e-03 7.380e-04 6.693e-03 -1.000 1.521e-02       5896          0          0          0          0     0.9356     0.9356 4.829 4.698 5.007 4.223 4.698 4.697 4.704 4.697 4.697 4.697 4.697 4.697 4.697 4.697 4.697 4.697 4.697 4.697 4.697 4.697 4.697 4.697 4.697 4.697 4.697 4.697 5.007 5.007 5.015 5.007 5.007 5.007 5.007 5.007 5.007 5.007 5.007 5.007 5.007 5.007 5.007 5.007 5.007 5.007 5.007 5.007 5.007 5.007 4.223 4.223 4.228 4.223 4.223 4.223 4.223 4.223 4.223 4.223 4.223 4.223 4.223 4.223 4.223 4.223 4.223 4.223 4.223 4.223 4.223 4.223
0.0152 0.01508 8.12000 1.0677778721 2.4860743086    1.067  0.014  3.7750  4.504    0  0.000  0.545     0.00     0.00     0.00     0.00     0.00 -1 -4.37e-29      0.00 7.104e-01 2.744e-01 2.735e-03 7.380e-04 6.693e-03 -1.000 1.521e-02       5956          0          0          0          0     0.9574     0.9574 4.735 4.601 4.902 4.135 4.601 4.601 4.607 4.601 4.601 4.601 4.601 4.601 4.601 4.601 4.601 4.601 4.601 4.601 4.601 4.601 4.601 4.601 4.601 4.601 4.601 4.601 4.902 4.901 4.909 4.901 4.901 4.901 4.901 4.901 4.901 4.901 4.901 4.901 4.901 4.901 4.901 4.901 4.901 4.901 4.901 4.901 4.901 4.901 4.135 4.136 4.140 4.136 4.136 4.136 4.136 4.136 4.136 4.136 4.136 4.136 4.136 4.136 4.136 4.136 4.136 4.136 4.136 4.136 4.136 4.136
0.0152 0.01508 8.12000 1.0870370865 2.4894708602    1.086  0.052  3.7794  4.491    0  0.000  0.545     0.00     0.00     0.00     0.00     0.00 -1 -2.52e-28      0.00 7.105e-01 2.743e-01 2.735e-03 7.378e-04 6.692e-03 -1.000 1.521e-02       6016          0          0          0          0       0.98       0.98 4.640 4.508 4.800 4.050 4.508 4.508 4.514 4.508 4.508 4.508 4.508 4.508 4.508 4.508 4.508 4.508 4.508 4.508 4.508 4.508 4.508 4.508 4.508 4.508 4.508 4.508 4.800 4.800 4.808 4.800 4.800 4.800 4.800 4.800 4.800 4.800 4.800 4.800 4.800 4.800 4.800 4.800 4.800 4.800 4.800 4.800 4.800 4.800 4.050 4.050 4.055 4.050 4.050 4.050 4.050 4.050 4.050 4.050 4.050 4.050 4.050 4.050 4.050 4.050 4.050 4.050 4.050 4.050 4.050 4.050
0.0152 0.01508 8.12000 1.1062963009 2.4927317712    1.105  0.089  3.7836  4.479    0  0.000  0.545     0.00     0.00     0.00     0.00     0.00 -1 -1.17e-28      0.00 7.106e-01 2.742e-01 2.734e-03 7.376e-04 6.690e-03 -1.000 1.521e-02       6076          0          0          0          0      1.003      1.003 4.547 4.414 4.698 3.965 4.414 4.414 4.420 4.414 4.414 4.414 4.414 4.414 4.414 4.414 4.414 4.414 4.414 4.414 4.414 4.414 4.414 4.414 4.414 4.414 4.414 4.414 4.698 4.698 4.706 4.698 4.698 4.698 4.698 4.698 4.698 4.698 4.698 4.698 4.698 4.698 4.698 4.698 4.698 4.698 4.698 4.698 4.698 4.698 3.965 3.965 3.969 3.965 3.965 3.965 3.965 3.965 3.965 3.965 3.965 3.965 3.965 3.965 3.965 3.965 3.965 3.965 3.965 3.965 3.965 3.965
0.0152 0.01508 8.12000 1.1255555153 2.4958646809    1.124  0.126  3.7878  4.466    0  0.000  0.545     0.00     0.00     0.00     0.00     0.00 -1 -3.98e-27      0.00 7.107e-01 2.741e-01 2.733e-03 7.373e-04 6.687e-03 -1.000 1.520e-02       6134          0          0          0          0      1.027      1.027 4.456 4.321 4.597 3.880 4.321 4.321 4.327 4.321 4.321 4.321 4.321 4.321 4.321 4.321 4.321 4.321 4.321 4.321 4.321 4.321 4.321 4.321 4.321 4.321 4.321 4.321 4.597 4.597 4.605 4.597 4.597 4.597 4.597 4.597 4.597 4.597 4.597 4.597 4.597 4.597 4.597 4.597 4.597 4.597 4.597 4.597 4.597 4.597 3.880 3.881 3.885 3.881 3.881 3.881 3.881 3.881 3.881 3.881 3.881 3.881 3.881 3.881 3.881 3.881 3.881 3.881 3.881 3.881 3.881 3.881
0.0152 0.01508 8.12000 1.1448147297 2.4988766773    1.144  0.162  3.7917  4.454    1  0.000  0.545     0.00     0.00     0.00     0.00     0.00 -1  -3.1e-26      0.00 7.109e-01 2.739e-01 2.732e-03 7.370e-04 6.685e-03 -1.000 1.519e-02       6190          0          0          0          0       1.05       1.05 4.366 4.230 4.499 3.798 4.230 4.231 4.237 4.231 4.231 4.231 4.231 4.231 4.231 4.231 4.231 4.231 4.231 4.231 4.231 4.231 4.231 4.231 4.231 4.231 4.231 4.231 4.499 4.500 4.507 4.500 4.500 4.500 4.500 4.500 4.500 4.500 4.500 4.500 4.500 4.500 4.500 4.500 4.500 4.500 4.500 4.500 4.500 4.500 3.798 3.799 3.803 3.799 3.799 3.799 3.799 3.799 3.799 3.799 3.799 3.799 3.799 3.799 3.799 3.799 3.799 3.799 3.799 3.799 3.799 3.799
0.0152 0.01508 8.12000 1.1640739441 2.5017743453    1.163  0.197  3.7956  4.441    0  0.000  0.545     0.00     0.00     0.00     0.00     0.00 -1 -2.76e-26      0.00 7.111e-01 2.737e-01 2.730e-03 7.366e-04 6.681e-03 -1.000 1.519e-02       6246          0          0          0          0      1.075      1.075 4.277 4.141 4.402 3.717 4.141 4.142 4.148 4.142 4.142 4.142 4.142 4.142 4.142 4.142 4.142 4.142 4.142 4.142 4.142 4.142 4.142 4.142 4.142 4.142 4.142 4.142 4.402 4.403 4.411 4.403 4.403 4.403 4.403 4.403 4.403 4.403 4.403 4.403 4.403 4.403 4.403 4.403 4.403 4.403 4.403 4.403 4.403 4.403 3.717 3.718 3.722 3.718 3.718 3.718 3.718 3.718 3.718 3.718 3.718 3.718 3.718 3.718 3.718 3.718 3.718 3.718 3.718 3.718 3.718 3.718
0.0152 0.01508 8.12000 1.1833333969 2.5045638442    1.182  0.231  3.7994  4.429    0  0.000  0.545     0.00     0.00     0.00     0.00     0.00 -1 -4.87e-26      0.00 7.113e-01 2.735e-01 2.729e-03 7.362e-04 6.678e-03 -1.000 1.518e-02       6300          0          0          0          0      1.099      1.099 4.191 4.054 4.309 3.638 4.054 4.055 4.061 4.055 4.055 4.055 4.055 4.055 4.055 4.055 4.055 4.055 4.055 4.055 4.055 4.055 4.055 4.055 4.055 4.055 4.055 4.055 4.309 4.310 4.317 4.310 4.310 4.310 4.310 4.310 4.310 4.310 4.310 4.310 4.310 4.310 4.310 4.310 4.310 4.310 4.310 4.310 4.310 4.310 3.638 3.639 3.643 3.639 3.639 3.639 3.639 3.639 3.639 3.639 3.639 3.639 3.639 3.639 3.639 3.639 3.639 3.639 3.639 3.639 3.639 3.639
0.0152 0.01508 8.12000 1.2025926113 2.5072508095    1.202  0.266  3.8033  4.417    0  0.000  0.545     0.00     0.00     0.00     0.00     0.00 -1 -1.38e-13      0.00 7.117e-01 2.732e-01 2.726e-03 7.355e-04 6.671e-03 -1.000 1.516e-02       6357          0          0          0          0      1.123      1.123 4.105 3.967 4.215 3.560 3.967 3.969 3.974 3.969 3.969 3.969 3.969 3.969 3.969 3.969 3.969 3.969 3.969 3.969 3.969 3.969 3.969 3.969 3.969 3.969 3.969 3.969 4.215 4.216 4.223 4.216 4.216 4.216 4.216 4.216 4.216 4.216 4.216 4.216 4.216 4.216 4.216 4.216 4.216 4.216 4.216 4.216 4.216 4.216 3.560 3.561 3.565 3.561 3.561 3.561 3.561 3.561 3.561 3.561 3.561 3.561 3.561 3.561 3.561 3.561 3.561 3.561 3.561 3.561 3.561 3.561
0.0152 0.01508 8.12000 1.2218518257 2.5098405951    1.220  0.298  3.8067  4.405    1  0.000  0.545     0.00     0.00     0.00     0.00     0.00 -1  -1.5e-13      0.00 7.120e-01 2.728e-01 2.723e-03 7.348e-04 6.665e-03 -1.000 1.515e-02       6407          0          0          0          0      1.147      1.147 4.025 3.887 4.129 3.487 3.887 3.889 3.895 3.889 3.889 3.889 3.889 3.889 3.889 3.889 3.889 3.889 3.889 3.889 3.889 3.889 3.889 3.889 3.889 3.889 3.889 3.889 4.129 4.130 4.137 4.130 4.130 4.130 4.130 4.130 4.130 4.130 4.130 4.130 4.130 4.130 4.130 4.130 4.130 4.130 4.130 4.130 4.130 4.130 3.487 3.489 3.493 3.489 3.489 3.489 3.489 3.489 3.489 3.489 3.489 3.489 3.489 3.489 3.489 3.489 3.489 3.489 3.489 3.489 3.489 3.489
0.0152 0.01508 8.12000 1.2411112785 2.5123381962    1.241  0.332  3.8104  4.393    0  0.000  0.545     0.00     0.00     0.00     0.00     0.00 -1 -1.63e-13      0.00 7.125e-01 2.724e-01 2.720e-03 7.340e-04 6.658e-03 -1.000 1.513e-02       6462          0          0          0          0      1.173      1.173 3.939 3.801 4.036 3.409 3.801 3.803 3.809 3.803 3.803 3.803 3.803 3.803 3.803 3.803 3.803 3.803 3.803 3.803 3.803 3.803 3.803 3.803 3.803 3.803 3.803 3.803 4.036 4.038 4.045 4.038 4.038 4.038 4.038 4.038 4.038 4.038 4.038 4.038 4.038 4.038 4.038 4.038 4.038 4.038 4.038 4.038 4.038 4.038 3.409 3.411 3.415 3.411 3.411 3.411 3.411 3.411 3.411 3.411 3.411 3.411 3.411 3.411 3.411 3.411 3.411 3.411 3.411 3.411 3.411 3.411
0.0152 0.01508 8.12000 1.2603704929 2.5147481902    1.259  0.363  3.8137  4.382    0  0.000  0.545     0.00     0.00     0.00     0.00     0.00 -1 -1.76e-13      0.00 7.129e-01 2.720e-01 2.717e-03 7.332e-04 6.651e-03 -1.000 1.512e-02       6511          0          0          0          0      1.198      1.198 3.862 3.724 3.954 3.339 3.724 3.726 3.732 3.726 3.726 3.726 3.726 3.726 3.726 3.726 3.726 3.726 3.726 3.726 3.726 3.726 3.726 3.726 3.726 3.726 3.726 3.726 3.954 3.955 3.962 3.955 3.955 3.955 3.955 3.955 3.955 3.955 3.955 3.955 3.955 3.955 3.955 3.955 3.955 3.955 3.955 3.955 3.955 3.955 3.339 3.341 3.345 3.341 3.341 3.341 3.341 3.341 3.341 3.341 3.341 3.341 3.341 3.341 3.341 3.341 3.341 3.341 3.341 3.341 3.341 3.341
0.0152 0.01508 8.12000 1.2796297073 2.5170749484    1.279  0.395  3.8174  4.372    1  0.000  0.545     0.00     0.00     0.00     0.00     0.00 -1  -1.9e-13      0.00 7.136e-01 2.713e-01 2.712e-03 7.319e-04 6.640e-03 -1.000 1.509e-02       6567          0          0          0          0      1.221      1.221 3.783 3.646 3.869 3.269 3.646 3.648 3.654 3.648 3.648 3.648 3.648 3.648 3.648 3.648 3.648 3.648 3.648 3.648 3.648 3.648 3.648 3.648 3.648 3.648 3.648 3.648 3.869 3.871 3.877 3.871 3.871 3.871 3.871 3.871 3.871 3.871 3.871 3.871 3.871 3.871 3.871 3.871 3.871 3.871 3.871 3.871 3.871 3.871 3.269 3.271 3.275 3.271 3.271 3.271 3.271 3.271 3.271 3.271 3.271 3.271 3.271 3.271 3.271 3.271 3.271 3.271 3.271 3.271 3.271 3.271
0.0152 0.01508 8.12000 1.2988889217 2.5193225344    1.299  0.427  3.8209  4.361    0  0.000  0.544     0.00     0.00     0.00     0.00     0.00 -1 -2.06e-13      0.00 7.141e-01 2.708e-01 2.711e-03 7.316e-04 6.637e-03 -1.000 1.509e-02       6620          0          0          0          0      1.246      1.246 3.704 3.567 3.784 3.198 3.567 3.569 3.575 3.569 3.569 3.569 3.569 3.569 3.569 3.569 3.569 3.569 3.569 3.569 3.569 3.569 3.569 3.569 3.569 3.569 3.569 3.569 3.784 3.786 3.793 3.786 3.786 3.786 3.786 3.786 3.786 3.786 3.786 3.786 3.786 3.786 3.786 3.786 3.786 3.786 3.786 3.786 3.786 3.786 3.198 3.200 3.204 3.200 3.200 3.200 3.200 3.200 3.200 3.200 3.200 3.200 3.200 3.200 3.200 3.200 3.200 3.200 3.200 3.200 3.200 3.200
0.0152 0.01508 8.12000 1.3181481361 2.5214947570    1.318  0.457  3.8244  4.351    0  0.000  0.544     0.00     0.00     0.00     0.00     0.00 -1 -2.22e-13      0.00 7.144e-01 2.705e-01 2.710e-03 7.316e-04 6.638e-03 -1.000 1.509e-02       6673          0          0          0          0       1.27       1.27 3.627 3.492 3.702 3.130 3.492 3.494 3.499 3.494 3.494 3.494 3.494 3.494 3.494 3.494 3.494 3.494 3.494 3.494 3.494 3.494 3.494 3.494 3.494 3.494 3.494 3.494 3.702 3.704 3.711 3.704 3.704 3.704 3.704 3.704 3.704 3.704 3.704 3.704 3.704 3.704 3.704 3.704 3.704 3.704 3.704 3.704 3.704 3.704 3.130 3.132 3.136 3.132 3.132 3.132 3.132 3.132 3.132 3.132 3.132 3.132 3.132 3.132 3.132 3.132 3.132 3.132 3.132 3.132 3.132 3.132
0.0152 0.01508 8.12000 1.3374075890 2.5235952155    1.338  0.487  3.8279  4.341    0  0.000  0.544     0.00     0.00     0.00     0.00     0.00 -1 -2.39e-13      0.00 7.148e-01 2.701e-01 2.706e-03 7.305e-04 6.628e-03 -1.000 1.507e-02       6728          0          0          0          0      1.293      1.293 3.553 3.418 3.623 3.065 3.418 3.421 3.426 3.421 3.421 3.421 3.421 3.421 3.421 3.421 3.421 3.421 3.421 3.421 3.421 3.421 3.421 3.421 3.421 3.421 3.421 3.421 3.623 3.625 3.632 3.625 3.625 3.625 3.625 3.625 3.625 3.625 3.625 3.625 3.625 3.625 3.625 3.625 3.625 3.625 3.625 3.625 3.625 3.625 3.065 3.067 3.071 3.067 3.067 3.067 3.067 3.067 3.067 3.067 3.067 3.067 3.067 3.067 3.067 3.067 3.067 3.067 3.067 3.067 3.067 3.067
0.0152 0.01508 8.12000 1.3566668034 2.5256272137    1.357  0.516  3.8316  4.333    0  0.000  0.544     0.00     0.00     0.00     0.00     0.00 -1 -2.56e-13      0.00 7.152e-01 2.698e-01 2.705e-03 7.301e-04 6.625e-03 -1.000 1.506e-02       6784          0          0          0          0      1.315      1.315 3.480 3.346 3.545 3.001 3.346 3.349 3.354 3.349 3.349 3.349 3.349 3.349 3.349 3.349 3.349 3.349 3.349 3.349 3.349 3.349 3.349 3.349 3.349 3.349 3.349 3.349 3.545 3.547 3.554 3.547 3.547 3.547 3.547 3.547 3.547 3.547 3.547 3.547 3.547 3.547 3.547 3.547 3.547 3.547 3.547 3.547 3.547 3.547 3.001 3.003 3.007 3.003 3.003 3.003 3.003 3.003 3.003 3.003 3.003 3.003 3.003 3.003 3.003 3.003 3.003 3.003 3.003 3.003 3.003 3.003
0.0152 0.01508 8.12000 1.3759260178 2.5275939325    1.376  0.545  3.8353  4.325    0  0.000  0.544     0.00     0.00     0.00     0.00     0.00 -1 -2.74e-13      0.00 7.156e-01 2.693e-01 2.699e-03 7.287e-04 6.612e-03 -1.000 1.503e-02       6843          0          0          0          0      1.336      1.336 3.408 3.276 3.468 2.939 3.276 3.278 3.283 3.278 3.278 3.278 3.278 3.278 3.278 3.278 3.278 3.278 3.278 3.278 3.278 3.278 3.278 3.278 3.278 3.278 3.278 3.278 3.468 3.470 3.477 3.470 3.470 3.470 3.470 3.470 3.470 3.470 3.470 3.470 3.470 3.470 3.470 3.470 3.470 3.470 3.470 3.470 3.470 3.470 2.939 2.941 2.944 2.941 2.941 2.941 2.941 2.941 2.941 2.941 2.941 2.941 2.941 2.941 2.941 2.941 2.941 2.941 2.941 2.941 2.941 2.941
0.0152 0.01508 8.12000 1.3951852322 2.5294983392    1.395  0.573  3.8390  4.318    0  0.000  0.544     0.00     0.00     0.00     0.00     0.00 -1 -2.92e-13      0.00 7.159e-01 2.691e-01 2.695e-03 7.275e-04 6.601e-03 -1.000 1.501e-02       6902          0          0          0          0      1.356      1.356 3.338 3.207 3.393 2.879 3.207 3.209 3.214 3.209 3.209 3.209 3.209 3.209 3.209 3.209 3.209 3.209 3.209 3.209 3.209 3.209 3.209 3.209 3.209 3.209 3.209 3.209 3.393 3.395 3.402 3.395 3.395 3.395 3.395 3.395 3.395 3.395 3.395 3.395 3.395 3.395 3.395 3.395 3.395 3.395 3.395 3.395 3.395 3.395 2.879 2.881 2.884 2.881 2.881 2.881 2.881 2.881 2.881 2.881 2.881 2.881 2.881 2.881 2.881 2.881 2.881 2.881 2.881 2.881 2.881 2.881
0.0152 0.01508 8.12000 1.4144444466 2.5313432281    1.415  0.600  3.8427  4.311    0  0.000  0.544     0.00     0.00     0.00     0.00     0.00 -1 -3.12e-13      0.00 7.155e-01 2.695e-01 2.698e-03 7.283e-04 6.607e-03 -1.000 1.502e-02       6961          0          0          0          0      1.377      1.377 3.270 3.140 3.320 2.820 3.140 3.142 3.147 3.142 3.142 3.142 3.142 3.142 3.142 3.142 3.142 3.142 3.142 3.142 3.142 3.142 3.142 3.142 3.142 3.142 3.142 3.142 3.320 3.321 3.328 3.321 3.321 3.321 3.321 3.321 3.321 3.321 3.321 3.321 3.321 3.321 3.321 3.321 3.321 3.321 3.321 3.321 3.321 3.321 2.820 2.822 2.826 2.822 2.822 2.822 2.822 2.822 2.822 2.822 2.822 2.822 2.822 2.822 2.822 2.822 2.822 2.822 2.822 2.822 2.822 2.822
0.0152 0.01508 8.12000 1.4337038994 2.5331312540    1.434  0.627  3.8469  4.307    0  0.000  0.544     0.00     0.00     0.00     0.00     0.00 -1 -3.31e-13      0.00 7.157e-01 2.693e-01 2.696e-03 7.277e-04 6.602e-03 -1.000 1.501e-02       7028          0          0          0          0      1.393      1.393 3.202 3.074 3.247 2.765 3.074 3.076 3.081 3.076 3.076 3.076 3.076 3.076 3.076 3.076 3.076 3.076 3.076 3.076 3.076 3.076 3.076 3.076 3.076 3.076 3.076 3.076 3.247 3.248 3.255 3.248 3.248 3.248 3.248 3.248 3.248 3.248 3.248 3.248 3.248 3.248 3.248 3.248 3.248 3.248 3.248 3.248 3.248 3.248 2.765 2.767 2.770 2.767 2.767 2.767 2.767 2.767 2.767 2.767 2.767 2.767 2.767 2.767 2.767 2.767 2.767 2.767 2.767 2.767 2.767 2.767
0.0152 0.01508 8.12000 1.4529631138 2.5348648559    1.453  0.654  3.8510  4.302    0  0.000  0.544     0.00     0.00     0.00     0.00     0.00 -1 -3.52e-13      0.00 7.155e-01 2.694e-01 2.697e-03 7.281e-04 6.606e-03 -1.000 1.502e-02       7095          0          0          0          0       1.41       1.41 3.135 3.009 3.175 2.710 3.009 3.010 3.016 3.010 3.010 3.010 3.010 3.010 3.010 3.010 3.010 3.010 3.010 3.010 3.010 3.010 3.010 3.010 3.010 3.010 3.010 3.010 3.175 3.176 3.183 3.176 3.176 3.176 3.176 3.176 3.176 3.176 3.176 3.176 3.176 3.176 3.176 3.176 3.176 3.176 3.176 3.176 3.176 3.176 2.710 2.712 2.715 2.712 2.712 2.712 2.712 2.712 2.712 2.712 2.712 2.712 2.712 2.712 2.712 2.712 2.712 2.712 2.712 2.712 2.712 2.712
0.0152 0.01508 8.12000 1.4722223282 2.5365464000    1.472  0.680  3.8556  4.301    0  0.000  0.545     0.00     0.00     0.00     0.00     0.00 -1 -3.72e-13      0.00 7.147e-01 2.702e-01 2.703e-03 7.296e-04 6.619e-03 -1.000 1.505e-02       7172          0          0          0          0      1.422      1.422 3.070 2.946 3.105 2.659 2.946 2.948 2.953 2.948 2.948 2.948 2.948 2.948 2.948 2.948 2.948 2.948 2.948 2.948 2.948 2.948 2.948 2.948 2.948 2.948 2.948 2.948 3.105 3.106 3.112 3.106 3.106 3.106 3.106 3.106 3.106 3.106 3.106 3.106 3.106 3.106 3.106 3.106 3.106 3.106 3.106 3.106 3.106 3.106 2.659 2.661 2.664 2.661 2.661 2.661 2.661 2.661 2.661 2.661 2.661 2.661 2.661 2.661 2.661 2.661 2.661 2.661 2.661 2.661 2.661 2.661
0.0152 0.01508 8.12000 1.5685186386 2.5442466878    1.567  0.803  3.8809  4.306    0  0.000  0.545     0.00     0.00     0.00     0.00     0.00 -1 -4.76e-13      0.00 7.092e-01 2.756e-01 2.746e-03 7.408e-04 6.719e-03 -1.000 1.527e-02       7604          0          0          0          0      1.459      1.459 2.762 2.655 2.773 2.435 2.655 2.655 2.660 2.655 2.655 2.655 2.655 2.655 2.655 2.655 2.655 2.655 2.655 2.655 2.655 2.655 2.655 2.655 2.655 2.655 2.655 2.655 2.773 2.773 2.779 2.773 2.773 2.773 2.773 2.773 2.773 2.773 2.773 2.773 2.773 2.773 2.773 2.773 2.773 2.773 2.773 2.773 2.773 2.773 2.435 2.436 2.438 2.436 2.436 2.436 2.436 2.436 2.436 2.436 2.436 2.436 2.436 2.436 2.436 2.436 2.436 2.436 2.436 2.436 2.436 2.436
0.0152 0.01508 8.12000 1.6648149490 2.5509316616    1.663  0.917  3.9049  4.314    0  0.000  0.545     0.00     0.00     0.00     0.00     0.00 -1 -5.95e-13      0.00 7.092e-01 2.756e-01 2.746e-03 7.408e-04 6.719e-03 -1.000 1.527e-02       8035          0          0          0          0      1.489      1.489 2.478 2.395 2.476 2.241 2.395 2.395 2.400 2.395 2.395 2.395 2.395 2.395 2.395 2.395 2.395 2.395 2.395 2.395 2.395 2.395 2.395 2.395 2.395 2.395 2.395 2.395 2.476 2.476 2.482 2.476 2.476 2.476 2.476 2.476 2.476 2.476 2.476 2.476 2.476 2.476 2.476 2.476 2.476 2.476 2.476 2.476 2.476 2.476 2.241 2.242 2.244 2.242 2.242 2.242 2.242 2.242 2.242 2.242 2.242 2.242 2.242 2.242 2.242 2.242 2.242 2.242 2.242 2.242 2.242 2.242
0.0152 0.01508 8.12000 1.7611110210 2.5567829591    1.759  1.021  3.9262  4.319    1  0.000  0.545     0.00     0.00     0.00     0.00     0.00 -1  -7.3e-13      0.00 7.092e-01 2.756e-01 2.746e-03 7.408e-04 6.719e-03 -1.000 1.527e-02       8440          0          0          0          0      1.522      1.522 2.217 2.169 2.222 2.067 2.169 2.170 2.174 2.170 2.170 2.170 2.170 2.170 2.170 2.170 2.170 2.170 2.170 2.170 2.170 2.170 2.170 2.170 2.170 2.170 2.170 2.170 2.222 2.223 2.228 2.223 2.223 2.223 2.223 2.223 2.223 2.223 2.223 2.223 2.223 2.223 2.223 2.223 2.223 2.223 2.223 2.223 2.223 2.223 2.067 2.069 2.071 2.069 2.069 2.069 2.069 2.069 2.069 2.069 2.069 2.069 2.069 2.069 2.069 2.069 2.069 2.069 2.069 2.069 2.069 2.069
0.0152 0.01508 8.12000 1.8574073315 2.5619420929    1.855  1.118  3.9448  4.319    1  0.000  0.545     0.00     0.00     0.00     0.00     0.00 -1 -8.87e-13      0.00 7.092e-01 2.756e-01 2.746e-03 7.408e-04 6.719e-03 -1.000 1.527e-02       8809          0          0          0          0      1.563      1.563 1.974 1.973 2.005 1.912 1.973 1.975 1.979 1.975 1.975 1.975 1.975 1.975 1.975 1.975 1.975 1.975 1.975 1.975 1.975 1.975 1.975 1.975 1.975 1.975 1.975 1.975 2.005 2.007 2.011 2.007 2.007 2.007 2.007 2.007 2.007 2.007 2.007 2.007 2.007 2.007 2.007 2.007 2.007 2.007 2.007 2.007 2.007 2.007 1.912 1.914 1.916 1.914 1.914 1.914 1.914 1.914 1.914 1.914 1.914 1.914 1.914 1.914 1.914 1.914 1.914 1.914 1.914 1.914 1.914 1.914
0.0152 0.01508 8.12000 1.9537036419 2.5665207758    1.952  1.209  3.9618  4.319    1  0.000  0.545     0.00     0.00     0.00     0.00     0.00 -1 -1.07e-12      0.00 7.092e-01 2.756e-01 2.746e-03 7.408e-04 6.719e-03 -1.000 1.527e-02       9159          0          0          0          0      1.604      1.604 1.748 1.803 1.819 1.772 1.803 1.804 1.807 1.804 1.804 1.804 1.804 1.804 1.804 1.804 1.804 1.804 1.804 1.804 1.804 1.804 1.804 1.804 1.804 1.804 1.804 1.804 1.819 1.820 1.823 1.820 1.820 1.820 1.820 1.820 1.820 1.820 1.820 1.820 1.820 1.820 1.820 1.820 1.820 1.820 1.820 1.820 1.820 1.820 1.772 1.773 1.775 1.773 1.773 1.773 1.773 1.773 1.773 1.773 1.773 1.773 1.773 1.773 1.773 1.773 1.773 1.773 1.773 1.773 1.773 1.773
0.0152 0.01508 8.12000 2.0018517971 2.5686210819    2.002  1.253  3.9697  4.317    1  0.000  0.545     0.00     0.00     0.00     0.00     0.00 -1 -1.17e-12      0.00 7.092e-01 2.756e-01 2.746e-03 7.408e-04 6.719e-03 -1.000 1.527e-02       9325          0          0          0          0      1.627      1.627 1.638 1.723 1.732 1.703 1.723 1.724 1.727 1.724 1.724 1.724 1.724 1.724 1.724 1.724 1.724 1.724 1.724 1.724 1.724 1.724 1.724 1.724 1.724 1.724 1.724 1.724 1.732 1.733 1.736 1.733 1.733 1.733 1.733 1.733 1.733 1.733 1.733 1.733 1.733 1.733 1.733 1.733 1.733 1.733 1.733 1.733 1.733 1.733 1.703 1.704 1.706 1.704 1.704 1.704 1.704 1.704 1.704 1.704 1.704 1.704 1.704 1.704 1.704 1.704 1.704 1.704 1.704 1.704 1.704 1.704
0.0152 0.01508 8.12000 2.0381510258 2.5701292948    2.037  1.285  3.9750  4.315    1  0.000  0.545     0.00     0.00     0.00     0.00     0.00 -1 -1.25e-12      0.00 7.092e-01 2.756e-01 2.746e-03 7.408e-04 6.719e-03 -1.000 1.527e-02       9441          0          0          0          0      1.646      1.646 1.558 1.666 1.671 1.654 1.666 1.666 1.669 1.666 1.666 1.666 1.666 1.666 1.666 1.666 1.666 1.666 1.666 1.666 1.666 1.666 1.666 1.666 1.666 1.666 1.666 1.666 1.671 1.671 1.674 1.671 1.671 1.671 1.671 1.671 1.671 1.671 1.671 1.671 1.671 1.671 1.671 1.671 1.671 1.671 1.671 1.671 1.671 1.671 1.654 1.654 1.656 1.654 1.654 1.654 1.654 1.654 1.654 1.654 1.654 1.654 1.654 1.654 1.654 1.654 1.654 1.654 1.654 1.654 1.654 1.654
0.0152 0.01508 8.12000 2.0499999523 2.5706083333    2.049  1.295  3.9767  4.314    1  0.000  0.545     0.00     0.00     0.00     0.00     0.00 -1 -1.28e-12      0.00 7.092e-01 2.756e-01 2.746e-03 7.408e-04 6.719e-03 -1.000 1.527e-02       9478          0          0          0          0      1.652      1.652 1.532 1.647 1.650 1.637 1.647 1.647 1.650 1.647 1.647 1.647 1.647 1.647 1.647 1.647 1.647 1.647 1.647 1.647 1.647 1.647 1.647 1.647 1.647 1.647 1.647 1.647 1.650 1.650 1.654 1.650 1.650 1.650 1.650 1.650 1.650 1.650 1.650 1.650 1.650 1.650 1.650 1.650 1.650 1.650 1.650 1.650 1.650 1.650 1.637 1.637 1.639 1.637 1.637 1.637 1.637 1.637 1.637 1.637 1.637 1.637 1.637 1.637 1.637 1.637 1.637 1.637 1.637 1.637 1.637 1.637
0.0152 0.01508 8.12000 2.0999999046 2.5725614918    2.098  1.339  3.9839  4.309    1  0.000  0.545     0.00     0.00     0.00     0.00     0.00 -1  -1.4e-12      0.00 7.092e-01 2.756e-01 2.746e-03 7.408e-04 6.719e-03 -1.000 1.527e-02       9637          0          0          0          0      1.682      1.682 1.424 1.568 1.566 1.568 1.568 1.568 1.571 1.568 1.568 1.568 1.568 1.568 1.568 1.568 1.568 1.568 1.568 1.568 1.568 1.568 1.568 1.568 1.568 1.568 1.568 1.568 1.566 1.566 1.569 1.566 1.566 1.566 1.566 1.566 1.566 1.566 1.566 1.566 1.566 1.566 1.566 1.566 1.566 1.566 1.566 1.566 1.566 1.566 1.568 1.568 1.570 1.568 1.568 1.568 1.568 1.568 1.568 1.568 1.568 1.568 1.568 1.568 1.568 1.568 1.568 1.568 1.568 1.568 1.568 1.568
0.0152 0.01508 8.12000 2.1500000954 2.5744105556    2.148  1.380  3.9907  4.304    1  0.000  0.545     0.00     0.00     0.00     0.00     0.00 -1 -1.53e-12      0.00 7.092e-01 2.756e-01 2.746e-03 7.408e-04 6.719e-03 -1.000 1.527e-02       9788          0          0          0          0       1.71       1.71 1.319 1.492 1.485 1.501 1.492 1.492 1.495 1.492 1.492 1.492 1.492 1.492 1.492 1.492 1.492 1.492 1.492 1.492 1.492 1.492 1.492 1.492 1.492 1.492 1.492 1.492 1.485 1.485 1.489 1.485 1.485 1.485 1.485 1.485 1.485 1.485 1.485 1.485 1.485 1.485 1.485 1.485 1.485 1.485 1.485 1.485 1.485 1.485 1.501 1.501 1.503 1.501 1.501 1.501 1.501 1.501 1.501 1.501 1.501 1.501 1.501 1.501 1.501 1.501 1.501 1.501 1.501 1.501 1.501 1.501
0.0152 0.01508 8.12000 2.2000000477 2.5761632879    2.198  1.422  3.9975  4.299    1  0.000  0.545     0.00     0.00     0.00     0.00     0.00 -1 -7.41e-16      0.00 7.092e-01 2.756e-01 2.746e-03 7.408e-04 6.719e-03 -1.000 1.527e-02       9942          0          0          0          0      1.741      1.741 1.214 1.417 1.406 1.433 1.417 1.417 1.420 1.417 1.417 1.417 1.417 1.417 1.417 1.417 1.417 1.417 1.417 1.417 1.417 1.417 1.417 1.417 1.417 1.417 1.417 1.417 1.406 1.406 1.409 1.406 1.406 1.406 1.406 1.406 1.406 1.406 1.406 1.406 1.406 1.406 1.406 1.406 1.406 1.406 1.406 1.406 1.406 1.406 1.433 1.433 1.435 1.433 1.433 1.433 1.433 1.433 1.433 1.433 1.433 1.433 1.433 1.433 1.433 1.433 1.433 1.433 1.433 1.433 1.433 1.433
0.0152 0.01508 8.12000 2.4000000954 2.5823423892    2.398  1.579  4.0215  4.277    1  0.000  0.545     0.00     0.00     0.00     0.00     0.00 -1 -1.62e-13      0.00 7.092e-01 2.756e-01 2.746e-03 7.408e-04 6.719e-03 -1.000 1.527e-02  1.051e+04          0          0          0          0      1.865      1.865 0.823 1.137 1.111 1.177 1.137 1.139 1.193 1.139 1.139 1.139 1.139 1.139 1.139 1.139 1.139 1.139 1.139 1.139 1.139 1.139 1.139 1.139 1.139 1.139 1.139 1.139 1.111 1.113 1.178 1.113 1.113 1.113 1.113 1.113 1.113 1.113 1.113 1.113 1.113 1.113 1.113 1.113 1.113 1.113 1.113 1.113 1.113 1.113 1.177 1.178 1.222 1.178 1.178 1.178 1.178 1.178 1.178 1.178 1.178 1.178 1.178 1.178 1.178 1.178 1.178 1.178 1.178 1.178 1.178 1.178
0.0152 0.01508 8.12000 2.5999999046 2.5874412955    2.600  1.725  4.0431  4.252    1  0.000  0.545     0.00     0.00     0.00     0.00     0.00 -1 -2.81e-13      0.00 7.092e-01 2.756e-01 2.746e-03 7.408e-04 6.719e-03 -1.000 1.527e-02  1.104e+04          0          0          0          0      1.998      1.998 0.457 0.877 0.839 0.933 0.877 0.878 0.880 0.878 0.878 0.878 0.878 0.878 0.878 0.878 0.878 0.878 0.878 0.878 0.878 0.878 0.878 0.878 0.878 0.878 0.878 0.878 0.839 0.840 0.843 0.840 0.840 0.840 0.840 0.840 0.840 0.840 0.840 0.840 0.840 0.840 0.840 0.840 0.840 0.840 0.840 0.840 0.840 0.840 0.933 0.935 0.936 0.935 0.935 0.935 0.935 0.935 0.935 0.935 0.935 0.935 0.935 0.935 0.935 0.935 0.935 0.935 0.935 0.935 0.935 0.935
0.0152 0.01508 8.12000 2.8000001907 2.5917117867    2.801  1.864  4.0624  4.223    1  0.000  0.545     0.00     0.00     0.00     0.00     0.00 -1 -5.57e-13      0.00 7.092e-01 2.756e-01 2.746e-03 7.408e-04 6.719e-03 -1.000 1.527e-02  1.155e+04          0          0          0          0      2.145      2.145 0.111 0.629 0.581 0.699 0.629 0.629 0.631 0.629 0.629 0.629 0.629 0.629 0.629 0.629 0.629 0.629 0.629 0.629 0.629 0.629 0.629 0.629 0.629 0.629 0.629 0.629 0.581 0.581 0.583 0.581 0.581 0.581 0.581 0.581 0.581 0.581 0.581 0.581 0.581 0.581 0.581 0.581 0.581 0.581 0.581 0.581 0.581 0.581 0.699 0.699 0.700 0.699 0.699 0.699 0.699 0.699 0.699 0.699 0.699 0.699 0.699 0.699 0.699 0.699 0.699 0.699 0.699 0.699 0.699 0.699
0.0152 0.01508 8.12000 3.0000000000 2.5953341962    3.000  1.995  4.0795  4.190    1  0.000  0.545     0.00     0.00     0.00     0.00     0.00 -1 -1.03e-12      0.00 7.092e-01 2.756e-01 2.746e-03 7.408e-04 6.719e-03 -1.000 1.527e-02  1.201e+04          0          0          0          0      2.308      2.308 -0.218 0.388 0.332 0.468 0.388 0.388 0.391 0.388 0.388 0.388 0.388 0.388 0.388 0.388 0.388 0.388 0.388 0.388 0.388 0.388 0.388 0.388 0.388 0.388 0.388 0.388 0.332 0.332 0.334 0.332 0.332 0.332 0.332 0.332 0.332 0.332 0.332 0.332 0.332 0.332 0.332 0.332 0.332 0.332 0.332 0.332 0.332 0.332 0.468 0.468 0.470 0.468 0.468 0.468 0.468 0.468 0.468 0.468 0.468 0.468 0.468 0.468 0.468 0.468 0.468 0.468 0.468 0.468 0.468 0.468
0.0152 0.01508 8.12000 3.0036008358 2.5953943489    3.004  1.998  4.0798  4.189    1  0.000  0.545     0.00     0.00     0.00     0.00     0.00 -1 -1.05e-12      0.00 7.092e-01 2.756e-01 2.746e-03 7.408e-04 6.719e-03 -1.000 1.527e-02  1.202e+04          0          0          0          0      2.311      2.311 -0.224 0.384 0.327 0.464 0.384 0.384 0.386 0.384 0.384 0.384 0.384 0.384 0.384 0.384 0.384 0.384 0.384 0.384 0.384 0.384 0.384 0.384 0.384 0.384 0.384 0.384 0.327 0.327 0.330 0.327 0.327 0.327 0.327 0.327 0.327 0.327 0.327 0.327 0.327 0.327 0.327 0.327 0.327 0.327 0.327 0.327 0.327 0.327 0.464 0.464 0.466 0.464 0.464 0.464 0.464 0.464 0.464 0.464 0.464 0.464 0.464 0.464 0.464 0.464 0.464 0.464 0.464 0.464 0.464 0.464
0.0152 0.01508 8.12000 3.2000000477 2.5984409005    3.199  2.122  4.0943  4.150    1  0.000  0.545     0.00     0.00     0.00     0.00     0.00 -1 -1.88e-12      0.00 7.092e-01 2.756e-01 2.746e-03 7.408e-04 6.719e-03 -1.000 1.527e-02  1.243e+04          0          0          0          0      2.494      2.494 -0.535 0.151 0.087 0.239 0.151 0.151 0.153 0.151 0.151 0.151 0.151 0.151 0.151 0.151 0.151 0.151 0.151 0.151 0.151 0.151 0.151 0.151 0.151 0.151 0.151 0.151 0.087 0.087 0.089 0.087 0.087 0.087 0.087 0.087 0.087 0.087 0.087 0.087 0.087 0.087 0.087 0.087 0.087 0.087 0.087 0.087 0.087 0.087 0.239 0.239 0.241 0.239 0.239 0.239 0.239 0.239 0.239 0.239 0.239 0.239 0.239 0.239 0.239 0.239 0.239 0.239 0.239 0.239 0.239 0.239
0.0152 0.01508 8.12000 3.3685238361 2.6007320098    3.365  2.225  4.1053  4.113    1  0.000  0.545     0.00     0.00     0.00     0.00     0.00 -1 -3.03e-12      0.00 7.092e-01 2.756e-01 2.746e-03 7.408e-04 6.719e-03 -1.000 1.527e-02  1.274e+04          0          0          0          0      2.668      2.668 -0.792 -0.047 -0.117 0.047 -0.047 -0.047 -0.045 -0.047 -0.047 -0.047 -0.047 -0.047 -0.047 -0.047 -0.047 -0.047 -0.047 -0.047 -0.047 -0.047 -0.047 -0.047 -0.047 -0.047 -0.047 -0.047 -0.117 -0.117 -0.114 -0.117 -0.117 -0.117 -0.117 -0.117 -0.117 -0.117 -0.117 -0.117 -0.117 -0.117 -0.117 -0.117 -0.117 -0.117 -0.117 -0.117 -0.117 -0.117 0.047 0.047 0.049 0.047 0.047 0.047 0.047 0.047 0.047 0.047 0.047 0.047 0.047 0.047 0.047 0.047 0.047 0.047 0.047 0.047 0.047 0.047
0.0152 0.01508 8.12000 3.4000000954 2.6011310876    3.397  2.244  4.1070  4.105    1  0.000  0.545     0.00     0.00     0.00     0.00     0.00 -1 -3.32e-12      0.00 7.092e-01 2.756e-01 2.746e-03 7.408e-04 6.719e-03 -1.000 1.527e-02  1.279e+04          0          0          0          0      2.707      2.707 -0.840 -0.086 -0.157 0.009 -0.086 -0.086 -0.084 -0.086 -0.086 -0.086 -0.086 -0.086 -0.086 -0.086 -0.086 -0.086 -0.086 -0.086 -0.086 -0.086 -0.086 -0.086 -0.086 -0.086 -0.086 -0.086 -0.157 -0.157 -0.154 -0.157 -0.157 -0.157 -0.157 -0.157 -0.157 -0.157 -0.157 -0.157 -0.157 -0.157 -0.157 -0.157 -0.157 -0.157 -0.157 -0.157 -0.157 -0.157 0.009 0.009 0.010 0.009 0.009 0.009 0.009 0.009 0.009 0.009 0.009 0.009 0.009 0.009 0.009 0.009 0.009 0.009 0.009 0.009 0.009 0.009
0.0152 0.01508 8.12000 3.5896213055 2.6033659292    3.585  2.357  4.1166  4.054    1  0.000  0.545     0.00     0.00     0.00     0.00     0.00 -1 -5.63e-12      0.00 7.092e-01 2.756e-01 2.746e-03 7.408e-04 6.719e-03 -1.000 1.527e-02  1.308e+04          0          0          0          0      2.949      2.949 -1.123 -0.317 -0.392 -0.217 -0.317 -0.317 -0.316 -0.317 -0.317 -0.317 -0.317 -0.317 -0.317 -0.317 -0.317 -0.317 -0.317 -0.317 -0.317 -0.317 -0.317 -0.317 -0.317 -0.317 -0.317 -0.317 -0.392 -0.393 -0.390 -0.393 -0.393 -0.393 -0.393 -0.393 -0.393 -0.393 -0.393 -0.393 -0.393 -0.393 -0.393 -0.393 -0.393 -0.393 -0.393 -0.393 -0.393 -0.393 -0.217 -0.217 -0.216 -0.217 -0.217 -0.217 -0.217 -0.217 -0.217 -0.217 -0.217 -0.217 -0.217 -0.217 -0.217 -0.217 -0.217 -0.217 -0.217 -0.217 -0.217 -0.217
0.0152 0.01508 8.12000 3.6000001431 2.6034804607    3.596  2.364  4.1170  4.050    1  0.000  0.545     0.00     0.00     0.00     0.00     0.00 -1 -5.79e-12      0.00 7.092e-01 2.756e-01 2.746e-03 7.408e-04 6.719e-03 -1.000 1.527e-02  1.309e+04          0          0          0          0      2.966      2.966 -1.139 -0.331 -0.406 -0.231 -0.331 -0.331 -0.329 -0.331 -0.331 -0.331 -0.331 -0.331 -0.331 -0.331 -0.331 -0.331 -0.331 -0.331 -0.331 -0.331 -0.331 -0.331 -0.331 -0.331 -0.331 -0.331 -0.406 -0.406 -0.404 -0.406 -0.406 -0.406 -0.406 -0.406 -0.406 -0.406 -0.406 -0.406 -0.406 -0.406 -0.406 -0.406 -0.406 -0.406 -0.406 -0.406 -0.406 -0.406 -0.231 -0.231 -0.229 -0.231 -0.231 -0.231 -0.231 -0.231 -0.231 -0.231 -0.231 -0.231 -0.231 -0.231 -0.231 -0.231 -0.231 -0.231 -0.231 -0.231 -0.231 -0.231
0.0152 0.01508 8.12000 3.7646591663 2.6052007752    3.760  2.462  4.1222  3.992    1  0.000  0.545     0.00     0.00     0.00     0.00     0.00 -1 -9.13e-12      0.00 7.092e-01 2.756e-01 2.746e-03 7.408e-04 6.719e-03 -1.000 1.527e-02  1.325e+04          0          0          0          0      3.246      3.246 -1.385 -0.549 -0.627 -0.445 -0.549 -0.549 -0.547 -0.549 -0.549 -0.549 -0.549 -0.549 -0.549 -0.549 -0.549 -0.549 -0.549 -0.549 -0.549 -0.549 -0.549 -0.549 -0.549 -0.549 -0.549 -0.549 -0.627 -0.627 -0.625 -0.627 -0.627 -0.627 -0.627 -0.627 -0.627 -0.627 -0.627 -0.627 -0.627 -0.627 -0.627 -0.627 -0.627 -0.627 -0.627 -0.627 -0.627 -0.627 -0.445 -0.445 -0.444 -0.445 -0.445 -0.445 -0.445 -0.445 -0.445 -0.445 -0.445 -0.445 -0.445 -0.445 -0.445 -0.445 -0.445 -0.445 -0.445 -0.445 -0.445 -0.445
0.0152 0.01508 8.12000 3.8000001907 2.6055477311    3.796  2.483  4.1231  3.978    1  0.000  0.545     0.00     0.00     0.00     0.00     0.00 -1 -1.01e-11      0.00 7.092e-01 2.756e-01 2.746e-03 7.408e-04 6.719e-03 -1.000 1.527e-02  1.328e+04          0          0          0          0      3.314      3.314 -1.438 -0.597 -0.676 -0.493 -0.597 -0.597 -0.596 -0.597 -0.597 -0.597 -0.597 -0.597 -0.597 -0.597 -0.597 -0.597 -0.597 -0.597 -0.597 -0.597 -0.597 -0.597 -0.597 -0.597 -0.597 -0.597 -0.676 -0.676 -0.674 -0.676 -0.676 -0.676 -0.676 -0.676 -0.676 -0.676 -0.676 -0.676 -0.676 -0.676 -0.676 -0.676 -0.676 -0.676 -0.676 -0.676 -0.676 -0.676 -0.493 -0.494 -0.492 -0.494 -0.494 -0.494 -0.494 -0.494 -0.494 -0.494 -0.494 -0.494 -0.494 -0.494 -0.494 -0.494 -0.494 -0.494 -0.494 -0.494 -0.494 -0.494
0.0152 0.01508 8.12000 3.9303398132 2.6067655274    3.929  2.561  4.1242  3.920    1  0.000  0.545     0.00     0.00     0.00     0.00     0.00 -1 -1.43e-11      0.00 7.092e-01 2.756e-01 2.746e-03 7.408e-04 6.719e-03 -1.000 1.527e-02  1.331e+04          0          0          0          0      3.605      3.605 -1.632 -0.785 -0.864 -0.680 -0.785 -0.785 -0.783 -0.785 -0.785 -0.785 -0.785 -0.785 -0.785 -0.785 -0.785 -0.785 -0.785 -0.785 -0.785 -0.785 -0.785 -0.785 -0.785 -0.785 -0.785 -0.785 -0.864 -0.864 -0.862 -0.864 -0.864 -0.864 -0.864 -0.864 -0.864 -0.864 -0.864 -0.864 -0.864 -0.864 -0.864 -0.864 -0.864 -0.864 -0.864 -0.864 -0.864 -0.864 -0.680 -0.680 -0.679 -0.680 -0.680 -0.680 -0.680 -0.680 -0.680 -0.680 -0.680 -0.680 -0.680 -0.680 -0.680 -0.680 -0.680 -0.680 -0.680 -0.680 -0.680 -0.680
0.0152 0.01508 8.12000 4.0000000000 2.6073790840    3.999  2.602  4.1238  3.885    1  0.000  0.545     0.00     0.00     0.00     0.00     0.00 -1 -1.73e-11      0.00 7.092e-01 2.756e-01 2.746e-03 7.408e-04 6.719e-03 -1.000 1.527e-02   1.33e+04          0          0          0          0       3.79       3.79 -1.736 -0.892 -0.971 -0.788 -0.892 -0.892 -0.891 -0.892 -0.892 -0.892 -0.892 -0.892 -0.892 -0.892 -0.892 -0.892 -0.892 -0.892 -0.892 -0.892 -0.892 -0.892 -0.892 -0.892 -0.892 -0.892 -0.971 -0.971 -0.969 -0.971 -0.971 -0.971 -0.971 -0.971 -0.971 -0.971 -0.971 -0.971 -0.971 -0.971 -0.971 -0.971 -0.971 -0.971 -0.971 -0.971 -0.971 -0.971 -0.788 -0.788 -0.787 -0.788 -0.788 -0.788 -0.788 -0.788 -0.788 -0.788 -0.788 -0.788 -0.788 -0.788 -0.788 -0.788 -0.788 -0.788 -0.788 -0.788 -0.788 -0.788
0.0152 0.01508 8.12000 4.0838632584 2.6080858994    4.081  2.653  4.1220  3.836    1  0.000  0.545     0.00     0.00     0.00     0.00     0.00 -1 -2.16e-11      0.00 7.092e-01 2.756e-01 2.746e-03 7.408e-04 6.719e-03 -1.000 1.527e-02  1.325e+04          0          0          0          0      4.046      4.046 -1.862 -1.029 -1.107 -0.926 -1.029 -1.029 -1.027 -1.029 -1.029 -1.029 -1.029 -1.029 -1.029 -1.029 -1.029 -1.029 -1.029 -1.029 -1.029 -1.029 -1.029 -1.029 -1.029 -1.029 -1.029 -1.029 -1.107 -1.107 -1.105 -1.107 -1.107 -1.107 -1.107 -1.107 -1.107 -1.107 -1.107 -1.107 -1.107 -1.107 -1.107 -1.107 -1.107 -1.107 -1.107 -1.107 -1.107 -1.107 -0.926 -0.926 -0.924 -0.926 -0.926 -0.926 -0.926 -0.926 -0.926 -0.926 -0.926 -0.926 -0.926 -0.926 -0.926 -0.926 -0.926 -0.926 -0.926 -0.926 -0.926 -0.926
0.0152 0.01508 8.12000 4.1648502350 2.6087374956    4.160  2.702  4.1181  3.779    1  0.000  0.545     0.00     0.00     0.00     0.00     0.00 -1 -2.68e-11      0.00 7.092e-01 2.756e-01 2.746e-03 7.408e-04 6.719e-03 -1.000 1.527e-02  1.313e+04          0          0          0          0      4.359      4.359 -1.985 -1.175 -1.251 -1.074 -1.175 -1.175 -1.173 -1.175 -1.175 -1.175 -1.175 -1.175 -1.175 -1.175 -1.175 -1.175 -1.175 -1.175 -1.175 -1.175 -1.175 -1.175 -1.175 -1.175 -1.175 -1.175 -1.251 -1.251 -1.249 -1.251 -1.251 -1.251 -1.251 -1.251 -1.251 -1.251 -1.251 -1.251 -1.251 -1.251 -1.251 -1.251 -1.251 -1.251 -1.251 -1.251 -1.251 -1.251 -1.074 -1.074 -1.073 -1.074 -1.074 -1.074 -1.074 -1.074 -1.074 -1.074 -1.074 -1.074 -1.074 -1.074 -1.074 -1.074 -1.074 -1.074 -1.074 -1.074 -1.074 -1.074
0.0152 0.01508 8.12000 4.1999998093 2.6090113217    4.194  2.724  4.1154  3.751    1  0.000  0.545     0.00     0.00     0.00     0.00     0.00 -1 -2.94e-11      0.00 7.092e-01 2.756e-01 2.746e-03 7.408e-04 6.719e-03 -1.000 1.527e-02  1.305e+04          0          0          0          0      4.526      4.526 -2.039 -1.244 -1.320 -1.145 -1.244 -1.244 -1.242 -1.244 -1.244 -1.244 -1.244 -1.244 -1.244 -1.244 -1.244 -1.244 -1.244 -1.244 -1.244 -1.244 -1.244 -1.244 -1.244 -1.244 -1.244 -1.244 -1.320 -1.320 -1.318 -1.320 -1.320 -1.320 -1.320 -1.320 -1.320 -1.320 -1.320 -1.320 -1.320 -1.320 -1.320 -1.320 -1.320 -1.320 -1.320 -1.320 -1.320 -1.320 -1.145 -1.145 -1.143 -1.145 -1.145 -1.145 -1.145 -1.145 -1.145 -1.145 -1.145 -1.145 -1.145 -1.145 -1.145 -1.145 -1.145 -1.145 -1.145 -1.145 -1.145 -1.145
0.0152 0.01508 8.12000 4.2334456444 2.6092670259    4.227  2.744  4.1128  3.723    1  0.000  0.545     0.00     0.00     0.00     0.00     0.00 -1 -3.21e-11      0.00 7.092e-01 2.756e-01 2.746e-03 7.408e-04 6.719e-03 -1.000 1.527e-02  1.297e+04          0          0          0          0      4.689      4.689 -2.090 -1.311 -1.385 -1.213 -1.311 -1.311 -1.309 -1.311 -1.311 -1.311 -1.311 -1.311 -1.311 -1.311 -1.311 -1.311 -1.311 -1.311 -1.311 -1.311 -1.311 -1.311 -1.311 -1.311 -1.311 -1.311 -1.385 -1.385 -1.383 -1.385 -1.385 -1.385 -1.385 -1.385 -1.385 -1.385 -1.385 -1.385 -1.385 -1.385 -1.385 -1.385 -1.385 -1.385 -1.385 -1.385 -1.385 -1.385 -1.213 -1.213 -1.211 -1.213 -1.213 -1.213 -1.213 -1.213 -1.213 -1.213 -1.213 -1.213 -1.213 -1.213 -1.213 -1.213 -1.213 -1.213 -1.213 -1.213 -1.213 -1.213
0.0152 0.01508 8.12000 4.2882180214 2.6096758880    4.281  2.778  4.1066  3.670    1  0.000  0.545     0.00     0.00     0.00     0.00     0.00 -1 -3.69e-11      0.00 7.092e-01 2.756e-01 2.746e-03 7.408e-04 6.719e-03 -1.000 1.527e-02  1.278e+04          0          0          0          0      5.017      5.017 -2.175 -1.430 -1.501 -1.335 -1.430 -1.430 -1.428 -1.430 -1.430 -1.430 -1.430 -1.430 -1.430 -1.430 -1.430 -1.430 -1.430 -1.430 -1.430 -1.430 -1.430 -1.430 -1.430 -1.430 -1.430 -1.430 -1.501 -1.501 -1.499 -1.501 -1.501 -1.501 -1.501 -1.501 -1.501 -1.501 -1.501 -1.501 -1.501 -1.501 -1.501 -1.501 -1.501 -1.501 -1.501 -1.501 -1.501 -1.501 -1.335 -1.335 -1.334 -1.335 -1.335 -1.335 -1.335 -1.335 -1.335 -1.335 -1.335 -1.335 -1.335 -1.335 -1.335 -1.335 -1.335 -1.335 -1.335 -1.335 -1.335 -1.335
0.0152 0.01508 8.12000 4.3369226456 2.6100294978    4.329  2.809  4.0999  3.617    1  0.000  0.545     0.00     0.00     0.00     0.00     0.00 -1 -4.18e-11      0.00 7.092e-01 2.756e-01 2.746e-03 7.408e-04 6.719e-03 -1.000 1.527e-02  1.259e+04          0          0          0          0       5.36       5.36 -2.252 -1.543 -1.612 -1.453 -1.543 -1.543 -1.542 -1.543 -1.543 -1.543 -1.543 -1.543 -1.543 -1.543 -1.543 -1.543 -1.543 -1.543 -1.543 -1.543 -1.543 -1.543 -1.543 -1.543 -1.543 -1.543 -1.612 -1.612 -1.609 -1.612 -1.612 -1.612 -1.612 -1.612 -1.612 -1.612 -1.612 -1.612 -1.612 -1.612 -1.612 -1.612 -1.612 -1.612 -1.612 -1.612 -1.612 -1.612 -1.453 -1.453 -1.451 -1.453 -1.453 -1.453 -1.453 -1.453 -1.453 -1.453 -1.453 -1.453 -1.453 -1.453 -1.453 -1.453 -1.453 -1.453 -1.453 -1.453 -1.453 -1.453
0.0152 0.01508 8.12000 4.3790154457 2.6103278277    4.371  2.836  4.0936  3.569    1  0.000  0.545     0.00     0.00     0.00     0.00     0.00 -1 -4.68e-11      0.00 7.092e-01 2.756e-01 2.746e-03 7.408e-04 6.719e-03 -1.000 1.527e-02  1.241e+04          0          0          0          0      5.695      5.695 -2.321 -1.648 -1.713 -1.561 -1.648 -1.648 -1.646 -1.648 -1.648 -1.648 -1.648 -1.648 -1.648 -1.648 -1.648 -1.648 -1.648 -1.648 -1.648 -1.648 -1.648 -1.648 -1.648 -1.648 -1.648 -1.648 -1.713 -1.713 -1.711 -1.713 -1.713 -1.713 -1.713 -1.713 -1.713 -1.713 -1.713 -1.713 -1.713 -1.713 -1.713 -1.713 -1.713 -1.713 -1.713 -1.713 -1.713 -1.713 -1.561 -1.561 -1.559 -1.561 -1.561 -1.561 -1.561 -1.561 -1.561 -1.561 -1.561 -1.561 -1.561 -1.561 -1.561 -1.561 -1.561 -1.561 -1.561 -1.561 -1.561 -1.561
0.0152 0.01508 8.12000 4.4000000954 2.6104741055    4.392  2.851  4.0906  3.544    1  0.000  0.545     0.00     0.00     0.00     0.00     0.00 -1 -4.97e-11      0.00 7.092e-01 2.756e-01 2.746e-03 7.408e-04 6.719e-03 -1.000 1.527e-02  1.232e+04          0          0          0          0      5.876      5.876 -2.359 -1.702 -1.766 -1.617 -1.702 -1.702 -1.700 -1.702 -1.702 -1.702 -1.702 -1.702 -1.702 -1.702 -1.702 -1.702 -1.702 -1.702 -1.702 -1.702 -1.702 -1.702 -1.702 -1.702 -1.702 -1.702 -1.766 -1.766 -1.764 -1.766 -1.766 -1.766 -1.766 -1.766 -1.766 -1.766 -1.766 -1.766 -1.766 -1.766 -1.766 -1.766 -1.766 -1.766 -1.766 -1.766 -1.766 -1.766 -1.617 -1.617 -1.615 -1.617 -1.617 -1.617 -1.617 -1.617 -1.617 -1.617 -1.617 -1.617 -1.617 -1.617 -1.617 -1.617 -1.617 -1.617 -1.617 -1.617 -1.617 -1.617
0.0152 0.01508 8.12000 4.4134740829 2.6105671858    4.405  2.861  4.0887  3.528    1  0.000  0.545     0.00     0.00     0.00     0.00     0.00 -1 -5.18e-11      0.00 7.092e-01 2.756e-01 2.746e-03 7.408e-04 6.719e-03 -1.000 1.527e-02  1.227e+04          0          0          0          0       5.99       5.99 -2.382 -1.737 -1.800 -1.652 -1.737 -1.737 -1.735 -1.737 -1.737 -1.737 -1.737 -1.737 -1.737 -1.737 -1.737 -1.737 -1.737 -1.737 -1.737 -1.737 -1.737 -1.737 -1.737 -1.737 -1.737 -1.737 -1.800 -1.800 -1.797 -1.800 -1.800 -1.800 -1.800 -1.800 -1.800 -1.800 -1.800 -1.800 -1.800 -1.800 -1.800 -1.800 -1.800 -1.800 -1.800 -1.800 -1.800 -1.800 -1.652 -1.652 -1.651 -1.652 -1.652 -1.652 -1.652 -1.652 -1.652 -1.652 -1.652 -1.652 -1.652 -1.652 -1.652 -1.652 -1.652 -1.652 -1.652 -1.652 -1.652 -1.652
0.0152 0.01508 8.12000 4.4357037544 2.6107193311    4.427  2.878  4.0864  3.504    1  0.000  0.545     0.00     0.00     0.00     0.00     0.00 -1 -5.57e-11      0.00 7.092e-01 2.756e-01 2.746e-03 7.408e-04 6.719e-03 -1.000 1.527e-02   1.22e+04          0          0          0          0      6.169      6.169 -2.425 -1.792 -1.854 -1.709 -1.792 -1.792 -1.790 -1.792 -1.792 -1.792 -1.792 -1.792 -1.792 -1.792 -1.792 -1.792 -1.792 -1.792 -1.792 -1.792 -1.792 -1.792 -1.792 -1.792 -1.792 -1.792 -1.854 -1.854 -1.852 -1.854 -1.854 -1.854 -1.854 -1.854 -1.854 -1.854 -1.854 -1.854 -1.854 -1.854 -1.854 -1.854 -1.854 -1.854 -1.854 -1.854 -1.854 -1.854 -1.709 -1.709 -1.707 -1.709 -1.709 -1.709 -1.709 -1.709 -1.709 -1.709 -1.709 -1.709 -1.709 -1.709 -1.709 -1.709 -1.709 -1.709 -1.709 -1.709 -1.709 -1.709
0.0152 0.01508 8.12000 4.4455265999 2.6107860039    4.437  2.892  4.0914  3.511    1  0.000  0.545     0.00     0.00     0.00     0.00     0.00 -1 -6.03e-11      0.00 7.092e-01 2.756e-01 2.746e-03 7.408e-04 6.719e-03 -1.000 1.527e-02  1.234e+04          0          0          0          0      6.126      6.126 -2.459 -1.799 -1.863 -1.713 -1.799 -1.799 -1.797 -1.799 -1.799 -1.799 -1.799 -1.799 -1.799 -1.799 -1.799 -1.799 -1.799 -1.799 -1.799 -1.799 -1.799 -1.799 -1.799 -1.799 -1.799 -1.799 -1.863 -1.863 -1.861 -1.863 -1.863 -1.863 -1.863 -1.863 -1.863 -1.863 -1.863 -1.863 -1.863 -1.863 -1.863 -1.863 -1.863 -1.863 -1.863 -1.863 -1.863 -1.863 -1.713 -1.713 -1.711 -1.713 -1.713 -1.713 -1.713 -1.713 -1.713 -1.713 -1.713 -1.713 -1.713 -1.713 -1.713 -1.713 -1.713 -1.713 -1.713 -1.713 -1.713 -1.713
0.0152 0.01508 8.12000 4.4596176147 2.6108810574    4.451  2.915  4.1017  3.531    1  0.000  0.545     0.00     0.00     0.00     0.00     0.00 -1 -6.92e-11      0.00 7.092e-01 2.756e-01 2.746e-03 7.408e-04 6.719e-03 -1.000 1.527e-02  1.264e+04          0          0          0          0      5.998      5.998 -2.516 -1.800 -1.869 -1.708 -1.800 -1.800 -1.798 -1.800 -1.800 -1.800 -1.800 -1.800 -1.800 -1.800 -1.800 -1.800 -1.800 -1.800 -1.800 -1.800 -1.800 -1.800 -1.800 -1.800 -1.800 -1.800 -1.869 -1.869 -1.867 -1.869 -1.869 -1.869 -1.869 -1.869 -1.869 -1.869 -1.869 -1.869 -1.869 -1.869 -1.869 -1.869 -1.869 -1.869 -1.869 -1.869 -1.869 -1.869 -1.708 -1.708 -1.707 -1.708 -1.708 -1.708 -1.708 -1.708 -1.708 -1.708 -1.708 -1.708 -1.708 -1.708 -1.708 -1.708 -1.708 -1.708 -1.708 -1.708 -1.708 -1.708
0.0152 0.01508 8.12000 4.4637446404 2.6109087663    4.455  2.931  4.1126  3.559    1  0.000  0.545     0.00     0.00     0.00     0.00     0.00 -1 -7.71e-11      0.00 7.092e-01 2.756e-01 2.746e-03 7.408e-04 6.719e-03 -1.000 1.527e-02  1.296e+04          0          0          0          0      5.812      5.812 -2.557 -1.781 -1.855 -1.683 -1.781 -1.781 -1.779 -1.781 -1.781 -1.781 -1.781 -1.781 -1.781 -1.781 -1.781 -1.781 -1.781 -1.781 -1.781 -1.781 -1.781 -1.781 -1.781 -1.781 -1.781 -1.781 -1.855 -1.855 -1.853 -1.855 -1.855 -1.855 -1.855 -1.855 -1.855 -1.855 -1.855 -1.855 -1.855 -1.855 -1.855 -1.855 -1.855 -1.855 -1.855 -1.855 -1.855 -1.855 -1.683 -1.683 -1.682 -1.683 -1.683 -1.683 -1.683 -1.683 -1.683 -1.683 -1.683 -1.683 -1.683 -1.683 -1.683 -1.683 -1.683 -1.683 -1.683 -1.683 -1.683 -1.683
0.0152 0.01508 8.12000 4.4656682014 2.6109216611    4.457  2.948  4.1236  3.586    1  0.000  0.545     0.00     0.00     0.00     0.00     0.00 -1 -8.62e-11      0.00 7.092e-01 2.756e-01 2.746e-03 7.408e-04 6.719e-03 -1.000 1.527e-02  1.329e+04          0          0          0          0      5.634      5.634 -2.599 -1.761 -1.840 -1.657 -1.761 -1.761 -1.759 -1.761 -1.761 -1.761 -1.761 -1.761 -1.761 -1.761 -1.761 -1.761 -1.761 -1.761 -1.761 -1.761 -1.761 -1.761 -1.761 -1.761 -1.761 -1.761 -1.840 -1.841 -1.838 -1.841 -1.841 -1.841 -1.841 -1.841 -1.841 -1.841 -1.841 -1.841 -1.841 -1.841 -1.841 -1.841 -1.841 -1.841 -1.841 -1.841 -1.841 -1.841 -1.657 -1.657 -1.656 -1.657 -1.657 -1.657 -1.657 -1.657 -1.657 -1.657 -1.657 -1.657 -1.657 -1.657 -1.657 -1.657 -1.657 -1.657 -1.657 -1.657 -1.657 -1.657
0.0152 0.01508 8.12000 4.4666609764 2.6109283112    4.458  2.966  4.1338  3.609    1  0.000  0.545     0.00     0.00     0.00     0.00     0.00 -1 -9.68e-11      0.00 7.092e-01 2.756e-01 2.746e-03 7.408e-04 6.719e-03 -1.000 1.527e-02  1.361e+04          0          0          0          0      5.485      5.485 -2.644 -1.748 -1.832 -1.638 -1.748 -1.747 -1.746 -1.747 -1.747 -1.747 -1.747 -1.747 -1.747 -1.747 -1.747 -1.747 -1.747 -1.747 -1.747 -1.747 -1.747 -1.747 -1.747 -1.747 -1.747 -1.747 -1.832 -1.832 -1.830 -1.832 -1.832 -1.832 -1.832 -1.832 -1.832 -1.832 -1.832 -1.832 -1.832 -1.832 -1.832 -1.832 -1.832 -1.832 -1.832 -1.832 -1.832 -1.832 -1.638 -1.638 -1.637 -1.638 -1.638 -1.638 -1.638 -1.638 -1.638 -1.638 -1.638 -1.638 -1.638 -1.638 -1.638 -1.638 -1.638 -1.638 -1.638 -1.638 -1.638 -1.638
0.0152 0.01508 8.12000 4.4672899246 2.6109325225    4.458  2.983  4.1429  3.628    1  0.000  0.545     0.00     0.00     0.00     0.00     0.00 -1 -1.08e-10      0.00 7.092e-01 2.756e-01 2.746e-03 7.408e-04 6.719e-03 -1.000 1.527e-02   1.39e+04          0          0          0          0      5.364      5.364 -2.686 -1.738 -1.827 -1.624 -1.738 -1.738 -1.737 -1.738 -1.738 -1.738 -1.738 -1.738 -1.738 -1.738 -1.738 -1.738 -1.738 -1.738 -1.738 -1.738 -1.738 -1.738 -1.738 -1.738 -1.738 -1.738 -1.827 -1.827 -1.825 -1.827 -1.827 -1.827 -1.827 -1.827 -1.827 -1.827 -1.827 -1.827 -1.827 -1.827 -1.827 -1.827 -1.827 -1.827 -1.827 -1.827 -1.827 -1.827 -1.624 -1.624 -1.623 -1.624 -1.624 -1.624 -1.624 -1.624 -1.624 -1.624 -1.624 -1.624 -1.624 -1.624 -1.624 -1.624 -1.624 -1.624 -1.624 -1.624 -1.624 -1.624
0.0152 0.01508 8.12000 4.4674820900 2.6109338089    4.458  2.987  4.1457  3.634    1  0.000  0.545     0.00     0.00     0.00     0.00     0.00 -1 -1.12e-10      0.00 7.092e-01 2.756e-01 2.746e-03 7.408e-04 6.719e-03 -1.000 1.527e-02  1.399e+04          0          0          0          0      5.326      5.326 -2.699 -1.735 -1.825 -1.620 -1.735 -1.735 -1.733 -1.735 -1.735 -1.735 -1.735 -1.735 -1.735 -1.735 -1.735 -1.735 -1.735 -1.735 -1.735 -1.735 -1.735 -1.735 -1.735 -1.735 -1.735 -1.735 -1.825 -1.825 -1.823 -1.825 -1.825 -1.825 -1.825 -1.825 -1.825 -1.825 -1.825 -1.825 -1.825 -1.825 -1.825 -1.825 -1.825 -1.825 -1.825 -1.825 -1.825 -1.825 -1.620 -1.620 -1.618 -1.620 -1.620 -1.620 -1.620 -1.620 -1.620 -1.620 -1.620 -1.620 -1.620 -1.620 -1.620 -1.620 -1.620 -1.620 -1.620 -1.620 -1.620 -1.620
0.0152 0.01508 8.12000 4.4675431252 2.6109342175    4.459  2.982  4.1442  3.634    1  0.000  0.545     0.00     0.00     0.00     0.00     0.00 -1 -1.09e-10      0.00 7.092e-01 2.756e-01 2.746e-03 7.408e-04 6.719e-03 -1.000 1.527e-02  1.394e+04          0          0          0          0      5.329      5.329 -2.684 -1.730 -1.818 -1.615 -1.730 -1.729 -1.728 -1.729 -1.729 -1.729 -1.729 -1.729 -1.729 -1.729 -1.729 -1.729 -1.729 -1.729 -1.729 -1.729 -1.729 -1.729 -1.729 -1.729 -1.729 -1.729 -1.818 -1.818 -1.816 -1.818 -1.818 -1.818 -1.818 -1.818 -1.818 -1.818 -1.818 -1.818 -1.818 -1.818 -1.818 -1.818 -1.818 -1.818 -1.818 -1.818 -1.818 -1.818 -1.615 -1.615 -1.613 -1.615 -1.615 -1.615 -1.615 -1.615 -1.615 -1.615 -1.615 -1.615 -1.615 -1.615 -1.615 -1.615 -1.615 -1.615 -1.615 -1.615 -1.615 -1.615
0.0152 0.01508 8.12000 4.4677643776 2.6109356984    4.459  2.960  4.1373  3.628    2  0.000  0.545     0.00     0.00     0.00     0.00     0.00 -1 -9.85e-11      0.00 7.092e-01 2.756e-01 2.746e-03 7.408e-04 6.719e-03 -1.000 1.527e-02  1.372e+04          0          0          0          0      5.365      5.365 -2.631 -1.714 -1.800 -1.603 -1.714 -1.714 -1.713 -1.714 -1.714 -1.714 -1.714 -1.714 -1.714 -1.714 -1.714 -1.714 -1.714 -1.714 -1.714 -1.714 -1.714 -1.714 -1.714 -1.714 -1.714 -1.714 -1.800 -1.800 -1.798 -1.800 -1.800 -1.800 -1.800 -1.800 -1.800 -1.800 -1.800 -1.800 -1.800 -1.800 -1.800 -1.800 -1.800 -1.800 -1.800 -1.800 -1.800 -1.800 -1.603 -1.603 -1.602 -1.603 -1.603 -1.603 -1.603 -1.603 -1.603 -1.603 -1.603 -1.603 -1.603 -1.603 -1.603 -1.603 -1.603 -1.603 -1.603 -1.603 -1.603 -1.603
0.0152 0.01508 8.12000 4.4679970741 2.6109372557    4.459  2.942  4.1256  3.600    2  0.000  0.545     0.00     0.00     0.00     0.00     0.00 -1 -8.62e-11      0.00 7.092e-01 2.756e-01 2.746e-03 7.408e-04 6.719e-03 -1.000 1.527e-02  1.336e+04          0          0          0          0      5.544      5.544 -2.584 -1.734 -1.814 -1.629 -1.734 -1.734 -1.732 -1.734 -1.734 -1.734 -1.734 -1.734 -1.734 -1.734 -1.734 -1.734 -1.734 -1.734 -1.734 -1.734 -1.734 -1.734 -1.734 -1.734 -1.734 -1.734 -1.814 -1.814 -1.812 -1.814 -1.814 -1.814 -1.814 -1.814 -1.814 -1.814 -1.814 -1.814 -1.814 -1.814 -1.814 -1.814 -1.814 -1.814 -1.814 -1.814 -1.814 -1.814 -1.629 -1.629 -1.628 -1.629 -1.629 -1.629 -1.629 -1.629 -1.629 -1.629 -1.629 -1.629 -1.629 -1.629 -1.629 -1.629 -1.629 -1.629 -1.629 -1.629 -1.629 -1.629
0.0152 0.01508 8.12000 4.4682202339 2.6109387491    4.459  2.940  4.1141  3.555    2  0.000  0.545     0.00     0.00     0.00     0.00     0.00 -1 -8.15e-11      0.00 7.092e-01 2.756e-01 2.746e-03 7.408e-04 6.719e-03 -1.000 1.527e-02  1.301e+04          0          0          0          0      5.842      5.842 -2.581 -1.796 -1.871 -1.697 -1.796 -1.796 -1.794 -1.796 -1.796 -1.796 -1.796 -1.796 -1.796 -1.796 -1.796 -1.796 -1.796 -1.796 -1.796 -1.796 -1.796 -1.796 -1.796 -1.796 -1.796 -1.796 -1.871 -1.871 -1.869 -1.871 -1.871 -1.871 -1.871 -1.871 -1.871 -1.871 -1.871 -1.871 -1.871 -1.871 -1.871 -1.871 -1.871 -1.871 -1.871 -1.871 -1.871 -1.871 -1.697 -1.698 -1.696 -1.698 -1.698 -1.698 -1.698 -1.698 -1.698 -1.698 -1.698 -1.698 -1.698 -1.698 -1.698 -1.698 -1.698 -1.698 -1.698 -1.698 -1.698 -1.698
0.0152 0.01508 8.12000 4.4684681892 2.6109404082    4.459  2.951  4.1027  3.499    2  0.000  0.545     0.00     0.00     0.00     0.00     0.00 -1 -8.26e-11      0.00 7.092e-01 2.756e-01 2.746e-03 7.408e-04 6.719e-03 -1.000 1.527e-02  1.267e+04          0          0          0          0      6.232      6.232 -2.607 -1.886 -1.955 -1.793 -1.886 -1.886 -1.884 -1.886 -1.886 -1.886 -1.886 -1.886 -1.886 -1.886 -1.886 -1.886 -1.886 -1.886 -1.886 -1.886 -1.886 -1.886 -1.886 -1.886 -1.886 -1.886 -1.955 -1.955 -1.953 -1.955 -1.955 -1.955 -1.955 -1.955 -1.955 -1.955 -1.955 -1.955 -1.955 -1.955 -1.955 -1.955 -1.955 -1.955 -1.955 -1.955 -1.955 -1.955 -1.793 -1.793 -1.792 -1.794 -1.794 -1.794 -1.793 -1.794 -1.794 -1.794 -1.793 -1.793 -1.794 -1.794 -1.793 -1.793 -1.793 -1.793 -1.794 -1.793 -1.793 -1.793
0.0152 0.01508 8.12000 4.4687523842 2.6109423095    4.460  2.965  4.0913  3.440    2  0.000  0.545     0.00     0.00     0.00     0.00     0.00 -1 -8.62e-11      0.00 7.092e-01 2.756e-01 2.746e-03 7.408e-04 6.719e-03 -1.000 1.527e-02  1.234e+04          0          0          0          0      6.672      6.672 -2.642 -1.982 -2.046 -1.897 -1.982 -1.982 -1.980 -1.982 -1.982 -1.982 -1.982 -1.982 -1.982 -1.982 -1.982 -1.982 -1.982 -1.982 -1.982 -1.982 -1.982 -1.982 -1.982 -1.982 -1.982 -1.982 -2.046 -2.046 -2.044 -2.046 -2.046 -2.046 -2.046 -2.046 -2.046 -2.046 -2.046 -2.046 -2.046 -2.046 -2.046 -2.046 -2.046 -2.046 -2.046 -2.046 -2.046 -2.046 -1.897 -1.897 -1.895 -1.897 -1.897 -1.897 -1.897 -1.897 -1.897 -1.897 -1.897 -1.897 -1.897 -1.897 -1.897 -1.897 -1.897 -1.897 -1.897 -1.897 -1.897 -1.897
0.0152 0.01508 8.12000 4.4690675735 2.6109444178    4.460  2.975  4.0799  3.384    2  0.000  0.545     0.00     0.00     0.00     0.00     0.00 -1 -8.88e-11      0.00 7.092e-01 2.756e-01 2.746e-03 7.408e-04 6.719e-03 -1.000 1.527e-02  1.202e+04          0          0          0          0      7.116      7.116 -2.667 -2.070 -2.129 -1.991 -2.070 -2.070 -2.068 -2.070 -2.070 -2.070 -2.070 -2.070 -2.070 -2.070 -2.070 -2.070 -2.070 -2.070 -2.070 -2.070 -2.070 -2.070 -2.070 -2.070 -2.070 -2.070 -2.129 -2.128 -2.126 -2.128 -2.128 -2.128 -2.128 -2.128 -2.128 -2.128 -2.128 -2.128 -2.128 -2.128 -2.128 -2.128 -2.128 -2.128 -2.128 -2.128 -2.128 -2.128 -1.991 -1.991 -1.990 -1.991 -1.991 -1.991 -1.991 -1.991 -1.991 -1.991 -1.991 -1.991 -1.991 -1.991 -1.991 -1.991 -1.991 -1.991 -1.991 -1.991 -1.991 -1.991
0.0152 0.01508 8.12000 4.4694924355 2.6109472592    4.461  2.983  4.0655  3.319    2  0.000  0.545     0.00     0.00     0.00     0.00     0.00 -1 -8.97e-11      0.00 7.092e-01 2.756e-01 2.746e-03 7.408e-04 6.719e-03 -1.000 1.527e-02  1.163e+04          0          0          0          0      7.671      7.671 -2.687 -2.164 -2.216 -2.095 -2.164 -2.164 -2.162 -2.164 -2.164 -2.164 -2.164 -2.164 -2.164 -2.164 -2.164 -2.164 -2.164 -2.164 -2.164 -2.164 -2.164 -2.164 -2.164 -2.164 -2.164 -2.164 -2.216 -2.216 -2.213 -2.216 -2.216 -2.216 -2.216 -2.216 -2.216 -2.216 -2.216 -2.216 -2.216 -2.216 -2.216 -2.216 -2.216 -2.216 -2.216 -2.216 -2.216 -2.216 -2.095 -2.095 -2.093 -2.095 -2.095 -2.095 -2.095 -2.095 -2.095 -2.095 -2.095 -2.095 -2.095 -2.095 -2.095 -2.095 -2.095 -2.095 -2.095 -2.095 -2.095 -2.095
0.0152 0.01508 8.12000 4.4698495865 2.6109496473    4.461  2.986  4.0539  3.269    2  0.000  0.545     0.00     0.00     0.00     0.00     0.00 -1 -8.89e-11      0.00 7.092e-01 2.756e-01 2.746e-03 7.408e-04 6.719e-03 -1.000 1.527e-02  1.132e+04          0          0          0          0      8.122      8.122 -2.695 -2.232 -2.278 -2.170 -2.232 -2.232 -2.229 -2.232 -2.232 -2.232 -2.232 -2.232 -2.232 -2.232 -2.232 -2.232 -2.232 -2.232 -2.232 -2.232 -2.232 -2.232 -2.232 -2.232 -2.232 -2.232 -2.278 -2.277 -2.275 -2.277 -2.277 -2.277 -2.277 -2.277 -2.277 -2.277 -2.277 -2.277 -2.277 -2.277 -2.277 -2.277 -2.277 -2.277 -2.277 -2.277 -2.277 -2.277 -2.170 -2.169 -2.168 -2.169 -2.169 -2.169 -2.169 -2.169 -2.169 -2.169 -2.169 -2.169 -2.169 -2.169 -2.169 -2.169 -2.169 -2.169 -2.169 -2.169 -2.169 -2.169
0.0152 0.01508 8.12000 4.4702143669 2.6109520859    4.461  2.987  4.0423  3.221    2  0.000  0.545     0.00     0.00     0.00     0.00     0.00 -1 -8.71e-11      0.00 7.092e-01 2.756e-01 2.746e-03 7.408e-04 6.719e-03 -1.000 1.527e-02  1.102e+04          0          0          0          0      8.583      8.583 -2.699 -2.295 -2.335 -2.240 -2.295 -2.294 -2.291 -2.294 -2.294 -2.294 -2.294 -2.294 -2.294 -2.294 -2.294 -2.294 -2.294 -2.294 -2.294 -2.294 -2.294 -2.294 -2.294 -2.294 -2.294 -2.294 -2.335 -2.333 -2.331 -2.333 -2.333 -2.333 -2.333 -2.333 -2.333 -2.333 -2.333 -2.333 -2.333 -2.333 -2.333 -2.333 -2.333 -2.333 -2.333 -2.333 -2.333 -2.333 -2.240 -2.239 -2.237 -2.239 -2.239 -2.239 -2.239 -2.239 -2.239 -2.239 -2.239 -2.239 -2.239 -2.239 -2.239 -2.239 -2.239 -2.239 -2.239 -2.239 -2.239 -2.239
0.0152 0.01508 8.12000 4.4705801010 2.6109545304    4.462  2.987  4.0305  3.174    2  0.000  0.545     0.00     0.00     0.00     0.00     0.00 -1 -9.82e-11      0.00 7.092e-01 2.756e-01 2.746e-03 7.408e-04 6.719e-03 -1.000 1.527e-02  1.073e+04          0          0          0          0      9.058      9.058 -2.698 -2.352 -2.386 -2.305 -2.352 -2.351 -2.348 -2.351 -2.351 -2.351 -2.351 -2.351 -2.351 -2.351 -2.351 -2.351 -2.351 -2.351 -2.351 -2.351 -2.351 -2.351 -2.351 -2.351 -2.351 -2.351 -2.386 -2.384 -2.381 -2.384 -2.384 -2.384 -2.384 -2.384 -2.384 -2.384 -2.384 -2.384 -2.384 -2.384 -2.384 -2.384 -2.384 -2.384 -2.384 -2.384 -2.384 -2.384 -2.305 -2.303 -2.301 -2.303 -2.303 -2.303 -2.303 -2.303 -2.303 -2.303 -2.303 -2.303 -2.303 -2.303 -2.303 -2.303 -2.303 -2.303 -2.303 -2.303 -2.303 -2.303
0.0152 0.01508 8.12000 4.4709396362 2.6109569331    4.462  2.986  4.0186  3.128    2  0.000  0.545     0.00     0.00     0.00     0.00     0.00 -1 -1.47e-10      0.00 7.092e-01 2.756e-01 2.746e-03 7.408e-04 6.719e-03 -1.000 1.527e-02  1.044e+04          0          0          0          0       9.55       9.55 -2.694 -2.405 -2.433 -2.366 -2.405 -2.404 -2.283 -2.404 -2.404 -2.404 -2.404 -2.404 -2.404 -2.404 -2.404 -2.404 -2.404 -2.404 -2.404 -2.404 -2.404 -2.404 -2.404 -2.404 -2.404 -2.404 -2.433 -2.431 -2.285 -2.431 -2.431 -2.431 -2.431 -2.431 -2.431 -2.431 -2.431 -2.431 -2.431 -2.431 -2.431 -2.431 -2.431 -2.431 -2.431 -2.431 -2.431 -2.431 -2.366 -2.365 -2.267 -2.365 -2.365 -2.365 -2.365 -2.365 -2.365 -2.365 -2.365 -2.365 -2.365 -2.365 -2.365 -2.365 -2.365 -2.365 -2.365 -2.365 -2.365 -2.365
0.0152 0.01508 8.12000 4.4712877274 2.6109592589    4.462  2.983  4.0067  3.083    2  0.000  0.545     0.00     0.00     0.00     0.00     0.00 -1 -2.38e-10      0.00 7.092e-01 2.756e-01 2.746e-03 7.408e-04 6.719e-03 -1.000 1.527e-02  1.016e+04          0          0          0          0      10.06      10.06 -2.688 -2.453 -2.474 -2.423 -2.453 -2.453 -2.109 -2.453 -2.453 -2.453 -2.453 -2.453 -2.453 -2.453 -2.453 -2.453 -2.453 -2.453 -2.453 -2.453 -2.453 -2.453 -2.453 -2.453 -2.453 -2.453 -2.474 -2.474 -2.057 -2.474 -2.474 -2.474 -2.474 -2.474 -2.474 -2.474 -2.474 -2.474 -2.474 -2.474 -2.474 -2.474 -2.474 -2.474 -2.474 -2.474 -2.474 -2.474 -2.423 -2.422 -2.146 -2.422 -2.422 -2.422 -2.422 -2.422 -2.422 -2.422 -2.422 -2.422 -2.422 -2.422 -2.422 -2.422 -2.422 -2.422 -2.422 -2.422 -2.422 -2.422
0.0152 0.01508 8.12000 4.4716196060 2.6109614759    4.463  2.980  3.9947  3.039    2  0.000  0.545     0.00     0.00     0.00     0.00     0.00 -1 -4.12e-10      0.00 7.092e-01 2.756e-01 2.746e-03 7.408e-04 6.719e-03 -1.000 1.527e-02       9881          0          0          0          0      10.59      10.59 -2.679 -2.499 -2.513 -2.477 -2.499 -2.499 -2.496 -2.499 -2.499 -2.499 -2.499 -2.499 -2.499 -2.499 -2.499 -2.499 -2.499 -2.499 -2.499 -2.499 -2.499 -2.499 -2.499 -2.499 -2.499 -2.499 -2.513 -2.513 -2.510 -2.513 -2.513 -2.513 -2.513 -2.513 -2.513 -2.513 -2.513 -2.513 -2.513 -2.513 -2.513 -2.513 -2.513 -2.513 -2.513 -2.513 -2.513 -2.513 -2.477 -2.477 -2.475 -2.477 -2.477 -2.477 -2.477 -2.477 -2.477 -2.477 -2.477 -2.477 -2.477 -2.477 -2.477 -2.477 -2.477 -2.477 -2.477 -2.477 -2.477 -2.477
0.0152 0.01508 8.12000 4.4719338417 2.6109635748    4.463  2.975  3.9827  2.995    2  0.000  0.545     0.00     0.00     0.00     0.00     0.00 -1 -6.58e-10      0.00 7.092e-01 2.756e-01 2.746e-03 7.408e-04 6.719e-03 -1.000 1.527e-02       9611          0          0          0          0      11.13      11.13 -2.668 -2.540 -2.547 -2.529 -2.540 -2.541 -2.538 -2.540 -2.541 -2.541 -2.541 -2.541 -2.541 -2.541 -2.541 -2.541 -2.541 -2.541 -2.541 -2.541 -2.541 -2.541 -2.541 -2.541 -2.541 -2.541 -2.547 -2.547 -2.544 -2.547 -2.547 -2.547 -2.547 -2.547 -2.547 -2.547 -2.547 -2.547 -2.547 -2.547 -2.547 -2.547 -2.547 -2.547 -2.547 -2.547 -2.547 -2.547 -2.529 -2.530 -2.527 -2.529 -2.530 -2.530 -2.530 -2.530 -2.530 -2.530 -2.530 -2.530 -2.530 -2.530 -2.530 -2.530 -2.530 -2.530 -2.530 -2.530 -2.530 -2.530
0.0152 0.01508 8.12000 4.4722290039 2.6109655459    4.463  2.970  3.9707  2.952    2  0.000  0.545     0.00     0.00     0.00     0.00     0.00 -1 -8.45e-10      0.00 7.092e-01 2.756e-01 2.746e-03 7.408e-04 6.719e-03 -1.000 1.527e-02       9349          0          0          0          0       11.7       11.7 -2.656 -2.579 -2.579 -2.578 -2.579 -2.579 -2.576 -2.579 -2.579 -2.579 -2.579 -2.579 -2.579 -2.579 -2.579 -2.579 -2.579 -2.579 -2.579 -2.579 -2.579 -2.579 -2.579 -2.579 -2.579 -2.579 -2.579 -2.578 -2.575 -2.578 -2.578 -2.578 -2.578 -2.578 -2.578 -2.578 -2.578 -2.578 -2.578 -2.578 -2.578 -2.578 -2.578 -2.578 -2.578 -2.578 -2.578 -2.578 -2.578 -2.578 -2.575 -2.578 -2.578 -2.578 -2.578 -2.578 -2.578 -2.578 -2.578 -2.578 -2.578 -2.578 -2.578 -2.578 -2.578 -2.578 -2.578 -2.578 -2.578 -2.578
0.0152 0.01508 8.12000 4.4725050926 2.6109673894    4.463  2.965  3.9586  2.910    2  0.000  0.545     0.00     0.00     0.00     0.00     0.00 -1 -8.55e-10      0.00 7.092e-01 2.756e-01 2.746e-03 7.408e-04 6.719e-03 -1.000 1.527e-02       9093          0          0          0          0      12.29      12.29 -2.642 -2.613 -2.605 -2.627 -2.613 -2.612 -2.609 -2.612 -2.612 -2.612 -2.612 -2.612 -2.612 -2.612 -2.612 -2.612 -2.612 -2.612 -2.612 -2.612 -2.612 -2.612 -2.612 -2.612 -2.612 -2.612 -2.605 -2.603 -2.600 -2.603 -2.603 -2.603 -2.603 -2.603 -2.603 -2.603 -2.603 -2.603 -2.603 -2.603 -2.603 -2.603 -2.603 -2.603 -2.603 -2.603 -2.603 -2.603 -2.627 -2.625 -2.623 -2.625 -2.625 -2.625 -2.625 -2.625 -2.625 -2.625 -2.625 -2.625 -2.625 -2.625 -2.625 -2.625 -2.625 -2.625 -2.625 -2.625 -2.625 -2.625
0.0152 0.01508 8.12000 4.4727630615 2.6109691117    4.464  2.958  3.9466  2.868    2  0.000  0.545     0.00     0.00     0.00     0.00     0.00 -1 -8.05e-10      0.00 7.092e-01 2.756e-01 2.746e-03 7.408e-04 6.719e-03 -1.000 1.527e-02       8844          0          0          0          0       12.9       12.9 -2.626 -2.643 -2.626 -2.670 -2.643 -2.641 -2.638 -2.641 -2.641 -2.641 -2.641 -2.641 -2.641 -2.641 -2.641 -2.641 -2.641 -2.641 -2.641 -2.641 -2.641 -2.641 -2.641 -2.641 -2.641 -2.641 -2.626 -2.624 -2.620 -2.624 -2.624 -2.624 -2.624 -2.624 -2.624 -2.624 -2.624 -2.624 -2.624 -2.624 -2.624 -2.624 -2.624 -2.624 -2.624 -2.624 -2.624 -2.624 -2.670 -2.668 -2.666 -2.668 -2.668 -2.668 -2.668 -2.668 -2.668 -2.668 -2.668 -2.668 -2.668 -2.668 -2.668 -2.668 -2.668 -2.668 -2.668 -2.668 -2.668 -2.668
0.0152 0.01508 8.12000 4.4730033875 2.6109707160    4.464  2.952  3.9345  2.826    2  0.000  0.545     0.00     0.00     0.00     0.00     0.00 -1 -7.56e-10      0.00 7.092e-01 2.756e-01 2.746e-03 7.408e-04 6.719e-03 -1.000 1.527e-02       8601          0          0          0          0      13.52      13.52 -2.609 -2.667 -2.640 -2.710 -2.667 -2.664 -2.661 -2.664 -2.664 -2.664 -2.664 -2.664 -2.664 -2.664 -2.664 -2.664 -2.664 -2.664 -2.664 -2.664 -2.664 -2.664 -2.664 -2.664 -2.664 -2.664 -2.640 -2.638 -2.634 -2.638 -2.638 -2.638 -2.638 -2.638 -2.638 -2.638 -2.638 -2.638 -2.638 -2.638 -2.638 -2.638 -2.638 -2.638 -2.638 -2.638 -2.638 -2.638 -2.710 -2.708 -2.706 -2.708 -2.708 -2.708 -2.708 -2.708 -2.708 -2.708 -2.708 -2.708 -2.708 -2.708 -2.708 -2.708 -2.708 -2.708 -2.708 -2.708 -2.708 -2.708
0.0152 0.01508 8.12000 4.4732265472 2.6109722055    4.464  2.944  3.9224  2.785    2  0.000  0.545     0.00     0.00     0.00     0.00     0.00 -1 -7.07e-10      0.00 7.092e-01 2.756e-01 2.746e-03 7.408e-04 6.719e-03 -1.000 1.527e-02       8365          0          0          0          0      14.18      14.18 -2.591 -2.682 -2.644 -2.746 -2.682 -2.681 -2.677 -2.681 -2.681 -2.681 -2.681 -2.681 -2.681 -2.681 -2.681 -2.681 -2.681 -2.681 -2.681 -2.681 -2.681 -2.681 -2.681 -2.681 -2.681 -2.681 -2.644 -2.643 -2.638 -2.643 -2.643 -2.643 -2.643 -2.643 -2.643 -2.643 -2.643 -2.643 -2.643 -2.643 -2.643 -2.643 -2.643 -2.643 -2.643 -2.643 -2.643 -2.643 -2.746 -2.744 -2.742 -2.744 -2.744 -2.744 -2.744 -2.744 -2.744 -2.744 -2.744 -2.744 -2.744 -2.744 -2.744 -2.744 -2.744 -2.744 -2.744 -2.744 -2.744 -2.744
0.0152 0.01508 8.12000 4.4734344482 2.6109735930    4.464  2.937  3.9103  2.744    2  0.000  0.545     0.00     0.00     0.00     0.00     0.00 -1  -6.6e-10      0.00 7.092e-01 2.756e-01 2.746e-03 7.408e-04 6.719e-03 -1.000 1.527e-02       8135          0          0          0          0      14.86      14.86 -2.571 -2.689 -2.637 -2.777 -2.689 -2.689 -2.684 -2.689 -2.689 -2.689 -2.689 -2.689 -2.689 -2.689 -2.689 -2.689 -2.689 -2.689 -2.689 -2.689 -2.689 -2.689 -2.689 -2.689 -2.689 -2.689 -2.637 -2.637 -2.632 -2.637 -2.637 -2.637 -2.637 -2.637 -2.637 -2.637 -2.637 -2.637 -2.637 -2.637 -2.637 -2.637 -2.637 -2.637 -2.637 -2.637 -2.637 -2.637 -2.777 -2.776 -2.774 -2.776 -2.776 -2.776 -2.776 -2.776 -2.776 -2.776 -2.776 -2.776 -2.776 -2.776 -2.776 -2.776 -2.776 -2.776 -2.776 -2.776 -2.776 -2.776
0.0152 0.01508 8.12000 4.4736275673 2.6109748817    4.465  2.928  3.8982  2.704    2  0.000  0.545     0.00     0.00     0.00     0.00     0.00 -1 -6.14e-10      0.00 7.092e-01 2.756e-01 2.746e-03 7.408e-04 6.719e-03 -1.000 1.527e-02       7911          0          0          0          0      15.57      15.57 -2.551 -2.691 -2.625 -2.804 -2.691 -2.691 -2.686 -2.691 -2.691 -2.691 -2.691 -2.691 -2.691 -2.691 -2.691 -2.691 -2.691 -2.691 -2.691 -2.691 -2.691 -2.691 -2.691 -2.691 -2.691 -2.691 -2.625 -2.625 -2.619 -2.625 -2.625 -2.625 -2.625 -2.625 -2.625 -2.625 -2.625 -2.625 -2.625 -2.625 -2.625 -2.625 -2.625 -2.625 -2.625 -2.625 -2.625 -2.625 -2.804 -2.804 -2.801 -2.804 -2.804 -2.804 -2.804 -2.804 -2.804 -2.804 -2.804 -2.804 -2.804 -2.804 -2.804 -2.804 -2.804 -2.804 -2.804 -2.804 -2.804 -2.804
0.0152 0.01508 8.12000 4.4738073349 2.6109760812    4.465  2.920  3.8861  2.664    2  0.000  0.545     0.00     0.00     0.00     0.00     0.00 -1 -5.71e-10      0.00 7.092e-01 2.756e-01 2.746e-03 7.408e-04 6.719e-03 -1.000 1.527e-02       7694          0          0          0          0      16.29      16.29 -2.529 -2.685 -2.603 -2.828 -2.685 -2.685 -2.681 -2.686 -2.685 -2.685 -2.685 -2.685 -2.685 -2.685 -2.685 -2.685 -2.685 -2.685 -2.685 -2.685 -2.685 -2.685 -2.685 -2.685 -2.685 -2.685 -2.603 -2.603 -2.597 -2.603 -2.603 -2.603 -2.603 -2.603 -2.603 -2.603 -2.603 -2.603 -2.603 -2.603 -2.603 -2.603 -2.603 -2.603 -2.603 -2.603 -2.603 -2.603 -2.828 -2.828 -2.825 -2.828 -2.828 -2.828 -2.828 -2.828 -2.828 -2.828 -2.828 -2.828 -2.828 -2.828 -2.828 -2.828 -2.828 -2.828 -2.828 -2.828 -2.828 -2.828
0.0152 0.01508 8.12000 4.4739747047 2.6109771979    4.465  2.911  3.8740  2.625    2  0.000  0.545     0.00     0.00     0.00     0.00     0.00 -1  -5.3e-10      0.00 7.092e-01 2.756e-01 2.746e-03 7.408e-04 6.719e-03 -1.000 1.527e-02       7483          0          0          0          0      17.05      17.05 -2.507 -2.674 -2.574 -2.849 -2.674 -2.674 -2.669 -2.674 -2.674 -2.674 -2.674 -2.674 -2.674 -2.674 -2.674 -2.674 -2.674 -2.674 -2.674 -2.674 -2.674 -2.674 -2.674 -2.674 -2.674 -2.674 -2.574 -2.574 -2.568 -2.574 -2.574 -2.574 -2.574 -2.574 -2.574 -2.574 -2.574 -2.574 -2.574 -2.574 -2.574 -2.574 -2.574 -2.574 -2.574 -2.574 -2.574 -2.574 -2.849 -2.849 -2.846 -2.849 -2.849 -2.849 -2.849 -2.849 -2.849 -2.849 -2.849 -2.849 -2.849 -2.849 -2.849 -2.849 -2.849 -2.849 -2.849 -2.849 -2.849 -2.849
0.0152 0.01508 8.12000 4.4741296768 2.6109782318    4.465  2.902  3.8620  2.586    2  0.000  0.545     0.00     0.00     0.00     0.00     0.00 -1 -4.91e-10      0.00 7.092e-01 2.756e-01 2.746e-03 7.408e-04 6.719e-03 -1.000 1.527e-02       7278          0          0          0          0      17.83      17.83 -2.484 -2.660 -2.540 -2.869 -2.660 -2.660 -2.654 -2.660 -2.660 -2.660 -2.660 -2.660 -2.660 -2.660 -2.660 -2.660 -2.660 -2.660 -2.660 -2.660 -2.660 -2.660 -2.660 -2.660 -2.660 -2.660 -2.540 -2.539 -2.532 -2.539 -2.539 -2.539 -2.539 -2.539 -2.539 -2.539 -2.539 -2.539 -2.539 -2.539 -2.539 -2.539 -2.539 -2.539 -2.539 -2.539 -2.539 -2.539 -2.869 -2.868 -2.865 -2.868 -2.868 -2.868 -2.868 -2.868 -2.868 -2.868 -2.868 -2.868 -2.868 -2.868 -2.868 -2.868 -2.868 -2.868 -2.868 -2.868 -2.868 -2.868
0.0152 0.01508 8.12000 4.4742751122 2.6109792020    4.465  2.892  3.8499  2.547    2  0.000  0.545     0.00     0.00     0.00     0.00     0.00 -1 -4.54e-10      0.00 7.092e-01 2.756e-01 2.746e-03 7.408e-04 6.719e-03 -1.000 1.527e-02       7078          0          0          0          0      18.65      18.65 -2.460 -2.641 -2.499 -2.885 -2.641 -2.640 -2.634 -2.640 -2.640 -2.640 -2.640 -2.640 -2.640 -2.640 -2.640 -2.640 -2.640 -2.640 -2.640 -2.640 -2.640 -2.640 -2.640 -2.640 -2.640 -2.640 -2.499 -2.498 -2.490 -2.498 -2.498 -2.498 -2.498 -2.498 -2.498 -2.498 -2.498 -2.498 -2.498 -2.498 -2.498 -2.498 -2.498 -2.498 -2.498 -2.498 -2.498 -2.498 -2.885 -2.883 -2.881 -2.883 -2.883 -2.883 -2.883 -2.883 -2.883 -2.883 -2.883 -2.883 -2.883 -2.883 -2.883 -2.883 -2.883 -2.883 -2.883 -2.883 -2.883 -2.883
0.0152 0.01508 8.12000 4.4744105339 2.6109801053    4.465  2.882  3.8379  2.509    2  0.000  0.545     0.00     0.00     0.00     0.00     0.00 -1  -4.2e-10      0.00 7.092e-01 2.756e-01 2.746e-03 7.408e-04 6.719e-03 -1.000 1.527e-02       6886          0          0          0          0      19.49      19.49 -2.436 -2.619 -2.455 -2.897 -2.619 -2.617 -2.611 -2.617 -2.617 -2.617 -2.617 -2.617 -2.617 -2.617 -2.617 -2.617 -2.617 -2.617 -2.617 -2.617 -2.617 -2.617 -2.617 -2.617 -2.617 -2.617 -2.455 -2.454 -2.446 -2.454 -2.454 -2.454 -2.454 -2.454 -2.454 -2.454 -2.454 -2.454 -2.454 -2.454 -2.454 -2.454 -2.454 -2.454 -2.454 -2.454 -2.454 -2.454 -2.897 -2.894 -2.891 -2.894 -2.894 -2.894 -2.894 -2.894 -2.894 -2.894 -2.894 -2.894 -2.894 -2.894 -2.894 -2.894 -2.894 -2.894 -2.894 -2.894 -2.894 -2.894
0.0152 0.01508 8.12000 4.4745368958 2.6109809481    4.465  2.873  3.8259  2.471    2  0.000  0.545     0.00     0.00     0.00     0.00     0.00 -1 -3.88e-10      0.00 7.092e-01 2.756e-01 2.746e-03 7.408e-04 6.719e-03 -1.000 1.527e-02       6699          0          0          0          0      20.36      20.36 -2.411 -2.592 -2.403 -2.908 -2.592 -2.590 -2.584 -2.590 -2.590 -2.590 -2.590 -2.590 -2.590 -2.590 -2.590 -2.590 -2.590 -2.590 -2.590 -2.590 -2.590 -2.590 -2.590 -2.590 -2.590 -2.590 -2.403 -2.401 -2.393 -2.401 -2.401 -2.401 -2.401 -2.401 -2.401 -2.401 -2.401 -2.401 -2.401 -2.401 -2.401 -2.401 -2.401 -2.401 -2.401 -2.401 -2.401 -2.401 -2.908 -2.905 -2.902 -2.905 -2.905 -2.905 -2.905 -2.905 -2.905 -2.905 -2.905 -2.905 -2.905 -2.905 -2.905 -2.905 -2.905 -2.905 -2.905 -2.905 -2.905 -2.905
0.0152 0.01508 8.12000 4.4746551514 2.6109817368    4.466  2.862  3.8140  2.434    2  0.000  0.545     0.00     0.00     0.00     0.00     0.00 -1 -3.58e-10      0.00 7.092e-01 2.756e-01 2.746e-03 7.408e-04 6.719e-03 -1.000 1.527e-02       6518          0          0          0          0      21.25      21.25 -2.386 -2.560 -2.341 -2.920 -2.560 -2.558 -2.552 -2.558 -2.558 -2.558 -2.558 -2.558 -2.558 -2.558 -2.558 -2.558 -2.558 -2.558 -2.558 -2.558 -2.558 -2.558 -2.558 -2.558 -2.558 -2.558 -2.341 -2.339 -2.331 -2.339 -2.339 -2.339 -2.339 -2.339 -2.339 -2.339 -2.339 -2.339 -2.339 -2.339 -2.339 -2.339 -2.339 -2.339 -2.339 -2.339 -2.339 -2.339 -2.920 -2.918 -2.915 -2.918 -2.918 -2.918 -2.918 -2.918 -2.918 -2.918 -2.918 -2.918 -2.918 -2.918 -2.918 -2.918 -2.918 -2.918 -2.918 -2.918 -2.918 -2.918
0.0152 0.01508 8.12000 4.4747667313 2.6109824810    4.466  2.852  3.8021  2.396    2  0.000  0.545     0.00     0.00     0.00     0.00     0.00 -1  -3.3e-10      0.00 7.092e-01 2.756e-01 2.746e-03 7.408e-04 6.719e-03 -1.000 1.527e-02       6341          0          0          0          0      22.19      22.19 -2.360 -2.528 -2.283 -2.923 -2.528 -2.527 -2.521 -2.527 -2.527 -2.527 -2.527 -2.527 -2.527 -2.527 -2.527 -2.527 -2.527 -2.527 -2.527 -2.527 -2.527 -2.527 -2.527 -2.527 -2.527 -2.527 -2.283 -2.282 -2.274 -2.282 -2.282 -2.282 -2.282 -2.282 -2.282 -2.282 -2.282 -2.282 -2.282 -2.282 -2.282 -2.282 -2.282 -2.282 -2.282 -2.282 -2.282 -2.282 -2.923 -2.922 -2.918 -2.922 -2.922 -2.922 -2.922 -2.922 -2.922 -2.922 -2.922 -2.922 -2.922 -2.922 -2.922 -2.922 -2.922 -2.922 -2.922 -2.922 -2.922 -2.922
0.0152 0.01508 8.12000 4.4748716354 2.6109831805    4.466  2.841  3.7903  2.360    2  0.000  0.545     0.00     0.00     0.00     0.00     0.00 -1 -3.04e-10      0.00 7.092e-01 2.756e-01 2.746e-03 7.408e-04 6.719e-03 -1.000 1.527e-02       6171          0          0          0          0      23.15      23.15 -2.334 -2.495 -2.226 -2.920 -2.495 -2.495 -2.488 -2.495 -2.495 -2.495 -2.495 -2.495 -2.495 -2.495 -2.495 -2.495 -2.495 -2.495 -2.495 -2.495 -2.495 -2.495 -2.495 -2.495 -2.495 -2.495 -2.226 -2.226 -2.218 -2.226 -2.226 -2.226 -2.226 -2.226 -2.226 -2.226 -2.226 -2.226 -2.226 -2.226 -2.226 -2.226 -2.226 -2.226 -2.226 -2.226 -2.226 -2.226 -2.920 -2.919 -2.915 -2.919 -2.919 -2.919 -2.919 -2.919 -2.919 -2.919 -2.919 -2.919 -2.919 -2.919 -2.919 -2.919 -2.919 -2.919 -2.919 -2.919 -2.919 -2.919
0.0152 0.01508 8.12000 4.4749698639 2.6109838356    4.466  2.831  3.7787  2.324    2  0.000  0.545     0.00     0.00     0.00     0.00     0.00 -1  -2.8e-10      0.00 7.092e-01 2.756e-01 2.746e-03 7.408e-04 6.719e-03 -1.000 1.527e-02       6008          0          0          0          0      24.12      24.12 -2.307 -2.461 -2.168 -2.913 -2.461 -2.460 -2.454 -2.460 -2.460 -2.460 -2.460 -2.460 -2.460 -2.460 -2.460 -2.460 -2.460 -2.460 -2.460 -2.460 -2.460 -2.460 -2.460 -2.460 -2.460 -2.460 -2.168 -2.168 -2.160 -2.168 -2.168 -2.168 -2.168 -2.168 -2.168 -2.168 -2.168 -2.168 -2.168 -2.168 -2.168 -2.168 -2.168 -2.168 -2.168 -2.168 -2.168 -2.168 -2.913 -2.913 -2.909 -2.913 -2.913 -2.913 -2.913 -2.913 -2.913 -2.913 -2.913 -2.913 -2.913 -2.913 -2.913 -2.913 -2.913 -2.913 -2.913 -2.913 -2.913 -2.913
0.0152 0.01508 8.12000 4.4750399590 2.6109843030    4.466  2.823  3.7701  2.298    2  0.000  0.545     0.00     0.00     0.00     0.00     0.00 -1 -2.63e-10      0.00 7.092e-01 2.756e-01 2.746e-03 7.408e-04 6.719e-03 -1.000 1.527e-02       5891          0          0          0          0      24.86      24.86 -2.287 -2.433 -2.122 -2.906 -2.433 -2.433 -2.427 -2.433 -2.433 -2.433 -2.433 -2.433 -2.433 -2.433 -2.433 -2.433 -2.433 -2.433 -2.433 -2.433 -2.433 -2.433 -2.433 -2.433 -2.433 -2.433 -2.122 -2.122 -2.114 -2.122 -2.122 -2.122 -2.122 -2.122 -2.122 -2.122 -2.122 -2.122 -2.122 -2.122 -2.122 -2.122 -2.122 -2.122 -2.122 -2.122 -2.122 -2.122 -2.906 -2.905 -2.901 -2.905 -2.905 -2.905 -2.905 -2.905 -2.905 -2.905 -2.905 -2.905 -2.905 -2.905 -2.905 -2.905 -2.905 -2.905 -2.905 -2.905 -2.905 -2.905
0.0152 0.01508 8.12000 4.4751296043 2.6109849007    4.466  2.812  3.7592  2.265    2  0.000  0.545     0.00     0.00     0.00     0.00     0.00 -1 -2.42e-10      0.00 7.092e-01 2.756e-01 2.746e-03 7.408e-04 6.719e-03 -1.000 1.527e-02       5744          0          0          0          0      25.81      25.81 -2.259 -2.395 -2.061 -2.893 -2.395 -2.396 -2.389 -2.395 -2.396 -2.396 -2.396 -2.396 -2.396 -2.396 -2.396 -2.396 -2.396 -2.396 -2.396 -2.396 -2.396 -2.396 -2.396 -2.396 -2.396 -2.396 -2.061 -2.061 -2.053 -2.061 -2.061 -2.061 -2.061 -2.061 -2.061 -2.061 -2.061 -2.061 -2.061 -2.061 -2.061 -2.061 -2.061 -2.061 -2.061 -2.061 -2.061 -2.061 -2.893 -2.893 -2.889 -2.893 -2.893 -2.893 -2.893 -2.893 -2.893 -2.893 -2.893 -2.893 -2.893 -2.893 -2.893 -2.893 -2.893 -2.893 -2.893 -2.893 -2.893 -2.893
0.0152 0.01508 8.12000 4.4752144814 2.6109854666    4.466  2.800  3.7492  2.236    2  0.000  0.545     0.00     0.00     0.00     0.00     0.00 -1 -2.24e-10      0.00 7.092e-01 2.756e-01 2.746e-03 7.408e-04 6.719e-03 -1.000 1.527e-02       5613          0          0          0          0      26.68      26.68 -2.231 -2.355 -1.998 -2.875 -2.355 -2.355 -2.348 -2.355 -2.355 -2.355 -2.355 -2.355 -2.355 -2.355 -2.355 -2.355 -2.355 -2.355 -2.355 -2.355 -2.355 -2.355 -2.355 -2.355 -2.355 -2.355 -1.998 -1.998 -1.989 -1.998 -1.998 -1.998 -1.998 -1.998 -1.998 -1.998 -1.998 -1.998 -1.998 -1.998 -1.998 -1.998 -1.998 -1.998 -1.998 -1.998 -1.998 -1.998 -2.875 -2.875 -2.870 -2.875 -2.875 -2.875 -2.875 -2.875 -2.875 -2.875 -2.875 -2.875 -2.875 -2.875 -2.875 -2.875 -2.875 -2.875 -2.875 -2.875 -2.875 -2.875
0.0152 0.01508 8.12000 4.4752974510 2.6109860198    4.466  2.789  3.7401  2.212    2  0.000  0.545     0.00     0.00     0.00     0.00     0.00 -1 -2.12e-10      0.00 7.092e-01 2.756e-01 2.746e-03 7.408e-04 6.719e-03 -1.000 1.527e-02       5496          0          0          0          0      27.45      27.45 -2.202 -2.313 -1.936 -2.853 -2.313 -2.313 -2.307 -2.313 -2.313 -2.313 -2.313 -2.313 -2.313 -2.313 -2.313 -2.313 -2.313 -2.313 -2.313 -2.313 -2.313 -2.313 -2.314 -2.313 -2.313 -2.313 -1.936 -1.937 -1.928 -1.937 -1.937 -1.937 -1.937 -1.937 -1.937 -1.937 -1.937 -1.937 -1.937 -1.937 -1.937 -1.937 -1.937 -1.937 -1.937 -1.937 -1.937 -1.937 -2.853 -2.854 -2.849 -2.854 -2.854 -2.854 -2.854 -2.854 -2.854 -2.854 -2.854 -2.854 -2.854 -2.854 -2.854 -2.854 -2.854 -2.854 -2.854 -2.854 -2.854 -2.854
0.0152 0.01508 8.12000 4.4753851891 2.6109866048    4.466  2.775  3.7317  2.191    2  0.000  0.545     0.00     0.00     0.00     0.00     0.00 -1  -2.1e-10      0.00 7.092e-01 2.756e-01 2.746e-03 7.408e-04 6.719e-03 -1.000 1.527e-02       5391          0          0          0          0       28.1       28.1 -2.168 -2.263 -1.866 -2.821 -2.263 -2.263 -2.256 -2.263 -2.263 -2.263 -2.263 -2.263 -2.263 -2.263 -2.263 -2.263 -2.263 -2.263 -2.263 -2.263 -2.263 -2.263 -2.263 -2.263 -2.263 -2.263 -1.866 -1.866 -1.857 -1.866 -1.866 -1.866 -1.866 -1.866 -1.866 -1.866 -1.866 -1.866 -1.866 -1.866 -1.866 -1.866 -1.866 -1.866 -1.866 -1.866 -1.866 -1.866 -2.821 -2.821 -2.815 -2.821 -2.821 -2.821 -2.821 -2.821 -2.821 -2.821 -2.821 -2.821 -2.821 -2.821 -2.821 -2.821 -2.821 -2.821 -2.821 -2.821 -2.821 -2.821
0.0152 0.01508 8.12000 4.4755058289 2.6109874090    4.466  2.755  3.7225  2.175    2  0.000  0.545     0.00     0.00     0.00     0.00     0.00 -1 -2.22e-10      0.00 7.092e-01 2.756e-01 2.746e-03 7.408e-04 6.719e-03 -1.000 1.527e-02       5279          0          0          0          0      28.65      28.65 -2.119 -2.192 -1.774 -2.770 -2.192 -2.192 -2.187 -2.192 -2.192 -2.192 -2.192 -2.192 -2.192 -2.192 -2.192 -2.192 -2.192 -2.192 -2.192 -2.192 -2.192 -2.192 -2.192 -2.192 -2.192 -2.192 -1.774 -1.774 -1.768 -1.774 -1.774 -1.774 -1.774 -1.774 -1.774 -1.774 -1.774 -1.774 -1.774 -1.774 -1.774 -1.774 -1.774 -1.774 -1.774 -1.774 -1.774 -1.774 -2.770 -2.769 -2.766 -2.769 -2.769 -2.769 -2.769 -2.769 -2.769 -2.769 -2.769 -2.769 -2.769 -2.769 -2.769 -2.769 -2.769 -2.769 -2.769 -2.769 -2.769 -2.769
0.0152 0.01508 8.12000 4.4756355286 2.6109882736    4.466  2.733  3.7143  2.164    2  0.000  0.545     0.00     0.00     0.00     0.00     0.00 -1 -2.32e-10      0.00 7.092e-01 2.756e-01 2.746e-03 7.408e-04 6.719e-03 -1.000 1.527e-02       5180          0          0          0          0      28.99      28.99 -2.062 -2.116 -1.677 -2.711 -2.116 -2.116 -2.114 -2.116 -2.116 -2.116 -2.116 -2.116 -2.116 -2.116 -2.116 -2.116 -2.116 -2.116 -2.116 -2.116 -2.116 -2.116 -2.116 -2.116 -2.116 -2.116 -1.677 -1.677 -1.675 -1.677 -1.677 -1.677 -1.677 -1.677 -1.677 -1.677 -1.677 -1.677 -1.677 -1.677 -1.677 -1.677 -1.677 -1.677 -1.677 -1.677 -1.677 -1.677 -2.711 -2.711 -2.710 -2.711 -2.711 -2.711 -2.711 -2.711 -2.711 -2.711 -2.711 -2.711 -2.711 -2.711 -2.711 -2.711 -2.711 -2.711 -2.711 -2.711 -2.711 -2.711
0.0152 0.01508 8.12000 4.4757618904 2.6109891159    4.467  2.711  3.7073  2.158    2  0.000  0.545     0.00     0.00     0.00     0.00     0.00 -1 -2.38e-10      0.00 7.092e-01 2.756e-01 2.746e-03 7.408e-04 6.719e-03 -1.000 1.527e-02       5096          0          0          0          0       29.2       29.2 -2.007 -2.042 -1.586 -2.653 -2.042 -2.042 -2.042 -2.042 -2.042 -2.042 -2.042 -2.042 -2.042 -2.042 -2.042 -2.042 -2.042 -2.042 -2.042 -2.042 -2.042 -2.042 -2.042 -2.042 -2.042 -2.042 -1.586 -1.586 -1.586 -1.586 -1.586 -1.586 -1.586 -1.586 -1.586 -1.586 -1.586 -1.586 -1.586 -1.586 -1.586 -1.586 -1.586 -1.586 -1.586 -1.586 -1.586 -1.586 -2.653 -2.653 -2.653 -2.653 -2.653 -2.653 -2.653 -2.653 -2.653 -2.653 -2.653 -2.653 -2.653 -2.653 -2.653 -2.653 -2.653 -2.653 -2.653 -2.653 -2.653 -2.653
0.0152 0.01508 8.12000 4.4759044647 2.6109900662    4.467  2.689  3.6999  2.151    2  0.000  0.545     0.00     0.00     0.00     0.00     0.00 -1 -2.43e-10      0.00 7.092e-01 2.756e-01 2.746e-03 7.408e-04 6.719e-03 -1.000 1.527e-02       5011          0          0          0          0      29.45      29.45 -1.952 -1.969 -1.494 -2.595 -1.969 -1.969 -1.969 -1.969 -1.969 -1.969 -1.969 -1.969 -1.969 -1.969 -1.969 -1.969 -1.969 -1.969 -1.969 -1.969 -1.969 -1.969 -1.969 -1.969 -1.969 -1.969 -1.494 -1.494 -1.494 -1.494 -1.494 -1.494 -1.494 -1.494 -1.494 -1.494 -1.494 -1.494 -1.494 -1.494 -1.494 -1.494 -1.494 -1.494 -1.494 -1.494 -1.494 -1.494 -2.595 -2.595 -2.595 -2.595 -2.595 -2.595 -2.595 -2.595 -2.595 -2.595 -2.595 -2.595 -2.595 -2.595 -2.595 -2.595 -2.595 -2.595 -2.595 -2.595 -2.595 -2.595
0.0152 0.01508 8.12000 4.4761180878 2.6109914900    4.467  2.667  3.6896  2.131    2  0.000  0.545     0.00     0.00     0.00     0.00     0.00 -1 -2.62e-10      0.00 7.092e-01 2.756e-01 2.746e-03 7.408e-04 6.719e-03 -1.000 1.527e-02       4893          0          0          0          0      30.13      30.13 -1.898 -1.886 -1.384 -2.534 -1.886 -1.886 -1.886 -1.886 -1.886 -1.886 -1.886 -1.886 -1.886 -1.886 -1.886 -1.886 -1.886 -1.886 -1.886 -1.886 -1.886 -1.886 -1.886 -1.886 -1.886 -1.886 -1.384 -1.384 -1.384 -1.384 -1.384 -1.384 -1.384 -1.384 -1.384 -1.384 -1.384 -1.384 -1.384 -1.384 -1.384 -1.384 -1.384 -1.384 -1.384 -1.384 -1.384 -1.384 -2.534 -2.534 -2.534 -2.534 -2.534 -2.534 -2.534 -2.534 -2.534 -2.534 -2.534 -2.534 -2.534 -2.534 -2.534 -2.534 -2.534 -2.534 -2.534 -2.534 -2.534 -2.534
0.0152 0.01508 8.12000 4.4761738777 2.6109918618    4.467  2.663  3.6869  2.125    2  0.000  0.545     0.00     0.00     0.00     0.00     0.00 -1 -2.68e-10      0.00 7.092e-01 2.756e-01 2.746e-03 7.408e-04 6.719e-03 -1.000 1.527e-02       4862          0          0          0          0      30.34      30.34 -1.887 -1.867 -1.357 -2.521 -1.867 -1.867 -1.867 -1.867 -1.867 -1.867 -1.867 -1.867 -1.867 -1.867 -1.867 -1.867 -1.867 -1.867 -1.867 -1.867 -1.867 -1.867 -1.867 -1.867 -1.867 -1.867 -1.357 -1.357 -1.357 -1.357 -1.357 -1.357 -1.357 -1.357 -1.357 -1.357 -1.357 -1.357 -1.357 -1.357 -1.357 -1.357 -1.357 -1.357 -1.357 -1.357 -1.357 -1.357 -2.521 -2.521 -2.521 -2.521 -2.521 -2.521 -2.521 -2.521 -2.521 -2.521 -2.521 -2.521 -2.521 -2.521 -2.521 -2.521 -2.521 -2.521 -2.521 -2.521 -2.521 -2.521
0.0152 0.01508 8.12000 4.4762897491 2.6109926339    4.467  2.674  3.6814  2.091    3  0.000  0.545     3.01     2.85     2.17     1.56     1.27  4 -3.15e-10      0.00 7.092e-01 2.756e-01 2.746e-03 7.408e-04 6.719e-03 -1.000 1.527e-02       4802          0          0          0          0      31.57      31.57 -1.916 -1.879 -1.355 -2.546 -1.879 -1.879 -1.879 -1.879 -1.879 -1.879 -1.879 -1.879 -1.879 -1.879 -1.879 -1.879 -1.879 -1.879 -1.879 -1.879 -1.879 -1.879 -1.879 -1.879 -1.879 -1.879 -1.355 -1.355 -1.355 -1.355 -1.355 -1.355 -1.355 -1.355 -1.355 -1.355 -1.355 -1.355 -1.355 -1.355 -1.355 -1.355 -1.355 -1.355 -1.355 -1.355 -1.355 -1.355 -2.546 -2.546 -2.546 -2.546 -2.546 -2.546 -2.546 -2.546 -2.546 -2.546 -2.546 -2.546 -2.546 -2.546 -2.546 -2.546 -2.546 -2.546 -2.546 -2.546 -2.546 -2.546
0.0152 0.01508 8.12000 4.4764051437 2.6109934029    4.467  2.692  3.6760  2.052    3  0.000  0.545     3.27     3.06     2.32     1.67     1.36  4 -3.86e-10      0.00 7.091e-01 2.756e-01 2.746e-03 7.408e-04 6.719e-03 -1.000 1.527e-02       4742          0          0          0          0      33.02      33.02 -1.959 -1.904 -1.364 -2.583 -1.904 -1.904 -1.904 -1.904 -1.904 -1.904 -1.904 -1.904 -1.904 -1.904 -1.904 -1.904 -1.904 -1.904 -1.904 -1.904 -1.904 -1.904 -1.904 -1.904 -1.904 -1.904 -1.364 -1.364 -1.364 -1.364 -1.364 -1.364 -1.364 -1.364 -1.364 -1.364 -1.364 -1.364 -1.364 -1.364 -1.364 -1.364 -1.364 -1.364 -1.364 -1.364 -1.364 -1.364 -2.583 -2.583 -2.583 -2.583 -2.583 -2.583 -2.583 -2.583 -2.583 -2.583 -2.583 -2.583 -2.583 -2.583 -2.583 -2.583 -2.583 -2.583 -2.583 -2.583 -2.583 -2.583
0.0152 0.01508 8.12000 4.4765381813 2.6109942893    4.467  2.723  3.6699  1.997    3  0.000  0.544     3.67     3.38     2.55     1.84     1.50  4  -5.3e-10      0.00 7.091e-01 2.756e-01 2.743e-03 7.411e-04 6.719e-03 -1.000 1.527e-02       4676          0          0          0          0      35.21      35.21 -2.037 -1.961 -1.403 -2.654 -1.961 -1.961 -1.961 -1.961 -1.961 -1.961 -1.961 -1.961 -1.961 -1.961 -1.961 -1.961 -1.961 -1.961 -1.961 -1.961 -1.961 -1.961 -1.961 -1.961 -1.961 -1.961 -1.403 -1.403 -1.403 -1.403 -1.403 -1.403 -1.403 -1.403 -1.403 -1.403 -1.403 -1.403 -1.403 -1.403 -1.403 -1.403 -1.403 -1.403 -1.403 -1.403 -1.403 -1.403 -2.654 -2.654 -2.654 -2.654 -2.654 -2.654 -2.654 -2.654 -2.654 -2.654 -2.654 -2.654 -2.654 -2.654 -2.654 -2.654 -2.654 -2.654 -2.654 -2.654 -2.654 -2.654
0.0152 0.01508 8.12000 4.4766716957 2.6109951789    4.467  2.760  3.6643  1.937    3  0.000  0.541     4.16     3.77     2.83     2.04     1.67  4 -7.53e-10      0.00 7.091e-01 2.756e-01 2.728e-03 7.453e-04 6.719e-03 -1.000 1.527e-02       4615          0          0          0          0      37.73      37.73 -2.131 -2.033 -1.456 -2.740 -2.033 -2.033 -2.033 -2.033 -2.033 -2.033 -2.033 -2.033 -2.033 -2.033 -2.033 -2.033 -2.033 -2.033 -2.033 -2.033 -2.033 -2.033 -2.033 -2.033 -2.033 -2.033 -1.456 -1.456 -1.456 -1.456 -1.456 -1.456 -1.456 -1.456 -1.456 -1.456 -1.456 -1.456 -1.456 -1.456 -1.456 -1.456 -1.456 -1.456 -1.456 -1.456 -1.456 -1.456 -2.740 -2.740 -2.740 -2.740 -2.740 -2.740 -2.740 -2.740 -2.740 -2.740 -2.740 -2.740 -2.740 -2.740 -2.740 -2.740 -2.740 -2.740 -2.740 -2.740 -2.740 -2.740
0.0152 0.01508 8.12000 4.4768400192 2.6109963003    4.468  2.809  3.6582  1.864    3  0.000  0.528     4.85     4.30     3.21     2.32     1.90  4 -1.12e-09      0.00 7.090e-01 2.757e-01 2.659e-03 7.830e-04 6.719e-03 -1.000 1.528e-02       4552          0          0          0          0      40.98      40.98 -2.252 -2.130 -1.532 -2.852 -2.130 -2.130 -2.130 -2.130 -2.130 -2.130 -2.130 -2.130 -2.130 -2.130 -2.130 -2.130 -2.130 -2.130 -2.130 -2.130 -2.130 -2.130 -2.130 -2.130 -2.130 -2.130 -1.532 -1.532 -1.532 -1.532 -1.532 -1.532 -1.532 -1.532 -1.532 -1.532 -1.532 -1.532 -1.532 -1.532 -1.532 -1.532 -1.532 -1.532 -1.532 -1.532 -1.532 -1.532 -2.852 -2.852 -2.852 -2.852 -2.852 -2.852 -2.852 -2.852 -2.852 -2.852 -2.852 -2.852 -2.852 -2.852 -2.852 -2.852 -2.852 -2.852 -2.852 -2.852 -2.852 -2.852
0.0152 0.01508 8.12000 4.4770765305 2.6109978758    4.468  2.861  3.6523  1.788    3  0.000  0.484     5.69     4.93     3.66     2.65     2.17  4 -1.67e-09      0.00 7.089e-01 2.757e-01 2.440e-03 9.956e-04 6.719e-03 -1.000 1.531e-02       4490          0          0          0          0      44.73      44.73 -2.384 -2.237 -1.617 -2.974 -2.237 -2.237 -2.237 -2.237 -2.237 -2.237 -2.237 -2.237 -2.237 -2.237 -2.237 -2.237 -2.237 -2.237 -2.237 -2.237 -2.237 -2.237 -2.237 -2.237 -2.237 -2.237 -1.617 -1.617 -1.617 -1.617 -1.617 -1.617 -1.617 -1.617 -1.617 -1.617 -1.617 -1.617 -1.617 -1.617 -1.617 -1.617 -1.617 -1.617 -1.617 -1.617 -1.617 -1.617 -2.974 -2.974 -2.974 -2.974 -2.974 -2.974 -2.974 -2.974 -2.974 -2.974 -2.974 -2.974 -2.974 -2.974 -2.974 -2.974 -2.974 -2.974 -2.974 -2.974 -2.974 -2.974
0.0152 0.01508 8.12000 4.4771103859 2.6109981013    4.468  2.868  3.6516  1.779    3  0.000  0.477     5.80     5.01     3.72     2.69     2.21  4 -1.75e-09      0.00 7.089e-01 2.757e-01 2.405e-03 1.034e-03 6.719e-03 -1.000 1.532e-02       4483          0          0          0          0       45.2       45.2 -2.399 -2.250 -1.627 -2.989 -2.250 -2.250 -2.250 -2.250 -2.250 -2.250 -2.250 -2.250 -2.250 -2.250 -2.250 -2.250 -2.250 -2.250 -2.250 -2.250 -2.250 -2.250 -2.250 -2.250 -2.250 -2.250 -1.627 -1.627 -1.627 -1.627 -1.627 -1.627 -1.627 -1.627 -1.627 -1.627 -1.627 -1.627 -1.627 -1.627 -1.627 -1.627 -1.627 -1.627 -1.627 -1.627 -1.627 -1.627 -2.989 -2.989 -2.989 -2.989 -2.989 -2.989 -2.989 -2.989 -2.989 -2.989 -2.989 -2.989 -2.989 -2.989 -2.989 -2.989 -2.989 -2.989 -2.989 -2.989 -2.989 -2.989
0.0152 0.01508 8.12000 4.4771509171 2.6109983713    4.468  2.874  3.6509  1.770    3  0.000  0.470     5.92     5.10     3.78     2.74     2.24  4 -1.83e-09      0.00 7.089e-01 2.758e-01 2.369e-03 1.078e-03 6.719e-03 -1.000 1.533e-02       4476          0          0          0          0      45.68      45.68 -2.416 -2.263 -1.638 -3.004 -2.263 -2.263 -2.263 -2.263 -2.263 -2.263 -2.263 -2.263 -2.263 -2.263 -2.263 -2.263 -2.263 -2.263 -2.263 -2.263 -2.263 -2.263 -2.263 -2.263 -2.263 -2.263 -1.638 -1.638 -1.638 -1.638 -1.638 -1.638 -1.638 -1.638 -1.638 -1.638 -1.638 -1.638 -1.638 -1.638 -1.638 -1.638 -1.638 -1.638 -1.638 -1.638 -1.638 -1.638 -3.004 -3.004 -3.004 -3.004 -3.004 -3.004 -3.004 -3.004 -3.004 -3.004 -3.004 -3.004 -3.004 -3.004 -3.004 -3.004 -3.004 -3.004 -3.004 -3.004 -3.004 -3.004
0.0152 0.01508 8.12000 4.4771919250 2.6109986444    4.468  2.880  3.6503  1.761    3  0.000  0.465     6.02     5.18     3.83     2.78     2.28  4 -1.91e-09      0.00 7.089e-01 2.758e-01 2.341e-03 1.112e-03 6.719e-03 -1.000 1.533e-02       4469          0          0          0          0      46.13      46.13 -2.431 -2.275 -1.648 -3.018 -2.275 -2.275 -2.275 -2.275 -2.275 -2.275 -2.275 -2.275 -2.275 -2.275 -2.275 -2.275 -2.275 -2.275 -2.275 -2.275 -2.275 -2.275 -2.275 -2.275 -2.275 -2.275 -1.648 -1.648 -1.648 -1.648 -1.648 -1.648 -1.648 -1.648 -1.648 -1.648 -1.648 -1.648 -1.648 -1.648 -1.648 -1.648 -1.648 -1.648 -1.648 -1.648 -1.648 -1.648 -3.018 -3.018 -3.018 -3.018 -3.018 -3.018 -3.018 -3.018 -3.018 -3.018 -3.018 -3.018 -3.018 -3.018 -3.018 -3.018 -3.018 -3.018 -3.018 -3.018 -3.018 -3.018
0.0152 0.01508 8.12000 4.4772324562 2.6109989144    4.468  2.886  3.6497  1.753    3  0.000  0.458     6.13     5.25     3.89     2.82     2.31  4 -1.99e-09      0.00 7.089e-01 2.758e-01 2.308e-03 1.152e-03 6.719e-03 -1.000 1.534e-02       4463          0          0          0          0      46.56      46.56 -2.445 -2.287 -1.657 -3.031 -2.287 -2.287 -2.287 -2.287 -2.287 -2.287 -2.287 -2.287 -2.287 -2.287 -2.287 -2.287 -2.287 -2.287 -2.287 -2.287 -2.287 -2.287 -2.287 -2.287 -2.287 -2.287 -1.657 -1.657 -1.657 -1.657 -1.657 -1.657 -1.657 -1.657 -1.657 -1.657 -1.657 -1.657 -1.657 -1.657 -1.657 -1.657 -1.657 -1.657 -1.657 -1.657 -1.657 -1.657 -3.031 -3.031 -3.031 -3.031 -3.031 -3.031 -3.031 -3.031 -3.031 -3.031 -3.031 -3.031 -3.031 -3.031 -3.031 -3.031 -3.031 -3.031 -3.031 -3.031 -3.031 -3.031
0.0152 0.01508 8.12000 4.4772787094 2.6109992224    4.468  2.892  3.6490  1.744    3  0.000  0.451     6.24     5.34     3.94     2.86     2.34  4 -2.08e-09      0.00 7.089e-01 2.758e-01 2.274e-03 1.194e-03 6.719e-03 -1.000 1.534e-02       4456          0          0          0          0      47.03      47.03 -2.460 -2.299 -1.666 -3.045 -2.299 -2.299 -2.299 -2.299 -2.299 -2.299 -2.299 -2.299 -2.299 -2.299 -2.299 -2.299 -2.299 -2.299 -2.299 -2.299 -2.299 -2.299 -2.299 -2.299 -2.299 -2.299 -1.666 -1.666 -1.666 -1.666 -1.666 -1.666 -1.666 -1.666 -1.666 -1.666 -1.666 -1.666 -1.666 -1.666 -1.666 -1.666 -1.666 -1.666 -1.666 -1.666 -1.666 -1.666 -3.045 -3.045 -3.045 -3.045 -3.045 -3.045 -3.045 -3.045 -3.045 -3.045 -3.045 -3.045 -3.045 -3.045 -3.045 -3.045 -3.045 -3.045 -3.045 -3.045 -3.045 -3.045
0.0152 0.01508 8.12000 4.4773244858 2.6109995273    4.468  2.897  3.6484  1.736    3  0.000  0.445     6.34     5.41     4.00     2.90     2.38  4 -2.16e-09      0.00 7.088e-01 2.758e-01 2.244e-03 1.231e-03 6.719e-03 -1.000 1.535e-02       4450          0          0          0          0      47.46      47.46 -2.474 -2.310 -1.675 -3.057 -2.310 -2.310 -2.310 -2.310 -2.310 -2.310 -2.310 -2.310 -2.310 -2.310 -2.310 -2.310 -2.310 -2.310 -2.310 -2.310 -2.310 -2.310 -2.310 -2.310 -2.310 -2.310 -1.675 -1.675 -1.675 -1.675 -1.675 -1.675 -1.675 -1.675 -1.675 -1.675 -1.675 -1.675 -1.675 -1.675 -1.675 -1.675 -1.675 -1.675 -1.675 -1.675 -1.675 -1.675 -3.057 -3.057 -3.057 -3.057 -3.057 -3.057 -3.057 -3.057 -3.057 -3.057 -3.057 -3.057 -3.057 -3.057 -3.057 -3.057 -3.057 -3.057 -3.057 -3.057 -3.057 -3.057
0.0152 0.01508 8.12000 4.4773697853 2.6109998290    4.468  2.903  3.6479  1.729    3  0.000  0.441     6.45     5.49     4.05     2.94     2.41  4 -2.24e-09      0.00 7.088e-01 2.758e-01 2.222e-03 1.259e-03 6.719e-03 -1.000 1.535e-02       4444          0          0          0          0      47.89      47.89 -2.487 -2.321 -1.684 -3.070 -2.321 -2.321 -2.321 -2.321 -2.321 -2.321 -2.321 -2.321 -2.321 -2.321 -2.321 -2.321 -2.321 -2.321 -2.321 -2.321 -2.321 -2.321 -2.321 -2.321 -2.321 -2.321 -1.684 -1.684 -1.684 -1.684 -1.684 -1.684 -1.684 -1.684 -1.684 -1.684 -1.684 -1.684 -1.684 -1.684 -1.684 -1.684 -1.684 -1.684 -1.684 -1.684 -1.684 -1.684 -3.070 -3.070 -3.070 -3.070 -3.070 -3.070 -3.070 -3.070 -3.070 -3.070 -3.070 -3.070 -3.070 -3.070 -3.070 -3.070 -3.070 -3.070 -3.070 -3.070 -3.070 -3.070
0.0152 0.01508 8.12000 4.4774885178 2.6110006197    4.468  2.915  3.6466  1.711    3  0.000  0.431     6.69     5.66     4.18     3.03     2.48  4 -2.43e-09      0.00 7.088e-01 2.758e-01 2.174e-03 1.317e-03 6.718e-03 -1.000 1.536e-02       4431          0          0          0          0      48.87      48.87 -2.518 -2.346 -1.704 -3.098 -2.346 -2.346 -2.346 -2.346 -2.346 -2.346 -2.346 -2.346 -2.346 -2.346 -2.346 -2.346 -2.346 -2.346 -2.346 -2.346 -2.346 -2.346 -2.346 -2.346 -2.346 -2.346 -1.704 -1.704 -1.704 -1.704 -1.704 -1.704 -1.704 -1.704 -1.704 -1.704 -1.704 -1.704 -1.704 -1.704 -1.704 -1.704 -1.704 -1.704 -1.704 -1.704 -1.704 -1.704 -3.098 -3.098 -3.098 -3.098 -3.098 -3.098 -3.098 -3.098 -3.098 -3.098 -3.098 -3.098 -3.098 -3.098 -3.098 -3.098 -3.098 -3.098 -3.098 -3.098 -3.098 -3.098
0.0152 0.01508 8.12000 4.4779176712 2.6110034774    4.468  2.958  3.6423  1.652    3  0.000  0.403     7.58     6.31     4.63     3.36     2.76  4 -3.17e-09      0.00 7.086e-01 2.760e-01 2.028e-03 1.499e-03 6.716e-03 -1.000 1.538e-02       4388          0          0          0          0      52.39      52.39 -2.624 -2.432 -1.773 -3.195 -2.432 -2.432 -2.432 -2.432 -2.432 -2.432 -2.432 -2.432 -2.432 -2.432 -2.432 -2.432 -2.432 -2.432 -2.432 -2.432 -2.432 -2.432 -2.432 -2.432 -2.432 -2.432 -1.773 -1.773 -1.773 -1.773 -1.773 -1.773 -1.773 -1.773 -1.773 -1.773 -1.773 -1.773 -1.773 -1.773 -1.773 -1.773 -1.773 -1.773 -1.773 -1.773 -1.773 -1.773 -3.195 -3.195 -3.195 -3.195 -3.195 -3.195 -3.195 -3.195 -3.195 -3.195 -3.195 -3.195 -3.195 -3.195 -3.195 -3.195 -3.195 -3.195 -3.195 -3.195 -3.195 -3.195
0.0152 0.01508 8.12000 4.4783821106 2.6110065694    4.469  3.001  3.6380  1.591    3  0.000  0.383     8.61     7.04     5.14     3.74     3.07  4  -4.1e-09      0.00 7.081e-01 2.765e-01 1.921e-03 1.653e-03 6.689e-03 -1.000 1.540e-02       4345          0          0          0          0      56.19      56.19 -2.733 -2.520 -1.844 -3.295 -2.520 -2.520 -2.520 -2.520 -2.520 -2.520 -2.520 -2.520 -2.520 -2.520 -2.520 -2.520 -2.520 -2.520 -2.520 -2.520 -2.520 -2.520 -2.520 -2.520 -2.520 -2.520 -1.844 -1.844 -1.844 -1.844 -1.844 -1.844 -1.844 -1.844 -1.844 -1.844 -1.844 -1.844 -1.844 -1.844 -1.844 -1.844 -1.844 -1.844 -1.844 -1.844 -1.844 -1.844 -3.295 -3.295 -3.295 -3.295 -3.295 -3.295 -3.295 -3.295 -3.295 -3.295 -3.295 -3.295 -3.295 -3.295 -3.295 -3.295 -3.295 -3.295 -3.295 -3.295 -3.295 -3.295
0.0152 0.01508 8.12000 4.4787964821 2.6110093274    4.469  3.039  3.6345  1.539    3  0.000  0.373     9.60     7.74     5.62     4.10     3.36  4 -5.07e-09      0.00 7.065e-01 2.781e-01 1.851e-03 1.811e-03 6.607e-03 -1.000 1.540e-02       4310          0          0          0          0      59.66      59.66 -2.828 -2.598 -1.907 -3.382 -2.598 -2.598 -2.598 -2.598 -2.598 -2.598 -2.598 -2.598 -2.598 -2.598 -2.598 -2.598 -2.598 -2.598 -2.598 -2.598 -2.598 -2.598 -2.598 -2.598 -2.598 -2.598 -1.907 -1.907 -1.907 -1.907 -1.907 -1.907 -1.907 -1.907 -1.907 -1.907 -1.907 -1.907 -1.907 -1.907 -1.907 -1.907 -1.907 -1.907 -1.907 -1.907 -1.907 -1.907 -3.382 -3.382 -3.382 -3.382 -3.382 -3.382 -3.382 -3.382 -3.382 -3.382 -3.382 -3.382 -3.382 -3.382 -3.382 -3.382 -3.382 -3.382 -3.382 -3.382 -3.382 -3.382
0.0152 0.01508 8.12000 4.4792299271 2.6110122117    4.469  3.079  3.6311  1.486    3  0.000  0.370    10.74     8.52     6.17     4.50     3.69  4 -6.22e-09      0.00 7.030e-01 2.816e-01 1.795e-03 2.005e-03 6.463e-03 -1.000 1.539e-02       4276          0          0          0          0      63.43      63.43 -2.927 -2.679 -1.974 -3.473 -2.679 -2.679 -2.679 -2.679 -2.679 -2.679 -2.679 -2.679 -2.679 -2.679 -2.679 -2.679 -2.679 -2.679 -2.679 -2.679 -2.679 -2.679 -2.679 -2.679 -2.679 -2.679 -1.974 -1.974 -1.974 -1.974 -1.974 -1.974 -1.974 -1.974 -1.974 -1.974 -1.974 -1.974 -1.974 -1.974 -1.974 -1.974 -1.974 -1.974 -1.974 -1.974 -1.974 -1.974 -3.473 -3.473 -3.473 -3.473 -3.473 -3.473 -3.473 -3.473 -3.473 -3.473 -3.473 -3.473 -3.473 -3.473 -3.473 -3.473 -3.473 -3.473 -3.473 -3.473 -3.473 -3.473
0.0152 0.01508 8.12000 4.4796628952 2.6110150922    4.469  3.118  3.6278  1.434    3  0.000  0.369    11.98     9.36     6.75     4.93     4.05  4 -7.55e-09      0.00 6.982e-01 2.864e-01 1.750e-03 2.188e-03 6.317e-03 -1.000 1.538e-02       4244          0          0          0          0      67.36      67.36 -3.025 -2.759 -2.040 -3.561 -2.759 -2.759 -2.759 -2.759 -2.759 -2.759 -2.759 -2.759 -2.759 -2.759 -2.759 -2.759 -2.759 -2.759 -2.759 -2.759 -2.759 -2.759 -2.759 -2.759 -2.759 -2.759 -2.040 -2.040 -2.040 -2.040 -2.040 -2.040 -2.040 -2.040 -2.040 -2.040 -2.040 -2.040 -2.040 -2.040 -2.040 -2.040 -2.040 -2.040 -2.040 -2.040 -2.040 -2.040 -3.561 -3.561 -3.561 -3.561 -3.561 -3.561 -3.561 -3.561 -3.561 -3.561 -3.561 -3.561 -3.561 -3.561 -3.561 -3.561 -3.561 -3.561 -3.561 -3.561 -3.561 -3.561
0.0152 0.01508 8.12000 4.4801406860 2.6110182702    4.470  3.161  3.6243  1.377    3  0.000  0.369    13.50    10.37     7.44     5.45     4.47  4 -9.25e-09      0.00 6.924e-01 2.923e-01 1.710e-03 2.358e-03 6.178e-03 -1.000 1.537e-02       4209          0          0          0          0      71.92      71.92 -3.132 -2.847 -2.113 -3.658 -2.847 -2.847 -2.847 -2.847 -2.847 -2.847 -2.847 -2.847 -2.847 -2.847 -2.847 -2.847 -2.847 -2.847 -2.847 -2.847 -2.847 -2.847 -2.847 -2.847 -2.847 -2.847 -2.113 -2.113 -2.113 -2.113 -2.113 -2.113 -2.113 -2.113 -2.113 -2.113 -2.113 -2.113 -2.113 -2.113 -2.113 -2.113 -2.113 -2.113 -2.113 -2.113 -2.113 -2.113 -3.658 -3.658 -3.658 -3.658 -3.658 -3.658 -3.658 -3.658 -3.658 -3.658 -3.658 -3.658 -3.658 -3.658 -3.658 -3.658 -3.658 -3.658 -3.658 -3.658 -3.658 -3.658
0.0152 0.01508 8.12000 4.4805641174 2.6110210860    4.470  3.197  3.6213  1.328    3  0.000  0.369    14.95    11.33     8.09     5.93     4.87  4  -1.1e-08      0.00 6.873e-01 2.973e-01 1.683e-03 2.478e-03 6.080e-03 -1.000 1.537e-02       4181          0          0          0          0      76.05      76.05 -3.224 -2.922 -2.176 -3.741 -2.922 -2.922 -2.922 -2.922 -2.922 -2.922 -2.922 -2.922 -2.922 -2.922 -2.922 -2.922 -2.922 -2.922 -2.922 -2.922 -2.922 -2.922 -2.922 -2.922 -2.922 -2.922 -2.176 -2.176 -2.176 -2.176 -2.176 -2.176 -2.176 -2.176 -2.176 -2.176 -2.176 -2.176 -2.176 -2.176 -2.176 -2.176 -2.176 -2.176 -2.176 -2.176 -2.176 -2.176 -3.741 -3.741 -3.741 -3.741 -3.741 -3.741 -3.741 -3.741 -3.741 -3.741 -3.741 -3.741 -3.741 -3.741 -3.741 -3.741 -3.741 -3.741 -3.741 -3.741 -3.741 -3.741
0.0152 0.01508 8.12000 4.4810070992 2.6110240311    4.470  3.228  3.6189  1.288    3  0.000  0.369    16.27    12.18     8.67     6.37     5.23  4 -1.26e-08      0.00 6.837e-01 3.010e-01 1.665e-03 2.557e-03 6.016e-03 -1.000 1.536e-02       4157          0          0          0          0      79.61      79.61 -3.300 -2.984 -2.227 -3.809 -2.984 -2.984 -2.984 -2.984 -2.984 -2.984 -2.984 -2.984 -2.984 -2.984 -2.984 -2.984 -2.984 -2.984 -2.984 -2.984 -2.984 -2.984 -2.984 -2.984 -2.984 -2.984 -2.227 -2.227 -2.227 -2.227 -2.227 -2.227 -2.227 -2.227 -2.227 -2.227 -2.227 -2.227 -2.227 -2.227 -2.227 -2.227 -2.227 -2.227 -2.227 -2.227 -2.227 -2.227 -3.809 -3.809 -3.809 -3.809 -3.809 -3.809 -3.809 -3.809 -3.809 -3.809 -3.809 -3.809 -3.809 -3.809 -3.809 -3.809 -3.809 -3.809 -3.809 -3.809 -3.809 -3.809
0.0152 0.01508 8.12000 4.4821987152 2.6110319500    4.470  3.270  3.6154  1.232    3  0.000  0.369    18.30    13.48     9.55     7.02     5.77  4 -1.52e-08      0.00 6.799e-01 3.048e-01 1.648e-03 2.632e-03 5.955e-03 -1.000 1.536e-02       4124          0          0          0          0      84.84      84.84 -3.405 -3.068 -2.294 -3.902 -3.068 -3.068 -3.068 -3.068 -3.068 -3.068 -3.068 -3.068 -3.068 -3.068 -3.068 -3.068 -3.068 -3.068 -3.068 -3.068 -3.068 -3.068 -3.068 -3.068 -3.068 -3.068 -2.294 -2.294 -2.294 -2.294 -2.294 -2.294 -2.294 -2.294 -2.294 -2.294 -2.294 -2.294 -2.294 -2.294 -2.294 -2.294 -2.294 -2.294 -2.294 -2.294 -2.294 -2.294 -3.902 -3.902 -3.902 -3.902 -3.902 -3.902 -3.902 -3.902 -3.902 -3.902 -3.902 -3.902 -3.902 -3.902 -3.902 -3.902 -3.902 -3.902 -3.902 -3.902 -3.902 -3.902
0.0152 0.01508 8.12000 4.4823260307 2.6110327958    4.470  3.273  3.6152  1.228    3  0.000  0.369    18.45    13.57     9.62     7.07     5.81  4 -1.54e-08      0.00 6.796e-01 3.050e-01 1.647e-03 2.636e-03 5.951e-03 -1.000 1.536e-02       4122          0          0          0          0      85.21      85.21 -3.412 -3.074 -2.299 -3.909 -3.074 -3.074 -3.074 -3.074 -3.074 -3.074 -3.074 -3.074 -3.074 -3.074 -3.074 -3.074 -3.074 -3.074 -3.074 -3.074 -3.074 -3.074 -3.074 -3.074 -3.074 -3.074 -2.299 -2.299 -2.299 -2.299 -2.299 -2.299 -2.299 -2.299 -2.299 -2.299 -2.299 -2.299 -2.299 -2.299 -2.299 -2.299 -2.299 -2.299 -2.299 -2.299 -2.299 -2.299 -3.909 -3.909 -3.909 -3.909 -3.909 -3.909 -3.909 -3.909 -3.909 -3.909 -3.909 -3.909 -3.909 -3.909 -3.909 -3.909 -3.909 -3.909 -3.909 -3.909 -3.909 -3.909
0.0152 0.01508 8.12000 4.4846196175 2.6110480234    4.470  3.261  3.6163  1.244    3  0.000  0.369    17.84    13.18     9.36     6.88     5.65  4 -1.47e-08      0.00 6.796e-01 3.050e-01 1.647e-03 2.636e-03 5.951e-03 -1.000 1.536e-02       4133          0          0          0          0      83.69      83.69 -3.383 -3.052 -2.282 -3.883 -3.052 -3.052 -3.052 -3.052 -3.052 -3.052 -3.052 -3.052 -3.052 -3.052 -3.052 -3.052 -3.052 -3.052 -3.052 -3.052 -3.052 -3.052 -3.052 -3.052 -3.052 -3.052 -2.282 -2.282 -2.282 -2.282 -2.282 -2.282 -2.282 -2.282 -2.282 -2.282 -2.282 -2.282 -2.282 -2.282 -2.282 -2.282 -2.282 -2.282 -2.282 -2.282 -2.282 -2.282 -3.883 -3.883 -3.883 -3.883 -3.883 -3.883 -3.883 -3.883 -3.883 -3.883 -3.883 -3.883 -3.883 -3.883 -3.883 -3.883 -3.883 -3.883 -3.883 -3.883 -3.883 -3.883
0.0152 0.01508 8.12000 4.4910130501 2.6110903764    4.470  3.223  3.6199  1.297    4  0.000  0.369     0.00     0.00     0.00     0.00     0.00 -1 -1.25e-08      0.00 6.797e-01 3.050e-01 1.647e-03 2.637e-03 5.950e-03 -1.000 1.536e-02       4167          0          0          0          0      78.79      78.79 -3.287 -2.978 -2.225 -3.800 -2.978 -2.978 -2.978 -2.978 -2.978 -2.978 -2.978 -2.978 -2.978 -2.978 -2.978 -2.978 -2.978 -2.978 -2.978 -2.978 -2.978 -2.978 -2.978 -2.978 -2.978 -2.978 -2.225 -2.225 -2.225 -2.225 -2.225 -2.225 -2.225 -2.225 -2.225 -2.225 -2.225 -2.225 -2.225 -2.225 -2.225 -2.225 -2.225 -2.225 -2.225 -2.225 -2.225 -2.225 -3.800 -3.800 -3.800 -3.800 -3.800 -3.800 -3.800 -3.800 -3.800 -3.800 -3.800 -3.800 -3.800 -3.800 -3.800 -3.800 -3.800 -3.800 -3.800 -3.800 -3.800 -3.800
0.0152 0.01508 8.12000 4.4950828552 2.6111172644    4.470  3.189  3.6230  1.343    4  0.000  0.369     0.00     0.00     0.00     0.00     0.00 -1 -1.08e-08      0.00 6.797e-01 3.050e-01 1.647e-03 2.637e-03 5.950e-03 -1.000 1.536e-02       4197          0          0          0          0      74.73      74.73 -3.203 -2.910 -2.171 -3.725 -2.910 -2.910 -2.910 -2.910 -2.910 -2.910 -2.910 -2.910 -2.910 -2.910 -2.910 -2.910 -2.910 -2.910 -2.910 -2.910 -2.910 -2.910 -2.910 -2.910 -2.910 -2.910 -2.171 -2.171 -2.171 -2.171 -2.171 -2.171 -2.171 -2.171 -2.171 -2.171 -2.171 -2.171 -2.171 -2.171 -2.171 -2.171 -2.171 -2.171 -2.171 -2.171 -2.171 -2.171 -3.725 -3.725 -3.725 -3.725 -3.725 -3.725 -3.725 -3.725 -3.725 -3.725 -3.725 -3.725 -3.725 -3.725 -3.725 -3.725 -3.725 -3.725 -3.725 -3.725 -3.725 -3.725
0.0152 0.01508 8.12000 4.4986829758 2.6111410027    4.471  3.151  3.6264  1.395    4  0.000  0.369     0.00     0.00     0.00     0.00     0.00 -1 -9.12e-09      0.00 6.797e-01 3.050e-01 1.647e-03 2.638e-03 5.950e-03 -1.000 1.536e-02       4230          0          0          0          0      70.43      70.43 -3.108 -2.835 -2.110 -3.640 -2.835 -2.835 -2.835 -2.835 -2.835 -2.835 -2.835 -2.835 -2.835 -2.835 -2.835 -2.835 -2.835 -2.835 -2.835 -2.835 -2.835 -2.835 -2.835 -2.835 -2.835 -2.835 -2.110 -2.110 -2.110 -2.110 -2.110 -2.110 -2.110 -2.110 -2.110 -2.110 -2.110 -2.110 -2.110 -2.110 -2.110 -2.110 -2.110 -2.110 -2.110 -2.110 -2.110 -2.110 -3.640 -3.640 -3.640 -3.640 -3.640 -3.640 -3.640 -3.640 -3.640 -3.640 -3.640 -3.640 -3.640 -3.640 -3.640 -3.640 -3.640 -3.640 -3.640 -3.640 -3.640 -3.640
0.0152 0.01508 8.12000 4.5017433167 2.6111611476    4.472  3.113  3.6298  1.446    4  0.000  0.369     0.00     0.00     0.00     0.00     0.00 -1 -7.64e-09      0.00 6.797e-01 3.050e-01 1.647e-03 2.638e-03 5.949e-03 -1.000 1.536e-02       4264          0          0          0          0      66.41      66.41 -3.014 -2.759 -2.049 -3.556 -2.759 -2.759 -2.759 -2.759 -2.759 -2.759 -2.759 -2.759 -2.759 -2.759 -2.759 -2.759 -2.759 -2.759 -2.759 -2.759 -2.759 -2.759 -2.759 -2.759 -2.759 -2.759 -2.049 -2.049 -2.049 -2.049 -2.049 -2.049 -2.049 -2.049 -2.049 -2.049 -2.049 -2.049 -2.049 -2.049 -2.049 -2.049 -2.049 -2.049 -2.049 -2.049 -2.049 -2.049 -3.556 -3.556 -3.556 -3.556 -3.556 -3.556 -3.556 -3.556 -3.556 -3.556 -3.556 -3.556 -3.556 -3.556 -3.556 -3.556 -3.556 -3.556 -3.556 -3.556 -3.556 -3.556
0.0152 0.01508 8.12000 4.5046467781 2.6111802306    4.474  3.076  3.6333  1.498    4  0.000  0.369     0.00     0.00     0.00     0.00     0.00 -1 -6.36e-09      0.00 6.797e-01 3.050e-01 1.647e-03 2.638e-03 5.949e-03 -1.000 1.536e-02       4297          0          0          0          0      62.61      62.61 -2.920 -2.683 -1.987 -3.471 -2.683 -2.683 -2.683 -2.683 -2.683 -2.683 -2.683 -2.683 -2.683 -2.683 -2.683 -2.683 -2.683 -2.683 -2.683 -2.683 -2.683 -2.683 -2.683 -2.683 -2.683 -2.683 -1.987 -1.987 -1.987 -1.987 -1.987 -1.987 -1.987 -1.987 -1.987 -1.987 -1.987 -1.987 -1.987 -1.987 -1.987 -1.987 -1.987 -1.987 -1.987 -1.987 -1.987 -1.987 -3.471 -3.471 -3.471 -3.471 -3.471 -3.471 -3.471 -3.471 -3.471 -3.471 -3.471 -3.471 -3.471 -3.471 -3.471 -3.471 -3.471 -3.471 -3.471 -3.471 -3.471 -3.471
0.0152 0.01508 8.12000 4.5072855949 2.6111975498    4.475  3.041  3.6365  1.545    4  0.000  0.369     0.00     0.00     0.00     0.00     0.00 -1 -5.31e-09      0.00 6.797e-01 3.050e-01 1.647e-03 2.638e-03 5.949e-03 -1.000 1.536e-02       4329          0          0          0          0       59.3       59.3 -2.834 -2.613 -1.930 -3.393 -2.613 -2.613 -2.613 -2.613 -2.613 -2.613 -2.613 -2.613 -2.613 -2.613 -2.613 -2.613 -2.613 -2.613 -2.613 -2.613 -2.613 -2.613 -2.613 -2.613 -2.613 -2.613 -1.930 -1.930 -1.930 -1.930 -1.930 -1.930 -1.930 -1.930 -1.930 -1.930 -1.930 -1.930 -1.930 -1.930 -1.930 -1.930 -1.930 -1.930 -1.930 -1.930 -1.930 -1.930 -3.393 -3.393 -3.393 -3.393 -3.393 -3.393 -3.393 -3.393 -3.393 -3.393 -3.393 -3.393 -3.393 -3.393 -3.393 -3.393 -3.393 -3.393 -3.393 -3.393 -3.393 -3.393
0.0152 0.01508 8.12000 4.5101466179 2.6112163010    4.477  3.005  3.6399  1.596    4  0.000  0.369     0.00     0.00     0.00     0.00     0.00 -1 -4.35e-09      0.00 6.797e-01 3.050e-01 1.647e-03 2.639e-03 5.948e-03 -1.000 1.536e-02       4364          0          0          0          0      55.97      55.97 -2.742 -2.539 -1.870 -3.309 -2.539 -2.539 -2.539 -2.539 -2.539 -2.539 -2.539 -2.539 -2.539 -2.539 -2.539 -2.539 -2.539 -2.539 -2.539 -2.539 -2.539 -2.539 -2.539 -2.539 -2.539 -2.539 -1.870 -1.870 -1.870 -1.870 -1.870 -1.870 -1.870 -1.870 -1.870 -1.870 -1.870 -1.870 -1.870 -1.870 -1.870 -1.870 -1.870 -1.870 -1.870 -1.870 -1.870 -1.870 -3.309 -3.309 -3.309 -3.309 -3.309 -3.309 -3.309 -3.309 -3.309 -3.309 -3.309 -3.309 -3.309 -3.309 -3.309 -3.309 -3.309 -3.309 -3.309 -3.309 -3.309 -3.309
0.0152 0.01508 8.12000 4.5131907463 2.6112362223    4.479  2.969  3.6434  1.646    4  0.000  0.369     0.00     0.00     0.00     0.00     0.00 -1 -3.52e-09      0.00 6.797e-01 3.050e-01 1.647e-03 2.639e-03 5.948e-03 -1.000 1.536e-02       4399          0          0          0          0      52.82      52.82 -2.652 -2.465 -1.810 -3.226 -2.465 -2.465 -2.465 -2.465 -2.465 -2.465 -2.465 -2.465 -2.465 -2.465 -2.465 -2.465 -2.465 -2.465 -2.465 -2.465 -2.465 -2.465 -2.465 -2.465 -2.465 -2.465 -1.810 -1.810 -1.810 -1.810 -1.810 -1.810 -1.810 -1.810 -1.810 -1.810 -1.810 -1.810 -1.810 -1.810 -1.810 -1.810 -1.810 -1.810 -1.810 -1.810 -1.810 -1.810 -3.226 -3.226 -3.226 -3.226 -3.226 -3.226 -3.226 -3.226 -3.226 -3.226 -3.226 -3.226 -3.226 -3.226 -3.226 -3.226 -3.226 -3.226 -3.226 -3.226 -3.226 -3.226
0.0152 0.01508 8.12000 4.5165848732 2.6112583976    4.482  2.933  3.6470  1.696    4  0.000  0.369     0.00     0.00     0.00     0.00     0.00 -1 -2.83e-09      0.00 6.797e-01 3.050e-01 1.647e-03 2.639e-03 5.948e-03 -1.000 1.536e-02       4436          0          0          0          0      49.87      49.87 -2.563 -2.393 -1.752 -3.145 -2.393 -2.393 -2.393 -2.393 -2.393 -2.393 -2.393 -2.393 -2.393 -2.393 -2.393 -2.393 -2.393 -2.393 -2.393 -2.393 -2.393 -2.393 -2.393 -2.393 -2.393 -2.393 -1.752 -1.752 -1.752 -1.752 -1.752 -1.752 -1.752 -1.752 -1.752 -1.752 -1.752 -1.752 -1.752 -1.752 -1.752 -1.752 -1.752 -1.752 -1.752 -1.752 -1.752 -1.752 -3.145 -3.145 -3.145 -3.145 -3.145 -3.145 -3.145 -3.145 -3.145 -3.145 -3.145 -3.145 -3.145 -3.145 -3.145 -3.145 -3.145 -3.145 -3.145 -3.145 -3.145 -3.145
0.0152 0.01508 8.12000 4.5213341713 2.6112893626    4.485  2.892  3.6516  1.756    4  0.000  0.369     0.00     0.00     0.00     0.00     0.00 -1 -2.16e-09      0.00 6.797e-01 3.050e-01 1.647e-03 2.640e-03 5.947e-03 -1.000 1.536e-02       4483          0          0          0          0      46.56      46.56 -2.460 -2.311 -1.687 -3.050 -2.311 -2.311 -2.311 -2.311 -2.311 -2.311 -2.311 -2.311 -2.311 -2.311 -2.311 -2.311 -2.311 -2.311 -2.311 -2.311 -2.311 -2.311 -2.311 -2.311 -2.311 -2.311 -1.687 -1.687 -1.687 -1.687 -1.687 -1.687 -1.687 -1.687 -1.687 -1.687 -1.687 -1.687 -1.687 -1.687 -1.687 -1.687 -1.687 -1.687 -1.687 -1.687 -1.687 -1.687 -3.050 -3.050 -3.050 -3.050 -3.050 -3.050 -3.050 -3.050 -3.050 -3.050 -3.050 -3.050 -3.050 -3.050 -3.050 -3.050 -3.050 -3.050 -3.050 -3.050 -3.050 -3.050
0.0152 0.01508 8.12000 4.5272469521 2.6113278090    4.490  2.858  3.6564  1.810    4  0.000  0.369     0.00     0.00     0.00     0.00     0.00 -1 -1.65e-09      0.00 6.797e-01 3.050e-01 1.647e-03 2.640e-03 5.947e-03 -1.000 1.536e-02       4532          0          0          0          0      43.78      43.78 -2.374 -2.245 -1.638 -2.972 -2.245 -2.245 -2.245 -2.245 -2.245 -2.245 -2.245 -2.245 -2.245 -2.245 -2.245 -2.245 -2.245 -2.245 -2.245 -2.245 -2.245 -2.245 -2.245 -2.245 -2.245 -2.245 -1.638 -1.638 -1.638 -1.638 -1.638 -1.638 -1.638 -1.638 -1.638 -1.638 -1.638 -1.638 -1.638 -1.638 -1.638 -1.638 -1.638 -1.638 -1.638 -1.638 -1.638 -1.638 -2.972 -2.972 -2.972 -2.972 -2.972 -2.972 -2.972 -2.972 -2.972 -2.972 -2.972 -2.972 -2.972 -2.972 -2.972 -2.972 -2.972 -2.972 -2.972 -2.972 -2.972 -2.972
0.0152 0.01508 8.12000 4.5381221771 2.6113982217    4.500  2.824  3.6638  1.874    4  0.000  0.369     0.00     0.00     0.00     0.00     0.00 -1 -1.18e-09      0.00 6.797e-01 3.050e-01 1.647e-03 2.641e-03 5.946e-03 -1.000 1.536e-02       4611          0          0          0          0      40.69      40.69 -2.291 -2.191 -1.611 -2.900 -2.191 -2.191 -2.191 -2.191 -2.191 -2.191 -2.191 -2.191 -2.191 -2.191 -2.191 -2.191 -2.191 -2.191 -2.191 -2.191 -2.191 -2.191 -2.191 -2.191 -2.191 -2.191 -1.611 -1.611 -1.611 -1.611 -1.611 -1.611 -1.611 -1.611 -1.611 -1.611 -1.611 -1.611 -1.611 -1.611 -1.611 -1.611 -1.611 -1.611 -1.611 -1.611 -1.611 -1.611 -2.900 -2.900 -2.900 -2.900 -2.900 -2.900 -2.900 -2.900 -2.900 -2.900 -2.900 -2.900 -2.900 -2.900 -2.900 -2.900 -2.900 -2.900 -2.900 -2.900 -2.900 -2.900
0.0152 0.01508 8.12000 4.5422959328 2.6114251422    4.503  2.817  3.6665  1.893    4  0.000  0.369     0.00     0.00     0.00     0.00     0.00 -1 -1.07e-09      0.00 6.797e-01 3.050e-01 1.647e-03 2.642e-03 5.945e-03 -1.000 1.536e-02       4639          0          0          0          0      39.81      39.81 -2.272 -2.183 -1.611 -2.886 -2.183 -2.183 -2.183 -2.183 -2.183 -2.183 -2.183 -2.183 -2.183 -2.183 -2.183 -2.183 -2.183 -2.183 -2.183 -2.183 -2.183 -2.183 -2.183 -2.183 -2.183 -2.183 -1.611 -1.611 -1.611 -1.611 -1.611 -1.611 -1.611 -1.611 -1.611 -1.611 -1.611 -1.611 -1.611 -1.611 -1.611 -1.611 -1.611 -1.611 -1.611 -1.611 -1.611 -1.611 -2.886 -2.886 -2.886 -2.886 -2.886 -2.886 -2.886 -2.886 -2.886 -2.886 -2.886 -2.886 -2.886 -2.886 -2.886 -2.886 -2.886 -2.886 -2.886 -2.886 -2.886 -2.886
0.0152 0.01508 8.12000 4.5533895493 2.6114964195    4.513  2.848  3.6760  1.900    5  0.000  0.369     0.00     0.00     0.00     0.00     0.00 -1 -1.02e-09      0.00 6.797e-01 3.050e-01 1.647e-03 2.643e-03 5.944e-03 -1.000 1.536e-02       4742          0          0          0          0      39.49      39.49 -2.350 -2.295 -1.751 -2.977 -2.295 -2.295 -2.295 -2.295 -2.295 -2.295 -2.295 -2.295 -2.295 -2.295 -2.295 -2.295 -2.295 -2.295 -2.295 -2.295 -2.295 -2.295 -2.295 -2.295 -2.295 -2.295 -1.751 -1.751 -1.751 -1.751 -1.751 -1.751 -1.751 -1.751 -1.751 -1.751 -1.751 -1.751 -1.751 -1.751 -1.751 -1.751 -1.751 -1.751 -1.751 -1.751 -1.751 -1.751 -2.977 -2.977 -2.977 -2.977 -2.977 -2.977 -2.977 -2.977 -2.977 -2.977 -2.977 -2.977 -2.977 -2.977 -2.977 -2.977 -2.977 -2.977 -2.977 -2.977 -2.977 -2.977
0.0152 0.01508 8.12000 4.5578513145 2.6115249742    4.517  2.869  3.6807  1.899    5  0.000  0.369     0.00     0.00     0.00     0.00     0.00 -1 -1.02e-09      0.00 6.797e-01 3.050e-01 1.647e-03 2.643e-03 5.944e-03 -1.000 1.536e-02       4794          0          0          0          0      39.57      39.57 -2.402 -2.363 -1.832 -3.035 -2.363 -2.363 -2.363 -2.363 -2.363 -2.363 -2.363 -2.363 -2.363 -2.363 -2.363 -2.363 -2.363 -2.363 -2.363 -2.363 -2.363 -2.363 -2.363 -2.363 -2.363 -2.363 -1.832 -1.832 -1.832 -1.832 -1.832 -1.832 -1.832 -1.832 -1.832 -1.832 -1.832 -1.832 -1.832 -1.832 -1.832 -1.832 -1.832 -1.832 -1.832 -1.832 -1.832 -1.832 -3.035 -3.035 -3.035 -3.035 -3.035 -3.035 -3.035 -3.035 -3.035 -3.035 -3.035 -3.035 -3.035 -3.035 -3.035 -3.035 -3.035 -3.035 -3.035 -3.035 -3.035 -3.035
0.0152 0.01508 8.12000 4.5602946281 2.6115405838    4.519  2.887  3.6846  1.897    5  0.000  0.369     0.00     0.00     0.00     0.00     0.00 -1 -1.03e-09      0.00 6.797e-01 3.050e-01 1.647e-03 2.643e-03 5.943e-03 -1.000 1.536e-02       4837          0          0          0          0      39.69      39.69 -2.447 -2.421 -1.900 -3.084 -2.421 -2.421 -2.421 -2.421 -2.421 -2.421 -2.421 -2.421 -2.421 -2.421 -2.421 -2.421 -2.421 -2.421 -2.421 -2.421 -2.421 -2.421 -2.421 -2.421 -2.421 -2.421 -1.900 -1.900 -1.900 -1.900 -1.900 -1.900 -1.900 -1.900 -1.900 -1.900 -1.900 -1.900 -1.900 -1.900 -1.900 -1.900 -1.900 -1.900 -1.900 -1.900 -1.900 -1.900 -3.084 -3.084 -3.084 -3.084 -3.084 -3.084 -3.084 -3.084 -3.084 -3.084 -3.084 -3.084 -3.084 -3.084 -3.084 -3.084 -3.084 -3.084 -3.084 -3.084 -3.084 -3.084
0.0152 0.01508 8.12000 4.5625014305 2.6115546659    4.521  2.907  3.6895  1.896    5  0.000  0.369     0.00     0.00     0.00     0.00     0.00 -1 -1.04e-09      0.00 6.797e-01 3.050e-01 1.647e-03 2.644e-03 5.943e-03 -1.000 1.536e-02       4892          0          0          0          0       39.7       39.7 -2.498 -2.488 -1.980 -3.140 -2.488 -2.488 -2.488 -2.488 -2.488 -2.488 -2.488 -2.488 -2.488 -2.488 -2.488 -2.488 -2.488 -2.488 -2.488 -2.488 -2.488 -2.488 -2.488 -2.488 -2.488 -2.488 -1.980 -1.980 -1.980 -1.980 -1.980 -1.980 -1.980 -1.980 -1.980 -1.980 -1.980 -1.980 -1.980 -1.980 -1.980 -1.980 -1.980 -1.980 -1.980 -1.980 -1.980 -1.980 -3.140 -3.140 -3.140 -3.140 -3.140 -3.140 -3.140 -3.140 -3.140 -3.140 -3.140 -3.140 -3.140 -3.140 -3.140 -3.140 -3.140 -3.140 -3.140 -3.140 -3.140 -3.140
0.0152 0.01508 8.12000 4.5644826889 2.6115672954    4.523  2.926  3.6948  1.899    5  0.000  0.369     0.00     0.00     0.00     0.00     0.00 -1 -1.04e-09      0.00 6.797e-01 3.050e-01 1.647e-03 2.644e-03 5.943e-03 -1.000 1.536e-02       4952          0          0          0          0      39.59      39.59 -2.545 -2.550 -2.056 -3.191 -2.550 -2.550 -2.550 -2.550 -2.550 -2.550 -2.550 -2.550 -2.550 -2.550 -2.550 -2.550 -2.550 -2.550 -2.550 -2.550 -2.550 -2.550 -2.550 -2.550 -2.550 -2.550 -2.056 -2.056 -2.056 -2.056 -2.056 -2.056 -2.056 -2.056 -2.056 -2.056 -2.056 -2.056 -2.056 -2.056 -2.056 -2.056 -2.056 -2.056 -2.056 -2.056 -2.056 -2.056 -3.191 -3.191 -3.191 -3.191 -3.191 -3.191 -3.191 -3.191 -3.191 -3.191 -3.191 -3.191 -3.191 -3.191 -3.191 -3.191 -3.191 -3.191 -3.191 -3.191 -3.191 -3.191
0.0152 0.01508 8.12000 4.5660576820 2.6115773262    4.524  2.939  3.6995  1.904    5  0.000  0.369     0.00     0.00     0.00     0.00     0.00 -1 -1.03e-09      0.00 6.797e-01 3.050e-01 1.647e-03 2.644e-03 5.943e-03 -1.000 1.536e-02       5006          0          0          0          0      39.36      39.36 -2.578 -2.597 -2.115 -3.228 -2.597 -2.597 -2.597 -2.597 -2.597 -2.597 -2.597 -2.597 -2.597 -2.597 -2.597 -2.597 -2.597 -2.597 -2.597 -2.597 -2.597 -2.597 -2.597 -2.597 -2.597 -2.597 -2.115 -2.115 -2.115 -2.115 -2.115 -2.115 -2.115 -2.115 -2.115 -2.115 -2.115 -2.115 -2.115 -2.115 -2.115 -2.115 -2.115 -2.115 -2.115 -2.115 -2.115 -2.115 -3.228 -3.228 -3.228 -3.228 -3.228 -3.228 -3.228 -3.228 -3.228 -3.228 -3.228 -3.228 -3.228 -3.228 -3.228 -3.228 -3.228 -3.228 -3.228 -3.228 -3.228 -3.228
0.0152 0.01508 8.12000 4.5674891472 2.6115864360    4.526  2.950  3.7038  1.911    5  0.000  0.369     0.00     0.00     0.00     0.00     0.00 -1 -1.01e-09      0.00 6.797e-01 3.050e-01 1.647e-03 2.644e-03 5.943e-03 -1.000 1.536e-02       5056          0          0          0          0      39.06      39.06 -2.605 -2.635 -2.164 -3.257 -2.635 -2.635 -2.635 -2.635 -2.635 -2.635 -2.635 -2.635 -2.635 -2.635 -2.635 -2.635 -2.635 -2.635 -2.635 -2.635 -2.635 -2.635 -2.635 -2.635 -2.635 -2.635 -2.164 -2.164 -2.164 -2.164 -2.164 -2.164 -2.164 -2.164 -2.164 -2.164 -2.164 -2.164 -2.164 -2.164 -2.164 -2.164 -2.164 -2.164 -2.164 -2.164 -2.164 -2.164 -3.257 -3.257 -3.257 -3.257 -3.257 -3.257 -3.257 -3.257 -3.257 -3.257 -3.257 -3.257 -3.257 -3.257 -3.257 -3.257 -3.257 -3.257 -3.257 -3.257 -3.257 -3.257
0.0152 0.01508 8.12000 4.5692577362 2.6115976822    4.527  2.959  3.7090  1.923    5  0.000  0.369     0.00     0.00     0.00     0.00     0.00 -1 -9.58e-10      0.00 6.797e-01 3.050e-01 1.647e-03 2.644e-03 5.943e-03 -1.000 1.536e-02       5119          0          0          0          0      38.53      38.53 -2.627 -2.671 -2.213 -3.281 -2.671 -2.671 -2.671 -2.671 -2.671 -2.671 -2.671 -2.671 -2.671 -2.671 -2.671 -2.671 -2.671 -2.671 -2.671 -2.671 -2.671 -2.671 -2.671 -2.671 -2.671 -2.671 -2.213 -2.213 -2.213 -2.213 -2.213 -2.213 -2.213 -2.213 -2.213 -2.213 -2.213 -2.213 -2.213 -2.213 -2.213 -2.213 -2.213 -2.213 -2.213 -2.213 -2.213 -2.213 -3.281 -3.281 -3.281 -3.281 -3.281 -3.281 -3.281 -3.281 -3.281 -3.281 -3.281 -3.281 -3.281 -3.281 -3.281 -3.281 -3.281 -3.281 -3.281 -3.281 -3.281 -3.281
0.0152 0.01508 8.12000 4.5716538429 2.6116129027    4.529  2.968  3.7145  1.936    5  0.000  0.369     0.00     0.00     0.00     0.00     0.00 -1 -9.04e-10      0.00 6.797e-01 3.050e-01 1.646e-03 2.644e-03 5.942e-03 -1.000 1.536e-02       5185          0          0          0          0      37.96      37.96 -2.651 -2.708 -2.266 -3.304 -2.708 -2.707 -2.706 -2.707 -2.707 -2.707 -2.707 -2.707 -2.707 -2.707 -2.707 -2.707 -2.707 -2.707 -2.707 -2.707 -2.707 -2.707 -2.707 -2.707 -2.707 -2.707 -2.266 -2.266 -2.264 -2.266 -2.266 -2.266 -2.266 -2.266 -2.266 -2.266 -2.266 -2.266 -2.266 -2.266 -2.266 -2.266 -2.266 -2.266 -2.266 -2.266 -2.266 -2.266 -3.304 -3.304 -3.303 -3.304 -3.304 -3.304 -3.304 -3.304 -3.304 -3.304 -3.304 -3.304 -3.304 -3.304 -3.304 -3.304 -3.304 -3.304 -3.304 -3.304 -3.304 -3.304
0.0152 0.01508 8.12000 4.5736894608 2.6116258189    4.531  2.975  3.7186  1.945    5  0.000  0.369     0.00     0.00     0.00     0.00     0.00 -1 -8.64e-10      0.00 6.797e-01 3.050e-01 1.646e-03 2.645e-03 5.942e-03 -1.000 1.536e-02       5234          0          0          0          0      37.56      37.56 -2.668 -2.735 -2.304 -3.322 -2.735 -2.734 -2.731 -2.734 -2.734 -2.734 -2.734 -2.734 -2.734 -2.734 -2.734 -2.734 -2.734 -2.734 -2.734 -2.734 -2.734 -2.734 -2.734 -2.734 -2.734 -2.734 -2.304 -2.304 -2.300 -2.304 -2.304 -2.304 -2.304 -2.304 -2.304 -2.304 -2.304 -2.304 -2.304 -2.304 -2.304 -2.304 -2.304 -2.304 -2.304 -2.304 -2.304 -2.304 -3.322 -3.321 -3.319 -3.321 -3.321 -3.321 -3.321 -3.321 -3.321 -3.321 -3.321 -3.321 -3.321 -3.321 -3.321 -3.321 -3.321 -3.321 -3.321 -3.321 -3.321 -3.321
0.0152 0.01508 8.12000 4.5813388824 2.6116742373    4.538  2.980  3.7162  1.931    6  0.000  0.369     0.00     0.00     0.00     0.00     0.00 -1 -9.17e-10      0.00 6.797e-01 3.050e-01 1.646e-03 2.645e-03 5.941e-03 -1.000 1.536e-02       5204          0          0          0          0       38.2       38.2 -2.681 -2.742 -2.305 -3.335 -2.742 -2.742 -2.739 -2.742 -2.742 -2.742 -2.742 -2.742 -2.742 -2.742 -2.742 -2.742 -2.742 -2.742 -2.742 -2.742 -2.742 -2.742 -2.742 -2.742 -2.742 -2.742 -2.305 -2.304 -2.301 -2.304 -2.304 -2.304 -2.304 -2.304 -2.304 -2.304 -2.304 -2.304 -2.304 -2.304 -2.304 -2.304 -2.304 -2.304 -2.304 -2.304 -2.304 -2.304 -3.335 -3.335 -3.333 -3.335 -3.335 -3.335 -3.335 -3.335 -3.335 -3.335 -3.335 -3.335 -3.335 -3.335 -3.335 -3.335 -3.335 -3.335 -3.335 -3.335 -3.335 -3.335
0.0152 0.01508 8.12000 4.5999999046 2.6117915791    4.555  3.000  3.7147  1.907    6  0.000  0.369     0.00     0.00     0.00     0.00     0.00 -1 -1.04e-09      0.00 6.797e-01 3.049e-01 1.646e-03 2.647e-03 5.940e-03 -1.000 1.536e-02       5186          0          0          0          0      39.34      39.34 -2.729 -2.787 -2.345 -3.384 -2.787 -2.787 -2.785 -2.787 -2.787 -2.787 -2.787 -2.787 -2.787 -2.787 -2.787 -2.787 -2.787 -2.787 -2.787 -2.787 -2.787 -2.787 -2.787 -2.787 -2.787 -2.787 -2.345 -2.345 -2.342 -2.345 -2.345 -2.345 -2.345 -2.345 -2.345 -2.345 -2.345 -2.345 -2.345 -2.345 -2.345 -2.345 -2.345 -2.345 -2.345 -2.345 -2.345 -2.345 -3.384 -3.384 -3.383 -3.384 -3.384 -3.384 -3.384 -3.384 -3.384 -3.384 -3.384 -3.384 -3.384 -3.384 -3.384 -3.384 -3.384 -3.384 -3.384 -3.384 -3.384 -3.384
0.0152 0.01508 8.12000 4.6309065819 2.6119835322    4.582  3.034  3.7148  1.876    6  0.000  0.369     0.00     0.00     0.00     0.00     0.00 -1 -1.23e-09      0.00 6.799e-01 3.048e-01 1.647e-03 2.643e-03 5.943e-03 -1.000 1.536e-02       5188          0          0          0          0       40.9       40.9 -2.815 -2.873 -2.431 -3.470 -2.873 -2.873 -2.871 -2.873 -2.873 -2.873 -2.873 -2.873 -2.873 -2.873 -2.873 -2.873 -2.873 -2.873 -2.873 -2.873 -2.873 -2.873 -2.873 -2.873 -2.873 -2.873 -2.431 -2.431 -2.428 -2.431 -2.431 -2.431 -2.431 -2.431 -2.431 -2.431 -2.431 -2.431 -2.431 -2.431 -2.431 -2.431 -2.431 -2.431 -2.431 -2.431 -2.431 -2.431 -3.470 -3.470 -3.469 -3.470 -3.470 -3.470 -3.470 -3.470 -3.470 -3.470 -3.470 -3.470 -3.470 -3.470 -3.470 -3.470 -3.470 -3.470 -3.470 -3.470 -3.470 -3.470
0.0152 0.01508 8.12000 4.6448960304 2.6120694518    4.594  3.046  3.7116  1.853    6  0.000  0.369     0.00     0.00     0.00     0.00     0.00 -1 -1.38e-09      0.00 6.800e-01 3.047e-01 1.647e-03 2.642e-03 5.945e-03 -1.000 1.536e-02       5150          0          0          0          0      42.09      42.09 -2.844 -2.894 -2.442 -3.500 -2.894 -2.894 -2.894 -2.894 -2.894 -2.894 -2.894 -2.894 -2.894 -2.894 -2.894 -2.894 -2.894 -2.894 -2.894 -2.894 -2.894 -2.894 -2.894 -2.894 -2.894 -2.894 -2.442 -2.442 -2.441 -2.442 -2.442 -2.442 -2.442 -2.442 -2.442 -2.442 -2.442 -2.442 -2.442 -2.442 -2.442 -2.442 -2.442 -2.442 -2.442 -2.442 -2.442 -2.442 -3.500 -3.500 -3.500 -3.500 -3.500 -3.500 -3.500 -3.500 -3.500 -3.500 -3.500 -3.500 -3.500 -3.500 -3.500 -3.500 -3.500 -3.500 -3.500 -3.500 -3.500 -3.500
0.0152 0.01508 8.12000 4.6517925262 2.6121115897    4.600  3.047  3.7071  1.834    6  0.000  0.369     0.00     0.00     0.00     0.00     0.00 -1  -1.5e-09      0.00 6.800e-01 3.046e-01 1.647e-03 2.641e-03 5.945e-03 -1.000 1.536e-02       5096          0          0          0          0      43.05      43.05 -2.849 -2.888 -2.423 -3.505 -2.888 -2.888 -2.888 -2.888 -2.888 -2.888 -2.888 -2.888 -2.888 -2.888 -2.888 -2.888 -2.888 -2.888 -2.888 -2.888 -2.888 -2.888 -2.888 -2.888 -2.888 -2.888 -2.423 -2.423 -2.423 -2.423 -2.423 -2.423 -2.423 -2.423 -2.423 -2.423 -2.423 -2.423 -2.423 -2.423 -2.423 -2.423 -2.423 -2.423 -2.423 -2.423 -2.423 -2.423 -3.505 -3.505 -3.505 -3.505 -3.505 -3.505 -3.505 -3.505 -3.505 -3.505 -3.505 -3.505 -3.505 -3.505 -3.505 -3.505 -3.505 -3.505 -3.505 -3.505 -3.505 -3.505
0.0152 0.01508 8.12000 4.6570091248 2.6121433680    4.604  3.046  3.7022  1.816    6  0.000  0.369     0.00     0.00     0.00     0.00     0.00 -1 -1.62e-09      0.00 6.800e-01 3.046e-01 1.647e-03 2.640e-03 5.946e-03 -1.000 1.536e-02       5039          0          0          0          0      43.96      43.96 -2.845 -2.872 -2.394 -3.500 -2.872 -2.872 -2.872 -2.872 -2.872 -2.872 -2.872 -2.872 -2.872 -2.872 -2.872 -2.872 -2.872 -2.872 -2.872 -2.872 -2.872 -2.872 -2.872 -2.872 -2.872 -2.872 -2.394 -2.394 -2.394 -2.394 -2.394 -2.394 -2.394 -2.394 -2.394 -2.394 -2.394 -2.394 -2.394 -2.394 -2.394 -2.394 -2.394 -2.394 -2.394 -2.394 -2.394 -2.394 -3.500 -3.500 -3.500 -3.500 -3.500 -3.500 -3.500 -3.500 -3.500 -3.500 -3.500 -3.500 -3.500 -3.500 -3.500 -3.500 -3.500 -3.500 -3.500 -3.500 -3.500 -3.500
0.0152 0.01508 8.12000 4.6614441872 2.6121703210    4.608  3.043  3.6970  1.799    6  0.000  0.369     0.00     0.00     0.00     0.00     0.00 -1 -1.75e-09      0.00 6.801e-01 3.046e-01 1.647e-03 2.640e-03 5.946e-03 -1.000 1.536e-02       4978          0          0          0          0      44.86      44.86 -2.837 -2.850 -2.358 -3.489 -2.850 -2.850 -2.850 -2.850 -2.850 -2.850 -2.850 -2.850 -2.850 -2.850 -2.850 -2.850 -2.850 -2.850 -2.850 -2.850 -2.850 -2.850 -2.850 -2.850 -2.850 -2.850 -2.358 -2.358 -2.358 -2.358 -2.358 -2.358 -2.358 -2.358 -2.358 -2.358 -2.358 -2.358 -2.358 -2.358 -2.358 -2.358 -2.358 -2.358 -2.358 -2.358 -2.358 -2.358 -3.489 -3.489 -3.489 -3.489 -3.489 -3.489 -3.489 -3.489 -3.489 -3.489 -3.489 -3.489 -3.489 -3.489 -3.489 -3.489 -3.489 -3.489 -3.489 -3.489 -3.489 -3.489
0.0152 0.01508 8.12000 4.6649527550 2.6121916018    4.611  3.036  3.6922  1.786    6  0.000  0.369     0.00     0.00     0.00     0.00     0.00 -1 -1.85e-09      0.00 6.801e-01 3.046e-01 1.647e-03 2.640e-03 5.947e-03 -1.000 1.536e-02       4923          0          0          0          0      45.55      45.55 -2.821 -2.820 -2.315 -3.469 -2.820 -2.820 -2.820 -2.820 -2.820 -2.820 -2.820 -2.820 -2.820 -2.820 -2.820 -2.820 -2.820 -2.820 -2.820 -2.820 -2.820 -2.820 -2.820 -2.820 -2.820 -2.820 -2.315 -2.315 -2.315 -2.315 -2.315 -2.315 -2.315 -2.315 -2.315 -2.315 -2.315 -2.315 -2.315 -2.315 -2.315 -2.315 -2.315 -2.315 -2.315 -2.315 -2.315 -2.315 -3.469 -3.469 -3.469 -3.469 -3.469 -3.469 -3.469 -3.469 -3.469 -3.469 -3.469 -3.469 -3.469 -3.469 -3.469 -3.469 -3.469 -3.469 -3.469 -3.469 -3.469 -3.469
0.0152 0.01508 8.12000 4.6691632271 2.6122170913    4.614  3.026  3.6859  1.772    6  0.000  0.369     0.00     0.00     0.00     0.00     0.00 -1 -1.97e-09      0.00 6.801e-01 3.045e-01 1.647e-03 2.639e-03 5.947e-03 -1.000 1.536e-02       4852          0          0          0          0      46.33      46.33 -2.795 -2.774 -2.252 -3.437 -2.774 -2.774 -2.774 -2.774 -2.774 -2.774 -2.774 -2.774 -2.774 -2.774 -2.774 -2.774 -2.774 -2.774 -2.774 -2.774 -2.774 -2.774 -2.774 -2.774 -2.774 -2.774 -2.252 -2.252 -2.252 -2.252 -2.252 -2.252 -2.252 -2.252 -2.252 -2.252 -2.252 -2.252 -2.252 -2.252 -2.252 -2.252 -2.252 -2.252 -2.252 -2.252 -2.252 -2.252 -3.437 -3.437 -3.437 -3.437 -3.437 -3.437 -3.437 -3.437 -3.437 -3.437 -3.437 -3.437 -3.437 -3.437 -3.437 -3.437 -3.437 -3.437 -3.437 -3.437 -3.437 -3.437
0.0152 0.01508 8.12000 4.6732172966 2.6122415840    4.618  3.011  3.6791  1.760    6  0.000  0.369     0.00     0.00     0.00     0.00     0.00 -1 -2.07e-09      0.00 6.801e-01 3.045e-01 1.647e-03 2.639e-03 5.948e-03 -1.000 1.536e-02       4776          0          0          0          0         47         47 -2.758 -2.715 -2.175 -3.393 -2.715 -2.715 -2.715 -2.715 -2.715 -2.715 -2.715 -2.715 -2.715 -2.715 -2.715 -2.715 -2.715 -2.715 -2.715 -2.715 -2.715 -2.715 -2.715 -2.715 -2.715 -2.715 -2.175 -2.175 -2.175 -2.175 -2.175 -2.175 -2.175 -2.175 -2.175 -2.175 -2.175 -2.175 -2.175 -2.175 -2.175 -2.175 -2.175 -2.175 -2.175 -2.175 -2.175 -2.175 -3.393 -3.393 -3.393 -3.393 -3.393 -3.393 -3.393 -3.393 -3.393 -3.393 -3.393 -3.393 -3.393 -3.393 -3.393 -3.393 -3.393 -3.393 -3.393 -3.393 -3.393 -3.393
0.0152 0.01508 8.12000 4.6770410538 2.6122646406    4.621  2.997  3.6726  1.748    6  0.000  0.369     0.00     0.00     0.00     0.00     0.00 -1 -2.19e-09      0.00 6.802e-01 3.045e-01 1.647e-03 2.638e-03 5.948e-03 -1.000 1.536e-02       4705          0          0          0          0      47.64      47.64 -2.722 -2.656 -2.097 -3.348 -2.656 -2.656 -2.656 -2.656 -2.656 -2.656 -2.656 -2.656 -2.656 -2.656 -2.656 -2.656 -2.656 -2.656 -2.656 -2.656 -2.656 -2.656 -2.656 -2.656 -2.656 -2.656 -2.097 -2.097 -2.097 -2.097 -2.097 -2.097 -2.097 -2.097 -2.097 -2.097 -2.097 -2.097 -2.097 -2.097 -2.097 -2.097 -2.097 -2.097 -2.097 -2.097 -2.097 -2.097 -3.348 -3.348 -3.348 -3.348 -3.348 -3.348 -3.348 -3.348 -3.348 -3.348 -3.348 -3.348 -3.348 -3.348 -3.348 -3.348 -3.348 -3.348 -3.348 -3.348 -3.348 -3.348
0.0152 0.01508 8.12000 4.6813049316 2.6122902999    4.624  2.986  3.6658  1.733    6  0.000  0.369     0.00     0.00     0.00     0.00     0.00 -1 -2.35e-09      0.00 6.802e-01 3.045e-01 1.647e-03 2.638e-03 5.949e-03 -1.000 1.536e-02       4633          0          0          0          0      48.53      48.53 -2.694 -2.603 -2.024 -3.311 -2.603 -2.603 -2.603 -2.603 -2.603 -2.603 -2.603 -2.603 -2.603 -2.603 -2.603 -2.603 -2.603 -2.603 -2.603 -2.603 -2.603 -2.603 -2.603 -2.603 -2.603 -2.603 -2.024 -2.024 -2.024 -2.024 -2.024 -2.024 -2.024 -2.024 -2.024 -2.024 -2.024 -2.024 -2.024 -2.024 -2.024 -2.024 -2.024 -2.024 -2.024 -2.024 -2.024 -2.024 -3.311 -3.311 -3.311 -3.311 -3.311 -3.311 -3.311 -3.311 -3.311 -3.311 -3.311 -3.311 -3.311 -3.311 -3.311 -3.311 -3.311 -3.311 -3.311 -3.311 -3.311 -3.311
0.0152 0.01508 8.12000 4.6887702942 2.6123350961    4.630  2.993  3.6538  1.678    6  0.000  0.369     0.00     0.00     0.00     0.00     0.00 -1    -3e-09      0.00 6.802e-01 3.044e-01 1.647e-03 2.637e-03 5.950e-03 -1.000 1.536e-02       4506          0          0          0          0      51.75      51.75 -2.711 -2.571 -1.953 -3.307 -2.571 -2.571 -2.571 -2.571 -2.571 -2.571 -2.571 -2.571 -2.571 -2.571 -2.571 -2.571 -2.571 -2.571 -2.571 -2.571 -2.571 -2.571 -2.571 -2.571 -2.571 -2.571 -1.953 -1.953 -1.953 -1.953 -1.953 -1.953 -1.953 -1.953 -1.953 -1.953 -1.953 -1.953 -1.953 -1.953 -1.953 -1.953 -1.953 -1.953 -1.953 -1.953 -1.953 -1.953 -3.307 -3.307 -3.307 -3.307 -3.307 -3.307 -3.307 -3.307 -3.307 -3.307 -3.307 -3.307 -3.307 -3.307 -3.307 -3.307 -3.307 -3.307 -3.307 -3.307 -3.307 -3.307
0.0152 0.01508 8.12000 4.6916794777 2.6123525084    4.632  3.023  3.6462  1.617    6  0.000  0.369     0.00     0.00     0.00     0.00     0.00 -1 -3.89e-09      0.00 6.802e-01 3.044e-01 1.647e-03 2.637e-03 5.950e-03 -1.000 1.536e-02       4428          0          0          0          0       55.5       55.5 -2.788 -2.615 -1.969 -3.369 -2.615 -2.615 -2.615 -2.615 -2.615 -2.615 -2.615 -2.615 -2.615 -2.615 -2.615 -2.615 -2.615 -2.615 -2.615 -2.615 -2.615 -2.615 -2.615 -2.615 -2.615 -2.615 -1.969 -1.969 -1.969 -1.969 -1.969 -1.969 -1.969 -1.969 -1.969 -1.969 -1.969 -1.969 -1.969 -1.969 -1.969 -1.969 -1.969 -1.969 -1.969 -1.969 -1.969 -1.969 -3.369 -3.369 -3.369 -3.369 -3.369 -3.369 -3.369 -3.369 -3.369 -3.369 -3.369 -3.369 -3.369 -3.369 -3.369 -3.369 -3.369 -3.369 -3.369 -3.369 -3.369 -3.369
0.0152 0.01508 8.12000 4.6924028397 2.6123568341    4.632  3.058  3.6414  1.563    6  0.000  0.369     0.00     0.00     0.00     0.00     0.00 -1 -4.91e-09      0.00 6.802e-01 3.044e-01 1.647e-03 2.636e-03 5.950e-03 -1.000 1.536e-02       4379          0          0          0          0      59.04      59.04 -2.876 -2.679 -2.015 -3.446 -2.679 -2.679 -2.679 -2.679 -2.679 -2.679 -2.679 -2.679 -2.679 -2.679 -2.679 -2.679 -2.679 -2.679 -2.679 -2.679 -2.679 -2.679 -2.679 -2.679 -2.679 -2.679 -2.015 -2.015 -2.015 -2.015 -2.015 -2.015 -2.015 -2.015 -2.015 -2.015 -2.015 -2.015 -2.015 -2.015 -2.015 -2.015 -2.015 -2.015 -2.015 -2.015 -2.015 -2.015 -3.446 -3.446 -3.446 -3.446 -3.446 -3.446 -3.446 -3.446 -3.446 -3.446 -3.446 -3.446 -3.446 -3.446 -3.446 -3.446 -3.446 -3.446 -3.446 -3.446 -3.446 -3.446
0.0152 0.01508 8.12000 4.6925072670 2.6123574584    4.632  3.066  3.6404  1.552    6  0.000  0.369     0.00     0.00     0.00     0.00     0.00 -1 -5.16e-09      0.00 6.802e-01 3.044e-01 1.647e-03 2.636e-03 5.950e-03 -1.000 1.536e-02       4369          0          0          0          0      59.79      59.79 -2.894 -2.694 -2.026 -3.463 -2.694 -2.694 -2.694 -2.694 -2.694 -2.694 -2.694 -2.694 -2.694 -2.694 -2.694 -2.694 -2.694 -2.694 -2.694 -2.694 -2.694 -2.694 -2.694 -2.694 -2.694 -2.694 -2.026 -2.026 -2.026 -2.026 -2.026 -2.026 -2.026 -2.026 -2.026 -2.026 -2.026 -2.026 -2.026 -2.026 -2.026 -2.026 -2.026 -2.026 -2.026 -2.026 -2.026 -2.026 -3.463 -3.463 -3.463 -3.463 -3.463 -3.463 -3.463 -3.463 -3.463 -3.463 -3.463 -3.463 -3.463 -3.463 -3.463 -3.463 -3.463 -3.463 -3.463 -3.463 -3.463 -3.463
0.0152 0.01508 8.12000 4.6926617622 2.6123583820    4.633  3.069  3.6403  1.548    7  0.000  0.369     9.42     7.69     5.59     4.07     3.34  4 -5.28e-09      0.00 6.803e-01 3.044e-01 1.647e-03 2.636e-03 5.950e-03 -1.000 1.536e-02       4368          0          0          0          0      60.06      60.06 -2.903 -2.702 -2.033 -3.472 -2.702 -2.702 -2.702 -2.702 -2.702 -2.702 -2.702 -2.702 -2.702 -2.702 -2.702 -2.702 -2.702 -2.702 -2.702 -2.702 -2.702 -2.702 -2.702 -2.702 -2.702 -2.702 -2.033 -2.033 -2.033 -2.033 -2.033 -2.033 -2.033 -2.033 -2.033 -2.033 -2.033 -2.033 -2.033 -2.033 -2.033 -2.033 -2.033 -2.033 -2.033 -2.033 -2.033 -2.033 -3.472 -3.472 -3.472 -3.472 -3.472 -3.472 -3.472 -3.472 -3.472 -3.472 -3.472 -3.472 -3.472 -3.472 -3.472 -3.472 -3.472 -3.472 -3.472 -3.472 -3.472 -3.472
0.0152 0.01508 8.12000 4.6929864883 2.6123603231    4.633  3.058  3.6420  1.566    7  0.000  0.369     9.06     7.44     5.42     3.94     3.24  4 -4.98e-09      0.00 6.803e-01 3.044e-01 1.647e-03 2.636e-03 5.950e-03 -1.000 1.536e-02       4385          0          0          0          0      58.86      58.86 -2.875 -2.681 -2.019 -3.447 -2.681 -2.681 -2.681 -2.681 -2.681 -2.681 -2.681 -2.681 -2.681 -2.681 -2.681 -2.681 -2.681 -2.681 -2.681 -2.681 -2.681 -2.681 -2.681 -2.681 -2.681 -2.681 -2.019 -2.019 -2.019 -2.019 -2.019 -2.019 -2.019 -2.019 -2.019 -2.019 -2.019 -2.019 -2.019 -2.019 -2.019 -2.019 -2.019 -2.019 -2.019 -2.019 -2.019 -2.019 -3.447 -3.447 -3.447 -3.447 -3.447 -3.447 -3.447 -3.447 -3.447 -3.447 -3.447 -3.447 -3.447 -3.447 -3.447 -3.447 -3.447 -3.447 -3.447 -3.447 -3.447 -3.447
0.0152 0.01508 8.12000 4.6938557625 2.6123655178    4.633  3.036  3.6443  1.597    7  0.000  0.369     8.49     7.03     5.14     3.74     3.06  4 -4.31e-09      0.00 6.803e-01 3.044e-01 1.647e-03 2.636e-03 5.950e-03 -1.000 1.536e-02       4408          0          0          0          0      56.82      56.82 -2.820 -2.638 -1.984 -3.397 -2.638 -2.638 -2.638 -2.638 -2.638 -2.638 -2.638 -2.638 -2.638 -2.638 -2.638 -2.638 -2.638 -2.638 -2.638 -2.638 -2.638 -2.638 -2.638 -2.638 -2.638 -2.638 -1.984 -1.984 -1.984 -1.984 -1.984 -1.984 -1.984 -1.984 -1.984 -1.984 -1.984 -1.984 -1.984 -1.984 -1.984 -1.984 -1.984 -1.984 -1.984 -1.984 -1.984 -1.984 -3.397 -3.397 -3.397 -3.397 -3.397 -3.397 -3.397 -3.397 -3.397 -3.397 -3.397 -3.397 -3.397 -3.397 -3.397 -3.397 -3.397 -3.397 -3.397 -3.397 -3.397 -3.397
0.0152 0.01508 8.12000 4.6956052780 2.6123759661    4.634  3.053  3.6415  1.569    7  0.000  0.369     9.00     7.39     5.39     3.92     3.22  4 -4.56e-09      0.00 6.803e-01 3.044e-01 1.647e-03 2.636e-03 5.950e-03 -1.000 1.536e-02       4380          0          0          0          0      58.67      58.67 -2.863 -2.667 -2.003 -3.434 -2.667 -2.667 -2.667 -2.667 -2.667 -2.667 -2.667 -2.667 -2.667 -2.667 -2.667 -2.667 -2.667 -2.667 -2.667 -2.667 -2.667 -2.667 -2.667 -2.667 -2.667 -2.667 -2.003 -2.003 -2.003 -2.003 -2.003 -2.003 -2.003 -2.003 -2.003 -2.003 -2.003 -2.003 -2.003 -2.003 -2.003 -2.003 -2.003 -2.003 -2.003 -2.003 -2.003 -2.003 -3.434 -3.434 -3.434 -3.434 -3.434 -3.434 -3.434 -3.434 -3.434 -3.434 -3.434 -3.434 -3.434 -3.434 -3.434 -3.434 -3.434 -3.434 -3.434 -3.434 -3.434 -3.434
0.0152 0.01508 8.12000 4.6967587471 2.6123828498    4.635  3.091  3.6373  1.515    7  0.000  0.369    10.09     8.16     5.92     4.31     3.54  4 -5.66e-09      0.00 6.803e-01 3.044e-01 1.647e-03 2.636e-03 5.950e-03 -1.000 1.536e-02       4338          0          0          0          0      62.47      62.47 -2.956 -2.740 -2.059 -3.518 -2.740 -2.740 -2.740 -2.740 -2.740 -2.740 -2.740 -2.740 -2.740 -2.740 -2.740 -2.740 -2.740 -2.740 -2.740 -2.740 -2.740 -2.740 -2.740 -2.740 -2.740 -2.740 -2.059 -2.059 -2.059 -2.059 -2.059 -2.059 -2.059 -2.059 -2.059 -2.059 -2.059 -2.059 -2.059 -2.059 -2.059 -2.059 -2.059 -2.059 -2.059 -2.059 -2.059 -2.059 -3.518 -3.518 -3.518 -3.518 -3.518 -3.518 -3.518 -3.518 -3.518 -3.518 -3.518 -3.518 -3.518 -3.518 -3.518 -3.518 -3.518 -3.518 -3.518 -3.518 -3.518 -3.518
0.0152 0.01508 8.12000 4.6980175972 2.6123903579    4.636  3.127  3.6335  1.463    7  0.000  0.369    11.26     8.96     6.48     4.73     3.88  4 -6.91e-09      0.00 6.803e-01 3.044e-01 1.647e-03 2.636e-03 5.951e-03 -1.000 1.536e-02       4300          0          0          0          0      66.33      66.33 -3.048 -2.813 -2.117 -3.600 -2.813 -2.813 -2.813 -2.813 -2.813 -2.813 -2.813 -2.813 -2.813 -2.813 -2.813 -2.813 -2.813 -2.813 -2.813 -2.813 -2.813 -2.813 -2.813 -2.813 -2.813 -2.813 -2.117 -2.117 -2.117 -2.117 -2.117 -2.117 -2.117 -2.117 -2.117 -2.117 -2.117 -2.117 -2.117 -2.117 -2.117 -2.117 -2.117 -2.117 -2.117 -2.117 -2.117 -2.117 -3.600 -3.600 -3.600 -3.600 -3.600 -3.600 -3.600 -3.600 -3.600 -3.600 -3.600 -3.600 -3.600 -3.600 -3.600 -3.600 -3.600 -3.600 -3.600 -3.600 -3.600 -3.600
0.0152 0.01508 8.12000 4.6994881630 2.6123991230    4.636  3.166  3.6298  1.410    7  0.000  0.369    12.60     9.87     7.10     5.19     4.26  4 -8.38e-09      0.00 6.803e-01 3.044e-01 1.647e-03 2.636e-03 5.951e-03 -1.000 1.536e-02       4263          0          0          0          0      70.51      70.51 -3.144 -2.889 -2.179 -3.686 -2.889 -2.889 -2.889 -2.889 -2.889 -2.889 -2.889 -2.889 -2.889 -2.889 -2.889 -2.889 -2.889 -2.889 -2.889 -2.889 -2.889 -2.889 -2.889 -2.889 -2.889 -2.889 -2.179 -2.179 -2.179 -2.179 -2.179 -2.179 -2.179 -2.179 -2.179 -2.179 -2.179 -2.179 -2.179 -2.179 -2.179 -2.179 -2.179 -2.179 -2.179 -2.179 -2.179 -2.179 -3.686 -3.686 -3.686 -3.686 -3.686 -3.686 -3.686 -3.686 -3.686 -3.686 -3.686 -3.686 -3.686 -3.686 -3.686 -3.686 -3.686 -3.686 -3.686 -3.686 -3.686 -3.686
0.0152 0.01508 8.12000 4.7011251450 2.6124088725    4.637  3.205  3.6260  1.356    7  0.000  0.369    14.12    10.88     7.79     5.70     4.68  4 -1.01e-08      0.00 6.803e-01 3.043e-01 1.647e-03 2.636e-03 5.951e-03 -1.000 1.536e-02       4226          0          0          0          0      75.05      75.05 -3.242 -2.967 -2.240 -3.773 -2.967 -2.967 -2.967 -2.967 -2.967 -2.967 -2.967 -2.967 -2.967 -2.967 -2.967 -2.967 -2.967 -2.967 -2.967 -2.967 -2.967 -2.967 -2.967 -2.967 -2.967 -2.967 -2.240 -2.240 -2.240 -2.240 -2.240 -2.240 -2.240 -2.240 -2.240 -2.240 -2.240 -2.240 -2.240 -2.240 -2.240 -2.240 -2.240 -2.240 -2.240 -2.240 -2.240 -2.240 -3.773 -3.773 -3.773 -3.773 -3.773 -3.773 -3.773 -3.773 -3.773 -3.773 -3.773 -3.773 -3.773 -3.773 -3.773 -3.773 -3.773 -3.773 -3.773 -3.773 -3.773 -3.773
0.0152 0.01508 8.12000 4.7028527260 2.6124191532    4.637  3.245  3.6223  1.300    7  0.000  0.369    15.88    12.03     8.58     6.29     5.16  4 -1.22e-08      0.00 6.803e-01 3.043e-01 1.647e-03 2.635e-03 5.951e-03 -1.000 1.536e-02       4190          0          0          0          0      80.03      80.03 -3.343 -3.047 -2.305 -3.863 -3.047 -3.047 -3.047 -3.047 -3.047 -3.047 -3.047 -3.047 -3.047 -3.047 -3.047 -3.047 -3.047 -3.047 -3.047 -3.047 -3.047 -3.047 -3.047 -3.047 -3.047 -3.047 -2.305 -2.305 -2.305 -2.305 -2.305 -2.305 -2.305 -2.305 -2.305 -2.305 -2.305 -2.305 -2.305 -2.305 -2.305 -2.305 -2.305 -2.305 -2.305 -2.305 -2.305 -2.305 -3.863 -3.863 -3.863 -3.863 -3.863 -3.863 -3.863 -3.863 -3.863 -3.863 -3.863 -3.863 -3.863 -3.863 -3.863 -3.863 -3.863 -3.863 -3.863 -3.863 -3.863 -3.863
0.0152 0.01508 8.12000 4.7045979500 2.6124295300    4.637  3.287  3.6184  1.243    7  0.000  0.369    17.90    13.33     9.46     6.95     5.71  4 -1.46e-08      0.00 6.803e-01 3.043e-01 1.647e-03 2.635e-03 5.951e-03 -1.000 1.536e-02       4153          0          0          0          0      85.45      85.45 -3.447 -3.129 -2.369 -3.955 -3.129 -3.129 -3.129 -3.129 -3.129 -3.129 -3.129 -3.129 -3.129 -3.129 -3.129 -3.129 -3.129 -3.129 -3.129 -3.129 -3.129 -3.129 -3.129 -3.129 -3.129 -3.129 -2.369 -2.369 -2.369 -2.369 -2.369 -2.369 -2.369 -2.369 -2.369 -2.369 -2.369 -2.369 -2.369 -2.369 -2.369 -2.369 -2.369 -2.369 -2.369 -2.369 -2.369 -2.369 -3.955 -3.955 -3.955 -3.955 -3.955 -3.955 -3.955 -3.955 -3.955 -3.955 -3.955 -3.955 -3.955 -3.955 -3.955 -3.955 -3.955 -3.955 -3.955 -3.955 -3.955 -3.955
0.0152 0.01508 8.12000 4.7062845230 2.6124395497    4.636  3.330  3.6145  1.184    7  0.000  0.369    20.27    14.82    10.47     7.70     6.33  4 -1.74e-08      0.00 6.803e-01 3.043e-01 1.647e-03 2.635e-03 5.951e-03 -1.000 1.536e-02       4116          0          0          0          0      91.43      91.43 -3.554 -3.212 -2.434 -4.049 -3.212 -3.212 -3.212 -3.212 -3.212 -3.212 -3.212 -3.212 -3.212 -3.212 -3.212 -3.212 -3.212 -3.212 -3.212 -3.212 -3.212 -3.212 -3.212 -3.212 -3.212 -3.212 -2.434 -2.434 -2.434 -2.434 -2.434 -2.434 -2.434 -2.434 -2.434 -2.434 -2.434 -2.434 -2.434 -2.434 -2.434 -2.434 -2.434 -2.434 -2.434 -2.434 -2.434 -2.434 -4.049 -4.049 -4.049 -4.049 -4.049 -4.049 -4.049 -4.049 -4.049 -4.049 -4.049 -4.049 -4.049 -4.049 -4.049 -4.049 -4.049 -4.049 -4.049 -4.049 -4.049 -4.049
0.0152 0.01508 8.12000 4.7078304291 2.6124487264    4.636  3.374  3.6105  1.124    7  0.000  0.368    23.01    16.53    11.62     8.56     7.03  4 -2.08e-08      0.00 6.803e-01 3.043e-01 1.646e-03 2.636e-03 5.952e-03 -1.000 1.536e-02       4078          0          0          0          0      97.96      97.96 -3.664 -3.298 -2.502 -4.145 -3.298 -3.298 -3.298 -3.298 -3.298 -3.298 -3.298 -3.298 -3.298 -3.298 -3.298 -3.298 -3.298 -3.298 -3.298 -3.298 -3.298 -3.298 -3.298 -3.298 -3.298 -3.298 -2.502 -2.502 -2.502 -2.502 -2.502 -2.502 -2.502 -2.502 -2.502 -2.502 -2.502 -2.502 -2.502 -2.502 -2.502 -2.502 -2.502 -2.502 -2.502 -2.502 -2.502 -2.502 -4.145 -4.145 -4.145 -4.145 -4.145 -4.145 -4.145 -4.145 -4.145 -4.145 -4.145 -4.145 -4.145 -4.145 -4.145 -4.145 -4.145 -4.145 -4.145 -4.145 -4.145 -4.145
0.0152 0.01508 8.12000 4.7088603973 2.6124548366    4.635  3.407  3.6074  1.078    7  0.000  0.368    25.36    17.96    12.58     9.28     7.63  4 -2.36e-08      0.00 6.803e-01 3.043e-01 1.643e-03 2.639e-03 5.952e-03 -1.000 1.536e-02       4049          0          0          0          0      103.3      103.3 -3.749 -3.362 -2.549 -4.217 -3.362 -3.362 -3.362 -3.362 -3.362 -3.362 -3.362 -3.362 -3.362 -3.362 -3.362 -3.362 -3.362 -3.362 -3.362 -3.362 -3.362 -3.362 -3.362 -3.362 -3.362 -3.362 -2.549 -2.549 -2.549 -2.549 -2.549 -2.549 -2.549 -2.549 -2.549 -2.549 -2.549 -2.549 -2.549 -2.549 -2.549 -2.549 -2.549 -2.549 -2.549 -2.549 -2.549 -2.549 -4.217 -4.217 -4.217 -4.217 -4.217 -4.217 -4.217 -4.217 -4.217 -4.217 -4.217 -4.217 -4.217 -4.217 -4.217 -4.217 -4.217 -4.217 -4.217 -4.217 -4.217 -4.217
0.0152 0.01508 8.12000 4.7100653648 2.6124619811    4.634  3.452  3.6033  1.017    7  0.000  0.366    28.87    20.07    13.99    10.33     8.49  4 -2.78e-08      0.00 6.804e-01 3.043e-01 1.636e-03 2.646e-03 5.952e-03 -1.000 1.536e-02       4011          0          0          0          0      110.9      110.9 -3.861 -3.447 -2.612 -4.313 -3.447 -3.447 -3.447 -3.447 -3.447 -3.447 -3.447 -3.447 -3.447 -3.447 -3.447 -3.447 -3.447 -3.447 -3.447 -3.447 -3.447 -3.447 -3.447 -3.447 -3.447 -3.447 -2.612 -2.612 -2.612 -2.612 -2.612 -2.612 -2.612 -2.612 -2.612 -2.612 -2.612 -2.612 -2.612 -2.612 -2.612 -2.612 -2.612 -2.612 -2.612 -2.612 -2.612 -2.612 -4.313 -4.313 -4.313 -4.313 -4.313 -4.313 -4.313 -4.313 -4.313 -4.313 -4.313 -4.313 -4.313 -4.313 -4.313 -4.313 -4.313 -4.313 -4.313 -4.313 -4.313 -4.313
0.0152 0.01508 8.12000 4.7111148834 2.6124682005    4.633  3.496  3.5992  0.956    7  0.000  0.365    32.80    22.39    15.53    11.49     9.45  4 -3.26e-08      0.00 6.804e-01 3.043e-01 1.629e-03 2.654e-03 5.952e-03 -1.000 1.536e-02       3973          0          0          0          0      118.8      118.8 -3.971 -3.529 -2.671 -4.407 -3.529 -3.529 -3.529 -3.529 -3.529 -3.529 -3.529 -3.529 -3.529 -3.529 -3.529 -3.529 -3.529 -3.529 -3.529 -3.529 -3.529 -3.529 -3.529 -3.529 -3.529 -3.529 -2.671 -2.671 -2.671 -2.671 -2.671 -2.671 -2.671 -2.671 -2.671 -2.671 -2.671 -2.671 -2.671 -2.671 -2.671 -2.671 -2.671 -2.671 -2.671 -2.671 -2.671 -2.671 -4.407 -4.407 -4.407 -4.407 -4.407 -4.407 -4.407 -4.407 -4.407 -4.407 -4.407 -4.407 -4.407 -4.407 -4.407 -4.407 -4.407 -4.407 -4.407 -4.407 -4.407 -4.407
0.0152 0.01508 8.12000 4.7118239403 2.6124724005    4.631  3.529  3.5961  0.911    7  0.000  0.364    36.10    24.31    16.79    12.44    10.23  4 -3.64e-08      0.00 6.804e-01 3.043e-01 1.624e-03 2.660e-03 5.952e-03 -1.000 1.536e-02       3945          0          0          0          0      125.2      125.2 -4.054 -3.588 -2.709 -4.475 -3.588 -3.588 -3.588 -3.588 -3.588 -3.588 -3.588 -3.588 -3.588 -3.588 -3.588 -3.588 -3.588 -3.588 -3.588 -3.588 -3.588 -3.588 -3.588 -3.588 -3.588 -3.588 -2.709 -2.709 -2.709 -2.709 -2.709 -2.709 -2.709 -2.709 -2.709 -2.709 -2.709 -2.709 -2.709 -2.709 -2.709 -2.709 -2.709 -2.709 -2.709 -2.709 -2.709 -2.709 -4.475 -4.475 -4.475 -4.475 -4.475 -4.475 -4.475 -4.475 -4.475 -4.475 -4.475 -4.475 -4.475 -4.475 -4.475 -4.475 -4.475 -4.475 -4.475 -4.475 -4.475 -4.475
0.0152 0.01508 8.12000 4.7126846313 2.6124774968    4.630  3.573  3.5921  0.851    7  0.000  0.362    40.99    27.10    18.63    13.82    11.37  4 -4.21e-08      0.00 6.804e-01 3.043e-01 1.619e-03 2.666e-03 5.952e-03 -1.000 1.536e-02       3908          0          0          0          0      134.2      134.2 -4.163 -3.666 -2.760 -4.565 -3.666 -3.666 -3.666 -3.666 -3.666 -3.666 -3.666 -3.666 -3.666 -3.666 -3.666 -3.666 -3.666 -3.666 -3.666 -3.666 -3.666 -3.666 -3.666 -3.666 -3.666 -3.666 -2.760 -2.760 -2.760 -2.760 -2.760 -2.760 -2.760 -2.760 -2.760 -2.760 -2.760 -2.760 -2.760 -2.760 -2.760 -2.760 -2.760 -2.760 -2.760 -2.760 -2.760 -2.760 -4.565 -4.565 -4.565 -4.565 -4.565 -4.565 -4.565 -4.565 -4.565 -4.565 -4.565 -4.565 -4.565 -4.565 -4.565 -4.565 -4.565 -4.565 -4.565 -4.565 -4.565 -4.565
0.0152 0.01508 8.12000 4.7134642601 2.6124821112    4.628  3.617  3.5880  0.790    7  0.000  0.361    46.53    30.21    20.67    15.36    12.64  4 -4.83e-08      0.00 6.804e-01 3.043e-01 1.614e-03 2.672e-03 5.951e-03 -1.000 1.536e-02       3872          0          0          0          0      143.7      143.7 -4.272 -3.740 -2.803 -4.653 -3.740 -3.740 -3.740 -3.740 -3.740 -3.740 -3.740 -3.740 -3.740 -3.740 -3.740 -3.740 -3.740 -3.740 -3.740 -3.740 -3.740 -3.740 -3.740 -3.740 -3.740 -3.740 -2.803 -2.803 -2.803 -2.803 -2.803 -2.803 -2.803 -2.803 -2.803 -2.803 -2.803 -2.803 -2.803 -2.803 -2.803 -2.803 -2.803 -2.803 -2.803 -2.803 -2.803 -2.803 -4.653 -4.653 -4.653 -4.653 -4.653 -4.653 -4.653 -4.653 -4.653 -4.653 -4.653 -4.653 -4.653 -4.653 -4.653 -4.653 -4.653 -4.653 -4.653 -4.653 -4.653 -4.653
0.0152 0.01508 8.12000 4.7141752243 2.6124863177    4.626  3.661  3.5838  0.730    7  0.000  0.361    52.89    33.71    22.95    17.08    14.06  4 -5.51e-08      0.00 6.803e-01 3.043e-01 1.611e-03 2.678e-03 5.950e-03 -1.000 1.536e-02       3834          0          0          0          0      154.1      154.1 -4.381 -3.812 -2.839 -4.739 -3.812 -3.812 -3.812 -3.812 -3.812 -3.812 -3.812 -3.812 -3.812 -3.812 -3.812 -3.812 -3.812 -3.812 -3.812 -3.812 -3.812 -3.812 -3.812 -3.812 -3.812 -3.812 -2.839 -2.839 -2.839 -2.839 -2.839 -2.839 -2.839 -2.839 -2.839 -2.839 -2.839 -2.839 -2.839 -2.839 -2.839 -2.839 -2.839 -2.839 -2.839 -2.839 -2.839 -2.839 -4.739 -4.739 -4.739 -4.739 -4.739 -4.739 -4.739 -4.739 -4.739 -4.739 -4.739 -4.739 -4.739 -4.739 -4.739 -4.739 -4.739 -4.739 -4.739 -4.739 -4.739 -4.739
0.0152 0.01508 8.12000 4.7146677971 2.6124892312    4.624  3.693  3.5806  0.684    7  0.000  0.360    58.23    36.61    24.83    18.50    15.24  4 -6.08e-08      0.00 6.803e-01 3.043e-01 1.608e-03 2.682e-03 5.948e-03 -1.000 1.536e-02       3806          0          0          0          0      162.4      162.4 -4.463 -3.865 -2.866 -4.803 -3.865 -3.865 -3.865 -3.865 -3.865 -3.865 -3.865 -3.865 -3.865 -3.865 -3.865 -3.865 -3.865 -3.865 -3.865 -3.865 -3.865 -3.865 -3.865 -3.865 -3.865 -3.865 -2.866 -2.866 -2.866 -2.866 -2.866 -2.866 -2.866 -2.866 -2.866 -2.866 -2.866 -2.866 -2.866 -2.866 -2.866 -2.866 -2.866 -2.866 -2.866 -2.866 -2.866 -2.866 -4.803 -4.803 -4.803 -4.803 -4.803 -4.803 -4.803 -4.803 -4.803 -4.803 -4.803 -4.803 -4.803 -4.803 -4.803 -4.803 -4.803 -4.803 -4.803 -4.803 -4.803 -4.803
0.0152 0.01508 8.12000 4.7152724266 2.6124928065    4.622  3.736  3.5763  0.624    7  0.000  0.360    66.06    40.78    27.53    20.55    16.92  4 -6.88e-08      0.00 6.803e-01 3.044e-01 1.605e-03 2.690e-03 5.943e-03 -1.000 1.536e-02       3770          0          0          0          0      173.9      173.9 -4.570 -3.926 -2.882 -4.881 -3.926 -3.926 -3.926 -3.926 -3.926 -3.926 -3.926 -3.926 -3.926 -3.926 -3.926 -3.926 -3.926 -3.926 -3.926 -3.926 -3.926 -3.926 -3.926 -3.926 -3.926 -3.926 -2.882 -2.882 -2.882 -2.882 -2.882 -2.882 -2.882 -2.882 -2.882 -2.882 -2.882 -2.882 -2.882 -2.882 -2.882 -2.882 -2.882 -2.882 -2.882 -2.882 -2.882 -2.882 -4.881 -4.881 -4.881 -4.881 -4.881 -4.881 -4.881 -4.881 -4.881 -4.881 -4.881 -4.881 -4.881 -4.881 -4.881 -4.881 -4.881 -4.881 -4.881 -4.881 -4.881 -4.881
0.0152 0.01508 8.12000 4.7158355713 2.6124961356    4.620  3.779  3.5720  0.564    7  0.000  0.360    75.04    45.49    30.55    22.84    18.82  4 -7.76e-08      0.00 6.801e-01 3.046e-01 1.602e-03 2.700e-03 5.935e-03 -1.000 1.536e-02       3732          0          0          0          0      186.4      186.4 -4.677 -3.986 -2.893 -4.959 -3.986 -3.986 -3.986 -3.986 -3.986 -3.986 -3.986 -3.986 -3.986 -3.986 -3.986 -3.986 -3.986 -3.986 -3.986 -3.986 -3.986 -3.986 -3.986 -3.986 -3.986 -3.986 -2.893 -2.893 -2.893 -2.893 -2.893 -2.893 -2.893 -2.893 -2.893 -2.893 -2.893 -2.893 -2.893 -2.893 -2.893 -2.893 -2.893 -2.893 -2.893 -2.893 -2.893 -2.893 -4.959 -4.959 -4.959 -4.959 -4.959 -4.959 -4.959 -4.959 -4.959 -4.959 -4.959 -4.959 -4.959 -4.959 -4.959 -4.959 -4.959 -4.959 -4.959 -4.959 -4.959 -4.959
0.0152 0.01508 8.12000 4.7163600922 2.6124992355    4.617  3.821  3.5677  0.504    7  0.000  0.360    85.07    50.66    33.86    25.35    20.89  3 -8.72e-08      0.00 6.793e-01 3.053e-01 1.599e-03 2.716e-03 5.923e-03 -1.000 1.536e-02       3695          0          0          0          0      199.5      199.5 -4.783 -4.039 -2.890 -5.033 -4.039 -4.039 -4.039 -4.039 -4.039 -4.039 -4.039 -4.039 -4.039 -4.039 -4.039 -4.039 -4.039 -4.039 -4.039 -4.039 -4.039 -4.039 -4.039 -4.039 -4.039 -4.039 -2.890 -2.890 -2.890 -2.890 -2.890 -2.890 -2.890 -2.890 -2.890 -2.890 -2.890 -2.890 -2.890 -2.890 -2.890 -2.890 -2.890 -2.890 -2.890 -2.890 -2.890 -2.890 -5.033 -5.033 -5.033 -5.033 -5.033 -5.033 -5.033 -5.033 -5.033 -5.033 -5.033 -5.033 -5.033 -5.033 -5.033 -5.033 -5.033 -5.033 -5.033 -5.033 -5.033 -5.033
0.0152 0.01508 8.12000 4.7167315483 2.6125014304    4.615  3.852  3.5646  0.461    7  0.000  0.360    93.17    54.76    36.47    27.34    22.54  3 -9.46e-08      0.00 6.775e-01 3.072e-01 1.594e-03 2.739e-03 5.904e-03 -1.000 1.536e-02       3669          0          0          0          0      209.6      209.6 -4.859 -4.076 -2.882 -5.085 -4.076 -4.076 -4.076 -4.076 -4.076 -4.076 -4.076 -4.076 -4.076 -4.076 -4.076 -4.076 -4.076 -4.076 -4.076 -4.076 -4.076 -4.076 -4.076 -4.076 -4.076 -4.076 -2.882 -2.882 -2.882 -2.882 -2.882 -2.882 -2.882 -2.882 -2.882 -2.882 -2.882 -2.882 -2.882 -2.882 -2.882 -2.882 -2.882 -2.882 -2.882 -2.882 -2.882 -2.882 -5.085 -5.085 -5.085 -5.085 -5.085 -5.085 -5.085 -5.085 -5.085 -5.085 -5.085 -5.085 -5.085 -5.085 -5.085 -5.085 -5.085 -5.085 -5.085 -5.085 -5.085 -5.085
0.0152 0.01508 8.12000 4.7172064781 2.6125042360    4.612  3.891  3.5607  0.405    7  0.000  0.360   104.76    60.55    40.15    30.14    24.85  3 -1.05e-07      0.00 6.720e-01 3.126e-01 1.581e-03 2.796e-03 5.857e-03 -1.000 1.536e-02       3636          0          0          0          0      223.3      223.3 -4.958 -4.127 -2.877 -5.156 -4.127 -4.127 -4.127 -4.127 -4.127 -4.127 -4.127 -4.127 -4.127 -4.127 -4.127 -4.127 -4.127 -4.127 -4.127 -4.127 -4.127 -4.127 -4.127 -4.127 -4.127 -4.127 -2.877 -2.877 -2.877 -2.877 -2.877 -2.877 -2.877 -2.877 -2.877 -2.877 -2.877 -2.877 -2.877 -2.877 -2.877 -2.877 -2.877 -2.877 -2.877 -2.877 -2.877 -2.877 -5.156 -5.156 -5.156 -5.156 -5.156 -5.156 -5.156 -5.156 -5.156 -5.156 -5.156 -5.156 -5.156 -5.156 -5.156 -5.156 -5.156 -5.156 -5.156 -5.156 -5.156 -5.156
0.0152 0.01508 8.12000 4.7176666260 2.6125069537    4.609  3.933  3.5569  0.348    7  0.000  0.360   118.16    67.13    44.30    33.31    27.47  3 -1.16e-07      0.00 6.595e-01 3.252e-01 1.553e-03 2.924e-03 5.750e-03 -1.000 1.535e-02       3604          0          0          0          0      238.5      238.5 -5.063 -4.178 -2.864 -5.228 -4.178 -4.178 -4.178 -4.178 -4.178 -4.178 -4.178 -4.178 -4.178 -4.178 -4.178 -4.178 -4.178 -4.178 -4.178 -4.178 -4.178 -4.178 -4.178 -4.178 -4.178 -4.178 -2.864 -2.864 -2.864 -2.864 -2.864 -2.864 -2.864 -2.864 -2.864 -2.864 -2.864 -2.864 -2.864 -2.864 -2.864 -2.864 -2.864 -2.864 -2.864 -2.864 -2.864 -2.864 -5.228 -5.228 -5.228 -5.228 -5.228 -5.228 -5.228 -5.228 -5.228 -5.228 -5.228 -5.228 -5.228 -5.228 -5.228 -5.228 -5.228 -5.228 -5.228 -5.228 -5.228 -5.228
0.0152 0.01508 8.12000 4.7181224823 2.6125096455    4.605  3.982  3.5523  0.281    7  0.000  0.360   136.21    75.83    49.77    37.49    30.93  3  -1.3e-07      0.00 6.461e-01 3.386e-01 1.524e-03 3.061e-03 5.636e-03 -1.000 1.534e-02       3567          0          0          0          0      257.8      257.8 -5.185 -4.235 -2.839 -5.311 -4.235 -4.235 -4.235 -4.235 -4.235 -4.235 -4.235 -4.235 -4.235 -4.235 -4.235 -4.235 -4.235 -4.235 -4.235 -4.235 -4.235 -4.235 -4.235 -4.235 -4.235 -4.235 -2.839 -2.839 -2.839 -2.839 -2.839 -2.839 -2.839 -2.839 -2.839 -2.839 -2.839 -2.839 -2.839 -2.839 -2.839 -2.839 -2.839 -2.839 -2.839 -2.839 -2.839 -2.839 -5.311 -5.311 -5.311 -5.311 -5.311 -5.311 -5.311 -5.311 -5.311 -5.311 -5.311 -5.311 -5.311 -5.311 -5.311 -5.311 -5.311 -5.311 -5.311 -5.311 -5.311 -5.311
0.0152 0.01508 8.12000 4.7185606956 2.6125122325    4.601  4.036  3.5467  0.204    7  0.000  0.360   160.14    87.12    56.82    42.89    35.40  3 -1.49e-07      0.00 6.377e-01 3.470e-01 1.505e-03 3.148e-03 5.564e-03 -1.000 1.534e-02       3521          0          0          0          0      281.3      281.3 -5.320 -4.282 -2.772 -5.390 -4.282 -4.282 -4.282 -4.282 -4.282 -4.282 -4.282 -4.282 -4.282 -4.282 -4.282 -4.282 -4.282 -4.282 -4.282 -4.282 -4.282 -4.282 -4.282 -4.282 -4.282 -4.282 -2.772 -2.772 -2.772 -2.772 -2.772 -2.772 -2.772 -2.772 -2.772 -2.772 -2.772 -2.772 -2.772 -2.772 -2.772 -2.772 -2.772 -2.772 -2.772 -2.772 -2.772 -2.772 -5.390 -5.390 -5.390 -5.390 -5.390 -5.390 -5.390 -5.390 -5.390 -5.390 -5.390 -5.390 -5.390 -5.390 -5.390 -5.390 -5.390 -5.390 -5.390 -5.390 -5.390 -5.390
0.0152 0.01508 8.12000 4.7188539505 2.6125139635    4.598  4.075  3.5422  0.147    7  0.000  0.360   180.60    96.59    62.71    47.41    39.13  3 -1.64e-07      0.00 6.349e-01 3.497e-01 1.498e-03 3.177e-03 5.541e-03 -1.000 1.534e-02       3485          0          0          0          0      300.5      300.5 -5.417 -4.307 -2.700 -5.441 -4.307 -4.307 -4.307 -4.307 -4.307 -4.307 -4.307 -4.307 -4.307 -4.307 -4.307 -4.307 -4.307 -4.307 -4.307 -4.307 -4.307 -4.307 -4.307 -4.307 -4.307 -4.307 -2.700 -2.700 -2.700 -2.700 -2.700 -2.700 -2.700 -2.700 -2.700 -2.700 -2.700 -2.700 -2.700 -2.700 -2.700 -2.700 -2.700 -2.700 -2.700 -2.700 -2.700 -2.700 -5.441 -5.441 -5.441 -5.441 -5.441 -5.441 -5.441 -5.441 -5.441 -5.441 -5.441 -5.441 -5.441 -5.441 -5.441 -5.441 -5.441 -5.441 -5.441 -5.441 -5.441 -5.441
0.0152 0.01508 8.12000 4.7192039490 2.6125160290    4.594  4.122  3.5367  0.077    7  0.000  0.360   209.08   109.52    70.70    53.55    44.22  2 -1.85e-07      0.00 6.329e-01 3.518e-01 1.494e-03 3.198e-03 5.523e-03 -1.000 1.534e-02       3441          0          0          0          0      325.4      325.4 -5.535 -4.323 -2.579 -5.491 -4.323 -4.323 -4.323 -4.323 -4.323 -4.323 -4.323 -4.323 -4.323 -4.323 -4.323 -4.323 -4.323 -4.323 -4.323 -4.323 -4.323 -4.323 -4.323 -4.323 -4.323 -4.323 -2.579 -2.579 -2.579 -2.579 -2.579 -2.579 -2.579 -2.579 -2.579 -2.579 -2.579 -2.579 -2.579 -2.579 -2.579 -2.579 -2.579 -2.579 -2.579 -2.579 -2.579 -2.579 -5.491 -5.491 -5.491 -5.491 -5.491 -5.491 -5.491 -5.491 -5.491 -5.491 -5.491 -5.491 -5.491 -5.491 -5.491 -5.491 -5.491 -5.491 -5.491 -5.491 -5.491 -5.491
0.0152 0.01508 8.12000 4.7195324898 2.6125179676    4.589  4.164  3.5315  0.013    7  0.000  0.360   239.01   122.84    78.89    59.86    49.44  2 -2.06e-07      0.00 6.318e-01 3.529e-01 1.491e-03 3.209e-03 5.513e-03 -1.000 1.533e-02       3400          0          0          0          0      349.9      349.9 -5.641 -4.329 -2.448 -5.528 -4.329 -4.329 -4.329 -4.329 -4.329 -4.329 -4.329 -4.329 -4.329 -4.329 -4.329 -4.329 -4.329 -4.329 -4.329 -4.329 -4.329 -4.329 -4.329 -4.329 -4.329 -4.329 -2.448 -2.448 -2.448 -2.448 -2.448 -2.448 -2.448 -2.448 -2.448 -2.448 -2.448 -2.448 -2.448 -2.448 -2.448 -2.448 -2.448 -2.448 -2.448 -2.448 -2.448 -2.448 -5.528 -5.528 -5.528 -5.528 -5.528 -5.528 -5.528 -5.528 -5.528 -5.528 -5.528 -5.528 -5.528 -5.528 -5.528 -5.528 -5.528 -5.528 -5.528 -5.528 -5.528 -5.528
0.0152 0.01508 8.12000 4.7198576927 2.6125198862    4.585  4.203  3.5266 -0.046    7  0.000  0.360   270.55   136.63    87.32    66.36    54.82  2 -2.28e-07      0.00 6.312e-01 3.535e-01 1.490e-03 3.216e-03 5.508e-03 -1.000 1.533e-02       3362          0          0          0          0      374.1      374.1 -5.738 -4.313 -2.288 -5.540 -4.313 -4.313 -4.313 -4.313 -4.313 -4.313 -4.313 -4.313 -4.313 -4.313 -4.313 -4.313 -4.313 -4.313 -4.313 -4.313 -4.313 -4.313 -4.313 -4.313 -4.313 -4.313 -2.288 -2.288 -2.288 -2.288 -2.288 -2.288 -2.288 -2.288 -2.288 -2.288 -2.288 -2.288 -2.288 -2.288 -2.288 -2.288 -2.288 -2.288 -2.288 -2.288 -2.288 -2.288 -5.540 -5.540 -5.540 -5.540 -5.540 -5.540 -5.540 -5.540 -5.540 -5.540 -5.540 -5.540 -5.540 -5.540 -5.540 -5.540 -5.540 -5.540 -5.540 -5.540 -5.540 -5.540
0.0152 0.01508 8.12000 4.7201910019 2.6125218523    4.579  4.238  3.5221 -0.099    7  0.000  0.360   302.66   150.45    95.74    72.86    60.21  2  -2.5e-07      0.00 6.309e-01 3.538e-01 1.489e-03 3.219e-03 5.506e-03 -1.000 1.533e-02       3327          0          0          0          0      397.5      397.5 -5.826 -4.289 -2.123 -5.541 -4.289 -4.289 -4.289 -4.289 -4.289 -4.289 -4.289 -4.289 -4.289 -4.289 -4.289 -4.289 -4.289 -4.289 -4.289 -4.289 -4.289 -4.289 -4.289 -4.289 -4.289 -4.289 -2.123 -2.123 -2.123 -2.123 -2.123 -2.123 -2.123 -2.123 -2.123 -2.123 -2.123 -2.123 -2.123 -2.123 -2.123 -2.123 -2.123 -2.123 -2.123 -2.123 -2.123 -2.123 -5.541 -5.541 -5.541 -5.541 -5.541 -5.541 -5.541 -5.541 -5.541 -5.541 -5.541 -5.541 -5.541 -5.541 -5.541 -5.541 -5.541 -5.541 -5.541 -5.541 -5.541 -5.541
0.0152 0.01508 8.12000 4.7205462456 2.6125239474    4.573  4.269  3.5180 -0.146    7  0.000  0.360   334.00   163.74   103.80    79.10    65.38  2 -2.71e-07      0.00 6.307e-01 3.539e-01 1.489e-03 3.220e-03 5.504e-03 -1.000 1.533e-02       3296          0          0          0          0      419.2      419.2 -5.901 -4.269 -1.998 -5.539 -4.269 -4.269 -4.269 -4.269 -4.269 -4.269 -4.269 -4.269 -4.269 -4.269 -4.269 -4.269 -4.269 -4.269 -4.269 -4.269 -4.269 -4.269 -4.269 -4.269 -4.269 -4.269 -1.998 -1.998 -1.998 -1.998 -1.998 -1.998 -1.998 -1.998 -1.998 -1.998 -1.998 -1.998 -1.998 -1.998 -1.998 -1.998 -1.998 -1.998 -1.998 -1.998 -1.998 -1.998 -5.539 -5.539 -5.539 -5.539 -5.539 -5.539 -5.539 -5.539 -5.539 -5.539 -5.539 -5.539 -5.539 -5.539 -5.539 -5.539 -5.539 -5.539 -5.539 -5.539 -5.539 -5.539
0.0152 0.01508 8.12000 4.7209506035 2.6125263318    4.565  4.290  3.5151 -0.180    7  0.000  0.360   358.14   173.89   109.92    83.85    69.31  2 -2.89e-07      0.00 6.307e-01 3.540e-01 1.489e-03 3.221e-03 5.504e-03 -1.000 1.533e-02       3274          0          0          0          0      435.3      435.3 -5.954 -4.252 -1.920 -5.532 -4.252 -4.252 -4.252 -4.252 -4.252 -4.252 -4.252 -4.252 -4.252 -4.252 -4.252 -4.252 -4.252 -4.252 -4.252 -4.252 -4.252 -4.252 -4.252 -4.252 -4.252 -4.252 -1.920 -1.920 -1.920 -1.920 -1.920 -1.920 -1.920 -1.920 -1.920 -1.920 -1.920 -1.920 -1.920 -1.920 -1.920 -1.920 -1.920 -1.920 -1.920 -1.920 -1.920 -1.920 -5.532 -5.532 -5.532 -5.532 -5.532 -5.532 -5.532 -5.532 -5.532 -5.532 -5.532 -5.532 -5.532 -5.532 -5.532 -5.532 -5.532 -5.532 -5.532 -5.532 -5.532 -5.532
0.0152 0.01508 8.12000 4.7215700150 2.6125299833    4.552  4.297  3.5139 -0.193    7  0.000  0.360   368.10   178.09   112.45    85.82    70.94  2 -3.03e-07      0.00 6.306e-01 3.541e-01 1.489e-03 3.222e-03 5.503e-03 -1.000 1.533e-02       3265          0          0          0          0      441.4      441.4 -5.973 -4.242 -1.883 -5.525 -4.242 -4.242 -4.242 -4.242 -4.242 -4.242 -4.242 -4.242 -4.242 -4.242 -4.242 -4.242 -4.242 -4.242 -4.242 -4.242 -4.242 -4.242 -4.242 -4.242 -4.242 -4.242 -1.883 -1.883 -1.883 -1.883 -1.883 -1.883 -1.883 -1.883 -1.883 -1.883 -1.883 -1.883 -1.883 -1.883 -1.883 -1.883 -1.883 -1.883 -1.883 -1.883 -1.883 -1.883 -5.525 -5.525 -5.525 -5.525 -5.525 -5.525 -5.525 -5.525 -5.525 -5.525 -5.525 -5.525 -5.525 -5.525 -5.525 -5.525 -5.525 -5.525 -5.525 -5.525 -5.525 -5.525
0.0152 0.01508 8.12000 4.7222456932 2.6125339653    4.537  4.263  3.5181 -0.144    7  0.000  0.360   331.53   162.84   103.23    78.69    65.03  2    -3e-07      0.00 6.305e-01 3.541e-01 1.488e-03 3.222e-03 5.503e-03 -1.000 1.533e-02       3296          0          0          0          0      416.8      416.8 -5.888 -4.257 -1.986 -5.526 -4.257 -4.257 -4.257 -4.257 -4.257 -4.257 -4.257 -4.257 -4.257 -4.257 -4.257 -4.257 -4.257 -4.257 -4.257 -4.257 -4.257 -4.257 -4.257 -4.257 -4.257 -4.257 -1.986 -1.986 -1.986 -1.986 -1.986 -1.986 -1.986 -1.986 -1.986 -1.986 -1.986 -1.986 -1.986 -1.986 -1.986 -1.986 -1.986 -1.986 -1.986 -1.986 -1.986 -1.986 -5.526 -5.526 -5.526 -5.526 -5.526 -5.526 -5.526 -5.526 -5.526 -5.526 -5.526 -5.526 -5.526 -5.526 -5.526 -5.526 -5.526 -5.526 -5.526 -5.526 -5.526 -5.526
0.0152 0.01508 8.12000 4.7223229408 2.6125344205    4.536  4.222  3.5234 -0.081    7  0.846  0.360   290.31   145.30    92.58    70.45    58.21  2 -2.78e-07      0.00 6.305e-01 3.541e-01 1.488e-03 3.222e-03 5.503e-03 -1.000 1.533e-02       3337          0          0          0          0      388.1      388.1 -5.784 -4.281 -2.158 -5.525 -4.281 -4.281 -4.281 -4.281 -4.281 -4.281 -4.281 -4.281 -4.281 -4.281 -4.281 -4.281 -4.281 -4.281 -4.281 -4.281 -4.281 -4.281 -4.281 -4.281 -4.281 -4.281 -2.158 -2.158 -2.158 -2.158 -2.158 -2.158 -2.158 -2.158 -2.158 -2.158 -2.158 -2.158 -2.158 -2.158 -2.158 -2.158 -2.158 -2.158 -2.158 -2.158 -2.158 -2.158 -5.525 -5.525 -5.525 -5.525 -5.525 -5.525 -5.525 -5.525 -5.525 -5.525 -5.525 -5.525 -5.525 -5.525 -5.525 -5.525 -5.525 -5.525 -5.525 -5.525 -5.525 -5.525
0.0152 0.01508 8.12000 4.7223706245 2.6125347014    4.535  4.195  3.5268 -0.041    7  0.842  0.360   266.88   135.17    86.41    65.68    54.26  2 -2.49e-07      0.00 6.305e-01 3.541e-01 1.488e-03 3.222e-03 5.503e-03 -1.000 1.533e-02       3363          0          0          0          0      370.7      370.7 -5.717 -4.297 -2.279 -5.523 -4.297 -4.297 -4.297 -4.297 -4.297 -4.297 -4.297 -4.297 -4.297 -4.297 -4.297 -4.297 -4.297 -4.297 -4.297 -4.297 -4.297 -4.297 -4.297 -4.297 -4.297 -4.297 -2.279 -2.279 -2.279 -2.279 -2.279 -2.279 -2.279 -2.279 -2.279 -2.279 -2.279 -2.279 -2.279 -2.279 -2.279 -2.279 -2.279 -2.279 -2.279 -2.279 -2.279 -2.279 -5.523 -5.523 -5.523 -5.523 -5.523 -5.523 -5.523 -5.523 -5.523 -5.523 -5.523 -5.523 -5.523 -5.523 -5.523 -5.523 -5.523 -5.523 -5.523 -5.523 -5.523 -5.523
0.0152 0.01508 8.12000 4.7223982811 2.6125348644    4.534  4.195  3.5268 -0.041    7  0.838  0.360   266.96   135.20    86.43    65.70    54.27  2 -2.34e-07      0.00 6.305e-01 3.541e-01 1.488e-03 3.222e-03 5.503e-03 -1.000 1.533e-02       3363          0          0          0          0      370.5      370.5 -5.718 -4.297 -2.278 -5.523 -4.297 -4.297 -4.297 -4.297 -4.297 -4.297 -4.297 -4.297 -4.297 -4.297 -4.297 -4.297 -4.297 -4.297 -4.297 -4.297 -4.297 -4.297 -4.297 -4.297 -4.297 -4.297 -2.278 -2.278 -2.278 -2.278 -2.278 -2.278 -2.278 -2.278 -2.278 -2.278 -2.278 -2.278 -2.278 -2.278 -2.278 -2.278 -2.278 -2.278 -2.278 -2.278 -2.278 -2.278 -5.523 -5.523 -5.523 -5.523 -5.523 -5.523 -5.523 -5.523 -5.523 -5.523 -5.523 -5.523 -5.523 -5.523 -5.523 -5.523 -5.523 -5.523 -5.523 -5.523 -5.523 -5.523
0.0152 0.01508 8.12000 4.7224192619 2.6125349880    4.534  4.228  3.5226 -0.091    7  0.838  0.360   296.54   147.98    94.21    71.71    59.25  2 -2.51e-07      0.00 6.305e-01 3.541e-01 1.488e-03 3.222e-03 5.503e-03 -1.000 1.533e-02       3331          0          0          0          0      392.2      392.2 -5.800 -4.276 -2.126 -5.526 -4.276 -4.276 -4.276 -4.276 -4.276 -4.276 -4.276 -4.276 -4.276 -4.276 -4.276 -4.276 -4.276 -4.276 -4.276 -4.276 -4.276 -4.276 -4.276 -4.276 -4.276 -4.276 -2.126 -2.126 -2.126 -2.126 -2.126 -2.126 -2.126 -2.126 -2.126 -2.126 -2.126 -2.126 -2.126 -2.126 -2.126 -2.126 -2.126 -2.126 -2.126 -2.126 -2.126 -2.126 -5.526 -5.526 -5.526 -5.526 -5.526 -5.526 -5.526 -5.526 -5.526 -5.526 -5.526 -5.526 -5.526 -5.526 -5.526 -5.526 -5.526 -5.526 -5.526 -5.526 -5.526 -5.526
0.0152 0.01508 8.12000 4.7224302292 2.6125350526    4.534  4.239  3.5211 -0.108    7  0.838  0.360   307.34   152.59    97.02    73.88    61.05  2 -2.58e-07      0.00 6.305e-01 3.541e-01 1.488e-03 3.222e-03 5.503e-03 -1.000 1.533e-02       3320          0          0          0          0      399.8      399.8 -5.828 -4.269 -2.074 -5.527 -4.269 -4.269 -4.269 -4.269 -4.269 -4.269 -4.269 -4.269 -4.269 -4.269 -4.269 -4.269 -4.269 -4.269 -4.269 -4.269 -4.269 -4.269 -4.269 -4.269 -4.269 -4.269 -2.074 -2.074 -2.074 -2.074 -2.074 -2.074 -2.074 -2.074 -2.074 -2.074 -2.074 -2.074 -2.074 -2.074 -2.074 -2.074 -2.074 -2.074 -2.074 -2.074 -2.074 -2.074 -5.527 -5.527 -5.527 -5.527 -5.527 -5.527 -5.527 -5.527 -5.527 -5.527 -5.527 -5.527 -5.527 -5.527 -5.527 -5.527 -5.527 -5.527 -5.527 -5.527 -5.527 -5.527
0.0152 0.01508 8.12000 4.7224416733 2.6125351200    4.534  4.246  3.5203 -0.118    7  0.838  0.360   313.78   155.34    98.68    75.17    62.11  2 -2.63e-07      0.00 6.305e-01 3.541e-01 1.488e-03 3.222e-03 5.503e-03 -1.000 1.533e-02       3313          0          0          0          0      404.5      404.5 -5.845 -4.265 -2.043 -5.528 -4.265 -4.265 -4.265 -4.265 -4.265 -4.265 -4.265 -4.265 -4.265 -4.265 -4.265 -4.265 -4.265 -4.265 -4.265 -4.265 -4.265 -4.265 -4.265 -4.265 -4.265 -4.265 -2.043 -2.043 -2.043 -2.043 -2.043 -2.043 -2.043 -2.043 -2.043 -2.043 -2.043 -2.043 -2.043 -2.043 -2.043 -2.043 -2.043 -2.043 -2.043 -2.043 -2.043 -2.043 -5.528 -5.528 -5.528 -5.528 -5.528 -5.528 -5.528 -5.528 -5.528 -5.528 -5.528 -5.528 -5.528 -5.528 -5.528 -5.528 -5.528 -5.528 -5.528 -5.528 -5.528 -5.528
0.0152 0.01508 8.12000 4.7224593163 2.6125352240    4.533  4.256  3.5190 -0.133    7  0.838  0.360   323.78   159.58   101.26    77.16    63.76  2  -2.7e-07      0.00 6.305e-01 3.541e-01 1.488e-03 3.222e-03 5.503e-03 -1.000 1.533e-02       3303          0          0          0          0      411.5      411.5 -5.869 -4.260 -2.009 -5.527 -4.260 -4.260 -4.260 -4.260 -4.260 -4.260 -4.260 -4.260 -4.260 -4.260 -4.260 -4.260 -4.260 -4.260 -4.260 -4.260 -4.260 -4.260 -4.260 -4.260 -4.260 -4.260 -2.009 -2.009 -2.009 -2.009 -2.009 -2.009 -2.009 -2.009 -2.009 -2.009 -2.009 -2.009 -2.009 -2.009 -2.009 -2.009 -2.009 -2.009 -2.009 -2.009 -2.009 -2.009 -5.527 -5.527 -5.527 -5.527 -5.527 -5.527 -5.527 -5.527 -5.527 -5.527 -5.527 -5.527 -5.527 -5.527 -5.527 -5.527 -5.527 -5.527 -5.527 -5.527 -5.527 -5.527
0.0152 0.01508 8.12000 4.7225031853 2.6125354824    4.532  4.280  3.5158 -0.171    7  0.838  0.360   350.33   170.77   108.02    82.40    68.10  2 -2.88e-07      0.00 6.305e-01 3.541e-01 1.488e-03 3.222e-03 5.503e-03 -1.000 1.533e-02       3279          0          0          0          0      429.1      429.1 -5.930 -4.245 -1.926 -5.522 -4.245 -4.245 -4.245 -4.245 -4.245 -4.245 -4.245 -4.245 -4.245 -4.245 -4.245 -4.245 -4.245 -4.245 -4.245 -4.245 -4.245 -4.245 -4.245 -4.245 -4.245 -4.245 -1.926 -1.926 -1.926 -1.926 -1.926 -1.926 -1.926 -1.926 -1.926 -1.926 -1.926 -1.926 -1.926 -1.926 -1.926 -1.926 -1.926 -1.926 -1.926 -1.926 -1.926 -1.926 -5.522 -5.522 -5.522 -5.522 -5.522 -5.522 -5.522 -5.522 -5.522 -5.522 -5.522 -5.522 -5.522 -5.522 -5.522 -5.522 -5.522 -5.522 -5.522 -5.522 -5.522 -5.522
#isochrone terminated
