ra,ra_error,dec,dec_error,parallax,parallax_error,pmra,pmra_error,pmdec,pmdec_error,phot_g_mean_mag,bp_rp,ag_gspphot,ruwe,abs_mag
45.385971319362554,0.04866897,1.6935922558122118,0.05123181,5.015246572366304,0.056683246,21.031152665369454,0.061212253,-44.25091515643749,0.06826632,16.241674,2.4777517,0.4441,0.9626001,9.743135872099298
45.176121981793244,0.10720592,3.603784064657911,0.09445125,5.174528320675123,0.1306693,17.801159698053866,0.12571616,-46.24106777811478,0.11404578,17.770115,2.8448582,0.4897,0.9938892,11.339468739795896
47.208552344386575,0.016667388,10.993290847675997,0.014649912,7.481874396448031,0.018802065,19.835256204975977,0.02298248,-44.546341511702856,0.019326964,10.119741,0.8274565,0.0074,1.0931227,4.489793505383005
49.44760556162574,0.40568563,7.80308667193609,0.34098402,6.724597493952885,0.44295293,19.34528993971689,0.56675327,-47.97178240332164,0.46030134,12.478645,1.1126289,--,5.2664127,6.6169767967880535
47.49376629815582,0.023431713,11.514116696331014,0.019582128,6.512139900087588,0.027665693,17.722247167361914,0.027031865,-44.28167727670608,0.024174592,14.6431675,2.1631203,0.4566,1.0550582,8.711786105304812
43.53706947625823,0.041932773,9.575282694943667,0.039376415,5.992508236703599,0.05209612,18.976910438738976,0.05287154,-42.880901251415345,0.047383126,15.886723,2.4918642,0.5119,1.0817577,9.774765762916974
43.5348112796946,0.047727186,9.563431507317423,0.04760452,5.903293790145952,0.05860097,18.833682220411834,0.06396813,-42.87331723970814,0.057094224,16.36044,2.5793953,0.5494,0.90441257,10.21591128733954
39.37855478308466,0.16429576,6.261357514899151,0.16525061,5.165969145972979,0.20187949,22.73308096297484,0.246445,-43.70377184225151,0.20951971,18.353325,2.9057426,0.35,0.9720495,11.919083930126837
44.77866320489782,0.16729273,10.641009818989408,0.13893586,6.812590842702188,0.1832589,19.623912844531137,0.1911105,-47.20954338800688,0.16922177,18.322527,3.3434925,0.4517,0.97409827,12.489088463944897
45.18290000461173,0.111262545,12.01921580810238,0.09904286,7.006102211435193,0.12728146,18.779035271534905,0.14035004,-46.27037168604447,0.12547906,17.74844,3.1513138,--,0.9375374,11.97582213338594
46.13202365949613,0.042400993,12.809901273807869,0.033245053,8.12661517144349,0.047949445,22.207965146365883,0.052140344,-44.60320481297521,0.04265353,12.562057,1.5385714,0.3503,3.3093343,7.1116050145175755
47.122540223547034,0.12422353,15.76964925966341,0.12794568,5.45848712525416,0.14692102,20.805494865293642,0.17889218,-45.16111597466331,0.16750243,17.815493,2.6544533,0.512,0.8334015,11.50085408144322
46.135526736382616,0.5836546,12.809702925315595,0.5079977,8.047882859713878,0.6665661,22.67153168971389,0.83141154,-43.43605952667973,0.67597675,20.084051,2.9088268,--,1.0745647,14.61245936430632
45.02737457379443,0.10663658,13.034700812076318,0.083398364,8.02631680619294,0.12644269,21.40834779420419,0.12255314,-48.3688899162024,0.10428379,17.551441,3.2389584,0.8026,0.99072444,12.074022681344214
58.73578683389552,0.034318525,11.852730793353999,0.023996964,5.0885201066396375,0.038357016,19.422893813646606,0.044284526,-45.277698039397755,0.029955747,15.656594,2.4644032,0.6814,1.0991896,9.18955175100917
61.4429976781327,0.17673515,16.745270974162327,0.11445812,8.030700750802009,0.18967126,17.83025672986611,0.216343,-48.22147052369707,0.14092875,18.509842,3.4608498,1.3483,1.0542457,13.033609134086074
59.4572868485333,0.020010252,18.562181636825176,0.012649364,7.702740452330175,0.02233277,20.244468955889484,0.024940314,-47.20667174595276,0.016146747,11.202184,1.025466,0.14,1.0752177,5.635410045145793
60.17206042827453,0.05740256,18.68256778992628,0.036868844,6.468423983572652,0.0613468,21.642380554399388,0.07072474,-43.086118988948506,0.043517224,11.274236,0.9907923,--,2.8975124,5.3282281189982825
57.62395286762945,0.228463,19.350311960568707,0.15350188,7.393642304233989,0.2513424,19.384578984323174,0.2823183,-43.78130234766476,0.19944869,18.777998,3.4662952,--,1.0374584,13.122290151012486
60.97654203648151,0.040003426,19.072995888886297,0.023263127,7.423727443330983,0.041046485,21.15335664120909,0.053660564,-42.66297091401826,0.026283111,15.520027,2.8446245,0.7011,1.1085427,9.873137254156624
65.27681362114163,0.07556556,18.14762973868162,0.04431849,7.798854250145548,0.08277336,17.414940682879873,0.11242063,-47.52019481449513,0.07972945,17.211187,3.1330595,0.6984,0.95899165,11.671341382925245
64.64444116396322,0.23833427,18.641379489747216,0.168775,7.950950885055824,0.2666838,17.63692283478817,0.32378533,-43.40097963857173,0.24586251,19.034842,3.438486,--,1.0482618,13.53693689109611
62.340159010598,0.05851338,17.828793018214956,0.04530514,7.713361063484505,0.07331589,21.098370424557103,0.07908873,-44.949461235215594,0.0595958,16.641136,3.011879,0.622,0.9855718,11.077354475545302
65.75286016502321,0.08112384,18.373455899928494,0.04210883,6.466813267053554,0.08796682,21.015190253762007,0.110836424,-48.30966834522497,0.07906235,17.346106,2.857603,0.8853,0.9916964,11.399557178689651
61.521270918368536,0.04452281,18.069054055684838,0.03142865,7.200826370530527,0.048433907,17.806159233937557,0.05698371,-43.1725373736907,0.04074165,16.066448,2.8103876,0.605,1.0918037,10.353359907414827
61.14502945132946,0.06788967,22.04606676888461,0.034549095,7.307982320906292,0.07527188,18.340497580585364,0.068498015,-45.891860091313674,0.041253302,16.594816,3.0386314,0.8305,0.9994528,10.9138036481806
59.84548312183911,0.020180747,22.57116993056076,0.010589014,7.460595639590168,0.019523792,17.952584340610734,0.025673974,-45.482100216381994,0.013761428,13.755472,1.9050522,0.1533,1.0315162,8.119339693687774
57.29357990702101,0.22412062,16.647017312425938,0.145717,7.433694469368027,0.24884926,22.403456044924823,0.28382695,-47.1500941271789,0.1798928,18.607803,3.5173035,0.4196,1.036837,12.963826881152002
58.370325759330775,0.018602919,20.907165340115196,0.0115086865,7.312472679577789,0.019746302,19.218960776558564,0.026274074,-44.584127107508024,0.01551189,11.657691,1.1711817,0.5984,1.294968,5.978012284433342
60.13999258701869,0.0995091,21.45269913101329,0.05869192,6.938449693026262,0.10995071,17.51100838196579,0.11123774,-42.90280695646929,0.07322205,17.453327,3.1868534,0.8707,1.0235492,11.659639397960404
58.80686451438622,0.037874445,19.504492522181536,0.024864389,7.583381790840154,0.040411104,20.109010327184016,0.049128704,-46.486984499728536,0.031232323,15.475814,2.7025805,0.6046,1.0344882,9.875128472695284
59.54272897641185,0.16674139,20.948665290850542,0.09808046,7.715037547657039,0.18492985,19.933050702990442,0.20286281,-47.06057016850064,0.12524974,18.362885,3.4004974,0.6379,1.0344896,12.799574741659459
59.29092419571437,0.06772316,21.60740677159657,0.041835018,7.206987481677237,0.07161286,18.315870271139914,0.10156749,-43.954755574556856,0.055417735,16.671072,3.0679607,0.6878,1.0814058,10.959840844743123
61.03522267253822,0.06458241,20.469124894466106,0.0336383,7.8986362987433285,0.058543418,17.410358392939486,0.07813377,-48.52301828608444,0.03847378,14.349607,2.237362,0.6007,2.464495,8.8373680512848
59.70862006322246,0.116975434,21.6145597316618,0.0791001,7.74822673052276,0.1281942,18.773077550327567,0.1483613,-46.134750057254365,0.099960335,17.698153,3.8060455,0.8285,1.0660092,12.144164145440875
58.04683041911643,0.06585503,20.875822870368648,0.04360292,7.75716693476485,0.07290693,20.15796358354762,0.09319861,-47.180647241076436,0.058758967,16.612682,3.062271,0.6409,1.0641127,11.061198030488342
58.91469673384163,0.026683327,21.27260374152849,0.01792463,6.739295486641266,0.03224268,19.17097979510673,0.034855455,-44.53663315183073,0.023739697,14.325708,2.2098265,0.5317,1.4717368,8.468780882154569
63.89443173863811,0.069532424,18.330836885239947,0.04738077,6.046524783811429,0.076365456,17.558443657355635,0.09168442,-47.93804780007643,0.06782887,16.781494,2.918747,0.8558,1.044881,10.689023327231371
63.88422426413356,0.12109117,17.697752066017323,0.07837155,7.79600253944929,0.12957022,17.295110595080573,0.14328696,-46.7753559312234,0.11322194,17.6217,3.350645,0.7845,1.0338395,12.08106014642296
61.218047590233645,0.082034506,17.4642811417892,0.05359013,7.537224708615757,0.09798807,18.629909243496776,0.10798229,-46.34950258885481,0.0639533,13.15469,2.051896,0.3496,6.43711,7.540747104634065
57.04311923768382,0.014320965,19.30230212368997,0.010114823,7.734834945459338,0.015833635,20.827256174385475,0.018736614,-46.69973736930276,0.012612426,12.718654,1.4955025,0.2029,1.1367141,7.160908932263583
59.92782200109492,0.09577759,21.204034312938816,0.060833808,7.001214847990423,0.10387235,17.23571260205042,0.14000711,-43.00337845806828,0.075147174,17.240238,3.2557192,0.6128,1.0378132,11.466105215483777
59.42338944281365,0.22393426,21.30421442147548,0.14348091,7.871350299247628,0.25000328,17.684837652608874,0.2845478,-47.053162141379005,0.17704657,18.693808,3.8873577,--,0.97961164,13.174053803247299
60.97297719044816,0.028233273,19.070666313092424,0.016050866,7.370636664295844,0.030245755,19.071108056651482,0.039608516,-43.212023748477634,0.018819436,10.908913,1.0455036,--,1.693029,5.246437674545927
58.65845264627161,0.04878494,19.906168357382406,0.034743145,7.894783333803146,0.052146275,20.075454904271886,0.06229164,-48.07985687773282,0.043385614,16.368244,3.047719,0.6699,1.0284839,10.854945249308154
59.271597297744655,0.16830544,20.737765944610018,0.123002276,7.274832361141681,0.18554531,17.870145922256057,0.21880299,-44.36871008373382,0.15854768,18.422775,3.426075,0.3694,1.1344302,12.731890218720729
58.429315767678595,0.019193117,20.83327996686479,0.01160598,7.435143270986129,0.020606905,19.851565000781413,0.027438859,-45.5223085487388,0.015456249,13.973773,1.9914875,1.7871,0.979916,8.330219710357012
59.49378311107562,0.07163477,20.405297383236228,0.04766345,7.614944207210018,0.07730563,18.553838418700664,0.09125402,-46.94812143276498,0.059630603,16.93339,3.1411257,0.6219,0.96483535,11.341723292280111
62.51594175616214,0.018378701,23.81203465672907,0.011976565,6.970396655277673,0.020302638,18.0444878832519,0.024516396,-42.63979162331537,0.019153576,14.181186,2.0500717,0.4298,1.0383452,8.397473185507392
60.70828661507774,0.040903557,23.510605573585625,0.023300067,7.092230790408538,0.045546386,17.656241912139183,0.049752474,-44.681983984621695,0.028442327,15.780696,2.659916,0.6312,1.053012,10.034610213551046
62.94873792884926,0.61834806,20.280894203274592,0.38741484,6.963604288212731,0.6371439,17.08731219193085,0.90141463,-44.94958746426396,0.63478875,19.984694,3.005371,--,1.1166222,14.198863947483439
54.2953225979299,0.08291328,21.20261253435869,0.067942746,7.4466370369517705,0.09406903,21.389948908626973,0.10902173,-44.706537060160585,0.09140507,17.220085,3.1985378,0.6522,1.0088705,11.579886074203431
60.26727827622592,0.044536855,20.37238261481197,0.028974496,7.573806043287782,0.051808253,18.44441493207085,0.05553697,-44.64933247830617,0.0353086,14.646451,2.376544,--,1.0870169,9.043021892052295
58.00344896750895,0.016333666,19.59667781774051,0.009659251,6.978051417124352,0.015726142,17.212314082167456,0.024690283,-42.636322921907876,0.013509012,10.32281,0.84440804,0.1653,0.94717985,4.541480998947028
60.462339847102015,0.20909996,22.98754147358761,0.13607748,7.519127412921546,0.23098686,19.072237960946527,0.28746054,-46.84703018955845,0.16826369,18.67558,3.576971,1.7383,0.98501277,13.05641629146241
60.41602110141787,0.25486445,22.7981591251435,0.1586981,7.681697327301263,0.30088544,18.93256727129894,0.33379194,-46.756298576075956,0.2100051,18.985168,3.6576176,0.4705,1.0201623,13.412454412941866
60.4409579001784,0.2768607,21.734592109829073,0.1670001,7.636665248820318,0.2965153,18.6435097113583,0.37945333,-46.225350887919795,0.2042807,19.061277,3.4297333,--,1.0663949,13.47579615871295
60.674638144597864,0.2381775,22.471640484717845,0.14176764,7.455209543147515,0.26822054,19.181386374317558,0.27834305,-47.912126565789784,0.16761778,18.830397,3.336359,--,1.0622364,13.192695925475105
58.568140253002525,0.13446353,20.92982058927158,0.08816804,6.978239021906169,0.14696652,18.82715305151012,0.18479757,-43.886811533189885,0.1135859,17.918812,3.432211,0.7242,1.0380905,12.137541003218415
58.61605936196911,0.01995115,21.389535691244504,0.012447641,7.489318997319018,0.021770384,19.086394973299612,0.027763434,-47.242977939221646,0.017469576,10.7659445,0.91490746,0.2065,1.4724106,5.138156126701329
59.872244943099595,0.11421434,21.66544844649711,0.07598685,7.165017013439219,0.12637374,17.959933088371038,0.13923633,-43.03456135624895,0.09497389,17.86347,3.2932549,0.7313,1.0496817,12.139556207381045
60.03406958175285,0.22308087,22.533500034007716,0.14343466,7.006824219644681,0.23396358,18.421698373075007,0.28148124,-44.08561430845259,0.17893827,18.82035,3.410759,0.0225,0.99088573,13.04795675934712
59.590166928688234,0.023327496,21.25746893772874,0.013970174,7.336126720514977,0.02416319,17.66425801053892,0.031890668,-44.9401682147099,0.018231567,11.235501,1.0230894,0.1916,1.2471755,5.562835411909424
59.502575809976356,0.62638813,21.305650982753992,0.38364574,7.2394021000028115,0.6981452,17.161632331856154,0.83756524,-45.58835123600519,0.50115216,19.95131,3.2769775,--,1.1039922,14.249822701253024
59.57270277016673,0.31692454,22.197839557284954,0.24351114,6.803286662328066,0.36031488,18.438783034193506,0.42526636,-44.99677800448765,0.3148514,18.826096,3.789503,--,1.5331144,12.989689434640667
62.98296179001682,0.014830679,17.37427096366099,0.009509966,7.766786181797508,0.016338734,21.481214807535824,0.018781163,-43.85399372801636,0.013183068,12.846157,1.5338039,0.7504,1.0169517,7.297363820332016
61.309693403045635,0.018797148,23.78434779705669,0.0119736185,7.897356125424411,0.019752674,19.587855659736164,0.029523252,-42.62684152576926,0.014834156,12.461637,1.7374239,0.4542,1.4095507,6.949045156486905
58.26761880948107,0.14152503,21.88980803819835,0.08915873,7.640420083089255,0.15525347,19.877369404068872,0.18687455,-47.95772125159041,0.11791808,17.879002,3.454523,--,1.0656203,12.294587804781354
57.409171523077866,0.028056772,22.53328562479943,0.01726293,7.295865291844413,0.028811403,18.218374885497603,0.036336496,-44.56881799548171,0.021936465,7.0043597,0.042464733,0.1659,1.0065733,1.3197437558467584
57.83246207983878,0.114958614,23.067645295503368,0.06596867,7.370749551185829,0.1310374,19.23268388146952,0.13327566,-43.413694043478245,0.08674997,17.615984,3.3113117,0.7518,1.0775449,11.953542236359207
54.80510435415978,0.047463804,21.84305262972688,0.033291087,7.194558583353505,0.053354938,19.987890673150705,0.056297835,-43.696853082697345,0.039131742,7.2714095,0.1051445,0.3051,1.5154308,1.556430277985136
55.22943355100129,0.02727335,22.349516222822036,0.021847818,7.315890465343226,0.03145779,20.13982097120118,0.039130922,-44.13541902105238,0.029032895,15.090019,2.49648,0.6079,1.0322741,9.411355198714809
54.100839213844964,0.12214762,22.6233133101884,0.09543882,6.914661542264928,0.1357344,21.14866861879432,0.183601,-44.06381224862981,0.12953717,16.49831,2.8757553,--,1.105108,10.69716472505882
57.452756301405834,0.14035286,18.636449051715303,0.08819959,7.414439527141082,0.15741506,20.915866281228922,0.1841611,-44.36526889352097,0.111779295,18.035467,3.3368626,0.7689,1.1062447,12.385858784750571
59.53209112589058,0.07766741,20.393801589985014,0.05409571,7.329226312355386,0.088110715,18.335675710578695,0.10076802,-44.40621533918134,0.07003908,16.838625,2.9978695,0.6436,1.1058738,11.163915614599125
59.5747029081332,0.19510444,20.451838146242665,0.13810967,6.605529309374009,0.20939519,18.8841431693265,0.24268347,-46.30667348069466,0.17047547,17.56202,3.592867,--,2.032824,11.661557467685281
59.4681481337614,0.0633787,21.037611616353228,0.042756896,7.044820199675307,0.07226962,17.177154945783474,0.08093571,-43.90851366833168,0.054807074,16.86807,3.2207775,0.8563,0.9890601,11.10742016928523
56.257022996186365,0.018686064,19.55917548871466,0.01294453,7.392478723407379,0.022814885,20.768730353749167,0.023328843,-43.31698258802733,0.015300792,9.302901,0.67842674,0.0713,1.1237687,3.6468516842023924
55.62382697122327,0.0711211,20.810895062445955,0.058752302,7.478133274099747,0.08032191,19.635252923015344,0.0961645,-46.74624082918962,0.072673716,16.40713,3.0169506,0.7025,1.055023,10.776095291790893
59.507160246046304,0.08338335,20.676582647453973,0.06259401,7.911046224523242,0.09531239,22.74195799056848,0.106082834,-48.440790256565684,0.080080345,9.2854595,0.65637016,0.0507,5.79663,3.7766291290253555
59.86223074756723,0.068450056,21.805050892323692,0.04683936,7.9215753621799845,0.08775519,18.949542641271112,0.08046081,-47.73655250945097,0.061903384,16.787525,3.2947426,0.9206,0.9906438,11.281582968198643
60.934130137648516,0.0195303,22.944085243969802,0.011119877,7.282259996149298,0.019416872,17.56554621937727,0.024376828,-44.82055368202391,0.012998205,9.525888,0.8012514,0.3549,1.2039791,3.837219344736738
60.34956501693293,0.06279938,19.142150308567718,0.03933136,7.6830974722227054,0.072493464,19.147251130656873,0.07923638,-46.86813283836027,0.048059452,16.651321,3.0455208,0.6643,1.0459704,11.079003125804196
59.09302532017072,0.043799464,21.12119347943441,0.02575918,7.545966627408137,0.050574854,19.28767320228885,0.056010254,-46.82267321693794,0.033027913,15.828851,2.7979155,0.6029,1.0911435,10.217425147004622
61.30723114703306,0.061493937,22.304919336011498,0.03803782,7.3118246583912,0.066250704,17.188156184577032,0.081298836,-46.42606879718156,0.045901924,16.657433,3.275464,1.1524,1.0012954,10.97756139729339
52.006616040812,0.07809905,23.078283083304413,0.05801851,7.13170764519702,0.07873291,20.49744413345669,0.1289584,-43.10357181172239,0.08449085,16.565022,2.9746141,0.6591,1.1194807,10.83098917263063
56.879793937715746,0.06646089,21.18071408449666,0.05321537,7.907977523120273,0.071462154,20.201596848501353,0.083597824,-48.22956223295642,0.06805125,16.878279,3.1077242,0.6314,0.9688982,11.368605863531052
60.29654496344955,0.12460686,19.400336042951235,0.07567951,6.941778998807934,0.14576487,17.1417579465673,0.16597813,-43.37279620017164,0.09371728,17.75449,3.3827991,0.7478,0.9850556,11.961843814613854
59.87260145061245,0.2505369,20.574672501463354,0.15719672,7.762467469564216,0.2724573,18.683341528625622,0.30471778,-44.0034709596904,0.19211002,19.03875,3.478899,--,1.0166264,13.48874866070337
61.45996719973193,0.11890896,20.83291170773939,0.06662691,7.632528729919505,0.1338968,17.51810591181267,0.1525379,-45.38257197361606,0.08607368,17.708714,3.36236,0.8225,1.039859,12.122055770092821
61.733535182577036,0.021409448,22.034448173178877,0.013570215,7.335246904574256,0.022842562,18.053060761550014,0.029082313,-46.289392325205924,0.020373555,14.216793,2.134594,0.7988,1.1631474,8.543866744239097
55.74083104485407,0.36554366,19.78492170946522,0.26742518,7.740637366254784,0.40759596,19.635258627393878,0.4863217,-44.48258895377281,0.31084746,19.225391,3.7060356,--,1.0419894,13.669274998363608
48.185166762752324,0.019356735,20.398997434189248,0.016029663,7.517347064318854,0.019946903,19.041622082022194,0.02576934,-48.33149200962086,0.02018469,9.056869,0.7843237,0.0034,1.3322648,3.4371915602382117
55.14725093305028,0.022657681,20.965557633826194,0.017451499,7.589501273110353,0.025133824,21.391571909544552,0.032165777,-45.20769139946536,0.022734314,14.841508,2.4416447,0.691,1.0194958,9.242574102455645
57.88447801323068,0.0899361,18.66604904696148,0.052554477,7.941337808681717,0.10189599,20.181134865843156,0.120005794,-46.999926510585816,0.07250253,17.21823,3.1795816,0.7275,0.9749493,11.717697646001096
59.1615557151752,0.09817196,21.585508415753093,0.05139144,7.050928928167679,0.08929637,18.148940758511863,0.13038589,-44.07519446975317,0.07025743,17.056017,3.0914402,0.66,1.0451274,11.297248607522292
51.588706288168,0.12453912,21.52099288234844,0.10753137,8.035673438539726,0.13920783,21.765075609557613,0.14805447,-43.65140617766324,0.14482269,17.494545,3.2536907,0.8969,1.008906,12.0196563786907
56.383382651277834,0.026597027,21.246480352393984,0.020065142,7.7480712178475075,0.029144812,20.65280679243452,0.03600102,-47.762058421602056,0.02627126,7.728319,0.24206877,--,1.0431212,2.174287187913201
57.07348073664716,0.050420128,22.066808749749143,0.03706761,7.598022917417946,0.054657515,20.284017118807654,0.06510971,-45.30198551821394,0.046597984,16.483202,2.9618626,0.6297,0.9693371,10.886704976363944
57.27164299822128,0.2518357,22.081152230266117,0.2100497,6.829917783687089,0.27507386,17.743395714845406,0.3031857,-43.15550624417972,0.2533313,18.949812,3.4355106,0.0087,1.008452,13.121889314516268
56.391676137260475,0.07859121,23.18501072439178,0.053483542,7.391450378010349,0.087295204,19.867425915830438,0.1131215,-45.280806446540474,0.068591125,17.110922,3.2421627,0.7076,1.0255045,11.454570187955344
56.87476663930159,0.16061309,23.554023397560623,0.122438975,7.072160110962179,0.1836088,18.650779454047864,0.18508673,-45.24529951599756,0.15195341,18.28803,3.437399,0.6158,0.99587977,12.535791046264446
57.07052147815302,0.017177884,23.63658449525568,0.01334706,7.19439797679517,0.020810504,18.291523231258868,0.022341633,-44.75731337240399,0.016583046,9.99203,0.7404547,0.0375,0.9410188,4.277002435104562
56.86159637689897,0.060346983,23.633878170833444,0.050369572,7.203188984556041,0.072295666,19.562190919181592,0.07971796,-43.405458911462645,0.061979424,16.335794,3.1281033,0.8701,1.2707179,10.62341849474291
55.68490896589497,0.07627187,23.10432423094935,0.053925462,7.645945267923222,0.085692264,20.177869277037477,0.09334466,-46.43088378877516,0.070301965,17.058886,3.2424612,0.6928,1.0118152,11.476041498730229
55.90730074032356,0.015208569,23.535787848747553,0.009555845,7.524981265385147,0.015248472,19.527245020995085,0.020671353,-45.2924067830061,0.013281016,10.5763235,0.8666191,0.1522,0.98257875,4.9588506243331025
55.9287518176777,0.11459294,23.594570255931796,0.08410251,7.392698468900249,0.124525756,19.83314154714896,0.14931937,-47.22600715703526,0.11421971,9.430407,0.68530273,0.0707,6.012103,3.774421533883034
55.10957950826757,0.06914953,23.35793606987987,0.051516727,7.106110705709444,0.074900605,21.185362190355754,0.08785941,-44.55818284056245,0.06639339,16.70023,3.1022243,0.7028,1.1939926,10.958389490055175
55.36604390474277,0.015965417,23.70813709776343,0.011247723,7.45004084678047,0.018220881,20.259840824477635,0.019559624,-45.71660093350053,0.013898344,10.972593,0.96062183,0.0973,0.9286118,5.333386576929691
55.690274609902666,0.107253775,23.82282265577828,0.07981263,7.091215455128368,0.11792392,21.155712229695492,0.15271682,-45.69060347606563,0.103246644,17.686852,3.4975414,0.8548,0.98347014,11.940454906021799
56.407390571914675,0.20221092,23.730431205960933,0.1449697,7.788025357251645,0.21378079,20.5359427551615,0.25544292,-46.69823385785528,0.18341456,18.69312,3.3896255,--,0.958523,13.150255833482074
56.27089546399231,0.07741652,23.768291787187913,0.060205795,7.502788343313917,0.08588642,20.57710525757045,0.098461375,-46.42513221012004,0.074474424,17.109238,3.3934975,0.8839,1.0821106,11.485351145900575
56.66684126540061,0.049206562,23.78274102188195,0.03599625,7.423995688819728,0.05679077,18.573060512208645,0.056434568,-43.7319165447048,0.04324707,16.09085,2.8712997,0.9157,0.9855092,10.444039385139195
56.65709673682824,0.017947942,23.78750955142278,0.014423253,7.471863203927212,0.020728955,20.01127262219112,0.022356384,-47.26742342923304,0.01750329,10.045166,0.90088654,0.0176,1.1117623,4.412310576433125
56.85182143112869,0.030519485,23.9144778917631,0.022986645,7.220987406121659,0.03438313,20.049108040161617,0.041598886,-44.13258985442616,0.02927154,7.286501,0.04229927,0.1632,1.0006701,1.5794838685717831
56.80496181318934,0.21807708,24.01239279682747,0.15722038,7.212780258086302,0.24958037,19.83439266826357,0.2771445,-44.44416377495759,0.18704528,18.298912,3.0289288,0.4075,1.0311942,12.589425555017154
56.4454986711973,0.14813739,23.883287579238786,0.10132643,7.4592316407997465,0.16592665,20.74256010277341,0.1708353,-46.273210967016354,0.12438994,18.009977,3.0619373,--,0.9373706,12.373447810939098
56.51799855172368,0.040698152,23.927842380057047,0.03315895,7.012785824941394,0.052610826,18.57884758828444,0.051190708,-43.37462125979527,0.038293865,15.73245,2.7161846,0.8516,1.1348923,9.96190240887636
55.81925319484357,0.062231496,23.83358475980971,0.044516295,7.267268144617627,0.06575415,20.109771966703775,0.088590875,-45.41689926668445,0.059215397,16.364956,2.9643745,0.6735,1.0550666,10.671811826624003
56.41378202777228,0.08259988,24.138865613858307,0.058982275,7.258451579517981,0.09427919,19.60135679255054,0.10216059,-45.7889373460749,0.070053175,17.16973,3.07967,0.715,1.0806322,11.473949152959483
56.2190045645284,0.38749242,24.11313304360812,0.3188095,8.345685150896063,0.4386326,20.541505263518896,0.4411626,-46.081450017195756,0.3081797,3.6982086,-0.08796215,--,2.7675414,-1.6944814470083926
56.1833687967795,0.02186628,24.231003278419283,0.016528483,7.465089779730926,0.026360298,21.46729347046291,0.026485916,-46.4541970849661,0.020605858,11.193486,1.007863,0.223,1.2194091,5.55866138960033
56.435155513167,0.017187066,24.22010548147908,0.0130409235,7.563215718435812,0.01921521,20.574860698295357,0.023561612,-47.20036506838736,0.015601278,10.392956,0.92116547,0.2323,1.2293495,4.786488217743182
56.353359973199396,0.052395333,24.345769619048642,0.03907258,6.975272360665578,0.058904808,19.667398564243655,0.070701,-43.51382742212487,0.049011815,16.211872,2.842578,0.7289,1.0265061,10.429677950826935
59.10418014852836,0.02160744,23.090594019048243,0.012969313,7.422215701590819,0.022585288,19.733607949420545,0.028124481,-46.26980424605291,0.017058609,14.358019,2.1178627,0.5561,1.0797757,8.710686732602625
58.65574608992024,0.06338039,23.225564592105965,0.037689254,7.137677265702494,0.066206895,19.005755722632816,0.094790965,-43.62218914476007,0.050495878,16.585747,3.0511217,0.684,1.0254011,10.853531301045779
58.29021865632223,0.17154232,23.56311313950644,0.11379341,7.784782543947762,0.18410757,19.812853163374655,0.2205658,-47.12040483479255,0.15303355,18.314924,3.5661507,--,1.0099624,12.771156668703297
59.12049699590219,0.058941334,24.03155863771737,0.035616748,7.345629821126317,0.061053313,20.13964775638265,0.08395955,-46.42745767715649,0.04718343,16.53809,2.9411402,0.6585,1.0415274,10.868234944872988
57.67568656986667,0.11553668,23.49238902121514,0.06784144,7.616449684837002,0.120770775,21.06591688176668,0.15928382,-45.9521760437176,0.09169897,17.713388,3.3472881,0.7671,0.96974486,12.122151330141758
57.491183690526064,0.033702802,23.847947494502325,0.018977262,7.361154060952656,0.033577144,21.026665618554475,0.0386648,-48.1328432589328,0.0253434,10.005213,--,--,1.1162924,4.339942319504317
51.88518296463685,0.07123592,20.406853401948826,0.056186754,5.115890614370551,0.07908153,21.76815769268252,0.08662182,-48.441024447574456,0.06890549,17.160397,2.9316988,--,1.0228592,10.705002826028899
56.99190698106537,0.26488063,22.113993975562888,0.19651435,7.598836153417365,0.2765724,19.983522625878948,0.32036898,-46.49981998998993,0.24353322,19.091862,3.5428677,--,1.0772028,13.4955971264848
56.865598646396684,0.40720445,22.1606151777333,0.3119193,7.322496176654713,0.44660658,19.479130940995113,0.52187276,-43.88244907637228,0.41062018,19.86822,4.0753765,--,1.0701379,14.191515143573005
57.356540141478256,0.12445031,22.312209187153343,0.08555067,7.124079011263999,0.14594857,19.556734054911658,0.1556048,-44.42785716407235,0.11286611,17.548912,3.2433224,0.8902,0.94495887,11.812555685651908
57.023886074906926,0.06123328,22.635778085249903,0.044155523,7.267997117214958,0.07013673,19.48222424687009,0.0777619,-45.44550891815411,0.054179914,16.372732,2.9875917,0.6334,1.0750756,10.679805894360932
57.361046520859134,0.059426922,22.848352698939507,0.037172884,7.470198853658967,0.061192833,19.037363240164904,0.0788235,-45.87916701288922,0.047597684,16.388481,2.8685455,0.6152,1.0277227,10.755141953696537
57.21119391554984,0.07953873,23.07486184165542,0.05331861,7.768417354430479,0.08480659,20.950793364025692,0.10218906,-48.333507032465604,0.068479516,17.194057,3.2382965,0.693,1.023129,11.64572021352852
57.41426344137853,0.028545134,23.28990844525079,0.01885302,7.1996289578195904,0.031669732,18.62159053782709,0.034421243,-44.54526737973093,0.024384236,10.937686,0.94241905,0.2028,1.9603938,5.224236541895435
57.315180555656895,0.11725695,23.38016998746235,0.07940402,7.436806910305677,0.12998131,20.16036278151955,0.15636723,-46.2237778208242,0.107248604,17.678764,3.3386822,0.6435,1.0598555,12.035696871193027
56.62930786525851,0.16762841,23.026152243084212,0.13354534,6.911630589111497,0.18380377,18.402867864698102,0.2447669,-44.55559632569532,0.1725596,17.966248,3.292715,0.5796,0.87160563,12.164150148802573
56.575062291586306,0.018372698,23.486457610450035,0.012847055,7.179336279416077,0.019664617,19.818583154771783,0.023772229,-43.24129115752879,0.015966,10.363573,1.1260824,0.7654,1.3110294,4.643994554945849
56.74245105010891,0.057836544,23.56061715976777,0.044332657,7.355182666949437,0.061603993,20.16316093085053,0.0765661,-46.009191586085336,0.055921752,16.694729,2.8807096,0.5959,1.0239232,11.02769616611473
56.36469576574965,0.086822845,23.632340550413826,0.06514982,7.566883576477941,0.09540024,20.970122285631863,0.11163846,-45.66117693144511,0.08091703,17.297462,3.0938892,0.6943,1.0161119,11.692047723356715
56.52724342554522,0.026031895,23.838809459032934,0.017527696,7.1765118083800425,0.029876087,19.691236808686746,0.028782118,-45.97218248922506,0.020700531,14.606908,2.287283,1.1256,1.0041559,8.886474863472957
56.664208814994886,0.012181222,24.029479832481186,0.009287509,7.316839029051112,0.01424549,20.265107296934566,0.015368688,-46.22769834800418,0.011555679,11.957084,1.2012396,0.2355,0.92620397,6.278701205241356
56.11636811943141,0.11816716,23.999769098826523,0.09266438,7.233113577210932,0.13837585,19.08858362212825,0.14387506,-45.099395076699054,0.113236986,17.847445,3.2905197,0.7447,0.989104,12.144070957373891
55.9314251981591,0.1049847,24.213757929647073,0.0855541,7.427304424110286,0.12562232,20.931081673152953,0.13848646,-45.14194402105124,0.10446699,17.757893,3.267561,0.5158,0.9560146,12.112048732530361
56.4177969686723,0.076747574,24.28890740696102,0.058447696,7.476717798256291,0.08458555,21.796597384732486,0.10991395,-45.31177658951856,0.07439361,16.776691,2.6368952,0.4738,0.88658035,11.14524638134578
56.455770517407075,0.043471944,24.418506109786513,0.02905581,7.260957615101932,0.04586537,19.208686755382555,0.05929773,-42.78245942405292,0.035948936,15.503866,2.6440277,0.6421,1.1006508,9.808835703813216
56.02026285603311,0.017415805,24.275319181164605,0.012790104,7.285423899385576,0.020213522,20.133680883909427,0.020558178,-45.35637699913802,0.0150993755,11.209136,1.0527544,0.1873,0.9129053,5.521410139648978
58.60168673714938,0.07184927,22.688898820464534,0.047013108,7.218516929270328,0.082055576,19.38080260263068,0.09124236,-45.07821393358127,0.062401734,17.043106,3.197772,0.818,0.92976254,11.335345975817553
59.98542187692175,0.21206383,23.6708000007374,0.115235,7.2715919760616465,0.20192382,17.37573310941725,0.27158913,-44.27646179193073,0.15449081,18.396803,3.4479847,0.768,1.0025576,12.704950410939464
58.07804391540805,0.08972766,23.87669033680424,0.054677475,7.524097803760037,0.096038185,18.479408209856437,0.10962397,-45.773577704994594,0.07201011,17.230505,3.1835632,0.6908,1.0682292,11.612777150595493
56.835364237104805,0.4098992,19.907014457623458,0.31963181,8.30886298604586,0.44708824,21.651307592705653,0.52179503,-45.21300376088013,0.3873163,19.566214,3.7316475,--,1.1922945,14.163921595137538
59.285912368679185,0.12417803,20.128416938501438,0.077653065,7.504703500712225,0.13746351,18.214969123950002,0.16907361,-45.31052789028319,0.10169318,17.920094,3.410511,0.7526,0.960924,12.296761229434459
60.358621002820136,0.043049417,21.585596506405725,0.028439218,7.473926226138187,0.04969354,19.10429714130666,0.060030587,-45.854030142547465,0.03623899,16.10102,2.8763561,0.6616,1.0060776,10.46876484642524
56.29806820079618,0.19185442,21.241338325221804,0.1421117,7.30186058491228,0.21297401,20.36638703270864,0.26383048,-46.219003660420974,0.19023363,18.72935,3.6311836,0.6713,0.9151481,13.046516819696826
58.3975193870602,0.3204154,21.78479398088961,0.20027468,7.913275856614338,0.35627446,19.90394572142425,0.40930483,-45.48629173330715,0.2647334,18.845478,3.4990635,--,1.0933965,13.337259585296557
58.470183837285894,0.015624461,22.41833148614529,0.010030374,7.449216493422733,0.016391812,19.46628363123858,0.019011863,-45.26295888165422,0.012543497,11.673621,1.2946749,0.3581,1.1952622,6.034174158544131
56.413086086113154,0.10381142,22.072941790439312,0.07703518,7.595165178454831,0.11115422,20.3006957339678,0.13716105,-45.655047436779554,0.099042945,17.306427,3.2857714,0.72,1.0100056,11.709113118300282
56.84689444035548,0.017103076,22.244354276021415,0.012654765,7.121282586312011,0.019014506,19.56523367259846,0.021979593,-44.07548166486084,0.016248746,13.896054,1.8874846,0.087,1.0081398,8.158845366680996
57.595542606765434,0.016966892,22.188131148359005,0.010503738,7.282447165460064,0.01974856,17.154258288519657,0.020754227,-46.26654876678263,0.014709418,13.716136,1.9026098,0.1168,1.1132265,8.027522691107048
57.47955819207775,0.118388556,22.24395883052281,0.072779536,7.4144394339727135,0.10393469,21.21758879602769,0.22092533,-42.76726738915421,0.10051442,6.040353,0.023480415,0.3223,2.1035416,0.39074443098723144
57.96086681799793,0.039448053,22.89551471851388,0.025801076,7.315539042944565,0.04423047,18.2409132166166,0.05016511,-44.87318051720924,0.035216637,15.906264,2.7890787,0.622,1.0408431,10.227495967504243
55.2058631607871,0.0530438,21.21523008243146,0.038600855,7.335249178807896,0.060269754,20.562833137566372,0.06855867,-43.76859549291748,0.048165593,16.56197,3.0647564,0.8309,0.99651676,10.889044114263694
55.60007912242965,0.01731325,21.473277522535195,0.0128690945,7.844363525705177,0.019914329,21.141174189557397,0.020919017,-47.93625579468652,0.015341191,9.712154,0.7112541,0.0007,1.0946826,4.184942946724631
55.73439850136928,0.17422132,22.37724568518697,0.1113894,7.094847771842623,0.20001799,20.677419395891977,0.23755771,-45.90058591801566,0.13585782,17.829464,3.7243652,0.5361,1.0974432,12.084179366757743
55.43784879484009,0.12510486,22.46704884658764,0.08065686,7.48747040106267,0.13660239,20.484618144590446,0.1621131,-45.33844201798303,0.10141765,17.73309,3.3465729,0.7688,0.9308283,12.104765039914462
56.645075788192386,0.020410847,22.935281042623288,0.01630863,7.2607543201303235,0.023177821,19.45079799157423,0.026987115,-45.27898452661234,0.020895539,14.011793,1.9754066,1.5967,1.1200577,8.316701846193952
55.864443508802935,0.1003645,22.627943816680016,0.07021578,7.738056145401186,0.10576947,21.28863642801427,0.1326181,-48.15756599688649,0.091306,17.326468,3.168995,0.7191,1.0185274,11.769626896682398
55.76757280534597,0.15381931,22.800769543491423,0.11102511,7.642530346462955,0.15471333,21.911937015344915,0.24040793,-43.99242939123414,0.15625377,14.297123,2.2963095,0.5656,8.485833,8.713308814671576
56.48745217516747,0.06625683,23.024581569648877,0.05006829,7.389054111887702,0.083187446,20.838575638732898,0.087808765,-46.31017377392607,0.060053848,16.504587,3.0125027,0.7039,1.125552,10.847531408548464
56.970373065713645,0.056770425,22.99259933079853,0.03493454,7.171703349203403,0.056594666,17.45843291565993,0.08433134,-44.84198072234931,0.045969356,16.176619,3.1197958,0.8128,1.0359801,10.454730161434355
57.274755692608174,0.051453087,23.105917656349703,0.03593273,7.430479853340606,0.055344395,18.89321440089389,0.06847556,-46.58328631284021,0.04578208,16.074583,2.8367338,0.6762,1.1603554,10.429667358548368
57.485491827507374,0.015925167,23.21843142395095,0.009468258,6.921465300774905,0.017078437,18.921303017911203,0.019966297,-43.200525582216834,0.013236863,10.138832,0.77880955,0.1334,1.0655763,4.339822322282034
57.52090986726331,0.09731402,23.304637841703407,0.06648808,7.370344183553121,0.11851368,19.019871912126003,0.12838885,-46.8526775047032,0.09045688,17.534443,3.216154,0.608,0.99089795,11.871881747641767
56.778688940104594,0.2746438,23.715008173231865,0.26702294,6.808915098743059,0.37786633,19.59850247370788,0.31247276,-45.36308568784612,0.34806648,16.502356,--,--,1.6093881,10.66774517024728
55.16450502269008,0.2084631,23.442866615958764,0.14384769,7.561025966869867,0.22838198,21.117881060970202,0.24574275,-44.361757421866216,0.16941099,18.559662,3.2688656,0.0921,1.0336248,12.952565513057
56.087034239879095,0.04115441,23.56092855087351,0.027397683,7.372910720374971,0.042416297,19.28602141734942,0.062154878,-46.30352599636022,0.03651717,15.793812,2.7235603,0.6561,1.0418881,10.132006673102003
55.90468213861298,0.057483155,23.642095008724848,0.03851655,7.380512084447238,0.0614245,19.871268352271496,0.077629685,-44.6156897748046,0.051787585,15.929374,3.057953,0.7754,1.1792295,10.269806219461762
55.92315056799927,0.12877978,23.648957620762896,0.08470881,7.806210964547051,0.13549048,20.23368750385818,0.18433192,-45.617876962371234,0.11804762,7.8598695,0.4854188,0.1447,5.2615423,2.322070900165775
56.46524526083272,0.028507637,24.03867637774549,0.021268874,7.295877939593721,0.034636375,19.8061014454413,0.036550045,-45.00296374339572,0.025210094,7.8336287,0.2657609,0.543,1.3362249,2.149016452542625
55.89349233390916,0.027420409,23.761713579644525,0.019510629,7.27281753089127,0.029543715,22.96594039164058,0.037338458,-47.11639672043164,0.025841212,11.201932,1.057806,0.1838,1.3708965,5.510445411484561
55.674440494307696,0.059387498,24.004169380506745,0.040690158,7.361057342556959,0.06261922,19.45472846866403,0.08122334,-46.510573037379245,0.05345175,16.582888,2.9095945,0.7179,1.0475366,10.917588654006764
56.112090967849646,0.026618874,24.408645421392894,0.01941311,7.176701000098328,0.029531645,20.199761658090104,0.03621974,-43.419547832495866,0.025287518,15.011795,2.3948364,0.5508,1.0468746,9.291419307841757
59.119359567338776,0.057025928,23.150822860501343,0.03792411,7.293223370439239,0.059365094,18.388670560532795,0.07451004,-46.78689957669854,0.051791865,15.836971,2.5252457,--,1.2734071,10.151568857742042
60.108994347075345,0.04962992,23.438034039043746,0.031136548,7.32609101226264,0.05274904,17.78721356415285,0.07187666,-45.60853237350602,0.040590428,16.037605,3.1084614,0.8233,1.082603,10.361966833725827
59.330591983935534,0.07909478,23.460322675022162,0.049928796,7.140164284709472,0.08816251,18.178372451726833,0.09501135,-43.71991150931614,0.062821,17.184761,3.1072798,0.774,1.0169874,11.453302069214724
59.73398455446409,0.042488895,23.46476086930674,0.027367536,7.148890059300609,0.04731108,17.90520488952166,0.05878642,-44.77764235400888,0.03460156,14.985798,2.7052965,0.6417,1.6313529,9.256990973225315
57.92546926970108,0.022836015,21.668161426743545,0.013994775,7.153891740925318,0.024028093,19.07967877684022,0.02727383,-43.605687635708065,0.017951688,11.271783,1.0521498,0.2822,1.5979543,5.544494693715881
58.20296923378865,0.020017559,21.7075943267629,0.012566714,7.863438944484613,0.023044933,20.39381201422279,0.02540218,-48.20603320428624,0.017026681,13.937496,2.0358124,0.3298,1.0761502,8.415558780629357
57.96492519317743,0.053880956,21.821211162958722,0.034041513,7.520908413838251,0.058240574,20.684256689137317,0.07128362,-45.116088434998034,0.04518986,16.288523,2.9463444,0.6375,1.1198117,10.669874220695561
56.630577272862354,0.058472447,22.305310419986274,0.047067583,7.432473633593599,0.06450196,19.543662369430454,0.07703707,-46.412852716344204,0.05918031,16.615885,3.2331133,0.8291,1.0838587,10.971551667069798
57.421773552617374,0.18376292,22.944500325032784,0.119444504,7.353422098732257,0.19323528,19.512935354571574,0.22801597,-44.85613445942927,0.15463762,18.479889,3.70117,0.8229,1.0459642,12.81233639560154
54.35942768292571,0.29297054,22.57512322910611,0.21265952,6.324604699317628,0.29757214,19.534062816292753,0.43893492,-43.430436016387006,0.29663032,19.246307,3.436201,--,1.0217454,13.251474305076655
56.165358124707346,0.033693973,22.11312706231153,0.023618702,6.888913572562689,0.03892524,19.479151625182578,0.047289163,-42.89828505875798,0.029129468,10.885116,0.9950266,0.0985,1.6656878,5.075869304387885
56.12937625817235,0.04373055,22.25403305470104,0.03241586,6.88545771448969,0.04956211,18.885391926771806,0.05707626,-42.64337488462004,0.041062683,15.495378,2.6357393,0.7062,0.9226784,9.685041618142717
56.66843414271722,0.091139905,22.84418456402768,0.06962808,7.498059675999509,0.10608541,20.17711425081245,0.12077569,-46.9291652190401,0.09301123,17.284359,3.1541195,0.6564,0.9240154,11.659103441210583
57.11688600086402,0.012838326,23.300556775545953,0.008645214,7.461381901990386,0.01333222,20.398676841565134,0.016288392,-45.457547140444355,0.010648313,12.242328,1.3191109,0.5725,1.0005586,6.606424037158925
57.18936995061114,0.01266618,23.33871256339361,0.008829506,7.447798847561577,0.013643309,18.982770188489233,0.016061822,-45.7642685493916,0.011030738,12.882789,1.5054159,0.1843,0.91519207,7.242928351006821
57.2033347873996,0.0817031,23.41318138675708,0.064314865,7.362773276027829,0.093172885,19.200505579399927,0.10576362,-47.02477563440708,0.0806117,17.347544,3.2199097,0.6505,1.0406598,11.682750853075994
56.51728508779695,0.0138884885,23.40531966531974,0.009737304,7.349143996550216,0.014684566,19.01388855774152,0.017904876,-45.462388901362175,0.012832305,12.397641,1.3820219,0.762,1.0410229,6.7288249663297535
55.62266700134463,0.019671697,22.790383366074938,0.01341629,7.2107244103887105,0.020424386,20.443968442355224,0.02651824,-43.615631895788304,0.017278627,14.220257,2.1069384,0.4812,1.0311948,8.510151292422567
55.51227170472401,0.06739099,23.9315503764995,0.04677176,7.128559860596797,0.070635475,21.649997198461733,0.090326056,-44.00589987129682,0.060092866,15.541395,2.7090015,--,0.9305524,9.806404191637887
56.15126273681793,0.03589334,23.502902827384098,0.024223158,7.196435385252507,0.036829636,19.261618283223093,0.054714415,-44.18167451157026,0.033114728,15.381319,2.6189442,0.6893,1.0963196,9.666906197718193
56.49673767202074,0.08190638,23.812867344430007,0.075343445,7.584054434284224,0.101854555,20.4579022335004,0.10520784,-46.74669948230612,0.095333606,17.039532,2.792656,0.474,1.0317597,11.439038915136575
56.45599236233461,0.15669045,23.95146803071827,0.11296088,7.716024514567284,0.18501528,20.44459642689754,0.19723909,-47.82145485344073,0.14245407,18.15369,3.155592,0.5498,1.0606526,12.590658331985955
55.99511103368515,0.050385375,23.882527325074037,0.03727437,7.332855207330711,0.05680062,19.881529907073876,0.061959986,-44.69357603049772,0.045594484,9.539745,0.7352009,0.1961,3.060309,3.8661108788772935
56.19942719256715,0.059504423,24.214450818193416,0.047204774,7.226131411222815,0.07371257,19.303777387711943,0.07607105,-44.73235024108452,0.060042463,16.460293,3.0200386,--,1.0059536,10.754822092115921
55.96571153528893,0.053624015,24.237623054397357,0.040716946,7.258986318244718,0.061165422,18.739842453436488,0.067766555,-45.7796111765911,0.050062336,16.479933,3.1174393,0.7249,1.0665101,10.784312674257983
56.39368645440966,0.02935461,24.463106878376045,0.019359428,7.351642646560689,0.03236741,18.45262299245357,0.039106637,-46.101289273382704,0.023752518,8.54996,0.49812222,0.1797,1.2320466,2.8818820785223807
56.157474125161585,0.12928322,24.427286641096313,0.095592946,7.1937748508307235,0.14655015,20.052625862739475,0.17102176,-43.731594850314394,0.124899134,17.7707,3.3192596,0.5905,1.0870405,12.055484660926174
57.96486380442858,0.10872217,23.58017097963821,0.058615845,7.326865311897123,0.11028499,20.0452507330728,0.14771363,-47.20577088380842,0.07710268,17.595358,3.238186,0.6803,1.0502069,11.919948935274693
58.51141173896991,0.10100459,23.583472053671844,0.062913135,7.410325385253006,0.10991494,18.720162968475606,0.1252786,-46.105024423670734,0.085103884,17.145609,3.2016191,0.703,1.0951525,11.494795292695585
58.21587315431726,0.16916597,23.563201391104737,0.09576383,7.859820054121889,0.17870578,20.33574713064993,0.23990847,-47.409338262630484,0.1305257,18.111927,3.5025177,0.5729,1.0654304,12.588990048675065
59.58717248564752,0.03736301,24.080920608382456,0.023537382,7.019555905798031,0.041585986,18.168526206326685,0.045079727,-43.157880135115136,0.03149412,7.197622,0.033896923,0.1853,1.0346426,1.4291700085317416
59.38781403425705,0.064356305,23.94626374387572,0.036673978,7.7564569906051215,0.065798804,19.65113593879149,0.09086788,-48.10405501535265,0.048848797,16.605007,3.0123434,0.6928,1.0044092,11.053324115033037
58.7874571658436,0.040640578,24.083901130667407,0.023536405,7.323080413458586,0.04266217,18.337982236034204,0.053602055,-45.31658974362531,0.0318036,15.64664,2.7174673,0.6291,1.1166182,9.970108839285519
59.10811041445935,0.023026217,24.280794607195674,0.01228499,7.185120293680008,0.023313658,18.2714406518312,0.029103335,-45.33992631001985,0.015919866,14.184004,2.0517874,0.4916,1.0593263,8.466174047522383
56.70921754523774,0.12377969,22.211633483804448,0.09427263,7.066697909247392,0.13903295,20.74025760401136,0.16051309,-44.14092913446135,0.1117817,17.78173,3.4892616,0.7166,0.99503624,12.027813283219603
57.70410557714868,0.03210183,22.66984055724213,0.018678317,7.386205225594046,0.03354169,18.29780707062388,0.044494182,-44.92903716810198,0.025902785,14.9738245,2.4698553,0.6473,1.2357466,9.315931352776772
57.691890731724996,0.012484839,22.93047700918125,0.008077418,7.329901757417433,0.012998136,19.432050778551144,0.015992705,-44.96311213605481,0.010610592,12.54847,1.4772148,0.8095,1.0103427,6.873960312639872
54.62432671280883,0.014372926,21.56488406650005,0.00993632,7.363461148744048,0.015609099,19.52966342242958,0.01801136,-45.21088722635951,0.013119669,12.370164,1.3515911,0.2645,1.1444457,6.705573916178912
55.63799159070933,0.048713937,21.704494346750018,0.037374888,7.450155858497535,0.053203147,20.53869806925626,0.07031797,-45.722884651284645,0.048475586,16.246473,3.020321,0.9482,1.0158869,10.60730010415792
55.600196939480526,0.02101919,22.420941414601447,0.0167856,7.325781236905765,0.026610896,19.75260126482393,0.027559247,-44.404909682301366,0.020470569,10.207125,0.8412733,0.0705,1.4292382,4.531394438002449
56.360732948219095,0.048513915,22.525409252257422,0.03929599,7.33043869209861,0.053152155,19.916122118909534,0.06212655,-44.2544686931443,0.051234093,16.099396,2.7872744,0.5661,1.0771861,10.425045581404781
57.099724735801715,0.08736189,23.135471631187595,0.058423456,7.440941514656794,0.08653669,18.02642279431928,0.110820934,-46.27659449132801,0.07284799,17.242805,3.1104727,0.6933,0.9964595,11.600944936072128
57.01950344317138,0.38891667,23.658221984566293,0.2927315,7.061613568569041,0.46965298,19.143649354954604,0.51279664,-44.93870161163164,0.36373767,19.504585,3.4325867,--,0.95156616,13.749105006399095
56.77419713239273,0.16358234,23.759491175687398,0.12987435,7.356181567875133,0.19532156,18.99170651645838,0.2094001,-44.52505445070616,0.1563945,18.451954,3.3400764,0.4158,0.97876674,12.785216088481114
56.77549159808858,0.08757009,23.755443467081154,0.06788757,7.141353557340774,0.10526337,18.265519303836555,0.113577396,-43.555156923039064,0.082664944,17.294428,3.1273947,0.8176,1.0635456,11.563330545971034
55.69709280776672,0.32946134,23.011060654486204,0.27304313,7.877880919814538,0.36232868,18.90012467275421,0.42685863,-43.90371188485384,0.33445787,19.519073,3.31773,--,1.0624247,14.001120545478258
55.49448945797651,0.039703228,22.950342697552426,0.0343344,7.485443374199612,0.04615499,21.190758956691525,0.05842444,-45.75072890563626,0.044474743,15.615843,2.6748362,0.6025,1.141276,9.986930466033094
55.35990236479837,0.064637594,23.13393922944862,0.04647428,7.176704369385575,0.071571276,20.522150608680292,0.09263641,-43.97400437766897,0.058491357,16.736732,3.1455584,0.9192,0.9838054,11.016357766260048
55.75590442819679,0.076841,23.49166437151513,0.057901323,7.500634830364743,0.091507256,20.33014330525751,0.09720215,-46.80745783805581,0.07303676,16.996695,3.0464563,--,0.9035413,11.372184676215628
55.21027734303729,0.016307645,23.418239557613678,0.010870159,7.563300505452855,0.017408878,21.697122292421838,0.019891141,-45.497866176963164,0.012943894,10.658403,0.8932123,0.1653,1.0724381,5.051960177356818
55.64182280026504,0.17383747,23.414270375936105,0.11618969,7.11584754651513,0.20951626,19.02766922949857,0.18798088,-45.31072379990417,0.14126666,18.148575,3.555544,--,0.9598029,12.409708003945939
56.22141739191688,0.44753864,23.572864764972735,0.30855167,6.9220501274364015,0.4817323,19.35699497522591,0.60368156,-44.83003044757705,0.39566782,19.775993,2.9885578,--,1.0234694,13.977167047175355
56.30266024809251,0.18713944,23.895691099262624,0.1378356,7.440590196934589,0.20410578,19.701211898142223,0.21620387,-45.37883391111224,0.16133049,18.358519,3.2893085,--,1.0535712,12.716555528936457
56.22443336960459,0.013101824,23.921085821362638,0.00916289,7.226440781576337,0.014336304,21.062076818946018,0.016704356,-45.346349053981676,0.011661332,10.590246,1.0418558,0.5236,1.1517957,4.8848684411693934
56.52329273640923,0.021736892,23.757058284763335,0.015762633,7.3094182053318,0.025500584,20.57697227505834,0.025556497,-44.183315125821814,0.019087184,14.375109,2.4468641,2.479,1.0223185,8.694522771739758
56.577349984207224,0.16867277,23.983901774187085,0.14230537,7.590686889973629,0.22254379,19.0351746770752,0.23392755,-43.878986858575274,0.18701506,18.16214,2.987852,0.3999,1.0145491,12.563545279978777
56.23507805711012,0.019780174,24.432404748893706,0.01620874,7.3971054023640885,0.023178987,19.698151724297123,0.02821788,-46.135081435179735,0.022394326,10.2749605,0.8318968,0.1161,1.1424334,4.620269553219911
58.891124160654314,0.10167697,22.80869447198722,0.063375406,7.9659740436363,0.10831652,17.535202975356054,0.13649224,-47.057211231826,0.08102209,13.806207,2.1000576,--,7.46904,8.312401138029175
60.167780313721146,0.089005165,23.44816967272641,0.052383922,7.773348548881009,0.093191974,18.444319770885315,0.13234563,-48.22819981374479,0.06665102,16.982033,3.3524837,0.7859,1.0454,11.435073483158396
58.87881546681414,0.04864695,23.39733058626634,0.026640313,7.351477392023253,0.052089404,18.06127546907313,0.05710115,-44.04141589893502,0.036007244,15.975678,2.7695847,0.6204,1.0316733,10.307551573837817
58.504722163146866,0.16595413,23.327914274720143,0.097367585,6.977480091655439,0.17176752,18.083135470389173,0.23138487,-42.80795268094474,0.13112776,18.158997,3.6113834,0.8185,1.0187693,12.377489612136621
58.09386516372074,0.016724559,23.644663086556115,0.008423461,7.842320091834718,0.016344896,20.351204373725434,0.022247579,-48.34159308538509,0.011299197,13.523306,1.8280773,0.2359,1.0522459,7.9955287153083034
58.99240854019812,0.058161803,24.549769790101543,0.03589993,7.502052728135733,0.06423047,19.598536631925164,0.07068428,-47.051858462248504,0.046634573,15.775829,2.511753,0.488,1.4606267,10.151729876494414
56.77370761394805,0.093981974,20.010169425429392,0.070608005,7.558265227588301,0.10275393,18.949344980183252,0.12662825,-47.06775598455637,0.090159826,17.403084,3.3510017,--,1.0188955,11.79519443979439
57.04765896590672,0.1502004,20.77829890920676,0.115814425,6.812429779554028,0.16576424,20.051943886389225,0.19857888,-44.50019803935406,0.1462907,16.384956,3.1209679,--,2.9685612,10.5514665535276
57.30516353501407,0.1528703,21.366755700980974,0.09674844,7.199059052577814,0.16705954,19.926586571098582,0.21896718,-45.531694126162954,0.12854917,17.876696,3.2886868,0.6577,1.4129659,12.163074313022802
57.77559689630136,0.083048835,22.633376347393465,0.05007722,7.500111920385244,0.08733891,20.882520277954452,0.10918093,-45.90535315467692,0.066018395,17.126387,3.1439896,0.6984,0.97746164,11.50172536344326
57.714511443641314,0.19883013,22.665930023557202,0.13145685,7.3085612644205,0.2149606,18.173101359371273,0.26966003,-45.33611629800369,0.17502774,18.432241,3.620226,0.7106,1.0571365,12.75140089887651
55.19923341453408,0.18532592,21.722581796415753,0.13001558,7.241694888294129,0.19620842,20.915883949744778,0.22917554,-45.34195683688281,0.16313626,18.169836,3.3246937,0.7995,1.0507256,12.469037158783838
55.50707154580541,0.0594449,22.39060459879524,0.04042658,7.5227639640978365,0.06459279,21.50447046062442,0.07476213,-46.90881537959989,0.052851208,16.414602,2.9702654,0.7654,1.0223658,10.79648945723038
55.61385651221187,0.04091774,22.573392259376448,0.02758433,7.177752139311311,0.042132903,19.000000967207146,0.055527788,-43.149520528650314,0.03634245,15.731763,2.9178953,0.8143,1.0479097,10.01170517248099
53.93454089287151,0.039274033,22.45259124715032,0.031084983,7.152749681642172,0.0444876,21.26584522220347,0.050854683,-43.37202576251183,0.03944847,15.706452,2.672079,0.564,1.0524058,9.97881750317174
54.93671006565371,0.064539984,22.654103017730275,0.051955063,7.604703051583063,0.0850034,20.751404188856693,0.086623296,-46.504809433409434,0.061035465,16.780579,3.0836725,0.5905,0.9682968,11.185989915235062
57.3013765497648,0.016751427,23.228140474524007,0.011185235,7.450991731973961,0.018298406,19.729432027709375,0.020170998,-46.0451440559743,0.014120278,13.63343,1.8176136,0.3913,1.1251582,7.994499934687985
56.16601868534902,0.19499545,20.911617070719334,0.13864882,7.505853364929359,0.22855906,20.59905830258443,0.26955718,-47.921589108033686,0.1714626,18.372377,3.5028992,0.2329,1.0136935,12.749377774336487
56.29127878438316,0.016399862,21.70437958429157,0.016318586,7.9483711943893125,0.022369606,20.887245426804718,0.0219333,-48.14377497155412,0.019263403,9.8515625,0.7475815,0.0138,1.0076236,4.352953203808589
58.19032854954304,0.045579873,21.688685952062063,0.029105607,7.149206756696743,0.051077396,17.87536259125583,0.059168167,-44.37111557160527,0.038665667,15.726802,2.7598705,0.6857,1.1235491,9.998091157971519
58.64505953991257,0.02558018,21.88371044606809,0.01441494,7.257017840659242,0.026235495,18.870919452909376,0.033784017,-44.55006354269242,0.019000633,14.622399,2.296548,0.5137,1.0450507,8.926190283903173
56.9207509878919,0.16114473,21.817916787557156,0.10292337,7.718484158889624,0.16527109,20.973294616989108,0.21839976,-46.9808271632548,0.12649682,18.015074,3.376501,0.7686,0.97345626,12.452733862075572
56.93617517454737,0.14637323,22.212093026243476,0.10525463,7.267899589037527,0.16237102,19.744760772191732,0.18293683,-44.90627737374165,0.14246199,18.159636,3.357586,0.8483,0.98897254,12.466680136846264
56.669225217102046,0.12886164,22.367526920156397,0.10106749,7.389174547498765,0.14713916,19.235697142782712,0.16516528,-44.28196746663052,0.11924009,17.77013,3.4698296,0.792,1.039121,12.113109785514363
56.843674396417384,0.10741765,22.519560464164275,0.09363003,7.412149673861739,0.14067242,20.57447316080448,0.14934547,-45.52042201939867,0.12324532,17.588257,3.3903885,0.6831,1.0717633,11.937977738251627
55.77717985381962,0.15896906,22.296885504686884,0.10839567,7.3240443819797765,0.19123901,21.336419854613755,0.215343,-45.52372247340733,0.13403644,18.143532,3.4810638,0.8473,0.87113947,12.467286636114695
54.10151343001715,0.055845164,22.62359532436685,0.043198194,7.137137387219033,0.061730318,21.297883549396452,0.08335779,-44.43439528653132,0.05827993,13.514972,1.7697496,0.4585,3.6502388,7.782592017310039
54.93418011873759,0.040697034,22.12920112313305,0.031949237,7.1019984947196955,0.044233575,20.74256943499833,0.057467487,-42.9573727202379,0.04177042,15.5468445,2.6199179,0.5606,1.1068015,9.803747362002746
56.2951245214628,0.051738527,23.049309323098104,0.035244476,7.3307637033988735,0.060016222,19.70437457927786,0.06740147,-45.59557687910834,0.043497443,16.29566,2.979025,0.7444,1.0224223,10.621406123296312
57.35676779986823,0.08194617,23.047107208330427,0.055617698,7.539613373579104,0.089505695,21.638262819005256,0.10374957,-46.67035897159861,0.072997026,17.31056,3.1744938,0.623,0.97940594,11.69730560696554
56.650363065254425,0.05040672,23.071293292300773,0.03696243,7.834199597535483,0.053876076,20.97089199836786,0.06998189,-46.8799865625298,0.047297996,15.922808,2.8799028,0.636,1.0419477,10.3927808544092
56.66674719150831,0.019131247,23.110124081170717,0.0140606,7.391158486799486,0.020554867,19.26270138389062,0.026191497,-46.76202027354881,0.018054469,9.295629,0.6416569,0.0135,1.1259955,3.639191121910901
56.96658486416223,0.08478777,23.66317575454774,0.07130583,7.8091896514290235,0.10996326,20.613921327030738,0.1104931,-47.069554481239216,0.09280457,17.058777,3.1215677,--,1.0405909,11.521806705923243
57.07240387537332,0.069661394,23.806397361704857,0.05027253,7.160999926269235,0.08132009,19.836314489992358,0.08828972,-43.429277219843186,0.06338292,16.735138,2.995575,--,1.0162568,11.010006285727393
56.837462886443596,0.03308351,23.803141100251725,0.023440158,7.312944753255134,0.039188825,19.09568001950756,0.04289787,-45.519794998351045,0.02832335,6.997606,0.04240656,0.1591,1.0218508,1.318067263095811
56.80702207600254,0.027136058,23.83129346815246,0.01926877,7.390669390750133,0.031746693,20.66186880960353,0.03670297,-45.95186620571028,0.023719914,14.748187,2.6375847,0.5853,1.0817058,9.09160594149874
55.564114916711006,0.088744625,23.191815889549062,0.067838885,7.248243663666067,0.099340156,19.927100246483942,0.105095245,-45.17265679717415,0.084126055,17.104906,3.2087088,0.6503,1.0374994,11.406070004949981
55.47365462561668,0.025194135,23.457797252389764,0.0199332,7.48613184109967,0.029138157,21.753054575387118,0.029393928,-45.20610303839722,0.024166701,13.487999,1.8508358,1.2365,1.8494896,7.859286319253133
56.245746416315335,0.016596021,23.38872896889856,0.013391603,7.5470189892983015,0.017958445,19.889033018800962,0.022016658,-46.94423051275082,0.015588151,13.3745775,1.7224798,0.331,0.94657576,7.76345473595358
56.23629783447908,0.06302752,23.60638236898229,0.04052653,7.500034623921711,0.06425519,21.21935363059592,0.08703651,-46.27851751485042,0.054645967,16.171886,2.8697624,0.6221,1.154042,10.54720278567925
56.479065146377025,0.37815514,23.565945771454587,0.30041945,7.089674992446657,0.4060387,18.009218748319984,0.45450023,-46.417011767107894,0.36608163,19.58816,3.4644852,--,1.0771624,13.84129119389749
56.55978465218358,0.15208323,23.850613032682478,0.10527893,7.265131798859592,0.1739288,18.41856868541688,0.17283165,-44.310766206901164,0.13001862,18.059776,3.8449116,1.1208,0.92849815,12.365993792989606
56.74722551551796,0.056124754,24.02839263224941,0.043980114,7.1077553498191515,0.06474641,19.231314049232395,0.075657845,-43.90906851628049,0.057895012,16.13903,3.0877132,0.9221,1.1177913,10.397692811035897
56.491372159992444,0.11918455,24.14454409490353,0.0866696,7.56224918935397,0.13930252,20.64192353731954,0.1616776,-47.49822521472331,0.10878331,17.9169,3.3296375,0.737,1.0240954,12.310155554895772
55.854187500099634,0.3595718,23.86689549669417,0.28055012,7.353450280694627,0.39121974,19.594802695246173,0.49242407,-44.380437752826765,0.36275902,19.276834,3.3844967,--,1.1042078,13.609290289644798
56.30484671502358,0.098915294,24.256408737061175,0.073268615,7.830308376105879,0.124682255,22.395162862478262,0.13268028,-46.54478166747177,0.09256206,17.197369,3.1227045,0.649,1.1298686,11.666262951530918
56.37602962223804,0.023780197,24.312444915657963,0.018427372,7.338781422028091,0.026541505,18.946319933632715,0.03180253,-47.250448256608685,0.022565119,14.607255,2.2880154,0.5515,1.0718954,8.935374746408629
59.39702269491067,0.040903963,22.985421583355603,0.02257594,7.430986194789563,0.042873062,18.61231286206045,0.05009405,-45.5792368331218,0.028970653,15.45358,2.6708174,0.6832,1.0802506,9.808812175040853
57.81600521946067,0.018949028,23.282072324477088,0.011150675,7.39121408595741,0.019582776,20.266120356445313,0.023781037,-45.198913858633816,0.014768439,14.110739,2.0543022,--,1.0752883,8.454317663110292
58.35055879613578,0.059946306,23.799400414244115,0.035223365,7.3122275822989975,0.063898586,20.125369913789854,0.06820663,-44.914801582099315,0.04533708,16.478794,2.9820576,0.6439,1.0887698,10.799042596457145
57.46000788790077,0.050614245,20.96651689252344,0.032011975,7.384702800891043,0.056211427,19.64071321155057,0.061259136,-45.235371698623595,0.039649446,16.383282,2.952098,0.6806,0.9899319,10.72494681634185
57.10351631333752,0.1061786,22.407062846260487,0.07822699,8.069427125789232,0.12728046,20.230965100976423,0.1326977,-47.225134748533975,0.0907396,14.416559,2.4448442,--,5.962141,8.950772738732933
57.56434876786031,0.30753887,22.772072869513444,0.19548717,6.831384175411328,0.31836927,20.22238660492383,0.4103561,-44.43593358313666,0.25382054,19.252659,3.188202,--,1.0587934,13.425202390833377
57.58886377465197,0.024460843,23.09614480790089,0.014692581,7.505850970004721,0.026161041,19.608488750151913,0.029035324,-46.559026755660526,0.018623162,11.16862,1.0253668,0.24,1.7117734,5.545619795403638
57.66222912452411,0.03182063,23.21722758953147,0.018898396,7.301312904999704,0.035013244,18.264910026129144,0.040552225,-45.37654930409289,0.02482583,15.392325,2.5683336,0.5714,0.9832702,9.709330206106156
55.02925859013083,0.08514,22.64639061215007,0.064854026,7.401384626754442,0.10471005,20.846684754196072,0.10341274,-45.53023058759697,0.075149104,17.14754,3.141098,0.5981,0.99503756,11.494104007386314
54.95722061120645,0.07220195,23.057154492976068,0.049453773,7.377781072221634,0.077160925,21.08794984606338,0.08890826,-44.74821299693124,0.06239279,16.829,3.0872412,--,1.0294747,11.168629292306452
56.10635909696462,0.22901088,22.46369887841194,0.18219429,6.9180117362823434,0.24298608,19.366422823262543,0.30147806,-43.44289529269164,0.22229719,18.787416,3.4519978,0.0459,0.946905,12.987322930388563
56.10669430950938,0.16682917,22.668738732908064,0.12903368,7.292826529552445,0.17901112,19.38724661169848,0.21283893,-43.841254843624036,0.16042963,18.554502,3.5606956,0.5171,1.0070118,12.86898190399381
57.25428791296075,0.023856409,22.980211869536916,0.015126499,7.479338623504139,0.025225181,19.782617691627937,0.030793412,-45.89295356467363,0.019124938,14.505948,2.2168636,0.4723,1.049947,8.875264047436275
57.14388698332008,0.014187142,23.434590988620933,0.010968358,7.380077777631508,0.01621292,19.371696632671146,0.018467281,-45.077613013343736,0.013893746,10.21041,0.7898922,0.0684,0.95619994,4.550714812189906
57.27031111022754,0.4630404,23.56076614020058,0.31887698,6.877049897889686,0.52911294,18.84355355101113,0.6711096,-45.53345940743661,0.41117594,19.572866,3.258503,--,1.1644844,13.759877317163832
57.02080880346131,0.16962062,23.40357707910696,0.13332562,7.452761101984951,0.18260336,19.84477584934094,0.20568083,-47.13858324068734,0.17658637,18.267855,3.2330418,0.5754,1.100372,12.629440691341049
56.71926880123131,0.057538718,23.645138846504032,0.04109849,7.263568493862063,0.063897744,19.341465818406746,0.06765062,-45.10348228374381,0.049843736,16.497435,3.2339296,1.1732,1.0335654,10.803184797026152
56.92168447899226,0.014032769,23.740085880970906,0.010795258,7.415330238219003,0.01706705,19.389676621809908,0.017508078,-44.41979686439394,0.01216655,13.317822,1.6477528,0.1551,1.0288638,7.668474940830279
55.60962925402735,0.015590061,22.894458319172863,0.011530163,7.3911225554567395,0.016662074,20.931199055488744,0.022423405,-44.495503230336666,0.015635528,13.702901,1.8353577,0.4347,0.98453134,8.046452904366774
55.475754764398424,0.5803985,23.084529640175024,0.53134286,8.109209998437597,0.63062006,20.81497250256232,0.7559495,-46.81916443400196,0.660858,20.035452,2.816845,--,1.0953836,14.58034462493306
56.21366072046201,0.24824268,23.572240548511388,0.16920473,6.783900531431093,0.26716465,20.145383363877258,0.34246856,-45.57401351324285,0.22400114,18.868423,3.601509,0.0656,0.9954819,13.025820819295841
56.75155954236713,0.103624575,23.87989483651996,0.07655069,7.258803479406005,0.12227168,19.58388880290639,0.13785316,-45.499123808652925,0.09306599,17.452063,3.6358585,0.9811,1.0392975,11.756387800451602
56.788355136999364,0.04149312,24.05197806630918,0.03835119,7.303127989157264,0.042878542,19.443262497972405,0.053262614,-43.83037106514393,0.047040492,15.380993,2.5782223,0.5496,0.98439646,9.698537448545867
56.14763096345229,0.01618071,24.001134217971668,0.012406072,7.328443682577038,0.018997936,21.423837772886003,0.020184925,-45.87308933879669,0.01540891,13.679698,1.8219137,0.5803,1.1517475,8.004756764146219
55.98874523518619,0.050339285,24.22217609900833,0.038118795,7.511405170900618,0.05730281,20.996867317412804,0.060567006,-44.783064841288336,0.046109017,16.33304,2.9795141,0.6501,1.0448743,10.711646181358207
58.6312441308392,0.25235435,22.650297124152225,0.14598776,7.368263631168414,0.27883103,19.10612955854981,0.30426878,-45.04556379168788,0.18424273,18.863647,3.3674622,1.5877,0.9731931,13.20047324199101
59.864780390913005,0.0148878805,23.12358794121916,0.009705917,7.396599891504868,0.016272841,19.56575360766323,0.018250957,-44.96977416916024,0.0121155195,12.829326,1.5298176,1.0254,1.0108391,7.174486309955647
58.31550471151817,0.03556964,22.870486617226987,0.023679955,7.730450865699229,0.03911404,19.49914419001883,0.0486354,-47.30489909870079,0.032051962,15.532084,2.6985512,0.6208,1.0875376,9.973108585831312
58.256848955762266,0.057002556,22.97990043814057,0.04071727,7.420786200411975,0.066168286,18.67910400073735,0.07558624,-45.22834943525854,0.052259706,16.564484,3.056285,--,1.0472369,10.916733239332268
59.077544104505236,0.024918074,23.964214301726617,0.015479292,7.444990183139546,0.026032036,18.991027601357587,0.035082318,-46.59379000993002,0.021175466,14.732029,2.3377056,0.5489,1.073541,9.091349608351202
58.600048205654964,0.17998944,23.866179856011417,0.11356757,7.754253502491794,0.19791687,18.982609004848122,0.2187977,-47.249118191795915,0.14920923,18.064146,3.326889,0.5976,1.0725254,12.511846016284691
59.45576360635641,0.19304912,22.141790980091187,0.12777036,7.344856422396257,0.22825226,19.269336758163742,0.22665161,-47.208339857197,0.15635437,18.540195,3.6547413,0.5318,1.0322586,12.870112018087895
56.76592439375685,0.01733197,20.195680669360634,0.013467169,7.685071538856968,0.02011454,21.450319145217385,0.020926623,-46.97212386529604,0.016852995,13.785254,1.9372911,0.1796,1.0690483,8.213493097873352
55.77398249072309,0.07937214,21.030219725596368,0.058686476,7.661183575372759,0.10211455,19.368666734238875,0.11906767,-46.28315605087656,0.072046146,17.138874,3.188631,0.6901,0.98482674,11.560353398557913
58.21556121209022,0.039560042,22.525604769152533,0.025583573,7.4162821627048805,0.04182554,18.998406473715193,0.053825267,-46.56403228084043,0.034135826,15.772704,2.790759,0.6198,1.0604233,10.12363534837356
54.764638768320864,0.06378707,21.42208398595951,0.046718072,7.499861696290614,0.07101614,21.51012654458343,0.09193669,-45.626641493569586,0.060798787,16.800209,3.1410465,0.6881,0.9769868,11.175475318974236
55.87166965704079,0.021143205,22.73438824922199,0.014817826,7.556974713766846,0.020693505,21.901688240815574,0.027256873,-45.302615313158384,0.018957408,9.766249,0.77743435,--,1.0333185,4.15798854818609
56.45303174951979,0.01865014,23.147850803372048,0.01191799,7.404869641412335,0.018651934,19.02937718369986,0.024696719,-45.46310824022036,0.014802787,10.126517,--,--,0.9006892,4.4741043829030005
56.81416804545098,0.063839786,23.43481220068229,0.049132846,7.069719258509363,0.07068639,20.60752142794995,0.082975514,-46.19192929295871,0.06317905,16.54838,3.0180445,0.8035,1.0966136,10.795390738695794
56.558644727565465,0.39303288,23.36555532316514,0.27425212,7.023992682119677,0.41526976,19.78942021617143,0.5223351,-44.69911093411448,0.37091053,19.616781,3.6468697,--,0.9467604,13.849701486904635
55.73566057860892,0.1367496,22.854833974276563,0.10813707,7.423268314851199,0.14914918,19.86916964413539,0.19515191,-43.85270261842145,0.14677067,18.108326,3.4207592,0.7916,0.9572704,12.461301750543404
55.21373303656764,0.014883566,23.59821916838355,0.010567537,7.522153825366353,0.017643074,21.13498186162849,0.017057333,-45.75717959178242,0.012303779,12.452076,1.3631744,0.1838,1.1481409,6.833787009975202
56.27833987281683,0.08658928,23.614139359630546,0.059413858,7.2309171672488475,0.08655477,19.068891767681066,0.120184906,-44.98068962263365,0.07828888,16.988838,3.4484148,0.9744,1.0175426,11.284805128616902
56.4121662011986,0.14633724,23.815387024784926,0.11046279,7.437462707543171,0.16144858,18.931323025525273,0.18074,-44.77292492460526,0.14192243,18.06143,3.3416843,4.8149,0.9738739,12.4185539830672
56.55990544236619,0.2637295,23.850231321830254,0.18650265,6.945635064720561,0.2986588,19.95902569463454,0.3046253,-43.2989148209852,0.23114647,18.963694,--,--,0.96765167,13.172253423854231
56.681723015516134,0.02871401,23.994936841909595,0.021892995,7.2862829876032436,0.034790307,20.502140434050677,0.036663756,-45.335559973427976,0.027594736,15.067968,2.386301,0.5295,1.047322,9.380498541220536
56.42643027295516,0.2282604,24.06962465070194,0.17629324,7.456083562366619,0.26874843,18.6225088774893,0.33995688,-45.332163822789326,0.20400383,18.861753,3.2648067,--,1.0056384,13.224307296895983
56.59787068226333,0.0667213,24.030747315256395,0.060405456,7.373004713955718,0.08887297,19.227117530342714,0.0923055,-44.209033757952795,0.07801971,16.894072,3.0725603,0.6469,0.9753783,11.232294136833723
56.553722556107694,0.014954698,24.054171168916735,0.0125036705,7.3324984757352,0.01875288,22.067799911606258,0.021627981,-46.12808704052617,0.016697275,13.603668,1.811161,0.4642,1.0267986,7.929928119752374
56.08213439453839,0.34637153,23.895882769287574,0.26471776,7.842584691514767,0.38749155,20.578618998829306,0.441096,-45.06179749088999,0.32378185,18.296852,3.7332897,--,2.3931916,12.769148198368175
56.46397086946799,0.079630695,24.29548137554541,0.057357583,7.4136347632428805,0.084674254,18.663634706590376,0.10984064,-44.18651883515772,0.07028102,16.784777,2.992241,0.7848,1.1398214,11.134932619953162
56.19232413412733,0.15163845,24.383982373328962,0.11243798,7.304990403940584,0.18355542,19.564388234148808,0.21331099,-45.3960205422828,0.15816478,18.09578,3.1618252,0.6595,0.9145,12.413877667786014
60.048881432735236,0.43079263,23.385696604978513,0.27980095,7.9818226534229675,0.4735866,17.6368127888221,0.7055237,-45.4654796172064,0.35504144,19.738281,3.166626,--,1.0417526,14.248791620249644
55.33339566545284,0.04530644,22.631451536825736,0.028517444,7.011106189930256,0.047543548,18.66745548131216,0.05570676,-42.989950688570275,0.03510633,15.709704,2.6998224,0.619,1.0174055,9.938637123950528
55.85491728898192,0.066530555,22.895492287024965,0.048327602,7.5264024127197535,0.07351991,20.222442233716116,0.08841846,-46.15960948932732,0.062151253,16.934334,3.1049414,0.7434,0.97739536,11.317270975993086
56.95058643018479,0.01862631,23.21788377589549,0.011669157,7.411184638689342,0.020458069,20.053661610566117,0.02706992,-45.84753613421944,0.016234322,10.945833,0.9447975,0.1126,0.90876555,5.295271372203642
57.249110397410014,0.20535685,23.20188117544861,0.14425159,7.361198602433404,0.23891193,21.46599188555524,0.26437142,-43.402498960845236,0.18659942,17.961342,3.784193,--,1.5948972,12.296084532886372
57.29710087343788,0.1811079,23.555027674633045,0.12804554,6.026089354364362,0.2001655,17.706997239021526,0.24854589,-44.39203617127579,0.17223857,13.676093,1.8505754,1.5647,14.577752,7.576270936843706
56.730541115448666,0.109945565,23.380212988770477,0.08465184,7.294694239567216,0.119221516,18.858429537627444,0.1381728,-45.66888505121055,0.09883255,17.4539,3.1989937,0.6511,1.0561346,11.768934848344308
56.42870174000814,0.09010045,23.336589161292384,0.05891634,7.492486097833367,0.0977831,21.406088529779186,0.13026962,-45.052319844566526,0.076506026,17.363674,3.2474785,0.5836,0.9524142,11.736803892784412
56.593679900426444,0.08203813,23.485427897777026,0.05670421,7.150415256448715,0.08726354,19.859186488699244,0.10187264,-44.830015852542616,0.06970668,17.219704,3.3249388,1.1729,0.9135021,11.491359994054308
56.93613786706123,0.06492374,23.700704540102134,0.049483165,7.252925571892042,0.07700363,20.328177414703305,0.081023626,-45.216292132663604,0.060450424,16.648165,3.0387678,0.6021,0.9428905,10.950730853342124
57.02449569519243,0.09656971,23.883443039373205,0.06693495,7.392645465941637,0.10585207,20.181137542829056,0.12842105,-43.46642919787849,0.081522636,17.37894,3.1116486,0.6529,1.0650707,11.722939977000832
56.14966288663878,0.19328716,23.578175173592527,0.13497168,6.731841119516058,0.2100842,19.19231470727461,0.2552281,-43.68124042306106,0.17099638,18.633621,3.9137058,0.5018,1.0218021,12.77429050328123
56.373319246952896,0.014192896,23.760302335308378,0.010469701,7.399616619911859,0.015352413,19.065021323928246,0.01813691,-45.755836459670746,0.013500314,12.855757,1.5521526,0.4915,1.0100722,7.201802855480921
56.82547570016037,0.09109656,24.036436385994815,0.08662287,7.2721699909797355,0.070744686,21.437427455270193,0.13300417,-44.729548972091585,0.119677596,14.673646,--,--,1.0385517,8.98196608423222
56.519106151072684,0.09199151,24.165368569020757,0.06224479,7.497115632105594,0.10239434,18.937810788453277,0.11629534,-44.62061805868336,0.07551054,17.291239,3.2110767,0.6668,1.0340664,11.665709831082838
56.1334290890114,0.03554339,23.874849276465046,0.026848154,7.367449998542193,0.039420117,19.57888027760635,0.04786971,-45.42340532837509,0.036977574,14.320809,2.1890354,2.0202,1.1024199,8.657395349615529
56.04138926525986,0.032019757,24.26762455350562,0.024022762,7.302329783350095,0.037919894,21.472255504994394,0.040605698,-43.34423303830621,0.028928474,15.17523,2.5290985,0.6202,1.1070453,9.49253723823659
56.22548048214077,0.06670619,24.44616834794828,0.049969736,7.6876803281520365,0.07440104,19.84753721236225,0.08902547,-46.01917781646604,0.0664306,16.687817,2.9233704,0.5574,1.0488245,11.116793200117462
58.554286648334305,0.04137824,23.347269706275018,0.020109434,7.593239732644184,0.038974557,19.433131920141896,0.054338112,-46.78892199301689,0.026739402,15.459801,2.6172266,0.572,1.0476878,9.861936278093127
59.41233223813142,0.23280907,24.461969583256792,0.13678525,7.010236347705897,0.25346962,18.65356001281574,0.26612234,-44.74334984223909,0.17572632,18.75317,3.5483456,0.071,1.0625448,12.981833314940165
59.29646727523261,0.3837799,24.833619519028066,0.28092444,7.637413010017877,0.44232965,18.8510673854901,0.5323711,-44.85572742494021,0.3731706,--,--,--,1.0119357,--
57.33962532353392,0.040067866,23.6515782545828,0.029855922,7.376227208651057,0.045091506,18.204462282608745,0.05493896,-45.55520366974744,0.041579086,15.786174,2.780384,0.5628,1.0369788,10.125345249242747
57.7424400126132,0.06332747,23.92835794530036,0.036060482,7.21238536877687,0.064764075,18.43129956497794,0.08000431,-43.31389853777661,0.04928005,16.709013,3.0027494,--,1.0054784,10.999407603671807
57.489468160076925,0.2451199,23.84688194166913,0.1352415,7.6427806651503,0.24566285,21.530786822847254,0.28000283,-43.565036071731676,0.17623553,10.234675,0.90686226,0.2099,11.595963,4.6509323886514675
57.40055541252771,0.061626706,23.939616754347057,0.032254875,7.28785562194042,0.063518226,19.411524359447647,0.08237592,-44.5730025382453,0.04334372,16.154657,2.8705664,--,1.0865008,10.467656165593594
57.14081534926531,0.07456381,24.032849766880865,0.0452858,7.065936301955448,0.07758705,19.299176702015146,0.110836565,-44.18203911333444,0.05932207,16.814566,2.9588032,0.5469,0.9394521,11.060414248749327
57.42804497400579,0.05104838,24.318568409932812,0.039232846,7.469814986220502,0.060929585,20.446787681446676,0.06570722,-47.8397668094135,0.05457465,16.043076,3.0495577,0.7633,1.1767701,10.409624787830303
57.72778472773581,0.06324414,24.365326702461758,0.03888706,7.474582166375677,0.07193563,19.168660031261574,0.07375774,-47.10024451822018,0.05332464,16.679499,2.967493,--,0.9842361,11.047433274250803
57.86348961016656,0.025226098,24.518448754707425,0.014669184,7.251437641917489,0.027222686,19.74663141605784,0.032505643,-45.451294562195194,0.020635752,8.769578,0.534214,0.0316,0.93897635,3.0716985632799467
57.426245257389006,0.016731743,24.462799736001262,0.01028143,7.547732480662261,0.018327165,18.676157331737542,0.020423349,-46.77229142531257,0.012882485,11.899782,1.1820087,0.1324,1.1796322,6.288864674663481
57.38774921504782,0.033145078,24.533832683321616,0.019106742,7.418666857726491,0.035878733,20.208257770798163,0.044577777,-46.08040738976238,0.025125641,15.359683,2.5900593,0.5209,1.0772529,9.711312382369693
56.90992716923971,0.08886912,24.599773115942277,0.06663983,7.089912221780614,0.09857245,19.552870790207542,0.11873307,-43.379289492686475,0.08866117,17.592712,3.2622795,0.7136,0.9624747,11.845916694033203
56.908632149092455,0.033067454,24.81955061391246,0.02389176,7.321610715925585,0.03866026,18.77571686440077,0.040424813,-44.18426716411387,0.029524622,15.393848,2.5778227,0.636,1.0841954,9.716881589568047
58.18906123797251,0.014950788,25.279659903374622,0.010240634,7.224048040147685,0.017462691,19.494968153501564,0.01934242,-45.0654688095901,0.014464087,13.247913,1.6401625,0.3271,0.99487203,7.541816487531088
57.2976457525844,0.069768906,24.240006059135766,0.04337779,7.18561969642408,0.074049294,19.355334746538567,0.087651394,-45.80423043004015,0.05440301,16.850975,3.0043945,0.6381,1.0136846,11.133296177421878
58.18540466189003,0.07740336,24.349683324365028,0.052237872,7.340703499896584,0.08461292,18.2859172670935,0.10573325,-44.60077798837206,0.06949783,17.161787,3.155282,0.779,0.95261717,11.490475446750313
58.22291567603581,0.018957643,24.71553110367964,0.012426914,7.35145204021169,0.019859549,18.175993661279783,0.026811171,-45.040845638425715,0.017145196,9.341612,0.63813114,0.0243,1.0172889,3.6734775037048095
56.986050095884856,0.115829185,24.258670981441913,0.0717442,7.4346115300961575,0.12178454,20.50994817693033,0.16383578,-44.71688224010662,0.0925519,17.494467,3.2398014,0.6852,1.0295058,11.8507581860922
57.535995314673684,0.09700154,24.671456925853356,0.06238645,7.308001091922433,0.1052049,19.46188347990571,0.13262573,-46.864166573104114,0.08303857,17.477245,3.1725063,0.6237,0.92295635,11.796238348662865
56.868516896867085,0.057971586,24.675696492327,0.04528803,7.372727624081626,0.067076884,19.22354218151959,0.0721297,-47.19616446940896,0.056612805,16.739185,2.9624004,0.7014,1.0551442,11.077326282000195
56.527189243760176,0.01425678,24.56722164752902,0.009148971,7.359134122682988,0.014687185,19.74939422977356,0.020438882,-46.62428769429713,0.012173225,12.414279,1.3388824,0.1924,0.9501909,6.748412574872313
58.17593010462482,0.13088098,25.17824275473932,0.08459369,7.4889550001615754,0.14921814,18.539162983119052,0.15204018,-45.57185680235519,0.115393,17.874992,3.3453732,0.7293,1.0505677,12.247098475574145
55.10681451622317,0.07934809,24.09987966023466,0.051881548,7.743583699122783,0.08009221,21.32276568267739,0.10642422,-47.15749935643863,0.0686537,16.861164,3.0651522,0.5942,1.0323466,11.30587407766906
55.193032686945266,0.065517016,24.15698842702024,0.045559578,7.313755069457189,0.06649628,21.151802316635575,0.09194762,-45.716889789305,0.066816084,16.584269,2.970541,0.6428,1.0239469,10.904970630675367
54.79117662156335,0.24679987,23.981116109827134,0.1823014,7.639966640057734,0.29431894,20.35983908088497,0.3054016,-43.877610170119,0.22867088,18.634268,3.2543392,0.2498,1.0015851,13.049725118163773
54.89785384273371,0.030513376,24.11823606927856,0.020356009,7.219133800544574,0.032881778,22.680888422115117,0.041153066,-45.691998003385834,0.026600286,14.685989,2.3127556,0.6207,1.2576001,8.978414835728627
55.6096175581733,0.051288657,24.23535016563705,0.037535325,7.57228714125954,0.055348236,19.868715221579592,0.05988802,-46.09518805063374,0.045445357,16.258966,2.8948317,0.598,0.98980755,10.655101816214273
55.556263419518594,0.11726449,24.31367196396033,0.08927197,7.2306568674940594,0.12936121,18.714216042268447,0.15375024,-45.28656130692565,0.11986016,17.849161,3.4577827,0.851,1.0448145,12.145049910456665
55.98213353783259,0.016928323,24.426204297170187,0.011661352,7.600980175545772,0.019378394,21.385866915384423,0.021792267,-47.7359223755479,0.0134506505,13.767338,1.9089832,0.3656,1.0858728,8.171685798228065
55.835796179377716,0.09265249,24.442916087967557,0.06453647,7.584572766317957,0.10867055,21.33759087827145,0.11073546,-45.45382690982051,0.07809203,17.32333,3.2672653,0.6585,1.0291365,11.722985537072866
55.925695991956204,0.22438115,24.573012216172835,0.14646962,8.240490332785942,0.24904367,22.664902306540775,0.29335773,-46.476948125092726,0.17839757,14.651505,2.3972168,--,10.146496,9.231270741435956
55.61946862852414,0.039951116,25.016595598106125,0.026468685,7.45337654581492,0.047156304,20.52420211977235,0.06733053,-46.80795882578826,0.033280198,15.265487,2.5299559,0.5056,1.1158209,9.627252029291588
54.36004148465337,0.052869864,24.566847608055824,0.039183397,7.6843995450564755,0.057075754,21.86722337948649,0.07139313,-47.38561218246143,0.05494059,16.482616,2.9600992,0.6518,1.0397055,10.910666112654967
52.200360079276585,0.15278226,25.575663545208368,0.11837328,6.8855361898610425,0.170421,19.419147847646983,0.20464955,-43.028223553415444,0.15106282,16.186283,2.945982,--,2.7583978,10.375971937827373
52.816577633142344,0.027884766,25.25525753177216,0.020508239,7.616690674351754,0.032686464,22.624652175144604,0.036882088,-46.75732473933805,0.02484746,8.088434,0.32064533,0.0509,0.91500473,2.4972658122478766
56.350629556134706,0.014965868,24.88577921413498,0.010209116,7.384165584979173,0.0156025095,20.543402898057757,0.02033306,-45.56968459352292,0.012904941,9.570481,0.6845684,0.0176,1.0151197,3.9119884348070677
55.212854271741854,0.14450581,20.687988090540305,0.11493827,7.484052999092938,0.16025919,19.555896903791403,0.21780516,-45.21385900388517,0.15597218,18.076988,3.5184326,0.8512,1.0394826,12.447672491914906
57.343901720159984,0.06399981,21.632098141735444,0.041223418,7.557019272421872,0.0676869,20.408068946671825,0.084389806,-46.356015875885454,0.05279446,16.790188,3.1922588,0.7188,0.98182935,11.181940484625162
57.15994091919682,0.5355014,22.564254601327335,0.35631886,7.391322129924882,0.6226825,21.800771220962503,0.75449336,-46.31758698046053,0.47123322,19.837729,3.0806236,--,1.1302756,14.181339151320678
56.97574688018189,0.071548164,22.656941491685657,0.051525507,7.334420448765222,0.08047028,21.156998323062908,0.09934401,-46.783284011777134,0.06635867,16.8719,3.040782,0.6791,1.0449551,11.198729570740216
54.53675116931428,0.01906608,21.246791939181502,0.014112307,7.482267098947411,0.020190788,20.79120499453062,0.025804183,-45.26781993567641,0.018281292,14.158587,2.0704517,0.2929,1.1006235,8.528753492788661
53.7290192463056,0.03151643,22.07944691146216,0.025318364,7.139342266293386,0.03577922,19.489448525166097,0.042205904,-43.010217187360155,0.03187781,15.064295,2.444869,0.4605,1.1119909,9.33258582963263
57.800396950236845,0.018613072,23.93243025022529,0.011705275,7.523942582220989,0.019901518,19.626753173263534,0.02450403,-46.632699110412986,0.01573791,14.081378,2.0330086,0.4991,1.0512938,8.463605346299603
57.56367778980366,0.050930254,24.22654240156528,0.03150027,7.416513000247243,0.055680756,19.30252252790308,0.05836341,-44.28117503899102,0.042320553,16.20243,2.8745089,0.5254,0.97568065,10.553429536733955
57.35836849831732,0.030174388,24.24749646235856,0.018218337,7.454869915597753,0.03234104,21.248523208475092,0.04150034,-46.07484917184325,0.024979444,7.9557376,0.23378706,0.0789,1.0117768,2.3179379387684076
57.40235505704586,0.02065003,24.295859565672455,0.013905753,7.462035109288245,0.022498393,18.182616410101808,0.026032448,-45.94347227111504,0.018445078,11.475932,1.0647631,0.2251,1.1675231,5.84021856172283
57.54494597991424,0.07939868,24.47802874104996,0.05865244,7.400733451814482,0.10213797,18.486871543537866,0.09908556,-45.289806255718666,0.085701756,16.925774,3.1714048,0.6299,1.0290276,11.272147434321866
58.4207475084373,0.03043355,24.41920320712948,0.020560665,7.247984898455807,0.032701615,17.974962243229875,0.04153214,-43.57887427774815,0.027586179,15.093363,2.4002428,0.5031,1.079778,9.39444920720312
56.89387479189458,0.06868367,24.039553949276844,0.04635695,7.493789781759396,0.07348523,19.01304665662284,0.09467606,-44.97089053166092,0.059380207,16.773333,2.906951,0.4945,1.0432895,11.146840125614613
56.88340577218757,0.101723365,24.173392342814555,0.065069646,7.490687523590323,0.107790254,20.5733425299048,0.15835992,-45.742144344088786,0.08988094,16.851921,3.0139809,0.5629,0.8414757,11.224529485125938
57.07214182983378,0.01753363,24.504220723934463,0.013803975,7.443940703770764,0.01958719,19.948050725702974,0.022291059,-46.219669158617926,0.018083746,13.717735,1.8534374,0.385,1.2109858,8.076749815583135
56.99745157519385,0.10951061,24.593481650943612,0.09793428,7.360473013880846,0.13720988,19.789732135352605,0.14472686,-45.6850455441756,0.1400369,17.77927,3.3148994,0.5941,1.0213176,12.113798795924419
56.53250842192713,0.1054932,24.866692057387805,0.08037381,6.985169861758208,0.1235162,20.400114505231365,0.13998702,-45.428114276058864,0.1042764,11.950156,1.3159351,--,7.545461,6.171041069492231
57.663843479333416,0.13212833,25.393551753796313,0.09074069,6.389250304766965,0.1453061,18.771487235556904,0.16130723,-45.53791054324141,0.12294724,12.017368,1.4667168,0.5097,10.812572,6.044617828409642
59.047505686135324,0.2498878,25.06000496188113,0.15910597,7.831370234260628,0.26887253,18.883900854841393,0.33489943,-45.39391957628321,0.19948603,19.057611,3.2984924,--,0.99468076,13.526800245804498
57.82865372341469,0.07967236,26.052277430237986,0.05092947,7.296979520892909,0.08378659,19.818775015827722,0.1196282,-47.04745241682429,0.071524,15.088524,2.4949684,0.6114,1.982128,9.404239501740769
53.13743027013416,0.07883264,22.30325801554452,0.0575455,7.206185200664611,0.08295757,20.763835505842955,0.13640994,-43.596542979457524,0.08143884,17.068302,3.138382,0.6326,0.9001049,11.356829251545593
53.29380621603701,0.026882702,22.52181648664417,0.01948509,5.323246606361432,0.033644035,20.365614466390795,0.036294848,-48.03032701682377,0.022598373,14.60791,2.2483234,0.5397,1.277404,8.238793085743461
53.58075523166277,0.16603479,22.811599643349542,0.12277352,7.2252593550689355,0.18083002,20.54961580718694,0.21044376,-44.178935353406025,0.15752192,18.379122,3.5191135,1.1837,0.9782551,12.673388985257251
54.64259896949574,0.078045286,23.71853047856418,0.06445604,7.484155963925398,0.087118775,21.01251130526328,0.110573165,-46.68696199242911,0.087427184,17.183352,3.2662935,0.6946,0.9777166,11.554065663112564
55.3454099178269,0.061139453,23.929907412099855,0.039987665,7.4679281450793535,0.06323023,20.87002088439918,0.079402454,-43.94528385521718,0.05231791,16.227856,2.9083538,0.6492,1.125092,10.593856335382739
55.4117869503773,0.09427693,24.385746127461942,0.071770675,7.2460414350558295,0.10501178,20.66941639207741,0.11814708,-44.699524208194816,0.08972404,17.633608,3.2447472,0.7103,0.9705496,11.934111930043777
56.10672868467131,0.04011961,24.681159703039956,0.026129117,7.775523482076141,0.040982436,20.977456146011534,0.06423393,-46.97992302418597,0.038628113,15.432,2.7470636,0.5666,1.0681502,9.885648346604865
53.50763487451828,0.0195305,24.88070575164937,0.013006069,7.156091026598196,0.021502381,21.298905914146786,0.024460707,-44.65588757463758,0.016093811,10.720195,0.8997803,0.1579,1.2662133,4.993574097710717
53.251652541764635,0.017719692,25.995840734677515,0.0132947005,7.449186455944259,0.021911759,21.270234124855293,0.019698905,-45.856661648375805,0.014685864,12.616145,1.4381809,0.2442,1.1084311,6.976689358796289
47.56051986358585,0.09691002,18.410353646748703,0.08991779,6.26183136098225,0.11018579,22.198919978437697,0.12715569,-43.028619790231964,0.10445486,17.508371,3.001215,--,1.0611446,11.491878189850093
56.93624264298835,0.065296665,22.397962763767943,0.04819008,7.551832932850046,0.07385354,21.0570556765474,0.087171614,-46.67305383314692,0.062851965,16.656425,3.1400652,0.7005,1.0140587,11.046687344161
57.65595238915255,0.059484437,22.468747646826063,0.03262461,7.127754129770755,0.060763273,19.89987187064179,0.07966034,-44.34454216975364,0.04378473,16.323393,2.9244423,0.6775,1.0237665,10.588156420039702
57.7244693872803,0.014738594,22.547865345919984,0.007888133,7.265606256190289,0.014892689,17.873394979928694,0.020576183,-45.12251929683014,0.01115941,12.36464,1.3313408,0.2194,1.0412614,6.670999528474308
58.023304456290134,0.030045925,22.5818520695269,0.016934967,7.516364021774598,0.029886523,18.648030432198013,0.037116196,-45.63048241385099,0.021863384,15.099433,2.5074873,0.509,1.0850873,9.479471970581558
57.60500935965606,0.10943481,22.675354364650342,0.06433363,6.984690129678826,0.11501942,17.90612818737192,0.15184048,-43.82475875731628,0.0852402,17.399178,3.2050438,0.5324,1.002433,11.619913269980302
55.749067726136026,0.015915366,22.424067531711877,0.010411876,7.451832197267993,0.016621763,21.407386970466742,0.021107519,-44.390267261350516,0.012865195,13.361495,1.70574,0.4816,1.0982671,7.722810351769262
55.355615544447744,0.032678068,22.548726260993725,0.022423923,7.301884780583152,0.035308156,21.130083979586356,0.044404972,-44.50126629460796,0.029709408,15.303823,2.554926,0.5889,1.0215476,9.62099834985978
55.18006539676142,0.078635365,22.83147815980321,0.051060166,7.382203157174722,0.07987329,20.699290987858724,0.09736094,-44.363767855385284,0.06424828,16.899952,3.113697,0.6235,0.951585,11.240881898544973
56.301887263098536,0.04794089,22.69730741222624,0.042886797,7.290828186403347,0.05517477,19.383744770885322,0.06313525,-46.04101016663466,0.053323645,16.174246,2.8594418,0.6671,1.0635617,10.488130153825109
56.703355129215566,0.038074847,23.06855140288392,0.02689947,7.2387256119114145,0.042743936,20.84081773712675,0.054025363,-45.29591983791391,0.034456056,15.04029,2.477891,0.4897,1.2245486,9.33860045262756
57.38409775234471,0.08842286,23.271498869578785,0.06227261,7.354278323471858,0.09994091,20.4549652303075,0.113565266,-44.87002052000801,0.083096094,17.513542,3.1948757,0.708,0.9231417,11.846242484124396
57.0868319876062,0.0885252,23.421039463726608,0.055064544,7.690936370750085,0.09853769,19.695020996577448,0.11235742,-47.112981495474266,0.07671501,5.428299,-0.067106724,--,1.0705914,-0.14180495814907523
56.78069149429426,0.014632826,23.226156744121546,0.010184579,7.309612988988913,0.015793763,19.295192861656584,0.018829763,-45.43850995081102,0.013172669,13.143335,1.596879,0.4043,1.0686795,7.4628072605782485
56.9084671444444,0.014703658,23.46784903102607,0.0113037145,7.272149432844637,0.016218245,21.22160226198077,0.018200055,-44.86687402523243,0.014294092,13.113663,1.5855236,--,1.1117022,7.421976692078472
55.43225882288366,0.22287072,23.133142733965936,0.18232143,7.239971457247265,0.24486683,19.898278019009368,0.29880765,-44.533459586345,0.24325433,18.75124,3.6409397,1.4048,1.030911,13.049924046834324
55.90259101572706,0.018631699,23.453753860057788,0.011961558,7.234753689152002,0.019799236,20.104480832584933,0.026372368,-44.02245494436507,0.015942927,13.831366,1.8890305,0.2271,1.1825956,8.128484334984568
53.2743726860314,0.016593022,22.13404726062533,0.01403932,7.557450189996425,0.018598074,22.18273866580518,0.024587825,-45.97537760237573,0.01913434,11.206782,0.9996071,0.1367,1.04441,5.598658808455811
58.870949393255714,0.014308096,23.772242308625067,0.0086988425,7.250917408676775,0.015259131,17.75908308968357,0.018393671,-44.95246810382396,0.0114627825,13.494305,1.735012,0.3207,1.1209916,7.796269448678695
57.974663294577155,0.06041406,24.047512226294764,0.037874904,6.85068366756881,0.06672046,19.41812457955218,0.07092609,-44.35715675774506,0.049891144,15.649214,2.9833326,--,1.6376337,9.827883362397143
57.02772402473882,0.057082742,24.001720385327307,0.03903934,7.189384900282409,0.05957135,19.080368487026863,0.07990885,-44.48204907370185,0.051117804,16.501642,2.957158,0.5686,1.0318178,10.78510090312036
57.1091158768964,0.017609196,24.048182417276898,0.010709688,7.419126279193348,0.017497888,19.673447078688287,0.023574661,-46.25819665857012,0.013016202,9.903484,0.7340889,0.0018,0.8739928,4.255248160319972
57.92638266259304,0.06286317,24.361311807427377,0.03668288,7.336717461362355,0.06703637,19.79467123420374,0.07647202,-44.488169793929515,0.04783228,16.63125,2.9188995,0.6537,0.99140495,10.958759354563428
58.18023060080065,0.06990716,24.466110780522413,0.044344258,7.329962061772594,0.07383415,18.086389860928335,0.098427474,-44.6909379196907,0.058897495,16.8203,3.043069,0.6159,1.0686117,11.145807782743754
57.85786918508059,0.044861365,24.793952579097773,0.02943034,7.613926319617798,0.047941104,19.724971734678192,0.06178093,-46.49564297101219,0.04237827,14.976172,2.7174969,0.6386,1.6525404,9.384215796240511
57.2390534091659,0.038653616,24.328640616351645,0.023802714,7.401792152784153,0.039734587,19.008718152075197,0.051664624,-45.445622804738115,0.031049615,14.699243,2.5804596,0.5913,1.6424628,9.045927020128998
56.76502117317897,0.019240132,24.159487376870935,0.015185151,7.276889102352219,0.021857217,19.333333440782077,0.027407184,-44.72484181110621,0.020201921,13.826407,1.8952541,0.1127,1.031376,8.136136214815275
56.883975666463144,0.0921833,24.40493750874421,0.065953895,7.580216981202935,0.10743892,19.454855978660017,0.13374068,-46.58009288982839,0.08719092,17.043259,3.0123444,0.6964,1.060084,11.441666853721316
57.29898892437124,0.02507355,24.636381429891678,0.015082819,7.122279602702367,0.028204342,20.68263911903849,0.028832106,-44.73938013188233,0.018386312,10.304679,0.8060932,0.082,1.4188898,4.567774011816105
57.34143853206736,0.06651243,24.911869279534624,0.04467897,7.397308082411872,0.07127445,20.535736201611773,0.09690056,-45.84534167733388,0.060385752,16.700275,2.973466,0.7127,1.0642352,11.045643953820157
56.728728157065994,0.19768046,24.466451174674035,0.12614727,7.100903113019547,0.19684431,20.77915960875575,0.27226695,-45.94510626335568,0.17692429,18.483587,2.9428616,1.2033,0.86404675,12.740155200200329
56.51218035590119,0.035923786,24.527697326214305,0.02286966,7.423127367767808,0.035905674,19.582296508324045,0.04518582,-44.877584847283686,0.028640086,6.4252644,-0.01687336,0.111,0.78916544,0.7781989202386512
56.60060394169888,0.15539356,24.503410953744226,0.09546606,7.517992731860465,0.15060592,21.752897216758257,0.21846423,-44.9391300037184,0.12809238,18.101824,3.0770836,0.5278,1.0424516,12.482333314347049
56.91264277154859,0.31495985,24.60601327555753,0.23570159,8.043128803711536,0.33873266,20.831207310046967,0.39656264,-46.753624716355816,0.31321466,19.544844,3.6002884,--,1.0422273,14.071968791739007
56.47976397387461,0.023090687,24.554604059172803,0.014974199,7.3551891416930175,0.024002949,19.533204676406434,0.03228313,-45.55090168896121,0.019224782,13.832768,1.7650719,0.0992,1.2913687,8.16573766658227
56.41749644530271,0.047016688,24.627032659213327,0.027180444,7.771671045232611,0.048961844,17.796128684531855,0.062789634,-43.097689439060325,0.035419986,9.593008,0.7361574,0.0123,2.1700711,4.045580090145787
57.573731542368556,0.022906287,25.379363743861116,0.014112258,7.23941620088313,0.03129381,19.347753197883975,0.028891403,-45.86003924563756,0.022539066,9.52466,0.679121,0.1264,1.0734888,3.823177837206808
58.547946463112645,0.06006237,25.31173412692351,0.03684001,7.44152801463991,0.063671574,19.45661899469809,0.08195558,-45.611562941253766,0.049345206,16.777615,3.0865488,0.687,0.98098475,11.135925198782518
57.824864278483496,0.097951084,26.022656116606907,0.058199912,7.311513112665016,0.10168726,19.310613657171864,0.15095815,-43.88758080502819,0.08244017,17.051666,3.281642,0.8352,1.1489267,11.371702575799285
55.07859767517824,0.06125019,23.90637216703363,0.046779454,7.508409802864794,0.07595384,20.96857757122531,0.081231944,-46.637626167120075,0.055559576,16.658615,2.947198,0.5745,0.8909109,11.036354952473376
55.251691989287046,0.07822965,24.22626696033306,0.053973205,7.2492674091900104,0.08166509,20.668062497077784,0.11154914,-44.92118727245915,0.07711072,17.018175,3.180622,0.7288,1.0101063,11.319645726099852
55.729745748660456,0.017439295,24.492868817275667,0.012182266,7.270583160634106,0.021176837,21.20960169235345,0.020013254,-45.11720953111689,0.015567854,9.3706045,0.6564312,0.0546,1.0204512,3.6784507463229197
56.05809868574246,0.017407024,24.779195241070113,0.0103163505,7.33309960496548,0.016678132,20.641313656639063,0.024786549,-45.23559883830963,0.014229601,10.600085,0.88736725,0.2042,0.97184104,4.926523178616101
55.86760937923613,0.049618497,24.891795944870776,0.03177633,7.397119658177524,0.050215777,20.93307748939296,0.07417443,-45.634432777707325,0.045496296,15.965781,2.7951956,0.6203,1.0600492,10.311094432080083
52.8159098519565,0.06976118,25.25572344485894,0.057576194,7.640494713110117,0.080646195,21.226128275155393,0.101627246,-47.29341500363582,0.082637005,12.944716,--,--,2.1197147,7.360323851285418
57.9794373962889,0.059792116,23.96153929783951,0.036586393,7.5226590840494225,0.06515594,18.940460795684174,0.07275873,-46.25269448409783,0.049362104,16.594847,2.9742832,0.6279,0.98965865,10.976703628823422
57.320091876639715,0.1352991,24.0160781290582,0.075247444,7.580502634460286,0.1334272,21.349086797241917,0.17282772,-45.863136283697386,0.096865125,16.842762,3.1020355,--,1.2055372,11.241252008465118
57.42610715031219,0.47608835,24.243222599732213,0.38109666,7.992209903983975,0.5146836,19.771777205264446,0.6516073,-44.89668325671815,0.5284783,19.927408,3.165556,--,1.0810715,14.440742625845331
57.5542317446932,0.038667846,24.35181775807784,0.0293365,7.242842948139719,0.046472624,18.91281125677541,0.049399678,-46.54540443340967,0.041866496,15.331129,--,--,1.163449,9.63067441498651
57.58720760547455,0.020498144,24.466545088074653,0.015692195,7.247913855179051,0.023266941,20.345935596036103,0.02792225,-45.482774434852004,0.022153514,10.915199,0.9196377,0.1087,1.2305748,5.216264394324639
58.50166129570049,0.20285656,24.580373961038816,0.11429583,7.660626561278848,0.20779648,18.511826027677742,0.26314858,-45.62902829463068,0.15087374,18.432491,3.5716114,--,1.0804759,12.853812762257482
58.233085510389145,0.21462838,24.961471693181505,0.1406693,7.418578701587108,0.23560652,19.220914096946395,0.2634757,-46.55892535458558,0.18925367,18.756567,3.568451,--,0.9780595,13.108170543112859
56.796014445411146,0.1379303,24.230810652961136,0.08507904,7.219228074892927,0.13816188,19.51262477045458,0.22960587,-45.79436569802546,0.12339637,17.542105,3.0739517,0.6627,1.052468,11.834558533891952
56.655542236671856,0.06361707,24.34333893209654,0.0400972,7.4103373667151455,0.06050931,22.38024379037781,0.10874575,-45.51618836763191,0.06264245,12.441148,1.3932905,--,3.3418243,6.790337705943349
56.82535623080349,0.0298278,24.390565235797716,0.0179451,6.978968391758942,0.03048022,21.257408311590865,0.041537613,-45.55495905207201,0.027131557,12.229151,1.4832973,0.0906,1.6517943,6.448106928994559
56.782901747246996,0.10097495,24.39366460107138,0.06886404,7.034787986819494,0.10991367,19.49858518138614,0.15904829,-44.450118046415774,0.10008563,17.16143,3.0484152,0.8462,1.0650328,11.397685425280088
57.168551370949324,0.050108314,24.609291605540086,0.03493758,7.481852062532634,0.05812273,21.09433557700707,0.063373856,-46.54092951892664,0.04614008,16.251667,2.9620256,0.6245,1.0530705,10.621712606262918
56.618484292947535,0.017138083,24.433739343907018,0.01020706,7.373997130574647,0.016248994,20.11114396745309,0.023521593,-43.52995455982669,0.013414132,10.873117,0.9607105,0.0057,0.9885728,5.211632268270353
56.662143404284386,0.014996766,24.5201075850397,0.00907319,7.412614947686768,0.013819418,20.23976526440455,0.02095666,-46.04620425308153,0.012448456,12.868829,1.5127659,0.2529,0.9290448,7.2186859787220214
56.81861392882852,0.09232732,24.74712712405465,0.0668089,7.321338755753923,0.10291751,21.14377527864498,0.118417785,-46.17100932538987,0.0823157,16.827679,3.3351498,--,1.5107259,11.150631190271694
57.175686739164334,0.03679423,25.007696354218737,0.023717655,7.342300530836172,0.04011301,19.764167455834702,0.053702384,-46.08059701474693,0.033656947,15.47262,2.6695328,0.6103,1.1613567,9.801780794498704
58.1308067637997,0.038393978,25.251934445389914,0.029903343,7.340439849598904,0.04951113,19.837582004550185,0.05248322,-45.54461759190832,0.044908043,15.598198,2.6469774,0.5478,1.0918032,9.926808358206742
59.09798263641725,0.016406257,24.832217396903733,0.008895697,7.164820193342342,0.017011344,17.884856597474325,0.018582521,-43.8422992957959,0.011656736,13.447046,1.7112875,0.309,0.9929499,7.723072759492345
59.42911015700298,0.07569163,25.385076110136865,0.038313854,7.458432291780379,0.086012274,19.256233250762254,0.09431046,-45.62799565668913,0.05170038,16.526533,2.9940977,--,1.1269453,10.889770884450062
59.065968867875604,0.10693589,25.48750428787598,0.064320154,7.3418460551331135,0.118500195,17.695296818425607,0.14272346,-43.36160581990584,0.08804323,17.058586,3.2045927,0.5885,1.2159388,11.387612490181933
53.45758590718418,0.07909735,22.938664370319767,0.055903763,7.228278661249061,0.08161502,20.599604432459408,0.10011466,-44.495426010874446,0.07321601,17.20123,3.0366163,0.5976,0.96708107,11.49640353011512
55.14330480576736,0.01514935,23.68240599457382,0.010859285,7.498550540761937,0.018651677,20.545720040636127,0.019217445,-45.62887996372441,0.013809455,10.699779,0.9111519,0.1285,0.9385416,5.074665171792306
54.94318764852998,0.034798086,23.98123193567468,0.02547346,7.270878825569996,0.041032735,20.559818902988496,0.04588465,-44.36520201194455,0.030607989,15.53727,2.6416683,0.6412,1.0578907,9.84520412665507
55.066429602579376,0.18274431,24.375236744291815,0.14338408,6.77443576319599,0.20137885,19.70564894856892,0.2551725,-45.36074149903795,0.20300108,18.184603,3.579712,0.6195,0.9887101,12.33896838266084
55.3435988820874,0.11258199,24.397548525073397,0.08907048,7.416619725713781,0.12550455,20.12459547363482,0.15623295,-45.74648397558014,0.11983232,17.57024,3.4147701,0.8044,0.92650163,11.92127008019143
56.09137691950323,0.01795629,24.768206717219375,0.010935128,7.409644234463458,0.017603276,21.237661235420852,0.025199149,-46.651102602560094,0.014651806,12.553257,1.3937836,0.6432,1.1281407,6.902243770177396
55.773154768525,0.031064302,24.824410931188233,0.021053638,7.314582197294672,0.03274658,18.420219320448325,0.045985367,-46.96608084023748,0.028376963,14.418429,2.5223923,0.5876,1.5248162,8.739376997889055
55.06220014487003,0.03033979,25.321731267946834,0.01978342,7.429406078180151,0.032553103,21.09334184908934,0.041186675,-46.227011886895404,0.02499382,15.024521,2.4482164,0.573,1.1364865,9.37929135784733
55.135840976768414,0.09351737,25.47778442647646,0.06315779,7.435514579666062,0.09669627,20.165172086635003,0.13120914,-46.174314775373645,0.088665396,17.212824,3.1731243,0.6509,0.89566875,11.569379015461141
60.482950953912855,0.4527834,24.733302487608405,0.25282124,7.150689883928886,0.55320895,18.62744634136621,0.5328042,-42.72719342343704,0.32806453,19.531664,--,--,1.0160204,13.803403612980395
57.667058127725106,0.020751374,23.932844783221913,0.011775537,7.251408520456074,0.021524437,18.70635797044318,0.026679248,-44.35811453871019,0.016209349,10.161764,0.7804346,0.0865,1.2033594,4.463876007578671
57.0948873536926,0.31742567,23.97234488911758,0.23054634,8.123021269936034,0.35504872,21.525735557079987,0.4287401,-47.304044812155,0.28462058,14.001765,2.219675,0.5098,19.452703,8.55035320328717
57.73922505915503,0.15603377,24.412206881912226,0.09760653,7.909881877092285,0.17130208,19.054860478503088,0.19147629,-46.64708991595842,0.13284074,17.559366,3.4984436,--,1.4677781,12.050216216055055
58.147239938495616,0.10253192,25.01778865596094,0.06284206,7.922947743785393,0.112967424,20.880895620974904,0.12578256,-47.66036853140865,0.08415728,17.059772,3.4400244,0.8913,1.3147202,11.554206449075837
57.05965367710472,0.2885844,24.263890312931764,0.19009967,6.7542220345227495,0.30081746,18.161851046260693,0.3764169,-47.24132486565314,0.24925686,19.031652,3.287178,--,1.0299248,13.179529117002993
56.87281395748792,0.045384437,24.288130246334337,0.026565477,7.230057778664303,0.048574015,18.551020432929977,0.057043727,-46.92179879334844,0.0325241,6.815936,0.10141754,0.3526,1.1449239,1.111644928322919
56.72077961223352,0.29567268,24.252016182137236,0.18382506,7.476143292239719,0.32966778,19.23052312108462,0.49898404,-44.242619250346365,0.26610258,18.698895,3.3802395,0.3676,0.9338337,13.067282584405923
56.918616532110974,0.019851591,24.364356080566463,0.013987022,7.396118503759566,0.021419695,19.316594733162717,0.025703246,-45.4554205499203,0.016754748,10.402332,0.8469839,0.002,1.023037,4.747351610878063
56.90697333793039,0.096647896,24.40625196187756,0.065781,7.342869628062257,0.109597206,20.067565805501125,0.15285268,-47.76913267954702,0.08762533,16.923494,3.240552,--,0.91802347,11.252823426088664
57.18629978083451,0.20614468,24.623029399523727,0.17285493,6.970635383546771,0.30071032,20.04551676152852,0.28085324,-45.13253593302453,0.24934174,18.507313,3.3674278,0.031,1.0612152,12.723674607036013
56.63354647408333,0.2771729,24.4760483947069,0.16643117,7.456182470065161,0.26541588,19.98737098394188,0.37567928,-46.09776784709469,0.22040243,18.931995,3.1605492,1.5737,1.0464764,13.294578030187948
56.747585269534376,0.032808483,24.51991333978582,0.022709554,7.271150194177561,0.035358343,22.271845514767694,0.04342187,-47.52140397943802,0.028225876,6.8028107,0.034648895,0.1158,0.92515117,1.1108262469499763
56.523586281705164,0.034040634,24.612159232258236,0.02434232,7.342569093725325,0.036498327,21.31815347205297,0.04826905,-44.54099990974814,0.033042442,15.064789,2.4615822,0.5213,1.0981,9.394029028029484
56.57483292830163,0.037368547,24.68579851334693,0.026087143,7.373324442202136,0.040124435,20.782566863578815,0.048379093,-44.5278180928463,0.035523467,15.306499,2.5445137,0.5502,1.110405,9.64481524862109
56.99900829163413,0.22955865,24.73108641902402,0.17617857,7.754313311875142,0.26008207,20.43297629521534,0.29801896,-47.266462332912155,0.22832695,12.904102,1.5783405,0.6282,14.870772,7.351819048587462
56.74789903405747,0.14160693,24.87933419480649,0.10777155,7.468890122751345,0.1618693,20.27841866733844,0.16926716,-45.47071690806422,0.13179114,16.563644,3.2475805,0.8963,2.4217708,10.929924761378153
57.684841675781236,0.16024326,25.11793981048808,0.0759966,7.099560650653931,0.14553106,18.834909505189653,0.19883217,-44.743241772918786,0.09745601,17.491455,3.6058884,--,1.0818169,11.747612446438364
58.03320620434854,0.10192634,25.465031331017673,0.06394626,6.954660525737195,0.1085271,17.66704715044569,0.12467814,-42.95528837216997,0.08167497,17.438322,3.293377,0.8214,1.0727127,11.649701746523439
57.535148903959175,0.05141193,25.548658926226246,0.030466836,7.746078028052952,0.056976605,20.025605993834702,0.06346964,-47.3334367245468,0.042977817,16.260448,2.91426,0.5784,1.0135275,10.705857792919732
58.16220136420259,0.050694272,25.840244145086956,0.02941903,7.515898557915286,0.05119948,20.317399685234925,0.06962682,-45.71550048962557,0.03853139,16.171669,2.9164333,0.7299,1.0450416,10.551573555324229
58.999775418620786,0.08239625,26.999774293203018,0.049341287,7.491104925912312,0.090542376,19.042560394445882,0.09971019,-45.36234792829782,0.06313033,16.923477,3.0709887,--,1.1216326,11.296206573655546
53.88216141527742,0.0171152,22.82338338603445,0.013214867,7.532695664265256,0.018618654,21.394415701598184,0.022584325,-45.46661573078261,0.015919238,9.733864,0.7007408,0.004,1.1501563,4.118615937741145
55.26256117985148,0.04317149,23.72247915263373,0.029582476,7.500368854873981,0.048109494,20.539656838226605,0.052792262,-44.917294566974064,0.037831794,15.784899,2.7386227,0.5483,1.0471059,10.160311866691309
54.51024535830732,0.0517437,23.909656490716014,0.039325785,7.510715182625756,0.060642127,21.55407134628564,0.06610711,-44.709096962151094,0.049307425,16.495232,2.8842392,0.5301,1.0644646,10.873638094450484
55.112406328123726,0.06328685,24.237139167005697,0.040398557,7.448122361236067,0.06566874,20.505100504678424,0.090103574,-45.806710356269164,0.054836407,16.483887,3.0038986,0.5842,0.97000706,10.844120732873352
56.00122131401905,0.02486805,24.556792926212825,0.018300453,7.412449484379191,0.027752403,20.53463871701449,0.031506263,-46.18983462732439,0.022334551,8.041619,0.2723384,--,0.94553983,2.3914280342349947
55.00785428462176,0.050375585,24.77371460602442,0.041078784,7.553124059345441,0.059865672,21.63172470092146,0.06592468,-46.3791664473849,0.052126944,16.329308,2.935935,0.6117,1.0783483,10.719940646159218
52.21831610177789,0.11330886,21.807369006853758,0.08850265,7.390580670371623,0.12539253,21.051664181608064,0.1696906,-44.80851021054603,0.11309522,17.484613,3.1267834,0.5916,1.1648324,11.828006227624341
56.01050989862372,0.08255613,21.22094570695962,0.060184386,6.93362204519199,0.09373433,19.849817119868604,0.10663762,-43.696947383979456,0.077081874,16.90566,3.1055336,0.6365,1.041533,11.11046145117777
57.849549024507716,0.013994742,22.11318468183651,0.007832115,7.293487191777333,0.0153987305,18.72094455267673,0.019641692,-44.616996176998065,0.011238499,12.724305,1.453537,0.4228,0.9994613,7.038981275989581
57.156918510526815,0.022121295,22.769113512032003,0.014228893,7.232192097987376,0.02286525,19.031578474328004,0.029613242,-44.591028325201925,0.019023916,13.846435,1.9363937,1.4542,1.3086542,8.142784358902759
55.684889188557875,0.0682513,21.853444783997144,0.05229047,7.60031218737857,0.07404796,20.812982593646595,0.09030313,-46.60686632968775,0.0671247,16.967855,3.1351376,0.7687,1.0590118,11.372012611257835
54.93055020913032,0.10295428,23.20691287032353,0.06926649,7.2387017323196385,0.10588192,20.62145080063228,0.13341257,-42.99560218792961,0.090724036,17.339174,3.0979385,0.6961,1.075769,11.637477681002121
56.174349922317965,0.017604748,22.464346002407783,0.013418484,7.552546175586704,0.018995658,22.07658515026903,0.022160053,-45.371615655295926,0.015413303,10.5909195,0.91566277,0.2491,1.1492659,4.981386440582705
55.74976703899777,0.38721713,22.71416043462228,0.27563366,6.697753420553305,0.41895512,19.12250369875501,0.5330484,-42.62650850040334,0.3681571,18.585917,3.753601,--,1.6464529,12.715562293362643
57.42150191542311,0.17929189,23.24965822918142,0.113118134,7.659249460747822,0.201892,21.22336358871972,0.20983133,-44.595403526663375,0.14987744,17.65794,3.6086407,--,1.5174624,12.078870984230857
56.580941040597686,0.18274541,23.01531666211118,0.14247665,7.344796578090292,0.21626209,18.786201329652048,0.26288536,-44.40578012351477,0.18207149,17.653503,3.710434,0.8342,0.99083465,11.983402278207834
56.68002306054683,0.091866136,23.62260295725321,0.07060252,7.331377767684079,0.10076093,19.032958763484334,0.11078766,-44.73395614195889,0.08754032,17.381496,3.1402092,0.9203,1.0776341,11.707424420435597
56.03890906143864,0.060309254,23.146191500145903,0.054113023,7.24755258395974,0.08582432,19.61969983571182,0.078162916,-44.38208098727167,0.07040221,16.57428,3.0747375,0.8098,0.99937665,10.87523666026949
55.676709429387024,0.08089857,23.33896669258058,0.059946354,7.478305728429821,0.09894003,20.645758346090915,0.09537765,-46.35373552612505,0.07207463,16.412167,2.848033,--,1.06617,10.781182675597002
55.00086921866747,0.031648953,23.434775648377258,0.024467994,7.423513438807651,0.034277946,21.34684195487827,0.04397963,-45.29914457194122,0.034357592,14.743395,2.574564,0.5321,1.4016548,9.096442347045041
55.395066430632234,0.089876786,23.637539929718397,0.0626572,7.346245651129198,0.10150507,20.699690576685796,0.11160283,-45.86647144833789,0.07535826,17.286898,3.0945377,0.7223,0.9835673,11.617224892434265
56.318456582513555,0.12336002,23.566974495922615,0.0871094,7.089320664949418,0.13253304,19.654261864324322,0.16745098,-44.79677199809907,0.104911745,17.820105,3.373333,0.7291,0.9112794,12.073127703264785
56.26375187558317,0.015593884,23.839209317701982,0.011544007,7.434634406907008,0.016497875,20.34332411764256,0.01953231,-45.77202907717511,0.014463554,11.684071,1.1114388,0.0773,1.0351657,6.040368673393816
56.52132989085228,0.4919506,23.759552910352344,0.3424012,8.054925826696266,0.55510956,19.545527894368007,0.54515296,-43.756458845747844,0.42537838,19.713669,3.2041264,--,1.1380215,14.243976551236353
56.64972601817595,0.018354148,23.966825124571223,0.012324204,7.232270978962829,0.021978041,19.293091542047552,0.021973943,-44.06839315224453,0.016105747,13.736212,1.8533316,0.4649,1.0316483,8.03258522639262
56.767658409458,0.023567688,23.995012914402537,0.018308666,7.401981307676885,0.027329711,21.32317472970832,0.03173103,-45.436982058241185,0.023802638,8.332108,0.411232,0.0309,0.8982019,2.678847464099171
56.855682971871175,0.037777312,24.04895316921223,0.026597114,7.381110433788618,0.04158474,18.361796049409968,0.04725917,-45.828109859833404,0.030816667,15.390224,2.497138,0.5505,1.0565096,9.730832972534579
56.454022199513645,0.015087702,23.852686378846506,0.010513247,7.4607736871596835,0.016927756,21.187427183234853,0.018791787,-45.39186369950472,0.013739385,13.566717,1.7800312,0.4808,0.9892889,7.930636479990383
56.46044167389074,0.01278215,23.873754046000364,0.008991534,7.212553394372475,0.014310282,19.875287535982068,0.015670028,-44.652175526037105,0.011228337,13.134053,1.6774006,0.8047,1.0177566,7.424498436526072
56.13322156163397,0.0349699,23.875211468904485,0.025829317,7.357232412939338,0.03812598,19.612794179791926,0.04893924,-46.53499963859164,0.0379061,14.404743,2.4776735,--,0.9595992,8.738315572089567
57.83124732910963,0.05016635,23.16358608120615,0.028607186,7.282151258469367,0.05306098,18.816939814241895,0.060433485,-43.442427037819215,0.03721254,16.071117,2.8686714,0.7109,1.0601745,10.38241587850456
56.5901773964615,0.12866382,23.066764839341367,0.091565214,7.375879588149474,0.13995922,19.396831408851817,0.19593437,-45.68282875975354,0.124360934,16.956253,3.3357458,0.8628,1.4040228,11.295322142806521
57.085813664095504,0.13511454,23.51687667697139,0.10344509,7.206584546538967,0.15694188,19.379611669304243,0.17754592,-44.93597341377126,0.13510184,17.757591,3.3266983,0.6709,1.0376607,12.046238677929132
57.082701624279416,0.02986952,23.603137970026417,0.023698725,7.327464562394925,0.037981857,20.807873955640147,0.036718085,-44.44900236993458,0.027520703,15.042486,2.4323664,0.4876,0.97364295,9.367254824544407
57.06368705742659,0.12932655,23.700793437213964,0.10143149,6.988906661520379,0.15670964,20.001070493605926,0.17778432,-45.0483011094945,0.124629684,15.720036,2.9153109,0.7151,1.980989,9.942081755020457
56.78562001620896,0.31176776,23.71055110418439,0.26643562,8.119985067761405,0.35025713,19.541003783275116,0.38139287,-47.273181265555124,0.30357015,13.317763,1.7361965,--,3.9692523,7.865539481534732
56.789425681111695,0.030255511,23.74197963632735,0.021085149,7.329093106510834,0.033067305,21.21594470792443,0.041040376,-45.57679495157199,0.025183149,14.170108,2.395114,0.4816,1.6133932,8.495359035840018
55.345801507755894,0.015098765,23.48673483571187,0.011341385,7.4801116586688075,0.017506294,21.626674943484065,0.017876578,-45.324354884444176,0.013660543,9.069493,0.5979481,0.056,0.98665714,3.4390336977782194
55.13134552101876,0.023532365,23.550448733258403,0.0168976,7.488421887730397,0.027641539,22.035110846247882,0.029662104,-46.2842418446027,0.02074126,14.410244,2.1775074,0.445,1.0477535,8.782195508001397
55.11912329769928,0.33820713,23.56162881899148,0.24548666,7.1446223008545475,0.388067,20.963269733646356,0.4299216,-43.694402921883096,0.30318138,19.274233,3.5181332,--,1.1086146,13.544129238558991
56.462718551320094,0.10163194,23.621278347196252,0.078951284,7.224087278284057,0.11069285,20.374159257125207,0.13445398,-44.819773567344086,0.10781323,16.997486,2.724594,0.7692,0.98196167,11.291401035973955
56.27211037045957,0.01780082,23.70246592516979,0.013387073,7.47060055813846,0.019710807,19.74960133387602,0.022846967,-46.401071174135026,0.016473966,8.888269,0.5366392,0.0259,1.1877493,3.2550470041993727
56.51159600199895,0.014211205,23.73718212047578,0.010304084,7.4257959863862055,0.016195484,19.495712257918264,0.01696212,-44.25712868823951,0.0127769075,12.133683,1.7130537,1.3507,1.0954742,6.487398271679142
56.52529124318867,0.16628648,23.97184934749192,0.114108905,7.797066786893609,0.19576135,19.115988612794247,0.2077666,-45.664066536947,0.14791894,18.280434,2.5997887,0.6426,0.94900244,12.74008992602649
56.630027443508745,0.11146295,24.11714094376496,0.093255624,7.393074300074635,0.1385005,18.379558739104738,0.15892957,-45.251955853836385,0.12057811,13.536427,1.8473139,1.2744,7.650714,7.880551898489816
55.9155727826314,0.12864892,23.69221985705829,0.094871186,7.244614096975412,0.13935013,19.969143551789713,0.19076408,-45.53035596799632,0.12861155,17.853973,3.311489,0.6081,0.9533538,12.154049671719054
56.31729783783005,0.032984093,24.12099472373946,0.025104873,7.52998049381524,0.038131975,19.870546455968466,0.041409034,-44.98035671662727,0.034556367,15.178773,2.4735107,0.4431,1.1365216,9.562742182208321
56.20099235353907,0.06433657,24.28926774500748,0.047013137,7.385246890845397,0.0723769,19.84914439143686,0.07948993,-44.96559622643841,0.058427114,5.4413247,-0.021222115,0.2152,0.9633128,-0.2168501967777754
58.89344311764004,0.083195835,23.974417285254003,0.05721112,7.097516531348718,0.09032628,18.506625483909637,0.10984935,-43.286668333746405,0.07400398,17.257784,3.1802654,0.6858,0.998377,11.51331595350226
58.590039916938494,0.014983584,24.075488278861247,0.0093276305,7.38953573788731,0.015949212,19.32826700251732,0.019951185,-45.65249948875221,0.012852498,9.597126,0.6966171,0.0598,0.99219394,3.940211776315806
57.9870267667612,0.016642379,23.90175276491097,0.009063297,7.5653725973483175,0.016987473,20.569032402298205,0.020630557,-45.934426876990045,0.01255043,9.926686,0.75233746,0.1195,1.0842375,4.320837897160835
57.97516818467287,0.12552868,24.047351087783664,0.08596199,6.887879632289195,0.1420145,19.47797759662927,0.14618996,-43.62855553230289,0.10846182,17.176317,--,--,1.3645028,11.366744960410013
58.02805274094849,0.43285623,24.266637318030433,0.28222278,8.12704082944294,0.47436672,20.69844966785594,0.5675232,-46.83322963928644,0.375317,19.554401,3.3290062,--,1.1453363,14.104063605757545
57.38809269499062,0.016194109,23.795195713242105,0.009681594,7.263685576556919,0.016816406,19.92369547226627,0.022005746,-43.75212075508752,0.013236567,10.746968,0.8867178,0.1678,1.1350733,5.052753452336098
57.27555029668442,0.033382032,23.781037380088584,0.023396704,7.236496414377099,0.036134694,20.359244980198163,0.04480834,-45.959639382388794,0.03106885,10.430534,1.0322351,0.091,1.9297724,4.728176119064866
57.385640805744764,0.06408727,23.928295867174427,0.034350276,7.528337727096914,0.06445256,18.378447709251535,0.086953,-45.352257911091556,0.04600542,16.304827,2.9060163,--,1.0333118,10.68832220467571
57.296830774548276,0.11261671,24.136498420483132,0.0752038,7.241378315608465,0.1255347,19.49605376673818,0.14859454,-47.64989929604236,0.098402485,5.203287,-0.033113003,--,1.3034941,-0.4976066894830069
57.6768887678008,0.08634078,24.21524450768627,0.05284898,7.334389583114657,0.09518787,19.76106528764419,0.10046192,-44.78950070037432,0.071073964,17.168797,3.0609894,0.6473,1.0646722,11.495616413286731
58.073576036684145,0.22572786,24.454939903620193,0.14257647,7.748776837538154,0.25267538,20.17101363408414,0.32042563,-45.23815529065795,0.19121525,18.914658,--,--,0.95487344,13.3608233603811
58.12888489916184,0.050081432,24.544178292973037,0.030774565,7.188074287174772,0.053502,18.927016013512805,0.07068237,-44.09308609092023,0.04293987,15.435466,2.8775768,0.6758,1.5697314,9.718528596675917
57.913750384057074,0.014730463,24.548696125636305,0.009008988,7.479410227862506,0.014954205,21.2311257075505,0.01963291,-46.05927353044224,0.012135752,12.009029,1.2227964,0.2181,1.1484572,6.378366157908399
58.24652162702127,0.017924013,24.9013424551909,0.010032649,7.295031761348758,0.017931039,20.668957748588877,0.021645527,-45.24839513108357,0.013349616,13.737393,1.8534889,0.0027,0.9828631,8.052529314607218
57.340716620829006,0.03434609,24.380752387790455,0.02179546,7.189385624305486,0.036079854,18.566769795996994,0.04530931,-45.34756663616908,0.028274706,6.604883,-0.032555103,0.0624,0.9828397,0.8883420886002078
57.31309987359612,0.3206081,24.606090987046557,0.19254173,8.042853870300565,0.35437775,20.88739337621416,0.3976197,-44.46332274703742,0.25149325,19.306221,3.3389072,--,1.0419061,13.833271898936061
57.33590317007083,0.014022699,24.776462360298346,0.008910081,7.349364198624109,0.015047797,19.201379543302817,0.017449709,-44.489666559611294,0.011706895,12.459594,1.3729849,0.8476,1.1289179,6.790842620028391
56.74397999975443,0.04764007,24.46092173710442,0.031551618,7.467139144883223,0.048534807,19.301604877866893,0.068548776,-46.139399761153214,0.04347155,16.011278,2.8537579,0.6017,1.0880636,10.377049373344363
56.589064965453765,0.09948326,24.56438443480984,0.06436604,7.178588553994465,0.10578913,19.246538812863587,0.16182542,-44.22326675288659,0.09158542,17.185026,3.2691002,0.7467,1.0056987,11.465221479540459
56.59455349459927,0.016046619,24.569949769064657,0.010117952,7.393670835522528,0.015775258,19.683164514250493,0.022914998,-44.9936072177932,0.014031689,10.296593,0.8218441,0.0815,0.8482524,4.640893272301401
57.108594247341806,0.023427432,25.244490489581228,0.015464485,7.51025816775081,0.024871431,19.747984466432346,0.030093858,-48.32004863058663,0.01948922,14.485869,2.2242432,0.5338,1.0950806,8.864143739081085
57.73598403343149,0.055806465,25.58491725369119,0.040498905,7.439765319902158,0.06639081,18.703640753131836,0.07407191,-46.63227427757368,0.057740387,15.461911,2.8506145,--,1.7604898,9.819707383320036
57.895421135456566,0.2851502,21.21119922597809,0.16704123,7.862739927317174,0.3304721,18.86523758684237,0.42250133,-44.819919898630076,0.21784572,19.040865,3.507965,--,1.0299343,13.51873449905856
58.01832823927351,0.09464455,21.760705033269936,0.05682356,7.3591452377643,0.101247855,18.176978689225006,0.1257934,-44.522902687547614,0.07493024,17.552294,3.3072872,0.8115,0.971319,11.886430648012064
57.26243407904011,0.11140609,21.91285584411192,0.07922081,7.744726504099485,0.122820474,20.125013625659694,0.14218013,-48.426741461830574,0.10339364,17.505104,3.3087254,0.7096,0.9976961,11.950134493779286
57.42386029705321,0.15965022,21.938530141788128,0.11038868,7.693911888971305,0.17506057,18.49628330801652,0.21030279,-45.132133448182365,0.14878188,18.286802,3.4041386,0.7494,1.1129355,12.71753833406575
56.83519780827225,0.0796065,22.365563362379287,0.059681676,7.3267714619524815,0.087684184,19.471856841625943,0.097058006,-46.254349896532375,0.078045875,17.03976,3.2313108,0.7913,1.0793995,11.36432381537101
57.76638978663602,0.01881481,22.404544971048768,0.009865992,7.434510624162738,0.018818285,19.342089985005458,0.026083885,-45.99644636903686,0.014085068,13.859603,1.9322557,0.5575,1.0405931,8.21586486022517
57.39781407380614,0.08235221,22.39046720119339,0.055164285,7.399756837891425,0.09320872,19.47132579352298,0.10602998,-45.00153299664306,0.071098305,17.05874,3.0555935,0.7319,0.9411865,11.40482785929889
57.849313048424804,0.015518599,22.841272958150647,0.009566543,7.430605491985016,0.016472751,19.641777668946855,0.01943968,-44.98903735020462,0.013182995,13.666987,1.83957,0.4439,0.99236435,8.022108440228573
56.24560047392225,0.018148066,22.032257713665405,0.013210219,7.135003545664876,0.022089964,18.831601896246248,0.028545037,-43.71115305691276,0.018287946,9.362043,0.66415787,0.1263,1.0530045,3.629014347081249
56.24330503901932,0.18048367,22.191554815221856,0.123590484,7.114625466024126,0.19719891,19.045109604674884,0.25909382,-44.412360707132194,0.16531143,18.124413,3.4671307,1.0564,0.94555867,12.385172749291602
56.12297208474871,0.1673211,22.423398437573756,0.13249256,7.697153229748753,0.1791524,20.060278193347095,0.21145818,-46.41536617594588,0.15724085,18.301474,3.342678,0.7064,0.9323045,12.73312427899341
56.47995007638627,0.3460697,22.858455809898746,0.2534486,8.337985853500426,0.45371202,20.564154094001413,0.4369954,-46.709271237815074,0.302095,19.217445,3.2793694,--,0.95754474,13.822751143298545
56.21358052689102,0.017017504,23.26872443224326,0.013155131,7.394624876379964,0.018698333,20.545926181047776,0.022892917,-44.30031551839597,0.016449539,8.886077,0.547925,0.0116,0.9805125,3.2306576645220986
56.89500778235771,0.044145465,22.801125159997,0.030537553,7.307114829720655,0.04966351,20.063807137477315,0.060456045,-44.55267649851964,0.038488965,16.003756,2.8412933,0.6416,1.0177438,10.322485230668963
57.146690516711274,0.25434002,22.894908085791283,0.15967545,6.787533394607508,0.26037377,18.95352870613527,0.34195358,-47.155758784136495,0.19939707,18.549252,4.218689,--,1.0825942,12.707811453033369
57.02435006099223,0.02942557,23.0339500921625,0.019555997,7.309302082629353,0.031006156,19.293114387985597,0.038238708,-44.997770784618794,0.024521362,15.133998,2.5159779,0.3542,1.1005108,9.45337747218824
56.91586191032635,0.09135906,23.00110222643323,0.06260088,7.46137150586521,0.097947486,18.68608706268651,0.13129589,-45.00641029139872,0.08176051,17.231815,3.0772476,0.805,1.0069556,11.595908659601664
57.24294597152945,0.031981923,23.09402124719942,0.020449206,7.38945455734106,0.033159323,20.627002035060737,0.040310703,-46.77767940688765,0.026018068,15.26213,2.5175905,0.5642,1.0955359,9.605191697201693
56.552852464053856,0.079826795,23.587012648241203,0.058204286,7.280859159894756,0.09170236,20.858783200882606,0.09618676,-44.736201780282386,0.06820962,17.09217,3.2278833,0.7406,1.0779377,11.403083866282827
57.03735109356826,0.06938228,23.706329978281527,0.051983595,7.548655100367121,0.0839179,20.935367912891873,0.089493304,-47.27674284468649,0.06577417,16.795107,3.0857983,0.6582,1.0614438,11.184454801912025
56.881922360095274,0.073789366,23.87181815563443,0.054316692,7.33883323931341,0.086343035,19.272619406218368,0.09804622,-46.356623741699735,0.0698245,16.862331,3.0882645,0.6213,1.1373919,11.190466486959927
55.71537887938673,0.06789424,23.145328961490378,0.047368485,7.3190037313926535,0.07520478,19.91290055599684,0.08540685,-43.60728849473782,0.05980935,16.831034,3.3351288,0.9941,0.9722538,11.153293549521692
56.44372984935659,0.11713862,23.795157132391413,0.08931246,7.008717060407029,0.13386552,19.197093542220788,0.14279284,-45.352887258981134,0.10968185,14.805443,2.599205,--,5.539466,9.0336354501217
56.29096988931713,0.17826192,24.075625570719893,0.12816645,7.848492136112169,0.21502659,20.143372468808607,0.2110501,-45.19917152703699,0.15780506,18.224564,2.9212418,0.7664,0.9022444,12.698494735946362
56.09705800204935,0.03148268,24.132377233709853,0.024096482,7.25107773889799,0.037444804,20.325850542233443,0.039259054,-47.786933718396135,0.029576976,14.205825,1.393754,--,0.99422127,8.507837658134823
56.48794486728435,0.12587634,24.350095711640893,0.078648135,7.1052667579658895,0.12849955,19.17547678034964,0.16937177,-43.778413234323914,0.099577785,17.349085,3.3146582,--,0.9913123,11.606986792071016
56.28626598076574,0.25269842,24.40248339926305,0.19680525,7.630577007053228,0.28794456,20.19907778207758,0.37511978,-43.28563421056333,0.251498,18.82252,2.8400517,0.0218,0.99765116,13.23530620020576
56.333272927295575,0.0731499,24.47333141898755,0.04592687,7.337793941106909,0.07710426,20.589522430997057,0.10321721,-44.03912568448305,0.060413625,16.519524,3.0402288,0.669,1.0265754,10.847351179579785
59.38888478791151,0.019367604,24.052986460733216,0.01025031,7.284318379289529,0.019256461,18.76077290795085,0.0236853,-45.312683297975326,0.013181733,11.822466,1.1356583,0.1352,1.0724282,6.134410493908682
56.28715541744343,0.25552332,19.724859610106062,0.18109109,8.268257370685049,0.2892321,21.263283375619224,0.34302387,-45.766382519522914,0.23008981,18.917511,3.8080368,0.032,0.9794824,13.50458091979612
55.304978485722486,0.03931676,20.854358331788113,0.03198446,7.126383217182133,0.043628007,22.126543933171856,0.0537312,-45.293859489691926,0.0392024,13.861654,1.9596891,0.7635,2.4776602,8.126000144517938
55.51651081923177,0.080523804,22.426713907610658,0.058764342,7.02338554254298,0.09520962,19.35139522291347,0.11717246,-43.95137856363437,0.075108565,11.358484,1.2401686,0.3103,5.558994,5.591216814600799
55.45675204081487,0.13190237,22.49340284922183,0.08779643,7.375999275620265,0.1449308,21.207757057570976,0.17512552,-46.047218658806685,0.11092561,17.75966,3.3796272,0.7286,1.0313549,12.098765047797816
53.943451846806774,0.103715576,22.413712390200445,0.0846846,7.102051730797974,0.122063376,20.766960018308463,0.137784,-44.55793336478729,0.10750389,17.380531,3.2268066,0.7477,0.8975878,11.637450467758578
55.2270611799686,0.07457385,22.9069549713295,0.05510729,7.198159429661968,0.08160863,19.80067674453128,0.09651093,-44.30913428211956,0.070285425,17.04338,3.154543,0.609,0.96593577,11.329488044648846
56.557800866024586,0.062607385,22.70530804048819,0.043911345,7.446592878019465,0.07163346,19.323375340959032,0.076803684,-46.23261997050603,0.055955417,16.55351,3.1778345,0.7481,0.97679853,10.913298719075192
56.41633572294943,0.026573593,22.694265149860293,0.021232137,7.291631614082201,0.031539224,19.830372611939126,0.03537454,-44.158154915313965,0.026671257,7.800061,0.25158405,0.5354,0.8843448,2.1141848220121453
57.38580185574098,0.056638192,23.41124239957272,0.038328193,7.488137995795465,0.06682858,20.361216760707396,0.07653795,-45.12416162836422,0.052803833,16.382866,3.1140919,0.7203,1.1180046,10.754735101946867
56.534933945361814,0.014513168,23.3473212122962,0.010024038,7.388568334356815,0.015051717,19.54291585018702,0.01882543,-45.246857647763434,0.013102093,13.21777,1.6409626,0.1808,1.0232012,7.560571094395399
57.06355849715922,0.061382998,23.434685520365303,0.04967288,7.353462097116693,0.07306821,18.67680196333135,0.07998351,-45.76653225878188,0.06677032,16.418585,2.8655157,0.6265,1.0564281,10.751044114722449
57.254848933906466,0.13386823,23.637477098863307,0.08900404,7.406563177256344,0.15276346,19.64784256494785,0.1728733,-45.61113132238155,0.11567833,17.813745,3.2330704,0.5483,0.8294257,12.161829157043215
57.057450573687056,0.047737222,23.632990088333862,0.037010483,7.437404133116667,0.05842575,20.121801104173304,0.06002424,-45.97765650888577,0.048582457,15.923727,2.796442,0.604,1.0796728,10.280833939473217
57.03323531524461,0.044325095,23.739708845865792,0.03309592,7.607866490051984,0.053744268,19.479681726603236,0.057573028,-46.647898608854916,0.041790597,15.997229,2.7870903,0.6131,1.0254738,10.403543035391365
55.44449969060987,0.084458396,23.02199835550043,0.06851172,7.382324950580081,0.094381,21.821171152495207,0.11971204,-45.57155864966063,0.08763197,17.29081,3.2460575,0.7444,0.9410097,11.631775420269133
55.93744520454143,0.034377933,23.055694268704652,0.025154112,7.183729162793427,0.037428692,20.21799379712614,0.044520486,-44.39095671123844,0.032091554,15.538341,2.6872349,0.8081,1.0226176,9.8200903206628
56.04683380132059,0.018865975,23.379119346046334,0.013269481,7.58020870179761,0.019846452,22.039851021011096,0.025532711,-46.63903879701039,0.016734917,11.193929,1.0334635,0.1132,1.00204,5.592334533528817
55.651179029374646,0.055768564,23.36783880666926,0.046383977,7.456015960593475,0.07108709,19.555682528777616,0.064785615,-43.92896916132491,0.058681395,16.140701,2.8447046,0.6288,1.0383351,10.503235439005312
55.536924227074216,0.026592195,23.587895919357532,0.019901939,7.259168619515059,0.029539676,19.04030741626996,0.03303879,-44.249658033810164,0.023876192,14.803357,2.349576,0.5295,1.1159865,9.107791546952903
55.41503159545681,0.019615037,23.762883513854284,0.012734226,7.582046291334272,0.021357648,22.103628080665608,0.026029019,-46.89623639600777,0.015876587,13.867477,1.8860197,0.4561,1.0402107,8.266409575166282
55.609551265925255,0.100762576,23.86060771230318,0.07363372,7.238355792828112,0.10821099,21.479147948029535,0.14001355,-44.34702859826589,0.09327433,17.641811,3.3021965,0.8418,1.0018151,11.940011003494908
59.604827774425196,0.072102875,24.016123941933326,0.03732258,7.477131647479549,0.07620309,19.664738605534893,0.09301925,-45.62571034716192,0.04813535,16.437164,3.0067682,0.5825,1.097115,10.80583944263489
57.49021652557216,0.11548326,23.724321434845983,0.06800631,7.226296204120492,0.11827104,19.09542860220549,0.1511218,-45.252255916425355,0.08595796,17.699118,3.4090595,0.9023,1.0172051,11.993696456631657
57.038448290869866,0.060713105,23.97778621777134,0.042050987,7.268901985724207,0.06341707,18.50190436130725,0.089545846,-46.78460799602044,0.055103526,16.513573,2.8769464,0.6655,1.1327714,10.820916757100456
57.042454617718754,0.11506101,23.9887810553353,0.07726785,7.155010040680028,0.118429884,20.40412533095061,0.16085918,-46.03483853838782,0.09881076,17.764944,3.351225,0.5596,0.99524105,12.037995314262954
57.19179572682798,0.08145773,24.169978738090546,0.042934388,7.266633947167958,0.083195254,19.04569974764892,0.10180718,-45.24692745584717,0.057470348,16.580677,2.925684,0.6017,1.0282629,10.887343449420829
57.256307043180996,0.06179442,24.193801656627617,0.039324142,7.2574319959588145,0.06472408,17.890950946641645,0.08319025,-46.603874445360866,0.049731836,16.443531,2.939495,0.6069,1.0527023,10.747445911724856
57.972539587398884,0.016674275,24.386761624747308,0.009837948,7.348432689535009,0.016493533,20.07659425306009,0.022170236,-46.265278945627536,0.013323563,12.341359,1.330162,0.8342,1.3256525,6.672332740800886
57.99722936044795,0.040345352,24.666178384513103,0.024672192,7.254904557109769,0.0421137,17.577519038694266,0.054643475,-44.62503895358003,0.032951154,15.811114,2.7524567,0.5605,1.0751644,10.114272828172343
56.87471148663865,0.17651656,24.096925873956415,0.129384,7.3060498316672735,0.15838942,19.549174656906196,0.21262258,-44.04487051734967,0.14868098,17.279522,1.6539793,--,0.86351204,11.597935092320458
56.81444649566894,0.10904197,24.39176364290305,0.07647162,6.954858021476296,0.12478726,20.305497758988878,0.14786366,-45.215230361288285,0.10230049,16.997358,3.3263502,0.8651,1.0453055,11.20879966515788
57.07927098071365,0.63635516,24.420081101337,0.48601773,7.707961736747638,0.681928,17.881019737623838,0.8245634,-43.090885913284964,0.63776886,20.155815,2.204403,--,1.1244624,14.590512875004428
57.3142034745513,0.027949786,24.567072171009944,0.0158913,7.336933606142371,0.030339582,18.09458655232295,0.032912005,-46.939704794637734,0.020177394,13.430262,1.7987633,1.1391,2.144635,7.757834557171645
56.40309754227572,0.049991384,24.651676322824763,0.035116427,7.201061397315414,0.05701036,21.417715899391748,0.07044845,-46.242681287895564,0.04664872,15.301958,2.9065533,--,1.2912995,9.588940653085078
58.01103965973418,0.076592684,25.10400177716007,0.05464323,7.409750575654702,0.090985686,18.401739366429393,0.097825006,-45.28473751782227,0.076285474,16.868773,3.2155714,0.576,1.0254073,11.21779045252146
57.3346673052609,0.04877678,25.428301732688972,0.02690014,6.971480338793958,0.04854271,18.90808551277509,0.061910648,-43.69680503977185,0.035125203,16.213099,2.864563,0.7143,1.0176995,10.429723560470254
58.398054567533606,0.092621446,26.118798687539105,0.048236165,7.156593213590406,0.10382315,17.58749587725939,0.10200649,-45.23920402507784,0.06315568,17.003773,3.3380146,0.7916,1.0807465,11.27730439696666
53.53056707846046,0.016653711,24.344244949131976,0.014331658,7.368017028297914,0.018027972,21.590979151615052,0.027697675,-45.057868171096345,0.0190593,9.433693,0.68093395,0.0755,1.052103,3.770446036590293
55.704707982598336,0.10073211,24.170868145420158,0.07158092,6.9290099064123885,0.10691896,20.258479277082422,0.11974237,-43.75877144636193,0.08679424,15.7546625,2.797762,0.826,3.040918,9.95801842495845
55.76236248275604,0.014714817,24.6695581256056,0.010169033,7.42177512010508,0.016919572,19.448560594792347,0.020463498,-46.251957092365615,0.013668462,11.684883,1.1234035,0.1484,0.9533442,6.037422073090552
54.55441333229951,0.074222,24.637856403038533,0.05143846,7.334908451148601,0.07559211,21.09136160678619,0.09743514,-45.7117627807807,0.06714227,16.846962,3.0869465,0.6535,1.0341412,11.173935463465801
55.24698532160135,0.16336034,25.198561920518507,0.11246911,7.306643159453647,0.17849547,21.12464976090914,0.22231366,-45.97008590278055,0.13929631,17.913898,3.4784622,0.492,0.98057616,12.23248795734772
55.0249543783144,0.069538675,25.672340069931327,0.05376491,7.346215279595457,0.0747317,20.99054493754399,0.09588543,-45.58165874546525,0.07363161,16.92848,3.0767555,0.7304,1.0583377,11.258798403925674
60.368514415088505,0.24774171,23.516472368751923,0.13561477,7.805737190632976,0.26452267,18.153855651841354,0.31456688,-46.270943739844334,0.17342083,18.75536,3.8690033,0.2364,0.9659158,13.21742927486649
57.85568054293428,0.016374184,23.889171778893992,0.008995175,7.370803781679368,0.018221663,19.113518113426856,0.020081712,-46.862222868873786,0.012158865,13.465058,1.7394867,0.3315,1.0155,7.802632576677198
58.018711167354724,0.07382046,24.24417935611303,0.047716822,7.514225040745198,0.07694303,19.02891889259654,0.10713827,-44.582926550567805,0.06633824,16.873875,2.9686623,--,1.0511786,11.253295651540974
57.48126199309243,0.06488494,24.10123486773792,0.03900901,7.305320987164373,0.06841665,18.959841346880506,0.08601956,-43.54104335376583,0.054137267,16.615265,2.9840288,0.6014,1.057341,10.933461407955441
57.72961087519808,0.019474799,24.19724656530266,0.012368927,7.156892922325294,0.020666307,18.856737930398275,0.023888523,-43.38606614358302,0.016301924,11.425587,1.0269985,0.0826,1.0684023,5.69920929832198
58.08614920432304,0.02182855,24.565304174952797,0.012578246,7.180182816201832,0.02191585,18.501039956746688,0.030688416,-44.61576308443143,0.016690245,14.509749,2.2128515,0.415,0.98088205,8.790426922784953
56.825655460069,0.14455298,24.2305614540442,0.08401377,7.652274856009464,0.14655477,19.7293757744864,0.21076885,-46.55480539729653,0.12792361,17.556929,--,--,0.90118986,11.975881438220977
56.757758532077304,0.25597537,24.224328016207984,0.17144674,7.379354659402112,0.28904122,18.826867117987913,0.3898433,-43.79682879291498,0.24267441,18.567303,3.3200836,1.3504,1.0413917,12.907394621295618
56.957489521440976,0.07125224,24.428489800524442,0.050637703,7.336132894725513,0.07787946,20.413652152090826,0.09323788,-45.894555782921664,0.06612515,16.653147,3.0433226,0.604,1.0552306,10.980482693863955
56.47708455753871,0.07268643,24.55430537374798,0.04780104,7.3052753639807255,0.0838769,20.33140314206862,0.094874665,-46.022054798281474,0.06275386,5.752026,-0.02298975,--,0.8798977,0.07020903514275645
56.34039171856011,0.07025375,24.54350590311485,0.042951923,7.342700786360437,0.07262516,19.75073677504067,0.10722329,-44.3592580791877,0.058724593,16.209143,2.7984066,0.6786,1.0740938,10.53842184069697
56.512420693156756,0.1770242,24.681988265390725,0.12996121,6.917413037487169,0.1898483,18.971042237502672,0.22627306,-44.08848065433513,0.16803567,17.648338,3.634348,--,1.2534412,11.848056858362241
57.5273855298918,0.37368557,24.99604042107146,0.25849214,7.096825802855658,0.41397622,20.72235673924772,0.5137265,-48.120387801681154,0.31881288,16.321066,3.14754,--,7.2664127,10.576386629018533
58.01500229553912,0.0768933,25.02030871800869,0.051648557,7.349344579395844,0.08456238,19.587360838137478,0.10615312,-46.49312161763032,0.07203465,16.95706,3.088049,0.6794,1.00609,11.28830291058666
57.8423312184945,0.018518234,25.165928880530256,0.009506052,7.207573585446735,0.018511295,19.598903434367212,0.02223983,-45.434094042339595,0.012342448,13.613075,1.8187561,0.5093,1.1168429,7.90202068132653
57.85075265100442,0.035054248,26.053004292026344,0.019880166,7.5490941562573015,0.03580963,18.734513286680105,0.048859652,-46.23739946604758,0.026948966,15.409541,2.6246195,0.5893,0.99967563,9.799015340833769
53.74453624196074,0.020966722,23.529954931526188,0.014967335,7.09486561955451,0.023244549,20.569161817903474,0.028796319,-43.26375824955264,0.020399889,8.786226,0.49889278,0.0175,1.1534898,3.0409471431229598
55.27187406487266,0.1657041,23.83735301337884,0.1220505,7.602452973629081,0.20951864,21.337675933042124,0.22189799,-45.28576383275218,0.1790477,17.983885,3.4947357,0.7041,1.036338,12.388653523481848
56.04008371332776,0.041700393,24.589372669344755,0.031227065,7.234274294425554,0.04615596,20.89388577967105,0.056015063,-44.314259118680184,0.040558103,15.863776,2.748232,0.6703,1.0643665,10.160751064111384
54.606026580336845,0.27116373,24.45316315233146,0.20181124,7.947124995180391,0.28983107,21.12851057964417,0.3470524,-44.54705827652758,0.25346503,18.993599,3.6881638,1.6685,1.0132046,13.494649157024053
53.9570648191768,0.034298886,25.07989856329464,0.028513495,7.2668215879594475,0.038257394,21.318989088718318,0.043955263,-43.71251564628141,0.034840755,15.321436,2.5126944,0.5375,1.1349444,9.628158416860304
54.68058036996216,0.4804326,25.374075604937016,0.41898486,7.983232915122045,0.53574723,21.804943643746604,0.6237541,-46.06219578895261,0.48770696,15.551507,2.8754702,--,19.229969,10.062400997311892
55.05016853184412,0.025799083,25.6420688442928,0.020022614,7.211796482711661,0.027305802,18.34761443168427,0.035626113,-47.55173615592766,0.02733453,11.862063,1.2395811,0.5697,1.9902076,6.152280719945098
58.29240738957876,0.032983866,23.052790825962784,0.025221866,7.339353946453763,0.038846474,19.736552774957616,0.043649916,-46.53611248805149,0.03312954,15.395707,2.5858727,0.6303,1.0626303,9.723996292520091
58.98356165238337,0.013892513,23.567063288875058,0.008182856,7.487212114131658,0.015005789,19.137855370932986,0.016803034,-46.08277784358752,0.011021481,12.259071,1.3021393,0.2351,1.0852377,6.6306720348322905
57.61403231496382,0.062355515,23.379012559358603,0.037393685,7.228956227453397,0.06927697,19.83778070687911,0.07689064,-44.85419874781838,0.051321827,16.541801,3.0028334,0.6084,1.0384145,10.837179427780471
57.38016945576194,0.07069683,23.688630836824323,0.044253692,7.362058685060756,0.07405327,19.957750625646163,0.09846682,-44.52370465052084,0.061338767,16.796696,3.1152382,0.5914,1.0409425,11.131692084274064
57.5091413924293,0.045924563,23.862222908526427,0.0226841,7.5888018064744225,0.04286828,19.78431628377371,0.05737617,-45.29047102789216,0.030142255,15.739478,2.7262564,0.5676,0.946568,10.140344164713738
57.46854339143763,0.1781852,24.06178832599802,0.11338458,7.266968856626455,0.1950186,19.946675501238914,0.24409841,-44.744078990753415,0.16138794,18.405195,3.5397453,1.133,0.95642775,12.711961731114656
57.026765715524206,0.0763789,24.114207274352665,0.044431962,7.217691953294109,0.0763905,20.11224968831819,0.1082183,-46.853801212355826,0.057575002,16.740343,2.988432,0.5983,0.9946763,11.03233480734447
56.84331611744425,0.13781063,24.238406871747408,0.08546719,7.500762900049822,0.14132895,20.214841140132233,0.18410343,-44.31925434107877,0.11010443,17.617458,3.4563828,--,0.9481336,11.992985531418974
56.93522462565709,0.08378013,24.615331041000534,0.070093,7.365399225658677,0.10403964,20.029976741282752,0.11532048,-43.499459079977576,0.096957035,17.191496,2.9639435,0.6339,1.1320454,11.527477354470863
56.619370547231206,0.027429704,24.758790465145772,0.020696433,7.300009059416653,0.030375024,20.486566587041196,0.035791375,-46.516538720071175,0.027392542,13.698108,1.8476305,--,1.0965658,8.014724714853955
57.67018622911764,0.10482655,24.667248287920742,0.07642124,7.21695823861784,0.11554198,19.463760308571743,0.15915784,-44.37617719432432,0.10476373,17.439728,3.0729103,0.6995,0.98710555,11.731498744366855
57.80779965610001,0.040533293,25.386302306443408,0.023178844,7.494606979507357,0.043466873,19.43880335389787,0.0454371,-46.52088425027251,0.03007238,15.793973,2.7774649,0.5766,1.0412433,10.167717284992282
57.18360002514792,0.06325225,25.10607888928261,0.0389648,7.336499163047003,0.06379947,18.277633549560008,0.10510221,-45.99954302701701,0.05555033,16.598265,2.9636316,0.7099,1.004534,10.925709055875597
57.502760899240016,0.050222866,25.398598521170918,0.036151484,7.01616625251663,0.060382336,18.295871155539142,0.06648443,-44.85428144367233,0.04923834,12.781891,1.7534046,0.3257,2.8889759,7.012390225958427
55.57465383102236,0.07089568,24.115879200282908,0.05548085,7.320116788280949,0.077533424,20.988189418763042,0.099938326,-45.19580121506285,0.072081916,17.022444,3.1169596,0.4734,0.99574137,11.345033821532239
55.47065675738656,0.096508995,24.12341385042586,0.06871003,7.2730943367033065,0.10837309,19.99213843563659,0.14747542,-46.07738211039895,0.09355751,17.22576,3.0911226,0.7468,1.0468141,11.534355609656787
55.41607227662017,0.10575099,24.874865531724303,0.08100873,7.4843194075496635,0.12350938,21.256245694455195,0.15015396,-46.41398930723031,0.10350257,17.43678,3.2757912,0.672,0.89564085,11.807542497393326
55.49566132294139,0.029624976,25.328794161469386,0.01967818,7.333170130003324,0.031629678,20.10259565331561,0.040007044,-44.17704870600756,0.027059082,13.344251,2.046733,0.5937,2.0261705,7.670709482873587
54.54287511580009,0.13021451,25.192327542660358,0.098927,6.736415344704626,0.16481513,18.87003552564,0.16683567,-43.00822540983453,0.115905076,17.88009,3.285759,0.8065,1.034421,12.022234995769157
57.1514685446018,0.18013333,25.261289868637768,0.105557136,7.418767708082097,0.18068352,19.443260865067547,0.24389099,-45.49184868196514,0.13636823,18.321291,3.41366,--,0.91953284,12.672949834501637
59.21803142163105,0.16885366,25.167934727554673,0.108164005,7.738455575708935,0.17720535,19.10319628796676,0.2535046,-46.94320613019424,0.14376214,18.4318,3.4989185,0.5024,0.97625756,12.87507231115518
59.065691769232636,0.27151808,25.48718031100097,0.13061628,7.418780086505996,0.2504204,18.437980761190843,0.33738586,-45.62881751249081,0.17030701,18.634089,--,--,0.9299926,12.98575100404851
53.82823630611727,0.16659132,23.438986245977457,0.13214163,7.290477116287213,0.21904294,21.417790170943356,0.22215897,-45.14294304267494,0.16822657,18.356155,3.625023,0.5498,1.0143195,12.669935151082836
52.49486917294724,0.039079133,23.371630465193675,0.02936481,7.17787401927676,0.042568415,21.092408096546226,0.048205364,-44.1620807837806,0.03845873,15.754189,2.9027662,0.791,1.0029199,10.034167695844374
54.88473033037803,0.049422216,24.266864029139793,0.036033478,7.182498896457282,0.057205863,19.773563485274593,0.063102424,-45.54958301411696,0.0461056,16.123356,2.9054127,0.7118,0.967869,10.404733705166315
55.545600126360874,0.038118333,24.085530949016196,0.026836922,7.476423218470284,0.041031223,21.50490821006327,0.051919214,-44.48195446349564,0.034161557,14.768776,2.507063,0.5423,1.5789093,9.137245327662079
55.73575580016508,0.07622365,24.22917036681453,0.057112593,7.53592059810258,0.088769585,19.901504654785434,0.090990655,-46.99139134250538,0.069249965,17.094841,3.1783934,0.6619,1.0597413,11.480522572838643
56.109579035829455,0.0186694,24.58950062402356,0.012541459,7.465685925621427,0.019542068,19.65581279402085,0.027865015,-46.0475584579759,0.016938547,11.282754,1.0796499,0.1549,0.9851145,5.64810252246988
55.51592567605937,0.04297864,24.7125362590405,0.035991907,7.485806292535069,0.057111867,21.721589211020092,0.06726752,-45.29248536967149,0.057571474,13.592579,1.8732796,--,1.4881749,7.963771812163046
54.4071422812499,0.064611144,26.350991947084918,0.046126943,7.720616536554244,0.0727139,22.01373060311987,0.07744634,-48.34033186196901,0.061389767,16.682117,2.9964962,0.6293,1.0340863,11.120377375580453
52.824851336654994,0.014700754,26.028612640209293,0.010588643,7.216216413017743,0.016721094,21.066410910028186,0.018045079,-43.68222051970024,0.013648675,12.308469,1.2807579,0.2118,1.1418533,6.60001656437311
56.667843836000486,0.047115505,25.73135614781764,0.030111142,7.286429472382369,0.04829554,20.282933618253516,0.06396331,-44.51992939679294,0.038450267,15.82318,2.7353716,0.7284,1.0549431,10.135754026603312
56.469562481133345,0.027908174,25.861531694231786,0.019109618,7.219855323807745,0.029352078,20.432984796252477,0.037030745,-43.71042320473896,0.024847938,14.520498,2.306385,2.6947,1.4850247,8.813140750653861
55.78162924002444,0.045892194,25.574598690436172,0.034772694,7.407633218727595,0.057617493,20.444284880819517,0.060771182,-45.94911671972156,0.045768145,16.097664,2.8966007,0.5515,0.92638355,10.446061232222497
55.47596879894866,0.03620947,25.729606115398568,0.026738489,7.416742738578558,0.045100294,21.901060782356616,0.04811754,-46.34521776764542,0.031298857,15.557904,2.6319199,0.5996,1.0264697,9.908970318888574
55.73631518443275,0.098113894,25.980494465508183,0.07668119,7.206710612673411,0.10774118,21.229495411776,0.13576442,-45.770570685649055,0.08944693,16.572392,3.0539446,--,1.1191865,10.86107692602199
55.725084279073265,0.07389202,26.137673410555898,0.047789738,7.662535829651434,0.080202855,19.95717012398481,0.104664505,-46.849069094281546,0.060794845,16.80722,3.0683346,0.6534,0.9794475,11.229083050341707
56.32088462821245,0.03094882,25.263083122576166,0.021065712,7.324419380236703,0.03601355,19.925733136652973,0.034718927,-43.96283417147319,0.025325984,14.92041,2.6992493,0.6925,1.1241428,9.244276171719573
56.28775495284984,0.1106091,25.37478296656745,0.08155978,7.41271227501754,0.13048989,20.697814867377172,0.13493805,-47.17136322751894,0.10360407,17.451437,3.733448,1.1553,1.0181135,11.801322712840104
56.905696548985354,0.060484633,25.33384802905008,0.04184063,7.208952742799342,0.06527383,18.452672337497226,0.09248493,-45.72217892673376,0.054383565,16.461193,3.0447903,0.7642,1.006535,10.750553977621927
56.581037881379835,0.02010701,26.043073251837463,0.013602867,7.478152057866121,0.021972712,20.32368054054732,0.02301888,-45.981859892008316,0.017742243,14.088978,1.992032,0.4337,1.0073797,8.457949272144944
55.95431715608065,0.015224232,25.729411137159918,0.010826993,7.513559806401316,0.016861212,21.27076048171719,0.01936811,-47.76507840699674,0.013815187,11.733715,1.1455383,0.173,0.9764908,6.112943795644643
55.04973603282433,0.12828162,25.875505203755026,0.10093978,7.039188533354887,0.14654276,19.668000428174448,0.15943046,-43.15931141819544,0.12961087,17.952099,3.3076363,0.7179,0.90814424,12.189711832630204
57.79406565213057,0.0178492,26.58748706098972,0.009267909,7.007297483928808,0.018755283,18.033601337177487,0.02076949,-44.10886014640896,0.0129112005,13.456802,1.6936665,0.3428,1.0676464,7.684555144076565
54.40012598188154,0.022423493,26.546680445444792,0.015578405,7.385659108154691,0.025470547,20.966945823907082,0.025984513,-45.68616378212249,0.020174209,14.186597,2.1377773,0.4385,1.1519417,8.52854316301671
54.59418238508955,0.0153868245,22.499479201832393,0.010120394,7.388471608091407,0.016214505,21.468512882706108,0.021254351,-44.80755231263008,0.012798345,9.941272,0.74436855,0.0145,0.8698339,4.284044825842823
56.540045869260496,0.040987648,22.710208696532792,0.029611653,6.9037600052107395,0.04675031,18.734831812674877,0.052902505,-42.97917377907939,0.037813224,15.822847,2.984558,0.835,1.0199612,10.018275794480388
56.66006365313638,0.017756298,22.919584206915975,0.0141863,7.1525685788631295,0.020364206,19.92415292387568,0.022785291,-43.54934665259477,0.017274095,9.306278,0.6573868,0.0613,1.0373341,3.578588381334349
55.829295125583606,0.06828982,22.78609278822735,0.0512721,7.563829913298237,0.07538171,20.644452369350773,0.09665626,-46.401402692649455,0.06615741,16.816063,3.0729485,0.5852,1.0582237,11.209771699087742
56.696182198354265,0.018037021,22.91437971648443,0.013092075,7.188082380653626,0.01971732,18.758200870264197,0.024406588,-45.00169638409588,0.017078228,10.343078,0.8285723,0.2426,1.0573627,4.62614288858785
56.58921758662981,0.15583515,23.08569959940112,0.11089446,7.082300122602656,0.17132999,18.171048121636094,0.22342484,-45.3603468650091,0.14870223,17.905458,3.3816452,0.5877,0.87581253,12.156330083628411
56.63706230536038,0.019116046,23.305130986179122,0.013689374,7.4331628168469965,0.021423005,20.539250037585216,0.025057968,-45.044832979748406,0.017550686,14.018696,2.011135,0.4489,1.0649348,8.374564060014087
56.78974161914069,0.07301863,23.43215484093026,0.058926236,7.306142286619532,0.08113765,20.74313458821348,0.09041365,-43.89561580660229,0.07165507,17.04237,3.0633802,0.6199,1.00177,11.360810471596706
56.45816034438137,0.17869166,23.328967040281526,0.11431398,7.239831982148124,0.18223085,19.137058011285028,0.2600386,-45.60656363223237,0.15589353,18.135908,3.7835941,0.7081,1.0437182,12.434550564120217
56.64730542253092,0.018675014,23.41153106180494,0.012227253,7.223361814603207,0.018994845,20.296996397713922,0.025167681,-44.83110777745387,0.01568919,14.081177,2.0335312,0.3548,1.008254,8.374873602811864
56.61581566561294,0.015114497,23.592514924329777,0.010922218,7.350579885028082,0.016052943,18.427570634978657,0.019042322,-44.855479132862804,0.013261496,12.563813,1.584384,1.2509,1.177594,6.895421218515038
56.86723342159842,0.04120766,23.44802253199141,0.0296653,7.190891560508792,0.046991937,20.033422449529546,0.050190408,-44.36039825874826,0.037411034,15.722567,2.7443657,0.6998,1.0598742,10.006480302568194
56.900223814089344,0.09190188,23.47393838707442,0.07127222,7.548538567542814,0.10260747,19.302490159035983,0.11040373,-46.086822658837626,0.090910785,17.404692,3.1785507,0.6324,0.96674895,11.79400608776489
56.759854923492746,0.11288888,23.543160259903228,0.08817894,7.582012654647615,0.11968213,20.174479794914443,0.1479145,-47.09982488667018,0.11324481,17.898127,3.6698284,0.7977,0.94226295,12.297049126892302
56.80648230098543,0.012279095,23.714085620776036,0.009279595,7.417636325472424,0.013752326,19.730513631399994,0.016473472,-45.608867809732224,0.011239885,12.215946,1.2616501,0.1687,0.9788415,6.567273881356325
56.87336883957524,0.20633078,23.88023184346377,0.1515719,7.581643669811054,0.24258325,20.56262156862604,0.29356873,-45.809237278410066,0.19965824,18.670362,3.35746,--,1.046665,13.069179318204313
55.74682843323108,0.044424687,22.90070615626523,0.036373854,7.734497657711125,0.04967568,20.034495687043652,0.059686117,-44.54995557137322,0.045194533,11.829097,1.1800528,0.2327,3.241516,6.27125735549563
56.09235889438332,0.19226438,23.18174556471273,0.13320756,7.164801526717114,0.2213491,19.2861726644442,0.23403521,-43.28286236857809,0.1661307,18.181866,3.6247978,0.7927,1.0718024,12.457886514343233
56.1322400085094,0.045639306,23.59042529757861,0.031518515,7.24946466059114,0.047923893,20.500960783305388,0.060457066,-45.03641678694634,0.04024333,16.055323,2.8237982,0.7302,1.0818568,10.356852332683943
56.64739459677087,0.34359223,23.951909416181877,0.23956817,7.845355585645592,0.41079798,19.205929018369396,0.43721786,-44.701289097942905,0.30638975,19.257233,2.9209385,--,1.0667657,13.73029582843727
56.19731354525086,0.05249849,24.01033845340132,0.039883554,7.65386834667479,0.060252145,21.900339063891042,0.06462596,-46.777033740533184,0.05193993,16.130625,2.7916002,0.587,1.1976473,10.550029709630072
55.667685545091004,0.036522925,23.98916056381108,0.024629503,7.3539402591229175,0.038288992,18.058163125459576,0.049553424,-45.4803497493351,0.03195029,14.815301,2.4971094,0.6435,1.4341736,9.147901428909416
59.04641371219317,0.019230526,22.22098311857347,0.013304082,7.608196881475199,0.02024061,21.68047865362612,0.02535697,-46.55359218256474,0.017475659,11.319914,1.0690479,0.1869,1.0913528,5.726322576889743
59.024307561150344,0.015028069,22.439264785850384,0.008934465,7.750298936212662,0.01664551,20.369792737524676,0.017878473,-47.36402848117112,0.011793038,12.854562,1.5781078,0.419,0.991129,7.3011540755752335
58.61658885428691,0.013758559,23.835174746032443,0.0083990265,7.622049546859551,0.014963847,19.62306986735035,0.017764907,-47.43860470284522,0.011759509,12.519773,1.6999273,0.2885,1.0911793,6.930131367407144
57.87484201908012,0.023722667,23.899035571281136,0.013166594,7.49850135876853,0.024634525,18.763216353022994,0.029313238,-45.89026741192703,0.018829305,13.02816,1.5706215,0.6247,1.2987894,7.403032467738646
57.369857594799285,0.022743925,23.71197964151732,0.015252213,7.588656285513702,0.023767032,19.93578510797832,0.031842794,-47.44869758218731,0.020787772,11.176867,0.99851704,0.148,1.4216604,5.5776909448089995
57.591751260612355,0.46495134,23.924925788022815,0.2581765,7.994546462314768,0.46198764,19.182206080286008,0.61244136,-46.135904417080845,0.32184246,19.7068,2.8717346,--,1.0227289,14.220769615172266
57.82952312547876,0.02717066,24.170125158790004,0.015823565,7.705673625166558,0.029058678,20.71478716149459,0.032383334,-48.224630468574475,0.021176737,14.994947,2.4955645,0.5163,1.0737038,9.429000485800971
58.66312909035236,0.15761772,24.59833239982543,0.093489364,7.510723470118595,0.16433607,19.71072528492776,0.20080794,-45.13944888373919,0.12062987,18.06076,3.5286007,0.5841,1.1410297,12.439169360129792
58.604404980877206,0.41919678,24.711958327592807,0.26036474,7.596736014569263,0.45646507,20.33453036926534,0.5248952,-46.1169482386507,0.33695588,17.29378,3.4330664,--,4.2915173,11.696914548162702
58.35214695354688,0.06871306,25.03513354258102,0.043696776,7.458047576791752,0.07595035,19.219973089193786,0.08531357,-46.07461645091544,0.055925183,16.605087,3.2042303,0.7683,1.0633842,10.968213027821587
56.94067213271087,0.053567965,24.093478715572004,0.03599539,7.361301794834977,0.058309663,20.163471457940336,0.07229964,-43.67557168646647,0.046178002,16.304049,2.8830748,0.61,1.0365573,10.638821653591334
57.23194867596918,0.16860309,24.361013705805277,0.11215515,7.320987918447825,0.18028966,19.27202713332321,0.22596273,-44.91266894992003,0.14530519,18.549948,3.7239513,0.3279,1.0408256,12.87279618941798
56.91832612972476,0.02859798,24.3017365454314,0.017786466,7.389580808289402,0.029747551,19.474561447511093,0.04197236,-47.06906627807897,0.022896474,13.26761,1.7036057,1.1891,1.7493252,7.610708609735122
52.824212728339695,0.12835017,26.02849062157528,0.10892926,7.329233608035117,0.14866732,21.765494652041884,0.18211141,-44.676184583319895,0.1680697,17.496439,--,--,1.1077166,11.821731802010323
56.04708125749789,0.113070995,24.876052864566486,0.07644698,7.304577520790359,0.118613005,21.31058632521194,0.15028265,-44.48411389935676,0.09943701,17.5378,3.2501335,0.8103,0.9636664,11.855775347442764
56.26681313037545,0.01634949,25.257646866907518,0.012347321,7.428143353032573,0.020095354,18.647569844836685,0.019928286,-45.40830146952662,0.015787633,10.546825,0.8806629,0.2034,1.1489583,4.90122679113362
56.516010356725836,0.01731577,25.452796196778696,0.012415109,7.318591468953866,0.01851313,22.57188830405141,0.023004113,-44.96015851641579,0.015707357,13.811097,1.8720064,0.5259,1.044891,8.133234670507436
56.58319939873283,0.025211086,25.475357709577242,0.01760319,7.379230915004011,0.026872834,19.169511589332807,0.0342227,-45.79512476354014,0.021437326,11.518227,--,--,1.553206,5.858282127247257
55.892333071520504,0.04316126,25.590394527610496,0.033263862,7.527230130460904,0.051191393,20.454355060832366,0.051528063,-46.13690498075705,0.03975379,15.779932,2.7809134,0.5458,0.9578586,10.163107991837947
56.89244548480664,0.057125036,25.718164825630673,0.038888812,7.673490988631685,0.061190385,20.19878544649288,0.072547905,-46.51248487600978,0.049131535,16.268084,2.8864403,0.5739,1.0261426,10.693048509586713
57.56656469007027,0.21241218,26.193510714125857,0.121356755,7.400986644031784,0.21510467,20.35478919469962,0.29766184,-45.79438527737845,0.16299155,18.55334,3.5772285,0.515,0.9859863,12.899789014233312
55.025941841091836,0.11890633,28.142135847471145,0.09111561,7.083845307795796,0.13703825,19.191079743282735,0.13070406,-44.52519611173726,0.10780032,17.643892,3.249115,0.7935,0.985744,11.895237632175798
56.53254973940973,0.17379563,21.345158750529677,0.13318332,7.234548479116474,0.18541937,19.009061765885555,0.23706365,-45.06359549682655,0.1760384,18.706327,3.4489326,0.1807,0.9550104,13.00338459444988
56.002772277578515,0.014937668,21.281872338918273,0.010631291,7.436217258402496,0.015804969,20.147855316576678,0.019420547,-46.019560668530474,0.012928858,12.420944,1.3620434,0.546,1.1329408,6.777704562579915
57.29700152037766,0.027034994,22.609258005731753,0.017661178,7.455976057919426,0.029010396,21.057238451322103,0.036593974,-47.309507094315066,0.02336674,7.7059603,0.23435354,0.4848,1.1223998,2.068482797611402
55.49459139514297,0.020579396,23.707135284771677,0.0125587005,7.327419894069631,0.02070901,19.953576720669552,0.025127687,-45.7529298125275,0.014962327,13.935524,1.9494696,0.4802,0.98458207,8.260279383198734
56.53153932856103,0.20450021,23.745000459325425,0.1543977,7.252890164615501,0.23640643,18.566546132668233,0.24514052,-45.360746051471494,0.19187981,18.66479,2.9544659,--,1.0232905,12.967344703322453
56.41253094148423,0.08602315,23.950117908380683,0.067425646,7.626957463557727,0.09724306,19.581562775963143,0.10634163,-46.711820349595975,0.07927585,17.420778,3.1692924,0.6712,0.98140705,11.832534895955465
55.88323532267292,0.05045303,23.673853776513997,0.03259977,7.433494730783139,0.05265048,19.924954323283515,0.07243255,-45.31810028461178,0.0464999,10.641136,0.8891134,0.1668,2.9208245,4.99710135900942
55.68530669041346,0.08901518,23.970766125807877,0.061843786,7.302248027937386,0.09385504,19.709346367300665,0.122951694,-45.071551231511194,0.08167303,17.378773,3.1482334,0.6695,0.99530447,11.696055636083575
56.40823276849738,0.09812693,24.334135415771772,0.074179545,7.330863741628539,0.10462205,20.369488637927727,0.2015522,-46.5537849045442,0.11434624,15.445732,1.479619,--,1.0293899,9.771507853563447
56.300399163319184,0.049772993,24.504891296734822,0.033823337,7.821509420582805,0.05496826,21.22062429230634,0.07109062,-47.34283131249642,0.044647057,15.664892,2.7038784,0.5785,1.0649242,10.131345060274498
59.16859512505392,0.10122424,22.146141741954974,0.06649474,7.321304362716817,0.111871354,19.01763190898732,0.12755533,-46.00891040923719,0.08752876,17.650377,3.4312859,0.7611,1.0128171,11.973319582584816
58.730663342751875,0.1144961,22.994346711636823,0.07459082,7.285566950670416,0.13655199,19.488260720361005,0.16374435,-44.632172405991696,0.09473267,17.55644,3.3475857,0.9508,1.0196499,11.868757120860504
59.11726653104686,0.021565193,23.150073028495136,0.012909428,7.364247553292616,0.022099156,18.51543341545685,0.026059762,-45.74470912887277,0.016157525,8.301424,0.36855602,0.312,0.99234116,2.637065922133335
59.73770918944594,0.024510603,23.708534844803808,0.0149765825,7.651702794399829,0.025881091,18.616198737328062,0.036338758,-47.11539738759346,0.019324226,14.5667095,2.3082342,0.5344,1.0730697,8.985499983037673
58.48872630466153,0.021880291,23.34510508446438,0.012707145,7.415902960434853,0.022449233,20.241861013349848,0.033256494,-44.2704168471072,0.017818497,13.549343,1.8428898,1.6768,1.4253517,7.900163300557802
57.989007972376015,0.014527203,23.3392212985117,0.008449371,7.484240264221193,0.014865068,20.844310650459583,0.018879486,-46.48490377044484,0.011128478,12.713165,1.4652519,0.2049,1.0727754,7.083903888560625
59.40037575316987,0.022242844,23.931010203419202,0.012114711,7.174693891962564,0.02219552,17.884139658201775,0.030661702,-44.06644028532122,0.0158881,14.006242,1.9805269,1.7215,1.0888538,8.28525868162096
57.493149308189984,0.028522734,23.70921379286682,0.017021157,7.272111078001381,0.028765585,17.403520565966943,0.038068987,-44.874753299167956,0.022438964,15.160209,2.4875717,0.4777,1.0517503,9.468511221607613
57.9931707213807,0.06571084,23.97188582540666,0.038254056,7.323122391078233,0.07445583,17.542877824267492,0.072093345,-45.79189088058622,0.05193153,16.654318,2.9777431,0.7111,1.00307,10.97779931856191
57.055515054741626,0.05099364,23.97951838435878,0.037585296,7.547372277549449,0.055892754,19.656892472424325,0.0707115,-45.83816214998953,0.047198564,16.340902,2.9869118,0.6118,1.0021007,10.729881189948118
57.38806152316218,0.1366701,24.217798918238252,0.10272575,7.3912177169253,0.14878781,20.981535848879425,0.17892471,-47.47700332571162,0.1403077,17.994638,3.4822655,0.6685,1.0023088,12.338218418576533
57.57983415846098,0.24860744,24.27596355160887,0.16186918,7.846879238903435,0.27017242,19.28257420623533,0.288504,-47.24339457773194,0.21987249,18.80982,3.6531143,--,1.0563852,13.283305020171024
58.02432721972179,0.22370838,24.291805481551897,0.14083453,7.059793962472235,0.24500886,17.709327998495265,0.29560533,-44.58102477608528,0.19037801,18.812235,3.116396,0.4329,0.97710097,13.05619501108865
56.837760020213594,0.045973014,24.116067483641807,0.03321025,7.199902345703015,0.059760366,20.344160878448307,0.06873804,-45.07643568357508,0.039935954,6.29883,0.009374142,0.1086,1.157944,0.5854630624147461
57.105228216586056,0.096415944,24.24035732523089,0.05922137,7.468686984212161,0.09511523,19.544149379685106,0.13893892,-45.67771758535453,0.08344876,16.058432,3.0991344,0.7933,1.9730395,10.424652917152132
57.08979895346553,0.07722025,24.578586778083682,0.056629002,7.302744961813066,0.08917098,18.457817188300933,0.09854259,-45.79389190581427,0.07515998,16.977882,2.969945,0.6398,1.0157425,11.29531305413873
56.61261347529189,0.046145882,24.45374227557123,0.027445294,7.203917977597592,0.043916557,20.29794758999426,0.06656982,-44.70787539997106,0.038316905,15.896999,2.8038416,0.6342,0.98888147,10.18484315604855
56.661659316992534,0.015613624,24.959436887087797,0.010989064,7.4069576100515615,0.019041356,20.610307326877866,0.01891045,-46.954463131057246,0.013955429,10.10806,0.8023014,0.0882,0.9594057,4.456259179095122
58.9952426762697,0.04813378,24.960950425971305,0.03264736,7.650775254822233,0.052186627,19.722560164882047,0.061512515,-46.07107457124233,0.040995877,16.17624,3.1110077,0.7061,1.0511391,10.594768143737882
58.74187604266361,0.03951449,25.24127596267843,0.025152834,7.530544181332642,0.04237989,19.534612737435197,0.054554682,-47.54001042641008,0.033273906,15.76675,2.7281675,0.6662,1.0616418,10.15088213994424
56.18698962050892,0.021026993,20.74779526765138,0.014663008,7.324592059063448,0.023348197,21.158557786668865,0.027246544,-43.03278770957645,0.017493678,8.633078,0.51193905,0.0867,1.121471,2.956994830460175
56.56707190515839,0.14962155,21.685964591098188,0.09951601,7.549210863325092,0.18860981,20.55443406688813,0.19883843,-44.10004903775615,0.13053212,17.830143,3.2953072,0.7537,1.0442908,12.219650755770783
55.879802083014745,0.016379489,22.158174613753417,0.012531339,7.407734326818096,0.018777253,19.658834319467623,0.021704167,-45.71134755190139,0.014998409,10.233227,0.8913317,0.2826,1.0394521,4.5816537675581195
55.34784133301275,0.06319906,22.031509901246583,0.051286485,7.300314696756316,0.07231247,19.504751573171244,0.08715113,-44.142929038949134,0.06575536,16.889109,3.300394,1.1554,0.98250765,11.205816566739838
55.411994972363985,0.05690885,22.27773027977489,0.041515492,7.502620664779662,0.066151336,21.008023379143744,0.076477334,-44.60347297604497,0.05502749,16.556376,2.993805,0.7424,0.9225882,10.932440448134159
54.42237617359707,0.10169383,22.2884749156679,0.079180785,7.417864263812696,0.11629466,20.242806493693568,0.13209137,-44.97565344431043,0.10366074,17.296213,3.3530045,0.7485,0.9769417,11.647607560546497
55.09941652410235,0.061725352,23.069039348143807,0.047374878,7.405449545963815,0.06818649,20.74053987817549,0.08151361,-44.93251892351401,0.061928846,16.604225,2.9510174,0.6711,0.9961211,10.95198229566861
56.28627464077071,0.06347654,22.641631247895923,0.04569337,7.474573378126966,0.06701822,22.01370898255459,0.07976792,-46.66100380920937,0.05621266,16.453379,3.0058403,0.7461,1.1931092,10.821310726020894
55.872124314048335,0.019929726,22.734611125652357,0.015485776,7.532518558405384,0.022165086,20.07361040924858,0.027618198,-45.96376909847048,0.019842343,8.88526,0.59570026,0.0092,1.0980439,3.269960680041539
56.45578142319428,0.060807034,23.142873769171167,0.041556105,7.620617578753752,0.0667985,21.004832827248883,0.0870306,-45.229861724922955,0.053000037,16.65293,2.856411,0.5359,1.0455467,11.062880147096138
56.73798824228322,0.024974603,23.25047049143303,0.019083444,7.384762820159983,0.027009666,20.41595636540456,0.030640602,-46.05522995907874,0.021909427,14.486368,2.2120152,0.461,1.0136526,8.828050936498258
57.09464904982035,0.06658998,23.461746193162426,0.05091385,7.509023760722854,0.075521074,20.586114440560067,0.08276335,-45.14237539307773,0.064756274,16.84718,3.1534615,0.6975,0.9564138,11.22509680565881
56.84458758907592,0.047803715,23.73506530393574,0.03654658,7.481431550014758,0.05813675,20.220945081172403,0.06310185,-45.791995280139076,0.045618996,16.342907,2.9733076,--,0.91359335,10.71283048587004
55.519783485203185,0.018357087,22.858358168943482,0.012842367,7.451380363496461,0.018865816,20.956669492460257,0.023744551,-44.68794288703312,0.016789766,9.057103,0.6310768,0.0525,1.1695522,3.418286821938656
55.38534473978696,0.02185391,23.161519816655723,0.018603906,7.522221748654658,0.025796799,21.489136618115143,0.029025072,-45.99569262566769,0.022035355,12.413892,1.3606424,0.3052,1.8055725,6.795622451819659
55.21602761544148,0.04537547,23.230535528423577,0.033592675,7.287877913694783,0.049338832,20.825910225757177,0.06466323,-45.02650905828326,0.04407725,16.232439,2.9086323,0.6475,0.9655239,10.545444484828502
55.04043570167992,0.062333044,23.17554600042617,0.043772794,7.430003206051548,0.06347481,19.684433890715137,0.08451513,-44.69982920331617,0.059686344,16.459938,2.8729153,--,0.9652924,10.814883055111338
54.94066840724022,0.5142296,23.304802206480367,0.44026506,6.840537477227726,0.5627425,22.230003067664583,0.83336294,-44.61044266656873,0.6568964,19.834023,--,--,1.0851691,14.00947365500569
56.285083015982494,0.12620543,23.416768795341113,0.08962981,7.462238224855825,0.13638216,20.62067712169717,0.18898007,-46.40973690595329,0.11124432,17.780386,3.2430534,0.7793,0.9456038,12.144731517890689
56.92276375783222,0.015220218,23.97172758846156,0.011431539,7.3675798561772385,0.01742896,20.52465570040364,0.020008793,-45.03220218366824,0.013694794,13.007188,1.5474539,0.7561,1.0548341,7.3438121023487
56.8257781580884,0.07639606,24.036218065276202,0.06386818,7.340276386730736,0.076809995,22.03232056608309,0.09045101,-44.73567467390483,0.07611573,13.563175,1.8632498,1.126,3.3618445,7.891737265963785
56.28949749428424,0.30014384,23.97897765656046,0.22943291,7.230073122661357,0.32826647,19.867198714896627,0.35533792,-44.110251944929765,0.2514818,19.467165,2.8836803,--,0.88926363,13.762878441451555
56.60879577279068,0.46252376,24.085812196319612,0.39009154,7.572114012378392,0.6294889,20.70446351043377,0.657505,-44.848087910203546,0.5082681,19.399536,3.5200195,--,1.279491,13.795621855107292
56.47922254176663,0.14946817,24.223729971086158,0.10671665,6.830993138718319,0.16282065,20.438700248688043,0.2076911,-46.25544176823606,0.12958829,15.964371,3.0608845,--,3.8334925,10.13678997311349
56.45679586432521,0.3413159,24.36754142471917,0.19997936,7.671309961502887,0.3104234,19.515752191840225,0.45126843,-45.52730972393302,0.27632993,3.863349,-0.013768196,--,3.5421169,-1.7123033846487274
56.42449682534324,0.018941807,24.431316803451438,0.012233593,7.374518162509229,0.019830715,20.51139814322395,0.025520446,-44.71388534229041,0.015254843,11.090695,1.0036373,0.2156,0.93806535,5.42936362902601
56.16515315807857,0.039571535,24.52875146114693,0.030043848,7.422471130114677,0.04137065,19.99497293917839,0.055803344,-46.24616712348573,0.04196828,15.661935,2.7471676,0.6362,1.133611,10.014677437961208
56.325703284283655,0.015449805,25.099341098152607,0.011207802,7.4380772139423605,0.017500846,20.86351880164022,0.01782212,-46.2940528962849,0.013483973,13.570004,1.78121,0.4267,1.0589367,7.927307875267438
56.21473010374198,0.07205012,25.08777464661099,0.05560877,7.1556032681894095,0.08404761,19.550841497341686,0.08494754,-45.85813750178682,0.06611428,16.97633,3.1792479,0.8209,1.0292149,11.249561072213693
56.94524283764543,0.027099935,25.38549346832899,0.016581276,7.2009784966893235,0.02851277,19.422889821125843,0.033697005,-45.7770402267978,0.020342307,8.26957,0.34359264,0.1503,0.82473665,2.556527920886035
56.84147827794629,0.056978017,26.379668527819774,0.041288756,7.535994762888507,0.06226473,20.679228201590327,0.074692756,-46.724756753276054,0.0537753,16.477106,2.943945,0.6499,1.0492511,10.862809034228317
55.514307769936835,0.07402563,25.377406685532065,0.056892272,7.205722816295625,0.082705356,20.091908702629333,0.10274602,-43.879916969071864,0.073885225,16.582438,3.168581,--,1.4618703,10.87082527541789
55.93374708446591,0.104830876,25.66362571551907,0.07874901,7.663925692212121,0.12597662,20.666605995135242,0.13380933,-45.993050326798866,0.09666007,17.194893,3.116231,0.7617,0.95341307,11.617149309622242
55.04559055682499,0.06756258,26.11121030197882,0.05151424,7.124132246599021,0.07682649,20.132120655612773,0.08588973,-43.72299645323373,0.06576003,16.743217,3.0388546,0.6503,1.0204114,11.006877332040267
56.49510380195464,0.13035737,26.33369184449632,0.099522464,7.273518281737768,0.1573373,19.996582200164305,0.15784463,-44.52598918784556,0.11951703,17.55147,3.4921703,--,1.307425,11.860192476640467
55.45026051976445,0.034516126,26.78898039284342,0.025040714,7.0688004637267365,0.039914027,19.9940766390579,0.04138838,-42.88747302013654,0.030969795,15.581441,2.6198578,0.5702,1.0192645,9.828169539007568
54.95066129651742,0.043131556,27.189358701917822,0.027811434,7.2850501607867075,0.04997279,19.866940764230577,0.048587963,-44.06275743425881,0.03687296,15.792248,2.750224,0.6198,1.0180703,10.10441050434456
53.66092565714781,0.5774517,24.85778327660818,0.50830436,7.967965647085799,0.6016261,22.87729560022116,0.7686899,-46.85846705294526,0.6615768,19.60773,3.2576466,--,1.0649159,14.11446813053788
54.02223934604324,0.05491814,25.35081711484489,0.045897212,7.585001426477031,0.06410692,21.288737413062243,0.069082886,-46.610443688983764,0.05892486,16.418324,2.9261055,0.5965,0.93792504,10.818101850838516
53.21437751931674,0.17946635,25.579292226546276,0.13000233,7.709878212550877,0.19448644,22.30675539562639,0.22964774,-45.86852051729939,0.16998754,13.381167,1.7677002,1.1647,12.213559,7.816405001128462
56.314067238891944,0.026763408,25.28927622486201,0.019381223,7.425788405396613,0.03157227,20.040084925306015,0.03297476,-45.96863991746572,0.024813944,11.010165,1.0158415,0.3162,1.4058044,5.363878064711141
55.951482385995824,0.023082243,25.004185022844748,0.0151871275,7.435405583801451,0.022914376,19.85967336466963,0.03172604,-45.6027373395702,0.02090213,11.434036,1.1084728,0.3498,1.1137286,5.790559571091135
55.95181941670089,0.04332216,25.189861464713644,0.03237642,7.496096452318164,0.04662493,20.27366295500377,0.057508145,-46.57631857711389,0.042219933,10.628875,1.0470848,0.1463,3.2232192,5.003050608674485
56.83709232128784,0.021360595,25.525638838893478,0.013701376,7.44663752434784,0.02141899,19.303587860106475,0.031532314,-45.56852791313415,0.018631194,9.696473,0.7528343,0.134,1.1370097,4.056274193930381
55.82948712890788,0.061992917,26.078747132934307,0.04030272,7.333114923095777,0.06654145,20.089343981375066,0.08870939,-45.585505053169854,0.051336523,16.255726,2.9240837,0.6657,1.1012641,10.582168316717382
56.868431608315476,0.055766463,26.534764624622056,0.038120583,7.372225510083305,0.05685108,20.170626566598024,0.08393523,-46.3115765151861,0.05601539,16.338064,2.9357967,0.6062,1.0026253,10.67605725096352
55.86693188311067,0.380089,26.498676486261466,0.315272,7.5740177329468885,0.43728608,21.16679166259159,0.44848797,-46.73249567337371,0.38883483,19.693281,3.2929878,--,0.9973682,14.089912761675487
57.77125635675894,0.13284151,26.614107836089318,0.08332789,7.193973340297591,0.14962518,18.304234312289193,0.14813188,-43.63030142045306,0.11204687,17.64006,3.25877,0.6821,1.0923853,11.924904545106292
54.61277310383993,0.029099306,27.270485345232565,0.027920082,7.790099575870124,0.03597186,21.25931953504175,0.039638974,-47.13092135712293,0.036619846,15.120753,2.540924,0.5115,1.0068603,9.57846833335493
53.59223941697533,0.03819941,27.39583944314935,0.026544288,7.570661547950876,0.04085908,21.891463550078804,0.05601218,-46.54874486426414,0.03909837,15.5603485,2.7572842,0.6583,0.9263791,9.956017666545947
55.012947095024096,0.0221344,27.74031646414061,0.01810436,7.166965774617082,0.023452975,20.793063975848504,0.030841226,-44.42678960490251,0.022327505,9.50426,0.66483593,0.0635,0.9874615,3.7809367158173757
52.87334941297876,0.07319004,26.503282529542727,0.05042237,6.933387873677173,0.07633073,19.38205824704445,0.09256479,-44.43191457788266,0.06457597,16.682032,2.9310074,0.6761,0.99995804,10.886759114279362
56.69669194844695,0.06329841,25.347943524190065,0.04489155,7.555849500708871,0.06928991,20.876022360362242,0.091546774,-46.92357841710108,0.059374213,16.592688,3.1941824,0.7828,1.0601027,10.984104101563283
55.678567723369966,0.018884927,25.280897389489994,0.013222257,6.993866596372297,0.021282872,19.564432701860884,0.024863314,-43.22849922328383,0.017076094,13.756668,1.8043184,--,1.1171854,7.980254811604427
56.134779158370264,0.32353994,25.42151161270944,0.22086322,6.867428431178039,0.3622531,20.942975024268804,0.39042935,-45.827782094803574,0.27375618,19.326239,2.7897758,--,0.9759038,13.51020934280973
56.28772677585699,0.062107783,25.546813749362023,0.043347407,7.490897652344597,0.06659034,19.883603965289023,0.088104956,-45.44641569266047,0.060324933,16.726799,3.009122,--,0.9686813,11.099468328099585
57.30272250751295,0.04202153,25.701870446427428,0.024464076,7.316276018466569,0.04719304,18.700357787215395,0.046948805,-45.534717517686616,0.03327201,15.634993,2.91811,0.8166,1.0931144,9.956443007399098
55.51484749880726,0.15821885,25.321460335837315,0.113204345,7.532456205886749,0.17882128,18.989085838745584,0.2088786,-47.14010976858406,0.15561463,18.035091,3.882164,0.364,0.84471637,12.419774476850549
55.90286954300196,0.043973885,25.783351422078248,0.0309266,7.7844963597866546,0.04810236,21.20974887341313,0.056148153,-47.425708976963705,0.038905103,15.788612,2.7681246,0.5575,0.97793764,10.244764965181702
56.11018086631819,0.06542571,26.041466166309377,0.038412325,7.581977004819232,0.06763281,19.730613433431127,0.101484925,-48.055725304379784,0.05951585,14.906203,2.540966,2.721,1.0471511,9.305115584618395
55.29810728691407,0.104675464,26.27180407732168,0.07322142,7.132856574908565,0.113114305,19.351208005030358,0.14467186,-44.35235596193266,0.09789741,17.529934,3.2153034,--,0.8872926,11.796251386745702
56.267614732161,0.06171962,26.67893635265186,0.046418127,7.298202957063744,0.068067715,20.27005069560436,0.07952121,-46.1055272257311,0.061172895,16.74325,3.0470924,0.6145,0.96633023,11.059329576045547
58.05086694633157,0.037946604,26.36901020529036,0.021066295,7.54602310802559,0.042776063,19.160902473229925,0.04528918,-45.61156928947737,0.029814798,15.24355,2.824129,0.647,1.0936141,9.632140954586847
56.881471980342674,0.24429134,27.449461721049104,0.16407806,6.964630758669975,0.2770044,18.293397350594542,0.32930002,-42.884808408237866,0.22248131,18.83449,3.6014595,0.1958,0.955056,13.048980305065635
55.55263764668938,0.06733202,26.829034565564307,0.05207468,7.086826200784055,0.08505451,19.35806358409925,0.07928431,-43.6276910142518,0.05987492,16.544268,3.2139988,0.7715,1.145876,10.796526565110977
54.38707572996934,0.06040324,26.972529391053836,0.049896386,5.245126228159993,0.06453036,19.00831797861473,0.0792432,-45.4934190130901,0.06061964,13.528438,1.3962002,0.2896,3.5026999,7.127217335938845
56.5930615707514,0.22339712,21.088765008123044,0.15620404,7.589614071222587,0.2664006,20.472016220845056,0.27582374,-46.552290973861616,0.19282112,18.534664,3.6594982,0.4308,0.9998248,12.935762617851788
55.81130298910235,0.014637817,21.15257986214585,0.010398561,7.693350581828351,0.016745262,21.818435967983056,0.01962678,-47.00678751030196,0.012326772,12.29592,1.3318596,0.1662,1.1094531,6.726497989276886
56.22036355889966,0.056230474,21.57101441962209,0.04614778,7.786119609386528,0.062630914,21.318435514140948,0.07828262,-47.12835262252343,0.061432075,16.548655,3.2188215,0.7017,1.0417204,11.005259911326382
57.81933478424535,0.059702486,21.059534771691627,0.031453308,7.287873038911874,0.066088505,19.478693528215878,0.082989104,-44.728922308426654,0.042277094,16.346361,2.9306517,--,0.9920918,10.659365151494175
58.10251694951161,0.030132184,21.506109143477744,0.017555214,7.419674106187213,0.03233742,19.852902320182725,0.035327725,-44.94200921290559,0.022733541,15.199719,2.598586,0.606,1.0695143,9.551643580079155
57.9663345193002,0.039342523,21.822564566552924,0.02534443,7.463877991507574,0.042945378,20.386327802554828,0.052010972,-45.64281530094115,0.033992,15.841362,2.7960463,0.6309,1.0005019,10.20618465745897
58.472251631731964,0.12593436,22.510271900178736,0.08018898,7.639202700746432,0.1408627,20.753872670227032,0.14959809,-47.266162612764404,0.102627546,17.923689,3.3859043,0.7461,1.0111068,12.338929057910427
55.15764956916067,0.088046335,21.40611667943829,0.05951868,7.171304722852725,0.10699352,19.849417449339732,0.11429753,-44.282608494962744,0.070760004,17.184954,3.3436518,1.213,1.034359,11.46294457418093
54.301389030023266,0.013598568,21.46795287013027,0.011301289,7.404830067593029,0.015107123,21.395581424316624,0.017841293,-45.155416096028816,0.013475882,12.039249,1.2081442,0.1331,1.117163,6.386824902208087
56.26328937947244,0.3811028,23.116111613263005,0.2654949,7.188618772515743,0.44927102,19.617114088918502,0.5005572,-45.246723656071524,0.31478438,19.374132,3.203205,--,1.1024445,13.657359419760937
56.84551303331775,0.31076655,22.92190886967802,0.20457466,7.862776514007767,0.32729238,20.17605663822472,0.43784857,-44.640592279584034,0.2677279,8.124376,0.33880424,0.0338,10.395287,2.602255955811305
56.849467055307045,0.04786115,23.149004829363466,0.03559782,7.346863076857361,0.051714923,19.44531824588345,0.06531846,-45.5403292607655,0.045195494,15.890427,2.8284597,0.6097,1.099646,10.220936365711715
57.18299036630866,0.03042134,23.2596150203104,0.019152721,7.318904571155356,0.031011451,19.293731697883047,0.03854353,-44.88499205938077,0.023564722,8.33693,0.38464737,0.0626,1.3925788,2.6591606978079696
56.46988426929079,0.05676275,23.46487435939193,0.037493736,7.216786495064386,0.058647167,20.003641467123558,0.07758923,-46.246385433920125,0.050357424,16.27454,2.936716,--,1.0719284,10.566259233048806
56.77834370556732,0.01424766,23.71495241087836,0.010815544,7.3503939491290735,0.015928173,19.425567035566697,0.017522084,-44.40913844613404,0.012399845,11.99486,1.215661,0.1498,1.1385349,6.326412775446011
56.96895425474899,0.018850952,23.94102406851244,0.013717535,7.376293478669214,0.020493563,19.684597110725647,0.025270917,-46.393807800230576,0.017065316,9.761056,0.7080078,0.0726,1.3117672,4.10024688410442
55.272632021130214,0.50816625,23.548960192196425,0.3258945,7.482056266290665,0.6129812,21.72997648444975,0.5455171,-44.81366245108036,0.38551575,19.728252,2.2253857,--,1.1059537,14.098357260089788
55.70385233585675,0.08180371,23.580003136612984,0.054453865,7.410691983881695,0.09458024,21.679338642754335,0.102118306,-46.49129154083005,0.070989124,16.743004,3.077446,0.6024,1.0497593,11.0922976588969
56.30591985851103,0.051779393,23.51671671299534,0.03866537,7.172780984631883,0.056789428,20.675289820301945,0.067311436,-44.85616584762688,0.04661371,16.157358,3.2043476,1.1326,1.0579132,10.43579602049991
56.61546284551448,0.095268376,23.812491723079685,0.06689085,7.3976813023598815,0.10949784,19.371365646455065,0.10971089,-43.87192840251005,0.08346944,17.136478,3.3704548,1.3792,0.8381101,11.481956512329624
56.592784885931124,0.43830177,23.873915523301573,0.29819167,7.253132457306032,0.5404817,19.516327149760084,0.57975477,-43.35612502686474,0.3831268,19.485819,3.224657,--,1.1749626,13.788446906194974
56.849928429173104,0.04690037,23.914271006001808,0.03655609,7.185575669070407,0.053416234,19.60591854512209,0.060044825,-46.32969547460584,0.0443024,9.739319,0.8328581,0.0958,3.3770366,4.021626683483952
56.49050612273433,0.16574872,24.051232484000153,0.1086612,7.147155067867327,0.19160649,18.21744136298265,0.19834158,-44.80112017638531,0.13910739,18.095722,3.0859604,0.694,1.0574329,12.366388222738156
56.724915748846826,0.09677514,24.132370680376567,0.07126844,7.1171559330370835,0.110612564,19.309047531519298,0.1350046,-44.32380590885371,0.09332753,17.303078,2.826087,0.5098,0.9730997,11.564610103195744
56.05066499276738,0.056609143,23.876887924642986,0.043366667,7.423976552521405,0.06346344,19.99343255069661,0.07469429,-45.11111429836059,0.057549708,16.52288,2.9920635,0.5849,1.0594523,10.876063512005235
56.05452292932521,0.017695986,24.030615863047565,0.012249984,7.594803806906587,0.019991616,21.404856037527303,0.022041071,-45.88621865204381,0.015385619,11.167223,1.0097103,0.1551,0.95421356,5.569805773749442
56.09618368466843,0.029098438,24.068094985032182,0.021671768,7.442648971691504,0.03535474,21.774572647141717,0.032877274,-47.34106561409916,0.02491423,13.168843,1.7458124,1.4102,2.2517962,7.527480950460657
56.05316220658391,0.102332674,24.031592251729883,0.09168531,7.363469370053254,0.13366552,20.146309227148777,0.12640567,-45.14531743177651,0.10855923,11.859773,1.2780647,0.7009,6.1513267,6.195185105276366
56.06105910286945,0.015209513,24.101914672074734,0.011326394,7.1375867450273605,0.017789356,20.708631306878623,0.019033784,-43.43679844036549,0.014365265,10.878019,1.2813435,0.5532,1.1756079,5.145776329808706
55.6716335456923,0.086863525,24.028395789556246,0.062125143,7.165841660739484,0.09170266,21.017719353305196,0.11441664,-44.67677495515933,0.08028251,17.168375,3.255332,0.7416,1.1185441,11.444711053229481
56.48651262988783,0.1363284,24.368679378469434,0.09254529,7.309588337637114,0.14476661,20.47253405385219,0.20200992,-44.49840350420613,0.12024269,17.706953,2.6659107,0.6404,0.9898644,12.026417643668498
55.96994147372375,0.22832768,24.313336030713643,0.1692348,6.8814159629576315,0.2801022,18.989503852792005,0.31658053,-45.30534087165915,0.19317004,18.873793,3.5999393,0.5343,0.98424387,13.06218170114073
60.03762711608223,0.07400604,24.056931001364156,0.04844359,7.771396574481468,0.08912477,19.04280374895915,0.085099496,-48.45732311959461,0.061908472,17.04558,3.073882,0.828,1.008169,11.498075268175581
58.138996019792735,0.057124805,23.851738078375988,0.034417856,7.437968020642974,0.060377244,19.552198149833778,0.06676899,-44.83384243068203,0.044101574,16.476507,2.9268503,0.6496,1.0843358,10.833778720833305
58.18460820130285,0.13245957,23.904011569483767,0.09004279,7.465864814559664,0.1457759,17.715811296632815,0.15758206,-44.78734856986105,0.1148875,17.981903,3.4128265,0.8515,1.079547,12.347303685329903
58.07318033775237,0.056638274,24.455326780874916,0.03607054,7.408523325027352,0.062360518,19.24845000057392,0.07894985,-45.38210001648304,0.04863827,16.535604,3.0047407,0.6956,1.0566463,10.884262739698887
57.995147229750785,0.035954706,24.66772413079618,0.02183722,7.266969975379016,0.03739442,18.00523712707878,0.048752718,-44.88706041466088,0.029361319,15.61589,2.651003,0.4931,1.0646888,9.922656378462932
58.04731536299622,0.07241037,24.930009343431188,0.03661793,7.724302179446776,0.07091341,21.713811771635392,0.09471062,-47.755160217941906,0.05136304,16.585989,-0.40345383,--,0.9997602,11.02528527494628
57.18905902932668,0.09537763,24.62379553563966,0.0782551,7.2470152566928165,0.12882957,18.353170480447446,0.12518986,-47.146310391060766,0.105665684,17.289736,3.2267857,0.5928,1.0324576,11.59053167213009
56.70512196594524,0.020832783,24.599825599962905,0.013460011,7.386768646636278,0.02061157,19.352159230912562,0.027618961,-44.34839052032413,0.018127594,14.310514,2.1480045,0.4994,1.1212512,8.652786935795028
57.09512296362547,0.045091726,24.814693582624564,0.04008954,7.455007092647663,0.054515798,20.025932282537518,0.06398178,-47.51493543992956,0.053829152,15.761837,2.6874208,0.564,1.0198263,10.124077310486712
57.77331327973776,0.015669657,24.7365778100684,0.01084437,7.243738617452612,0.017676247,19.98616428855798,0.02256341,-45.29769641617262,0.015453374,13.310761,1.6780605,1.1758,1.1109239,7.610575306089466
57.91861505669585,0.04262207,24.982962928567403,0.025461499,7.192075944321202,0.051241267,18.226768813623966,0.052532967,-46.381209584824255,0.03641908,10.70626,0.9087715,0.202,1.631875,4.990531050765661
57.21025857511874,0.2487504,25.298365964198968,0.14426035,7.319272568279367,0.26007798,19.23823883372948,0.3396004,-45.14388680462774,0.18418913,18.907158,3.3837852,0.036,1.0521104,13.229497500453833
57.64893550920422,0.023098264,25.4263087706472,0.013229087,7.2922429808358755,0.024515567,18.294899007126467,0.026344167,-44.33948783446367,0.018056903,11.730169,1.2106409,0.5952,1.3848734,6.044474951828089
57.671764133234255,0.097975366,25.65830715785549,0.07927102,7.5531174702120305,0.12226855,20.202756856391737,0.13674496,-47.39138443471077,0.115181595,17.51472,3.2240982,0.7783,1.0171729,11.90535211242252
58.28042846026789,0.10490907,25.78915388449124,0.062476348,7.4420275178851645,0.11077429,20.009029858336266,0.14352198,-46.614910917999694,0.081524625,17.576826,3.3793697,0.7981,1.048844,11.935282453331116
54.92139561721088,0.07178687,23.47300154429505,0.058282103,7.2703253135617745,0.079357505,20.794171871057205,0.10201702,-44.543631001832466,0.08207122,17.177141,3.248084,0.747,0.96693814,11.484910409430126
54.69069200480823,0.10203501,24.46757118115734,0.07275984,7.343794226671882,0.10900396,20.48662881723542,0.12832598,-46.14199897219629,0.09034857,17.32352,3.2182007,0.8082,1.095516,11.65312315749858
55.512030567887706,0.03175923,24.20989889241827,0.024969859,7.373741972330631,0.035662267,20.322957238161404,0.04109065,-45.864470978991804,0.031692166,15.268429,2.537527,0.5795,1.0553981,9.606868484331903
55.90390788823755,0.015741024,24.39378107217672,0.011202042,7.396111724020851,0.018691756,19.55133983597039,0.018595636,-44.492940934097646,0.013181884,13.636955,1.8262539,0.4073,1.0529833,7.98197257569378
56.01485828940102,0.017014224,24.50404176791731,0.010632552,7.386998687843288,0.018833453,22.07258673357898,0.023028173,-45.87187150601032,0.013349686,10.5296545,0.90413,0.2543,1.0499159,4.87199461225376
56.21849512791744,0.5046504,24.61359482474,0.31961048,8.291384292426986,0.49528614,17.517423380954355,0.73798853,-46.22554069292636,0.41822487,19.608976,3.3042393,--,1.0638369,14.202111586473084
57.98934328927283,0.028202211,25.998665776464502,0.014968049,7.337022096802651,0.029982504,19.174378854485525,0.039634302,-46.704154454545126,0.021424428,7.648581,0.20271397,0.4151,0.8300703,1.9761801631601852
54.911295650757275,0.06260943,23.38883701888097,0.0494571,7.377559616270141,0.068468235,20.477999618780313,0.090881415,-44.508144396680514,0.06644633,16.598715,2.9964857,0.6751,1.0489192,10.938278466564036
54.952174940142214,0.083614,23.76759558130002,0.06220493,7.635748886055412,0.099518575,20.92556520785738,0.101411164,-46.90572433483162,0.07333195,17.255363,3.2273922,0.7039,0.9942107,11.669621651757677
55.33071458119611,0.08029294,23.86146815087619,0.052413136,7.411967132291862,0.08500949,20.085951759718974,0.10494491,-43.36242692609376,0.06894423,16.882187,3.1227102,0.773,0.9455469,11.23185431370308
54.379519768679884,0.11558426,23.768517685003715,0.08988476,7.084015627498157,0.12157844,20.392608814317313,0.18130052,-42.6436550971227,0.12672935,17.612053,3.1623878,0.6533,1.0676186,11.86345047039302
55.93219893605275,0.03281332,24.487532595140085,0.022640739,7.324938514001506,0.038560495,19.112839839652107,0.04018363,-46.1780430803015,0.026716541,15.147523,2.505106,0.5554,1.1733079,9.471542844060664
55.00773179679338,0.14634769,25.071963316981677,0.104350746,7.259310844987262,0.174137,20.46257909856886,0.1827414,-46.086659537376036,0.11935442,17.349161,3.4975796,--,1.5254393,11.653638114915115
52.65622522456369,0.10504005,26.34587768378552,0.08134265,7.1268985902932735,0.12794773,21.253673587430907,0.13923812,-44.37021219654732,0.097393505,17.323578,3.0907269,0.7744,0.9401269,11.58808077685805
56.34798254632309,0.047773875,24.850604376158834,0.03159082,7.161952455113753,0.049776085,20.86347881991913,0.060420178,-44.53971579856422,0.038897324,14.467274,2.2317667,0.4965,2.2932675,8.742430880185573
55.80678409298201,0.021451505,25.2699292605034,0.015989095,7.479777791823296,0.022886818,20.009558000383134,0.028450347,-46.01546639608174,0.020776536,11.959438,1.2340412,0.5107,1.6470119,6.328881804461073
55.89680277271759,0.03477485,25.408460504484726,0.026519448,7.602327314027255,0.03953252,20.19817904330972,0.0444697,-47.36809058359031,0.033629693,15.61384,2.6645193,0.5366,1.0605189,10.018572923049515
55.97455348593456,0.027781896,25.47487895307199,0.019673847,7.26266420477807,0.032461815,19.00230019109934,0.03491542,-45.790530423392774,0.023943262,15.019618,2.457306,0.5585,1.1150742,9.325097857687144
55.970030289721734,0.052177463,25.491626639175383,0.03804364,7.232947154619978,0.06266377,20.38386716875307,0.06609456,-45.44393680977453,0.044606123,16.485218,2.9181337,0.7344,1.0233552,10.781794508421061
56.10458705678782,0.10133759,25.56760995826113,0.07456987,7.320168724172881,0.11696887,20.873708971453578,0.13037333,-46.7635571412532,0.090819865,17.323833,3.4583158,0.9199,1.1231356,11.646438922188324
57.71855293609407,0.13047628,23.961269020104176,0.074473895,6.7873128119934485,0.14141089,19.944675120872123,0.16430438,-45.36062770677223,0.10427129,6.930358,0.1367259,0.4223,4.034489,1.0888472595911374
57.85177827355964,0.015644968,24.087172363395553,0.009257227,7.47403630098569,0.01710725,19.14041254467395,0.018889673,-45.078411978289786,0.012871299,12.779283,1.4697065,0.1257,1.1050173,7.147058584201734
57.32023694404039,0.1793563,24.016437901014108,0.09537894,7.252854129386475,0.19911686,17.882195607542585,0.22659229,-45.19747501870983,0.1214309,17.689888,--,--,0.9734136,11.992432715220437
57.36500889975356,0.060500525,24.403636922425783,0.036425672,7.403613021258438,0.06536394,19.23342251807069,0.06940505,-44.35961797471904,0.046497032,16.6729,3.0494738,0.6618,1.0273799,11.020117799102444
56.75128246811272,0.114198625,24.473410211106106,0.07657587,7.51823295054606,0.11887933,19.241254857364886,0.16379926,-44.78725340723068,0.10313216,16.98477,3.1241493,--,1.1269342,11.365348711621632
56.941383283337046,0.06762539,24.633524455345714,0.05417517,7.560485614137077,0.08593996,18.290355820768706,0.09542781,-45.16310974427681,0.079129286,16.691021,3.2024813,0.8208,1.1355588,11.083769422425343
58.00692191346169,0.06913647,25.024623815074253,0.047971934,7.57156755425043,0.07357302,18.579319697998052,0.09400867,-46.9529738677311,0.06575896,16.50337,2.9461164,0.5748,1.1009638,10.899299292630088
57.470573906210106,0.01584435,25.647246431442863,0.009196278,7.246003957202509,0.017314317,18.623312387093794,0.018656163,-45.93795176933582,0.012443527,9.434445,0.7121401,0.222,1.014025,3.7349382155464212
57.44606846305126,0.0977241,25.710076328570942,0.059667174,7.515211486956356,0.10479208,18.09048256512971,0.123512976,-45.37061129247907,0.077141,16.263796,3.2445364,0.9603,2.29215,10.643501885942287
58.86279518648309,0.26152492,25.24592085082688,0.17063397,6.439507231090988,0.28558296,18.885136669964492,0.36034918,-44.214393179670466,0.23343314,18.597994,3.9288692,--,1.3098723,12.642257026788105
54.16008003272868,0.096526496,23.14547753490501,0.07509639,7.492629956560324,0.12504229,20.142887156953577,0.12840025,-44.89040243405877,0.08977986,17.51643,3.3112183,0.61,1.0043994,11.88960132282679
53.81787672859215,0.09125372,23.79924439729251,0.06647988,7.41927553409548,0.09845349,21.212686658137393,0.11587313,-46.594055883247364,0.083654985,17.378237,3.374771,0.7639,1.0343736,11.730044270808381
55.42678496717424,0.24891007,23.915697125676886,0.15759455,7.085902986522752,0.25720635,18.22029956273651,0.33688465,-46.058560635211116,0.20276959,18.5983,3.4398403,0.0779,1.0830735,12.850276944282154
54.50858925830159,0.056913428,24.33739433338546,0.038071074,7.208137384695206,0.06095661,20.70236533378469,0.07781155,-43.68569078322568,0.04913419,16.179638,2.875144,0.6839,1.0556787,10.46875318672511
55.3780129439643,0.12914173,25.19773344723855,0.0850429,7.049790089959684,0.13730262,20.271196541114662,0.18007599,-44.6678922943786,0.11463486,17.426853,3.2168255,--,1.1026388,11.667734109477717
54.72052587343976,0.015653655,25.23624701095785,0.011389084,7.776719175190282,0.017643487,22.106611774836345,0.019897578,-47.33410300337364,0.014522259,13.497553,1.7856665,0.443,1.0897433,7.951534953938079
54.5426383190517,0.42967597,26.125747657141677,0.40054312,7.527259178634419,0.49441805,20.61325182866667,0.519521,-43.96313063174584,0.48134562,19.786331,3.5530186,--,1.03392,14.1695155263678
52.81107055987313,0.020369,25.98089799555247,0.01598247,7.344328851874564,0.02296829,21.751817844489928,0.026386581,-44.740244073577465,0.020980556,14.452721,2.1984596,0.5158,1.1386995,8.782481215733467
56.24181931752337,0.05867014,23.408471301585465,0.041527085,7.4255680209980675,0.06269569,18.802964800017666,0.08106922,-44.67446134102455,0.052099824,16.323061,2.951087,0.7397,1.0671307,10.67670939309689
55.83802446730886,0.0825384,24.18570143772121,0.06338558,7.5405934166305375,0.097846955,19.330017856024007,0.10170716,-45.375585014003214,0.07397067,17.445004,3.12286,0.6284,1.0160483,11.832031132389679
59.62918552417765,0.09838287,23.070053029348177,0.06583629,7.4917930357404465,0.10981481,17.929924888051566,0.12681861,-45.93978898461717,0.0883665,17.431618,3.4309998,0.8056,1.0469584,11.804546593227894
58.26896651993362,0.0134248035,22.801152586524747,0.00866621,7.293432572419531,0.01490857,19.036700125001953,0.017367879,-45.56094834136595,0.011600015,13.100869,1.5994911,0.3199,1.0444378,7.415529040117491
57.679511495208054,0.16197386,23.332013611472313,0.098471954,7.273865469453809,0.17499055,19.147023737008404,0.20393333,-45.51685953734932,0.13162576,18.279741,3.3798409,0.6214,0.99132437,12.588567609693381
58.61721631631697,0.15162234,23.943195602541135,0.10295078,7.347398824127069,0.17316595,19.161216207733634,0.20393586,-45.28122285091688,0.13983576,18.008188,3.4443207,--,1.0999233,12.338856319787142
61.30732469239629,0.10105886,24.14506149325301,0.04449653,7.614693926012522,0.10529369,18.090775619103006,0.1181767,-46.7973863937149,0.054091822,17.171795,3.2771187,0.9583,1.0054914,11.580057148749063
61.19023428440181,0.080906436,24.68859269609942,0.053042915,7.205495297457718,0.08732671,17.321147801043338,0.10126999,-44.10268794905482,0.06316392,16.49185,3.3145933,--,1.0369165,10.780169094687823
57.79958344537178,0.113744535,23.74521180500478,0.06134871,7.360262849437637,0.12483405,18.659365680315418,0.16002807,-45.624193765025254,0.08270442,17.512774,3.1788692,0.613,0.9986065,11.847240134409414
57.459924115814104,0.020071683,23.705388529695107,0.012173622,7.208992297855638,0.020567656,19.586708265427433,0.02696684,-44.02362241603657,0.015924485,11.35299,1.0198593,0.0155,1.1626065,5.6423629580524235
57.552561036719965,0.13985832,23.8134127071611,0.06690694,7.440036984242798,0.13064224,19.48863478188771,0.18912283,-46.437842518425406,0.09083983,17.770643,3.4066734,0.662,1.0642482,12.128518706345659
57.35031052451207,0.15120125,23.83904217176717,0.08978677,7.299907366106098,0.15847014,18.987960750078393,0.2160785,-46.81658330836266,0.12839611,11.114523,0.98147297,0.1506,7.3253474,5.431109679326475
57.644175638875446,0.014530213,24.507572021342792,0.010742723,7.217253321624427,0.017900186,19.843612051501747,0.019563891,-45.04069139111231,0.015265566,12.286877,1.2707729,0.2139,1.0799271,6.5787364237812564
58.348871614505505,0.021363014,24.064836614014734,0.013545395,7.264549191017467,0.022204397,19.43292773085072,0.026587753,-45.30034146560551,0.017341685,11.173697,0.99782753,0.218,1.1799468,5.4797408160427
58.71911266637741,0.015785804,24.57605411468916,0.008963048,7.208138391902515,0.016893439,18.67246102022614,0.018988704,-43.91358350807733,0.011543541,12.603814,1.6745262,0.3671,1.0526134,6.8929297062747175
58.35107468332698,0.315122,25.243654714931846,0.20576034,7.848809801859378,0.35262516,18.77384981418775,0.4007785,-47.55450965350966,0.27089545,19.115324,3.2836819,--,1.0202007,13.589343045720854
56.789309152832566,0.1762094,24.259489450443994,0.118657336,7.833640432074027,0.19645627,18.7083680264338,0.25867254,-44.982383170557924,0.16630054,17.858953,3.257038,0.6223,1.1386613,12.328771642653498
56.78401518543688,0.05238824,24.306630324930296,0.03719351,7.383106353077731,0.05705579,21.055021775947182,0.07287903,-47.460814017984816,0.052208103,15.690887,2.7416039,0.5925,1.1348422,10.032083073402118
57.296064164609405,0.040575415,24.347399016105328,0.026934292,7.333918726452952,0.042854734,20.412294770494363,0.05467338,-45.02321719830596,0.035474032,16.013287,2.8443222,0.653,1.0396141,10.339967054853588
57.551775384114954,0.015359816,24.532726387836213,0.009363088,7.223150189887358,0.016751178,19.107476326659604,0.01892343,-45.534887888264535,0.013003883,12.7328415,1.4336271,0.2394,1.031239,7.026474717572869
56.46297350545709,0.20342697,24.436236707935745,0.12922901,7.209794353551507,0.20679016,18.427704529113974,0.3071217,-46.40663934106374,0.17059079,18.111868,2.7649364,0.8683,0.948428,12.401482291789003
56.523814101890245,0.09535994,24.613683357394308,0.07000861,7.347148990756307,0.10306942,21.355364281628134,0.1317843,-45.16090854605797,0.09270173,17.224361,3.1212378,0.5918,1.009063,11.554955654020919
56.54130256139035,0.03695707,24.673394039869994,0.023358995,7.375605230542337,0.040048365,20.49684982104614,0.04969894,-47.161336891120584,0.030343957,14.265003,2.3838396,0.5473,1.6221106,8.603991522512002
56.65748307121974,0.013928313,24.747477728499646,0.010239881,7.632741644567266,0.015386245,20.422639395318274,0.01794227,-47.62659983841286,0.0128416065,11.587448,1.1021786,0.0789,0.80998343,6.000850932590014
53.67316799130213,0.1374864,26.157434577086487,0.101786695,7.280874528818413,0.14618541,21.292185398670263,0.18362238,-44.54337417738449,0.124161586,17.628166,3.4567184,0.8151,0.8851792,11.939083933365378
56.33701983849263,0.0335176,24.921874441485695,0.02324708,7.31021390474316,0.03550833,20.356301638083206,0.041903336,-44.16034359248281,0.028513404,8.900821,0.6205778,0.1178,2.073626,3.220471157460345
56.1832111805621,0.014164574,25.4990904084966,0.010106677,7.186533778949462,0.015603356,20.32485977606972,0.017403273,-43.83160913236325,0.013020939,11.862408,1.1800013,0.2688,1.022739,6.145005040516663
55.983428115250284,0.26645604,25.60688604171066,0.18119724,7.613178900532218,0.29910234,22.034143330585575,0.31613377,-46.5573984528724,0.20290752,19.030931,3.460453,--,0.9240502,13.438761649329976
56.01189022138177,0.014977514,25.656149201293164,0.010087282,7.323156582407243,0.016472578,19.773088992553234,0.018202193,-46.019073391669544,0.01225465,12.610382,1.4632463,0.4531,1.196614,6.933873681288402
57.401390021101875,0.13212731,26.037727888727037,0.08747502,7.402525727526368,0.14160812,20.3860061379901,0.17729297,-44.998275638273896,0.11713224,17.725769,3.5320568,0.7485,1.0504239,12.072668670255048
55.77098887380925,0.06720357,25.742928469245964,0.04837726,7.525572168680947,0.0775419,20.486585613944392,0.084156714,-47.0037030119274,0.06652268,16.52787,3.0445175,0.669,1.0766809,10.910567802711055
57.72677710658491,0.1616464,27.436826792117955,0.09136878,6.921172192437112,0.16901113,17.971860181695668,0.23511599,-44.835284202121095,0.12284997,18.115667,3.3485546,0.6796,1.0106381,12.31656561426396
53.98363478173581,0.029438378,25.366356644857383,0.023954118,7.3592640392044775,0.03377259,22.337696331366647,0.036146525,-45.527383228337285,0.030206645,15.154167,2.501974,0.5171,1.0538728,9.488339100449354
53.69813615825178,0.059119042,26.37028051116934,0.04827918,7.378745244155373,0.064955086,20.758934856325293,0.08391572,-45.31068495132085,0.06712412,16.654419,2.9518929,0.6117,1.0230062,10.994331526873633
53.533445759052675,0.3892163,26.87467668635884,0.26355284,7.354895689701988,0.44187605,19.78090724404601,0.43451092,-43.29403355620863,0.3514754,19.413288,3.3654213,--,0.9933533,13.746170705234363
56.103485703428014,0.025470594,24.768212832129016,0.016161585,7.383367795347211,0.025824912,20.0096511843737,0.036148015,-45.86504913512492,0.021562146,14.463644,2.235385,0.6068,1.0521954,8.804916542320772
56.08380493090035,0.019722208,24.7959610969443,0.012137942,7.509212453253538,0.019412043,19.89864206870716,0.027445775,-46.56763611816304,0.016257709,10.473494,0.8706722,0.1742,1.2359731,4.851465534611881
56.3807592646464,0.48314804,24.879709592915546,0.39458987,6.911738693290189,0.5227397,19.90313586108005,0.63892424,-43.58128503749207,0.51506275,19.9381,2.5908375,--,1.1749165,14.136037368562894
56.15605465286112,0.014028126,25.137584496242773,0.009984679,7.6355811604397665,0.016303321,22.07741608943766,0.016924562,-46.67145895943276,0.012549923,12.7919235,1.5025406,0.2458,0.99145377,7.206134011618486
56.582840355141514,0.26857346,24.983531138132165,0.18342252,7.002036665353852,0.27587315,18.492129452413486,0.36991233,-45.936137693668854,0.24151513,16.545376,3.0228662,--,1.2361132,10.77149772681317
56.69080914397628,0.036443956,25.45824837858355,0.025183164,7.422793427745172,0.03803826,20.648906381777124,0.05158128,-46.51161940726877,0.032983687,15.6527,2.700879,0.5999,1.0399888,10.005537296916868
55.90555622605947,0.028881839,25.40878618559989,0.022485731,7.638439452106811,0.034379467,21.298491141882252,0.03690165,-47.28289469076985,0.026514594,15.347046,2.5985422,0.5209,0.9856743,9.76206910063168
56.438115339692565,0.01494834,25.595602858369812,0.010982069,6.39818997912542,0.016280605,19.703335508228616,0.019709568,-43.026458770279824,0.013939197,9.988429,0.7699108,0.0833,0.82583135,4.018714725956352
56.30808797509741,0.016795063,26.588214023487527,0.011524901,7.111385113944721,0.01876855,19.296844078877236,0.02035632,-44.3324120623329,0.015402766,11.747271,1.1114073,0.1977,1.0937083,6.007041575628879
56.99008522853177,0.021362381,26.629052685627993,0.012366682,7.56666014095888,0.020971194,19.924911254896276,0.032539006,-47.516873975998095,0.01671395,11.462444,1.0760059,0.182,0.8562191,5.856965445047065
57.31748195200527,0.31123304,26.81736178542863,0.19384715,7.402503911495125,0.36756983,19.080884383511098,0.3862813,-46.003452333883466,0.269353,19.339678,2.9606094,--,0.975474,13.686571038385491
54.84346435803241,0.0740203,26.19321979914525,0.04936571,7.299654038284225,0.08634946,20.813997433170137,0.080821395,-46.9775282840436,0.06726177,16.576252,2.9238424,--,1.0285347,10.892763371351343
57.4659251417893,0.028226268,21.307130860806396,0.016112855,7.215799510913274,0.030754028,19.91533893013088,0.037615784,-44.129929635462005,0.021416768,14.509014,2.4989653,0.5821,1.211051,8.800436419357945
57.194234816306356,0.10757056,22.070022140002038,0.08232033,7.194924335627389,0.11895749,19.02461234137248,0.13140862,-44.79462609444941,0.09709453,11.799927,1.2486172,0.2998,7.896325,6.0850579133227445
57.91274273726911,0.015803095,22.750074669732147,0.009947063,7.284987335263736,0.017025813,19.604490971156867,0.021057004,-45.596747505378964,0.013641431,11.850179,1.1647711,0.1633,1.272211,6.16232272405929
54.66976712540925,0.033747815,22.659409622396907,0.026248634,7.3735646873637215,0.038997106,20.157222248000696,0.04506038,-45.35939552579252,0.033973265,6.7019362,7.677078e-05,0.0983,0.95297456,1.0403237180303648
57.42060476339698,0.031514626,23.341369648361887,0.02736339,7.3159120319680895,0.04082006,18.7330771968439,0.040723853,-45.13349681432525,0.038173627,8.094326,0.27309132,0.0427,1.2130493,2.415668393234835
56.45349543711508,0.039313566,23.14694333291917,0.026078094,7.4211396976655095,0.041989394,20.513910371784853,0.05286644,-45.699760208111584,0.033643007,6.895188,0.024568558,0.1076,1.0942224,1.247540889516614
56.75601002050891,0.017084382,23.494741451278703,0.0133054415,7.386528543828836,0.01865727,19.0718927796905,0.022934148,-45.023437835823266,0.015802365,11.273634,1.0054016,0.0651,0.9098149,5.615835858980596
56.72404434206554,0.014618717,23.58335393181007,0.01097097,7.497436461447746,0.015502698,20.79610781492648,0.018105298,-45.153767216869234,0.01301925,10.388345,0.8150959,0.0301,0.99693227,4.762908734360089
55.52400476587027,0.26458517,23.120567864105695,0.23254693,7.614020337249468,0.28313488,19.547040334155472,0.34034202,-44.38434322177034,0.29741594,19.14169,3.4667149,--,1.0386919,13.54975946299677
55.30763642249146,0.015904386,23.384742153238573,0.010398989,7.224446903964589,0.017731464,19.485467093679205,0.018704949,-44.451635700060436,0.012439563,13.492777,1.7266588,--,1.0215166,7.786799888596496
55.722275885926074,0.05090438,23.518556750116925,0.036521375,7.764517612049255,0.059579995,21.313117784499422,0.06423478,-47.16556106923917,0.04548424,16.075401,2.8521223,0.6215,1.041539,10.525973703105759
56.3383718087484,0.01299621,23.727270954059602,0.009856893,7.277032576643956,0.013647615,19.69124947738876,0.01705619,-44.56064014037388,0.012664601,12.071662,1.5379562,1.2943,1.0951537,6.3814335446836505
56.43373928124347,0.016692346,24.073923595288683,0.012819437,7.32594365757548,0.01919131,19.954843057789002,0.022238605,-43.35273923240335,0.015212085,13.691072,1.8298388,0.4284,1.1184418,8.015390335319195
56.39758231507854,0.019545456,24.08301110684446,0.014346501,7.2998022120351305,0.021675875,18.42957215998396,0.021544913,-45.20699962860034,0.015381121,9.984646,0.8261423,0.2239,1.0200727,4.301201308912644
56.663989544588695,0.017479047,24.10299456629025,0.015164193,7.360921813307845,0.020525496,20.529234552319263,0.024284527,-46.94187273360423,0.019191343,9.199545,0.6225796,0.0079,1.0005049,3.534205930317679
56.56677710161743,0.030415013,24.189728475046618,0.021396808,7.399226753718945,0.032742243,19.60554501391406,0.039749216,-43.75937028293768,0.027051663,8.228746,0.44409132,--,1.2529333,2.5746780978803727
56.61376023966258,0.028302277,24.254800329035454,0.02007693,7.345983258822864,0.029391356,20.450350564327135,0.040488202,-44.64674558353142,0.027193671,7.352819,0.13436317,0.2936,1.0897243,1.68306863727247
55.91274812352996,0.07205669,23.73464542725762,0.050685033,7.388158879058593,0.07691624,20.467241710492118,0.09745511,-45.16644419655399,0.06779065,16.385273,3.1662235,0.9409,1.1453283,10.72795411062426
55.98757249612545,0.051064625,23.951447980307357,0.037208103,7.402115833370591,0.05644979,20.851458975858712,0.06302881,-45.58232051561048,0.046870254,16.285315,2.9554882,0.719,0.9595332,10.63209394468312
55.869797428461034,0.08007247,24.15158636442973,0.06778807,7.596763629614335,0.09692694,20.970523789670626,0.10009282,-45.9841385820174,0.07849598,17.377176,3.257244,0.6415,1.0018568,11.780319353331677
55.8061497087518,0.112639755,24.183469947967474,0.08582168,7.841224461094723,0.12864085,20.25163895267666,0.13259494,-45.904575030954675,0.10255171,17.92541,3.2961884,0.6556,1.003561,12.397328747259131
55.62454628502239,0.02633204,20.149791610366815,0.019318074,7.454719787942149,0.031357095,20.002000343498537,0.028905816,-44.80831184603647,0.022174576,8.356558,0.4371786,0.1679,0.99177456,2.718714464063618
56.5806826142567,0.02009466,20.879588727250898,0.013735637,7.33271113773573,0.021578562,20.261180552721815,0.026612338,-44.14982886757803,0.018591544,11.310213,1.0420599,0.2813,1.2028999,5.636535973425676
55.55799747769075,0.07655032,20.361981544006234,0.059667382,8.162583877288277,0.08482743,22.52155827958568,0.097669356,-48.13260226010571,0.07639562,16.799301,3.1062698,0.7123,1.0003763,11.358439432662987
58.24225480179571,0.047681406,21.424001124250438,0.031947207,7.375073715479337,0.050020155,18.876573294568246,0.05749682,-45.55953104184667,0.042399127,16.022692,2.9643965,0.7379,1.0631554,10.36152355438704
57.20100053548862,0.060577344,21.41108489367433,0.041399155,7.137253476855223,0.062629685,19.169363780474185,0.08361842,-43.503989083043685,0.052926853,16.604872,3.0053806,--,1.0174967,10.872527354052583
58.23743741144484,0.0310239,22.43351088238098,0.019431546,7.425312317573574,0.03291782,18.812148988685426,0.03995051,-45.97078665314908,0.025738902,15.189425,2.522913,0.5942,1.0516557,9.542999095055196
56.89244333570318,0.013679517,21.746606304672703,0.008124028,7.637128618750358,0.014081778,19.064739272210343,0.016833287,-46.162083625654475,0.009613247,11.985237,1.2186346,0.1118,0.88940537,6.399887645200751
57.6160313902337,0.066151455,23.06512486371312,0.040124822,7.249398579166355,0.07077046,18.265411612126584,0.080318026,-44.09683354582957,0.052526597,16.96899,3.0461369,0.6524,1.0051093,11.27050021769059
54.82114723957384,0.33143988,22.45291457500763,0.29729187,6.868177620993461,0.36561534,20.82353266965248,0.4460004,-43.69411445158484,0.37095478,19.607914,3.4569836,--,0.9056167,13.792121561530745
56.03679639519022,0.02435855,23.079705895594124,0.018185189,7.34148627265026,0.029887352,21.63438626120532,0.028862135,-45.152473501335294,0.022137877,14.497981,2.2232628,0.5198,1.1346939,8.826901026820902
57.23924658376334,0.34243447,23.232936170574096,0.21907985,7.097573003373658,0.37627405,18.162056729572953,0.41210407,-43.08622555516379,0.27289498,19.3749,3.7564545,--,1.0628419,13.630450159048511
57.38645295572227,0.018578095,23.380204240051093,0.01177308,7.231276897025075,0.020891242,20.34647137610763,0.023624873,-44.301346464210745,0.015800737,9.034874,0.587265,0.068,1.1984136,3.3309489207753966
56.30068677483327,0.054947335,23.36456659754402,0.037882466,7.400842842890291,0.05960634,20.3498907854033,0.07312076,-45.84120467577862,0.046997488,16.11487,2.8657188,0.6466,1.050245,10.461275981668905
57.04583326091851,0.017033622,23.506811183809983,0.012002606,7.318953310037485,0.019202262,19.7071210125859,0.020182494,-44.53956232297974,0.0153440535,13.712051,1.8174419,0.3715,1.0550884,8.034296274914162
55.84406564335385,0.21905854,23.01552842209953,0.1512372,7.2612712023034405,0.23625676,21.36355192158686,0.2595412,-46.7439004056883,0.17464064,18.49076,3.7325478,--,1.1247672,12.795824091170813
55.454107821741665,0.15396304,23.056386025893755,0.12001515,7.549815546589053,0.18030253,20.471968097350988,0.24086173,-45.69571439724876,0.15356809,17.786415,3.4955597,--,1.2290251,12.176096806536906
54.921665165578005,0.014163948,23.290687048609904,0.010934559,7.243609046567632,0.015707852,21.292095189450617,0.01972965,-43.70881158081545,0.014262766,9.810571,0.7111435,0.0254,0.8472086,4.110345729112591
56.34254222359188,0.01314822,23.471510349419837,0.0093238875,7.307413485207008,0.014412273,20.223885800497982,0.018050222,-44.65017753769459,0.012163093,12.190561,1.3070021,0.5118,0.9438896,6.509379706102543
56.14298769625817,0.3101372,23.85668776750145,0.23867495,7.876654122249076,0.33943778,20.335163548586017,0.40069807,-44.41256729894136,0.30080208,19.283693,3.4498825,--,1.0332108,13.765402189861906
56.24422047135836,0.045886673,23.927876856061392,0.033754528,7.274297226962083,0.050903227,21.06580795418214,0.057706937,-45.625139391925956,0.043250028,16.095974,2.8608084,--,1.1529555,10.404929180029137
56.59257354759629,0.05780301,23.87793117845342,0.04095736,7.1116603531842495,0.07202958,19.385201134094537,0.07009145,-43.29755614690463,0.05413867,16.309023,3.1592731,1.0174,1.1299676,10.568877938064603
56.794469145666824,0.21538198,23.971052836222597,0.17624141,7.670823942297688,0.27765733,21.065365252833168,0.30617252,-44.3025249435811,0.20574583,18.457373,3.5176182,0.2944,0.8724217,12.881582740935515
56.64813693412132,0.1542301,24.0263321331447,0.120182075,7.500367160250558,0.18094406,19.068631689164963,0.19198959,-45.64032963097333,0.1489565,17.106117,3.2613544,--,1.9332057,11.481529866672235
56.46116117179446,0.6227181,24.15082481751446,0.46117866,8.231176774277445,0.74183404,17.753579257611772,0.8934471,-46.23433692765917,0.5461135,20.071161,2.9350357,--,1.2045583,14.648470914028561
55.79855132706159,0.10137489,24.1144320201991,0.0726509,7.293955605946162,0.107664876,20.25602380241091,0.12920107,-45.77238477763018,0.09057534,17.451342,3.3752003,0.6698,1.1470174,11.766157207471228
55.90298289326376,0.06938315,24.23211488843657,0.057953086,7.314589696392642,0.08198914,20.333375443219484,0.087707594,-46.5100729007747,0.06587295,14.178851,2.0962038,2.3537,4.685808,8.499800977067014
56.23900505450959,0.04001108,23.99217866658556,0.02841239,7.50643101758092,0.043221835,20.608714848927015,0.04795407,-44.771864233714425,0.036534533,15.717465,2.7110186,0.533,1.131965,10.094632890118376
55.96136666025569,0.020785743,24.24729269931756,0.016582325,7.480421328453063,0.02482104,21.607568997226135,0.026304282,-44.80289003132921,0.019226117,11.1088,0.999053,0.2209,1.5047315,5.4784302335150095
53.09406039266275,0.28264213,24.99282335823085,0.2068909,7.820994429100765,0.33339638,21.560709059150582,0.390086,-46.17547522856443,0.26047796,18.841393,3.5217972,0.0254,1.1189753,13.307702399789193
56.169922338576605,0.021021225,24.818333957946873,0.013445639,7.489501972504944,0.021575358,20.238677643478304,0.02753543,-45.445803609583365,0.017658161,9.715471,0.7056837,0.0687,1.1954098,4.08773596515341
56.17999120209439,0.02416758,25.875322446353035,0.013510046,7.573754288408809,0.021448413,19.765767321605686,0.03191197,-45.89511551848927,0.01781647,11.437774,1.0962276,0.2289,1.0513775,5.834329761582524
57.28688342330232,0.029627873,25.896715001014076,0.018260794,7.293267658349723,0.033220295,18.813621738748836,0.034767594,-46.1659037655231,0.024738854,15.00792,2.4943686,0.5968,1.0934405,9.322531026150877
56.53968722097999,0.020917231,26.138648534145094,0.014618979,7.485472360190818,0.022358008,20.089646263149955,0.024185034,-45.749888817886266,0.018253962,11.516263,1.2716522,0.11,1.1745491,5.887359063544803
56.93293309774499,0.06476695,26.224011715764593,0.048313543,7.117148539463226,0.073083125,20.062687055667485,0.084446244,-44.78331391588192,0.06284233,16.817139,3.0454922,0.6897,0.9817764,11.078668821507053
56.33901866387601,0.13648544,26.090268845002047,0.098113574,7.372932552531047,0.14758816,20.16044064131279,0.17659049,-46.41322794136828,0.12050666,18.185623,3.5836277,0.6834,0.8841371,12.523824473956829
54.45395435496845,0.060469244,26.86241472790667,0.0427885,7.788669417247223,0.065406926,21.237353457539,0.09433414,-47.64579595620773,0.061415695,16.516937,3.018568,0.5986,0.99328035,10.974253610907436
54.61606337251374,0.09541801,26.856931797117696,0.065393835,7.0861817693181415,0.09674208,20.1204783360033,0.12709774,-45.02501870256141,0.08699747,16.93793,3.1598673,0.5896,1.0791752,11.189990595092983
55.389957935675845,0.12241317,27.16379534449951,0.084766105,7.500865364688532,0.14022021,20.8685345563016,0.14645866,-46.42999518168173,0.11117414,17.373049,3.432293,0.7215,1.0858754,11.748605633593218
55.59862400564945,0.057996057,27.765522859590856,0.042100497,7.291276211305211,0.06628179,19.601585726699145,0.06934093,-44.51953251801768,0.053212345,15.927162,2.8588972,0.67,1.275876,10.241179923809847
54.98818361370311,0.13868903,26.11654322312822,0.0839288,7.5078418321564575,0.165192,21.158424159514517,0.1557759,-48.50582801179769,0.10465832,17.638304,3.425232,0.7533,1.0572698,12.01587933049263
57.3386267284366,0.1080976,24.694528039922922,0.063140064,7.370698641712576,0.118083775,19.561189732691787,0.13515887,-44.659659199542276,0.08462416,17.683437,3.141058,0.6398,0.963428,12.020980622433473
56.667830209153784,0.078252494,24.930864388149658,0.058794256,7.255883536269022,0.091154054,22.21019170396207,0.09535384,-45.204944073794664,0.07347495,13.436048,1.8325653,0.9391,5.5730724,7.739499070388748
57.849636200471934,0.033377476,25.097804937613382,0.018770153,7.28649632525377,0.03336538,19.06011331005313,0.042049922,-44.90507734289051,0.024295809,15.381897,2.5497332,0.5974,1.0132973,9.694490723722623
58.055037824314425,0.031740222,26.19580073198191,0.020205362,7.886466684738685,0.03711296,20.903516055779033,0.039936475,-48.4933467844087,0.029102657,14.856225,2.4389095,0.4959,0.9956856,9.340637378946884
53.747213282087124,0.023608262,24.204450225543543,0.01852762,7.68455152950898,0.025492858,21.451778956632786,0.039265398,-47.10639467240646,0.025227448,14.544645,2.2771711,0.4205,1.0937629,8.97273794517698
53.00208374666953,0.016647974,23.774632460225945,0.012738058,7.235450067120952,0.021921758,21.20277000555796,0.024013784,-43.6911735947082,0.016867405,13.306072,1.6636295,0.3676,1.0691359,7.603399988808297
54.98011655879406,0.12014684,24.21489595030865,0.09224903,7.800367963978908,0.13375787,21.617133392963602,0.17659017,-47.11979003030982,0.13633691,17.68662,3.465557,0.7897,0.9772612,12.147196162243134
55.108750574368074,0.07022436,24.536815987967344,0.056801636,7.032958583674125,0.07951452,19.971630261050457,0.094368935,-43.825132036868666,0.07680385,16.925804,2.9326458,0.6324,1.0286589,11.161494437724143
52.79708332251263,0.09562334,24.23216315320277,0.08096351,7.643891289964083,0.10531761,22.44063565714777,0.120318964,-45.8687406751457,0.10301792,17.328482,3.1752415,0.5756,1.0487056,11.745054184041939
54.35069069014938,0.024348201,25.72212307884839,0.017540397,7.520010336377549,0.025618864,21.76066343425471,0.032506853,-46.73333001453739,0.02275186,14.538095,2.2601385,0.4806,1.0996279,8.91918766192787
53.76968886837608,0.1907113,25.846552477084487,0.13715725,7.907851555741852,0.22907722,21.561679200691607,0.23356593,-44.63151886805581,0.16304612,18.187479,3.4895,0.7151,0.97218204,12.677771560406045
53.284474249063045,0.29911217,26.5201815223904,0.22781439,6.8431984862247965,0.32887274,21.21278479212681,0.3955214,-46.955266514662696,0.30057782,19.27553,3.30513,--,1.0319494,13.451825545665287
31.894734513871086,0.015126521,16.13472143025307,0.012695671,7.215071279144752,0.016448932,19.325760198900632,0.019547677,-43.72717754633398,0.015825469,13.64079,1.9011335,0.3616,1.1074201,7.931993115324282
57.57335850579678,0.101697244,22.932883365855528,0.061284095,7.173085965990723,0.1056444,18.971190164122525,0.12312416,-42.77271008412554,0.08016963,17.563309,3.4512691,0.7419,1.054534,11.84183889420751
56.52195568292751,0.0155346375,22.981419243413214,0.012257924,7.602128024288136,0.018777581,20.514283661276494,0.020303842,-47.91048805067051,0.014524859,13.413954,1.7675371,0.4251,1.0812526,7.818629676638384
57.094462930924884,0.031770065,22.872477336102378,0.021254312,7.617353781069092,0.03413077,20.539052849387254,0.044744853,-46.74773678544327,0.027145123,15.062484,2.4895353,0.5645,1.1173615,9.471504419906916
57.25981898022836,0.019312182,23.25223911265763,0.013469289,7.266831729278644,0.020944558,19.730996700492646,0.02427146,-44.42819858102819,0.01704622,11.473286,1.0477657,0.147,1.1447881,5.780011193992387
57.39555500671489,0.15407468,23.454458188999016,0.10403373,6.929722541761512,0.1739673,20.770167835185354,0.20185381,-48.46166158266465,0.143899,13.602488,1.8905611,1.2756,12.56627,7.806066795591679
56.88419556070246,0.05857397,23.30633191106529,0.04319965,7.339722266111578,0.06421835,20.729001925708243,0.072896786,-45.43158657295105,0.054036416,16.41158,2.891183,0.5966,1.0396391,10.739977265054684
56.84184912038183,0.06243079,23.359958000577215,0.045826685,7.456198708615304,0.06880964,21.312007944847327,0.081965916,-44.50127002300362,0.058664735,16.68825,3.053584,0.6019,0.9374413,11.050836955521019
56.70879817515686,0.044664677,23.53208141913091,0.034410175,7.435614097188134,0.04823119,20.87945193664808,0.056650817,-45.02175262335697,0.04124148,16.288599,2.929678,0.6065,0.9718782,10.645183224911502
56.95607965230521,0.38299462,23.531205662111553,0.30039942,8.23007419917087,0.45195106,18.208773648843458,0.51862425,-44.408272976526554,0.40553695,19.473536,2.9433746,--,1.1243807,14.050554291026039
57.04676066618868,0.061653454,23.66195219778092,0.047549076,7.2799358540794135,0.077106945,19.68836366974725,0.080837674,-45.0455575658892,0.05923068,15.7003355,2.3947048,--,1.0621207,10.010973265712995
56.76583191330965,0.019939182,23.616114992542006,0.015176547,7.209191094463601,0.022680594,20.780047946237538,0.024606442,-44.242085995364654,0.017609062,14.2646475,2.4753046,0.7647,1.1201135,8.554080171556638
56.861890197773505,0.025675215,23.678126852419382,0.021211283,7.472988365635405,0.031553023,21.72387551654079,0.03369307,-45.70969458878078,0.026485171,7.7467694,0.21737766,0.4346,1.009509,2.114240958867434
55.446290775382565,0.020018797,22.856829510979935,0.014385255,7.414311257263757,0.021684585,21.03875282773397,0.027149094,-45.91094789901183,0.019166159,13.883523,1.8962812,--,1.1278907,8.233877057469979
56.00257297938471,0.016801096,23.543743984874723,0.009631034,7.297531268657663,0.015349895,19.55870683741184,0.021816893,-44.75242968274938,0.013080624,10.823086,0.98379326,0.2349,1.1061329,5.138965607615511
55.9526140176657,0.015660787,23.539193471582006,0.009658745,7.241582954749215,0.015352061,21.483314424987046,0.021675624,-44.38909546773306,0.013233407,13.418813,1.7170792,0.4945,1.0401119,7.717980301933604
55.358274790613365,0.058496136,23.25980604541485,0.045679294,7.353979850941794,0.06497678,21.430531919380343,0.07575682,-45.768936753226264,0.057454545,16.835623,3.13842,0.6025,0.97007865,11.168234965563531
56.068656980543835,0.038056847,23.61763077488844,0.026782935,7.450890340933603,0.03957465,22.5414303663053,0.055310197,-47.5949810700541,0.03543539,15.794596,2.9484844,0.782,1.036575,10.155636576790398
56.74283055817035,0.08268081,24.027995653471557,0.061202426,7.449628020763334,0.09741063,19.211601348098558,0.115643784,-43.36324766229127,0.08165107,17.144829,3.16395,0.7335,0.95862824,11.505501735589212
56.42203789449623,0.4605864,23.902572567274866,0.3378717,7.5514453167291515,0.5045208,19.554894048900795,0.553902,-46.50876363427014,0.4296653,19.689928,3.143484,--,1.1471778,14.080078463953695
56.71438897122719,0.12887023,24.10432284781211,0.093606636,7.422710671658224,0.14431289,21.454720070774023,0.17788406,-45.221757813240025,0.12358278,17.444145,3.2574387,0.8292,1.0897739,11.796957865664744
56.07404213069598,0.036067124,24.446187902212245,0.027501743,7.20733365805876,0.041400734,20.16911764248763,0.047521293,-44.66621639384996,0.035300583,15.395012,2.6234732,0.6792,1.1538252,9.683885041151957
59.996547399284125,0.109451234,23.684502413509016,0.059795357,7.365650912464818,0.1063152,18.238053772145097,0.14910848,-44.87531613366752,0.07874906,17.376736,3.2324677,0.6626,1.0405189,11.71279134756225
58.35353809174113,0.047445852,23.403957423598573,0.027587615,7.539436764637113,0.04908818,20.973390183488302,0.07221192,-46.79148690227105,0.037897203,14.073176,2.3251457,--,3.0856295,8.459870899032769
58.450234631246445,0.15354836,23.81918184093902,0.09784016,7.864910535896297,0.17772087,20.06354580525604,0.17849913,-46.88631611568352,0.13185127,18.019203,3.5918941,--,1.0435135,12.497672120267445
59.735204278242314,0.06368963,24.30879712455181,0.041992467,7.5630020095753725,0.06928433,19.86910519382918,0.08117907,-46.52999512470821,0.052187413,16.356625,2.9824276,0.632,1.4678355,10.750095682236939
57.89280600086858,0.0778792,23.797032725739253,0.045061916,7.242062708797047,0.08368073,19.108210218397666,0.096353956,-45.41617175629843,0.06129364,17.061905,3.0967865,0.7105,0.96364164,11.361216312425379
57.5519498137871,0.068310924,23.926474495876295,0.04136965,7.457034070158453,0.075219125,20.69247400212095,0.1003207,-45.6571137814936,0.059486613,16.25907,3.2133503,0.7811,1.1878479,10.621900079382389
57.1327139051166,0.0714056,24.0328031975566,0.04398387,7.1438013870737755,0.07595504,18.53827523276147,0.099425465,-44.38353799103615,0.055569828,16.80336,3.041832,0.7095,0.99710137,11.073006844025471
57.49815604974855,0.10761779,24.19589894135323,0.071959965,7.205215857775971,0.117894374,19.92888791242963,0.1466905,-43.61824072889623,0.09805822,17.795551,3.351303,0.6016,1.0355865,12.083786280924977
58.61864199674141,0.016028397,24.320930193016103,0.009066058,7.419621943102175,0.015879964,18.822255467157277,0.02037844,-46.75656400286956,0.011785393,13.582582,1.7860489,0.4118,1.0209115,7.934491358500766
54.046206014769425,0.08830049,23.806258139558725,0.067460865,7.317767257828139,0.093787715,21.5121934352566,0.12973557,-44.74466594862251,0.08391724,17.240038,3.2489004,0.717,0.99358135,11.561930881088685
53.17636721373867,0.06464367,23.56656052165308,0.048776407,7.255933297286534,0.07610268,20.55044920727818,0.09693969,-44.62603258252215,0.065015614,16.64228,3.1520405,0.7397,1.0198,10.945746986942979
55.38009303304036,0.08358297,24.056737099413954,0.05879648,7.859621346068521,0.09089395,21.791897434074126,0.116042465,-47.60378586437923,0.07808543,17.14373,3.1697445,0.6616,0.95180583,11.620738281001394
54.92806066590466,0.05012642,23.9075504224956,0.037736204,7.278890838079187,0.060484666,20.454982963912418,0.06456959,-45.01606595633935,0.045712125,16.293001,2.9563942,0.7905,0.97891575,10.603327206381383
55.81715644574963,0.24172543,24.37432163229728,0.17560229,7.483773659832443,0.2904191,21.073110411687992,0.29144245,-44.858785366823525,0.21164085,18.979607,3.0377693,--,0.9795217,13.350209849273316
56.04572406548333,0.09791265,24.812595170028413,0.059697527,7.343438733418157,0.09575198,19.086552281373905,0.14110725,-44.398418532675215,0.08260158,17.02367,2.9750729,0.6295,1.0472443,11.353167575969753
55.516250034147305,0.16440172,24.71230890277608,0.14901008,7.815114208797574,0.19438508,22.205938636468435,0.227048,-46.62401513784415,0.17457345,13.516845,1.7992916,1.1362,3.9949808,7.981521395000318
55.44626583439135,0.1121645,25.005925970991548,0.06889938,7.513350192405816,0.10472093,21.94049449150483,0.142432,-45.30677967389685,0.091301635,17.05122,3.1405087,--,1.0248156,11.430388097671347
55.61508149875522,0.014252026,25.046828247599056,0.009172484,7.132319559813701,0.015758917,19.37116282424195,0.020264031,-43.26684972856321,0.011951237,12.376555,1.3086843,0.2036,1.0151106,6.6427094091815455
54.73703549837036,0.019423136,24.56961635010271,0.014306581,7.1600478835138714,0.02113173,20.161375137724104,0.023409324,-43.46365281158042,0.017420135,10.378874,0.8200331,0.0774,1.3256876,4.6534534585931855
55.12993085335749,0.049475584,25.14789552456778,0.03520312,7.210110645661859,0.0570698,20.726510209230415,0.068035446,-45.33855574139786,0.042451378,15.709093,3.048892,0.7369,1.2708517,9.998802740930854
53.593980117137875,0.3370936,24.877849358788023,0.21253508,6.293076109361197,0.38379538,20.946686788810226,0.39061153,-44.798565582048774,0.26365235,19.183994,3.1554356,--,0.94407403,13.178309214206562
56.27740714247925,0.10863763,24.678409040272616,0.07199856,7.5284014269211195,0.11225359,20.24411977407674,0.15253994,-44.80748682496666,0.09292266,17.622309,3.4046497,0.6398,1.0478622,12.005822572792972
55.860998966163535,0.03336719,24.994132717482273,0.020955957,7.523301424204543,0.02952349,19.041444522785408,0.05421982,-44.58735706991489,0.031968836,12.238136,1.3596001,0.3071,2.1984007,6.620178603289123
56.84109229961472,0.022169787,25.897739265702654,0.014315307,7.171909892274891,0.024377132,20.30233114114823,0.023567459,-45.190117254010005,0.016276434,14.385638,2.1702852,0.5988,1.0687273,8.66381235928792
56.46921136036221,0.051238254,25.91649075166607,0.035160176,7.026509807199092,0.0538138,19.50747216059418,0.068441264,-44.04160172413718,0.04709239,15.976979,3.1159706,0.8072,1.2229246,10.210677539475768
55.51973531138045,0.015791042,25.885673026076415,0.01142658,7.455247491858338,0.018205592,21.057609030003384,0.018350184,-46.89673268846661,0.013836534,12.406143,1.3656206,0.2849,1.1817119,6.7684535149899006
55.42050434061296,0.40275693,25.906550881349013,0.30881655,6.1723319400759635,0.48180825,17.98775775122456,0.5233466,-45.28512927264623,0.3814685,19.426508,3.1943493,--,1.0627422,13.3787543189192
56.59895767544121,0.06512443,26.57294021230501,0.049798995,7.5285681732913465,0.07461423,19.271354975378042,0.08721272,-46.89144701804662,0.061818425,16.846046,3.099907,0.7103,0.9961032,11.229608384821885
57.71749255722641,0.19028519,26.194354601008204,0.10565471,7.20949495327266,0.19298626,18.998116979123335,0.25652778,-45.63318793866718,0.14344849,18.247066,3.618557,--,1.0433965,12.536590708577908
57.665500701892334,0.07270253,26.571494391347077,0.0462702,7.623066779344963,0.08832657,19.305632168227852,0.08846876,-47.13161975355487,0.06425433,16.956938,--,--,0.96736383,11.367586411313388
59.50825675474172,0.08397693,23.898337035153258,0.04828393,7.487762389712789,0.09014466,18.995087333339008,0.11329764,-47.26774623211701,0.061055638,17.190685,3.2179308,0.6671,1.0579605,11.562445544300616
59.32027138426084,0.01764179,24.00899009889595,0.009007851,7.602595875652743,0.016600179,19.19173234565891,0.021973776,-46.886966066874,0.011478687,12.35714,1.3529949,0.562,1.0650197,6.7619491158991
57.37428421162854,0.08928711,23.648515417234574,0.05484652,7.4006288091952,0.093945585,19.230632867310945,0.12436848,-46.265249340902585,0.07364942,16.797077,3.176795,0.9123,1.3766471,11.143420288935342
57.91338206199028,0.083490275,23.854915222382793,0.054022763,7.570281067984224,0.08894464,18.862964293747872,0.10885134,-46.428949981441505,0.07064051,17.095089,3.3207054,0.9065,1.055996,11.490648979760106
57.82037107284832,0.016239407,23.826399611095386,0.009507029,7.332011141563543,0.017303022,19.840058870006157,0.021188576,-46.76124451832967,0.012711211,12.090216,1.2307539,0.1238,1.1693642,6.416331264158714
57.491988012399965,0.035412025,23.84848726390722,0.019843953,7.389021187429237,0.038253613,18.377840455207256,0.045998238,-45.870328430863225,0.025840128,6.806421,0.05533743,0.2846,0.9739202,1.1493553623968573
57.07140351416555,0.014259308,23.890150538515897,0.010290545,7.288929036654956,0.015746474,17.88603537123723,0.018114332,-45.49537923971175,0.012060741,10.245731,0.79774,0.0087,0.8990129,4.559049964047174
57.29068893293528,0.49635875,24.053211829998986,0.2664341,8.118448445799721,0.47909123,19.07896807307441,0.6134866,-46.193244590476716,0.34065297,3.6157947,-0.036376238,0.2092,4.116527,-1.8368401556092024
57.739304037058716,0.03384396,24.10836898081129,0.01862648,7.2832093920825285,0.03453801,19.00204493245024,0.03809677,-44.096572621397236,0.024350328,15.43928,2.5498629,0.5067,1.0341716,9.750893536719083
57.52114270787197,0.015601344,24.12375084194353,0.008982266,7.422949703786111,0.016218755,18.326223989836638,0.020270934,-46.97900933587258,0.012245346,13.446994,1.7277517,--,1.0460765,7.799876417231399
57.02995559055859,0.48760372,24.14185767971222,0.26245627,7.372210598869264,0.4363349,17.901458738341884,0.7124221,-46.43975714497985,0.3925564,9.440848,0.719471,--,9.6859665,3.778837015693906
56.87239647545671,0.08812256,24.114112461279156,0.06635574,7.311236732528621,0.095931165,20.936026699698907,0.1294728,-44.53787427995938,0.08944689,16.843014,2.087882,0.3143,0.9165302,11.16296799478551
57.147957099171315,0.12025074,24.200692552456047,0.06876825,7.210367345445619,0.11553316,20.715969900055256,0.18965948,-45.71541499343871,0.102322735,17.41301,3.2321148,0.7153,1.0471992,11.70279659963171
56.96235820156938,0.032231208,24.505016189025188,0.025533447,7.355850981343791,0.037125397,18.640018588177448,0.04339118,-45.03502657120565,0.03257628,15.015844,2.4399347,0.5813,1.1241056,9.349008957550739
57.42996817987875,0.19096325,24.66276377252895,0.112227656,6.620640971826486,0.19689247,17.952987661522823,0.24315314,-42.83639152140508,0.1473117,18.55742,3.4543552,--,0.9246141,12.661920917254394
57.25420132319898,0.040631805,24.902607776194206,0.03163468,7.629451775111978,0.047509544,20.28361932283305,0.056530125,-47.39279179600212,0.043659437,15.694813,2.7941723,0.6542,1.0742036,10.107279435862694
56.67917911085989,0.6870617,24.41393308182471,0.41184294,7.442273447870589,0.6761288,17.926734595707977,0.92884976,-45.08857048748852,0.5384654,20.048292,2.9957275,--,1.0793371,14.406820275292946
56.52886446572594,0.016426908,24.562605127900447,0.010414129,7.375676434135071,0.016680803,19.40326285830028,0.02380375,-46.97160287418177,0.013827605,12.692504,1.4467468,0.2815,1.0467386,7.031513210450683
57.07381062715844,0.01754791,25.04764063408678,0.012258724,7.499269077311336,0.019107254,19.516684921075115,0.02406022,-47.057326027126166,0.01610001,10.744773,0.91848373,0.173,1.3372483,5.119867593923976
56.83687734919407,0.025522862,25.086565724768334,0.022834573,7.256440119595136,0.031353235,18.658646636187495,0.03260498,-45.977086468875946,0.029459007,14.673388,2.3138905,0.7383,1.005088,8.977005606460057
58.22613014091119,0.059415657,25.295217515232924,0.04308125,7.248975775349272,0.06682602,18.551292963029198,0.07848986,-45.02180369338154,0.059419885,16.320951,2.9117537,0.6142,0.9729033,10.62233470393176
57.561546788631134,0.07853078,25.42482323104547,0.056686223,7.443343423871985,0.0931404,19.420070860663902,0.10315629,-45.37822394377018,0.08038472,16.939152,3.163248,0.69,1.0182151,11.29799204942475
54.48519642738677,0.046444707,23.382232166025776,0.03339458,7.531107380234092,0.050791312,21.58557800289394,0.058898672,-46.1474746940989,0.043686394,15.859415,2.7755547,0.6307,1.1183434,10.243709253893979
54.871767713772435,0.0146939615,23.499172809593553,0.0118467845,7.4248451511728,0.016301263,21.952550134686536,0.020280343,-45.244621881741246,0.016027104,13.659394,1.8324871,0.3733,1.0745244,8.012831267505863
54.64378947102655,0.0784724,23.67271376809515,0.06287811,7.228431844899335,0.08716904,20.455009282168664,0.10464465,-45.04122743597192,0.082589366,17.13838,3.0781631,0.6687,1.032703,11.433600503262488
54.96121741847009,0.12708797,23.76440270472398,0.0918931,7.109772113525601,0.15251774,20.354035697092193,0.15866601,-43.554027997180306,0.11649869,17.778164,3.3081036,0.6958,1.0817424,12.037442313403112
55.36208894086606,0.044878073,24.0171827154947,0.03062588,7.331133587575553,0.046636347,20.348207602315583,0.06005212,-45.023526762777635,0.042940486,15.505199,3.0001554,1.0275,1.1819943,9.831055098733328
54.80623332660652,0.01741271,24.46632471871234,0.012074991,7.118104224750291,0.018402463,19.811126884811692,0.022295369,-44.51509163145818,0.015330699,10.22619,0.80078983,0.0971,1.1078361,4.4880113270611215
55.641609320434284,0.1129972,24.183383816297255,0.08317944,7.486610378982209,0.12179756,21.322857580850933,0.13737822,-43.9430880244945,0.10301351,17.688309,3.3666992,0.7326,1.0890057,12.059734875810022
55.46464413369849,0.21925184,24.32411786029426,0.16844635,7.161844786532234,0.2455869,19.821034019449485,0.2857105,-43.578078022164796,0.22346476,18.960083,3.6220531,0.2375,1.0075848,13.235207530955249
55.80453808024451,0.02719658,24.655242876769755,0.020911645,7.217567238529469,0.032048956,20.551216953824404,0.03465985,-43.95459477600215,0.025788315,14.889832,2.432414,0.6295,1.0124867,9.181785735165377
55.63011375428247,0.08353798,24.822480219877267,0.060850617,7.376373066555206,0.09368312,20.141859639629043,0.11398238,-45.80907314562114,0.0778471,17.305487,3.210987,0.6718,1.0256048,11.644701046209208
58.59373152659763,0.055515528,23.63651277018731,0.036063474,7.4050316715605184,0.060840942,18.36910938785275,0.06575589,-45.979828036328726,0.04639091,16.473394,2.9705973,0.6442,1.0372041,10.821028995684788
58.99343210356197,0.014862079,24.54973327420377,0.0082225995,7.504791433754841,0.01609771,18.608912286604085,0.017696148,-46.92634401642668,0.011434095,12.307622,1.3281765,0.2072,1.0008076,6.684315092047163
57.07512164513408,0.02081175,23.891273678457935,0.014940319,7.295109846533388,0.02168634,19.104444028563226,0.02612894,-45.3486188239001,0.018848723,13.975899,1.9212399,--,1.109031,8.291057921139199
57.553681045693764,0.023194987,24.3516155481885,0.017280415,7.243086363411307,0.02929124,17.833343166460896,0.031035457,-44.351060633719605,0.026031284,14.462538,2.2067528,0.5393,1.071376,8.762156083353368
57.48590927641627,0.029099625,24.348794070150266,0.017701546,7.315576014582632,0.031920027,19.505374073802887,0.034020554,-44.599599471397354,0.02340281,7.546007,0.08989811,0.1935,0.8341919,1.867249793029993
58.846241303268826,0.4299946,24.817917547837286,0.25249374,6.865423275924452,0.4693474,19.827994753858945,0.4907785,-44.86800622760162,0.33361572,19.52989,3.1223412,--,1.0963472,13.713226650831606
56.94337881610533,0.025784887,24.050481718343995,0.017517837,7.555830848391911,0.02870886,20.172732693758086,0.03497097,-46.513945005186066,0.022096828,14.752962,2.309679,0.4329,1.0793425,9.144373246690375
56.73055847874693,0.13391173,24.187798191519004,0.08562942,7.225399757694413,0.14798135,20.392590515354556,0.17107093,-44.02063830180597,0.1155257,17.19236,3.5798693,--,1.0476388,11.486669325236486
56.791988143840086,0.018609824,24.276453622807093,0.012858426,7.357064223916837,0.02060636,19.959460137901697,0.025991986,-44.498036812412536,0.017977556,9.376594,0.6450882,0.004,1.0107602,3.7101163260716987
56.723447112517924,0.03421184,24.287294176897756,0.021460554,7.368695724018906,0.03657004,19.249077626062416,0.065386504,-47.50404014517325,0.03363414,14.973033,2.7211971,0.6047,1.0109967,9.309986069083696
56.77385984972839,0.29257035,24.667526707017217,0.22101678,7.628355268781066,0.3130654,17.47070524179368,0.39719415,-46.7222962601822,0.27615693,19.321482,3.5519943,--,1.0029854,13.73363625904001
56.54907922003248,0.019363439,24.622119094596144,0.013036827,7.550076412992421,0.02076642,21.195216191185757,0.027433112,-44.69592411866067,0.018441977,11.405896,1.0540123,0.1175,1.2001574,5.795652922175231
56.536336992339514,0.078541815,24.675721556933823,0.050730553,7.373604115597466,0.08579178,20.873189844183816,0.10285207,-45.69153438245064,0.0658847,16.6805,2.9957476,0.6569,0.99294305,11.018899114940464
56.35297311857009,0.20350179,24.646085831329238,0.1276905,7.2974380334372,0.20472327,18.794078206161423,0.27859882,-45.50281705739549,0.17286015,18.067305,3.1999474,0.5577,0.9641204,12.38315669041721
57.77650195986893,0.016978191,25.594492433140854,0.010111648,7.309821489243173,0.01884424,20.12835332681689,0.019902049,-45.270036288204764,0.014017098,9.013485,0.6151848,0.1564,0.89512056,3.33301881145416
58.24497934067102,0.10108899,25.43848141011749,0.07631909,7.570511532362098,0.11671855,18.051648108880084,0.14007759,-46.658336671843564,0.10375216,17.481783,3.0576267,0.7902,1.0004035,11.877409040019192
53.15763413329577,0.083036564,23.432917294381728,0.063105635,7.2748694971298065,0.09032407,21.09767049728122,0.14286757,-44.375770540667794,0.09103066,17.188633,3.2413683,0.7518,1.0421113,11.497758999986033
53.64827525953711,0.16269052,23.64528208335387,0.12747984,7.505259297500794,0.1862803,20.42959099455326,0.2306156,-45.12786062673306,0.17158681,17.900988,3.4051304,0.6616,1.0742822,12.277816131022147
54.72576070048866,0.09615621,24.704218228358506,0.07136525,7.859327811537192,0.10317118,21.82394240715693,0.12080711,-46.966397357964595,0.08931444,17.407322,3.4548721,0.5078,0.9957497,11.884248947518143
54.264567775408686,0.027812969,24.743022931744804,0.020593617,7.3915386050814895,0.029275285,20.064749700387782,0.035507508,-45.39836295502678,0.026137056,15.023798,2.4989939,0.4988,1.0197415,9.367472236444641
54.70292014365956,0.022077385,25.188576550930847,0.016145509,7.280129670669819,0.024546647,18.916238255631303,0.029432409,-45.4444030064804,0.022335539,13.392295,1.9789305,2.1522,1.612552,7.7029904580094435
54.60099903259686,0.07705915,25.330201254399686,0.05686258,7.1401376918502075,0.09051608,19.258512452782078,0.09881103,-44.08692682240532,0.07112865,17.096783,3.2256203,0.8218,0.95087904,11.36531561872116
56.725205994094026,0.028529435,25.24564655686341,0.022202004,7.177210726519302,0.033257093,19.379964752822495,0.036323443,-43.662358221933445,0.026946051,15.038713,2.4484262,0.5028,1.0530971,9.31849194282061
56.488752041634456,0.06902033,25.186715223759276,0.050941672,6.994303778369079,0.07768422,20.310408127342875,0.08440428,-46.486362488187424,0.06075682,15.265581,2.7637424,0.6578,2.523059,9.489303584834119
55.98631467387493,0.02417516,25.26208174501833,0.017749723,7.4793004006386585,0.02723052,19.99247462636992,0.03125465,-45.783661946124276,0.02348408,14.827288,2.3523836,0.3635,1.054227,9.196592557422457
56.125404530638,0.019815462,25.596210762222004,0.013889709,7.110221839905991,0.02098068,20.052721267974036,0.02601652,-43.57713254051983,0.018019004,14.340455,2.1378307,0.5313,1.0751115,8.599870810182448
56.88781044276308,0.060572363,25.638312433124966,0.040571515,7.160889198044508,0.06340412,18.80303468296861,0.07605813,-44.158558927294074,0.05204141,16.606457,3.0747108,0.6844,1.0144483,10.881291525831239
57.33572618441402,0.015956456,25.81781951369322,0.009331469,7.747734110425985,0.017780812,19.652589032555056,0.018518,-47.62953161731615,0.012593997,13.315139,1.7197399,0.3445,1.1851069,7.76101235696289
56.469076694854095,0.109429926,25.86156946438664,0.087838106,7.060620859214555,0.13410857,18.967065395052266,0.16553083,-46.22134996228267,0.14135754,15.656354,--,--,1.1061429,9.90056840751282
56.54213467684923,0.09997412,26.002372396199018,0.06794031,7.082930667980825,0.102562375,19.887445049674827,0.115826905,-45.07304476306744,0.09111679,17.3328,3.1881866,0.6511,0.9596296,11.583864864906673
55.4953184075574,0.04402189,26.205753750089364,0.027624331,7.042131602648405,0.04379681,19.524101171738504,0.05992522,-44.17768915147208,0.037627,15.668273,2.6919975,0.6831,0.84203464,9.906793656415331
56.064126288551066,0.015624191,26.331020873579526,0.011925271,7.252740248540545,0.018496506,20.03882786956428,0.018502748,-44.72280594741012,0.014305511,10.86981,0.9226103,0.1984,1.0061343,5.1723207234136055
57.23779995025397,0.129598,26.614867508872926,0.060214493,7.579266304225141,0.11500749,22.765446737042943,0.14307521,-45.310547980627504,0.077145614,14.604778,2.423191,--,2.0818465,9.002914123068265
55.17747786165172,0.013901668,25.70526832583363,0.010349336,7.396323568957691,0.015220846,20.785015570847214,0.017531838,-45.87098952659123,0.014633431,12.313311,1.3088255,0.3445,1.1459452,6.658390133670483
55.168079441605656,0.045143113,25.846594275332414,0.03267224,7.256145998522227,0.049516518,20.865652578504715,0.052784935,-45.70745967540279,0.04256391,16.019033,2.8320007,0.6636,1.014686,10.322563494187285
56.02056349331565,0.0926955,26.96946450921715,0.06210947,7.474264263220654,0.09915172,20.58947399635434,0.13269654,-45.55254574314508,0.08265476,17.315113,3.2657604,0.7007,0.95486456,11.682955312041168
57.450722590994545,0.17415866,26.62974817689401,0.10099831,7.62911058479409,0.18454835,19.28776461180914,0.20297855,-46.372723485571356,0.12817152,18.260664,3.4555397,1.1768,1.0826064,12.673033536641608
57.409403943429396,0.046101663,26.851435079305364,0.030321859,7.310328046118832,0.05131594,19.59946001609844,0.05616553,-45.50857523991807,0.0400625,16.096619,2.8489628,0.651,1.0729588,10.416302982702533
55.411707788725614,0.037049107,27.68522168606013,0.021770827,7.467684852008185,0.03375415,20.869626967712644,0.046356555,-46.25582975115407,0.027821152,14.819542,2.5328293,0.5804,1.0926106,9.185471839935921
54.00817012473715,0.24957514,27.184545882836304,0.17526951,6.666850335704561,0.2634292,20.819906520249106,0.32361472,-42.7578777312265,0.22737208,18.63394,3.8352451,0.4624,0.9221595,12.753543271776744
54.1695397555478,0.015558675,27.832176380231715,0.010568686,7.215441805135176,0.0170575,20.552926798386167,0.019251214,-44.26645874659062,0.01395213,13.412615,1.7107391,0.4353,1.0521535,7.703929463955154
56.27610473519979,0.0662432,28.705187736051442,0.05032128,7.263388407643078,0.079931766,20.28307911103538,0.07764528,-45.40566396107964,0.062461197,16.71431,3.0075455,0.5798,1.0685627,11.020006035168237
53.04295162788612,0.05343554,26.7034415365963,0.04304553,7.0992214534101326,0.05767849,20.744222901268934,0.06946761,-43.675670055034615,0.055506736,16.347681,3.0141373,0.7974,1.0100659,10.603734664460465
56.10294132042099,0.062332597,24.864656913864092,0.039778348,7.340436243227127,0.067634024,20.013629175211577,0.08161486,-47.632589144591954,0.049457304,15.921976,3.0221949,0.733,1.2340636,10.250585443823857
55.98635194866267,0.035050597,24.993324257800918,0.022468314,7.489878731778486,0.03582036,21.268953201729552,0.049868528,-45.12454657473461,0.031848103,15.050903,2.4658098,0.496,1.0688877,9.423277250902096
56.017793485618704,0.15248986,24.989616924403276,0.094163224,6.840847671650263,0.1570384,18.685803311061864,0.2294272,-47.787524177567846,0.13348223,10.561445,0.8635349,0.0144,9.54743,4.7369948356769385
56.315167773090614,0.119710594,25.289706855828115,0.0828355,7.357267393115775,0.13867316,19.15259332187381,0.15201262,-47.94546030189541,0.11442714,17.267029,1.7593756,--,1.2041953,11.600611510407703
55.67556599462249,0.11911671,25.19670128433248,0.086121775,7.529091809216199,0.13391635,20.80471927227085,0.16649804,-47.20535047371144,0.11256663,17.730902,3.432047,0.6728,0.927768,12.114614682786312
56.42378578214499,0.12328357,25.68657650159247,0.0833567,6.662527138164527,0.13059062,20.617679665742532,0.18225797,-46.31290290279895,0.111677,14.310601,2.301672,--,5.7350564,8.428796189585615
56.04490060536961,0.05395691,25.62714909234563,0.03841894,7.319788244552368,0.061828904,19.59944125744274,0.067440666,-46.148501667040016,0.04506372,16.46216,3.041275,0.7674,1.0376313,10.78465269776516
57.1904090545785,0.037280418,25.70026259761734,0.023589045,7.418253803653885,0.041547816,18.322003904114005,0.042440232,-45.477806642304294,0.03136916,15.570668,2.7173166,0.7804,1.0659646,9.92217666019904
57.38677013764583,0.060056385,25.796211207355963,0.036630224,7.371013649320316,0.06741372,19.710225185339752,0.07571912,-46.362178155307696,0.050071668,16.544926,2.9255428,0.7683,1.078974,10.88256176673723
55.29287492170479,0.044003263,25.76541903413525,0.03128609,7.797466246499463,0.048503,21.563527220546952,0.05241033,-47.149997250522,0.038666125,16.040766,2.8925896,0.5848,1.0487144,10.500533279673306
57.66551653056659,0.06285059,26.572152647659053,0.038987905,7.4260770760735255,0.076153435,20.43277827187154,0.0762051,-46.53089579671571,0.054485638,16.577065,2.9548206,0.6228,1.0436798,10.930861776679604
57.17979485408404,0.05944722,26.539025300249094,0.034259427,7.610695564329927,0.059812795,20.643104101937567,0.080021776,-46.2689615978846,0.045051213,16.297382,2.9179583,0.683,1.0172153,10.704504105045096
54.826330715713276,0.017991172,26.793219430085944,0.012056583,7.363458335150091,0.019031681,20.26272089965141,0.02293483,-45.49681699821517,0.015724605,13.478973,1.7291327,0.3677,1.1605082,7.81438255758496
54.44623904090004,0.016429413,28.06581746261885,0.010936986,7.1608171019248354,0.016949562,19.618411901195262,0.01989182,-44.53262657421513,0.013464155,12.913839,1.4976788,0.2483,0.8922417,7.188652246868028
55.06366229904363,0.48318502,28.583520615823055,0.37813634,7.121533228646531,0.5441732,19.24870798380168,0.63868034,-45.01053096092624,0.47867334,19.630556,3.347458,--,1.10445,13.893423631673077
55.501624542599785,0.19782634,24.170060282479188,0.15943193,7.054724665871137,0.22034067,21.136895741063924,0.28820547,-45.905267175290305,0.20738934,18.561972,3.7866192,0.4434,1.0482017,12.804372007590507
56.079500230471574,0.052813567,24.5882578307589,0.03929208,7.293191575999419,0.05885268,19.376287909920762,0.07326407,-45.97903948741636,0.050253753,16.39733,2.9260788,0.6846,1.028139,10.711917438782196
55.800589547384604,0.039216507,24.745746758247314,0.028491508,7.278881418037203,0.04321329,19.59711686499867,0.05361414,-46.91534249809131,0.03816795,15.649356,2.963293,0.7861,1.1202147,9.959679109588976
55.10089179724542,0.02968331,24.584305576488273,0.02444907,7.297294496883986,0.03370392,20.815545173730907,0.041291665,-44.23701968914629,0.034465026,15.177081,2.4608068,0.5736,1.0474195,9.492890475228068
55.405307633174154,0.07673752,25.14226701996682,0.051445175,7.523789987380409,0.080523804,20.633050296957002,0.123145945,-46.288960282882016,0.07442061,16.7538,3.0821714,0.5943,1.0201783,11.135982761096109
54.4480325877061,0.083060935,24.89598496190662,0.065544836,7.0344918820298545,0.0887061,19.984505583113126,0.1138158,-43.851144321919904,0.08905511,17.405783,3.2276993,0.7135,0.9480529,11.641946363520333
53.959615743325756,0.043603253,25.705589938566387,0.028779792,7.363656223642926,0.04973439,21.81493534990031,0.052530143,-46.01428877911761,0.037720334,15.8458605,2.8108625,0.6161,1.0260402,10.181328006399882
56.262098904649356,0.06775152,25.088651762657655,0.049751543,7.392752847218599,0.078041255,20.68709891680141,0.08032427,-45.78757340549822,0.059337232,16.973806,3.1722374,0.6606,0.87161964,11.317837317269738
56.496515250865976,0.030186083,25.39839015777669,0.021223346,7.412431557949202,0.034260195,20.318909900230626,0.03532415,-45.41323411860892,0.025309471,8.016677,0.27722025,--,1.3044506,2.366480384620978
56.009591673177034,0.024841337,25.064755191892758,0.017826317,7.472112695373374,0.026407745,20.525841511035054,0.033756092,-44.50217440357429,0.02496152,14.705767,2.3262224,0.4583,1.0198548,9.072983744642292
55.52034957514179,0.033662837,25.66308487679759,0.02621768,7.183251797456246,0.040552836,19.61186381623379,0.043620143,-44.44273913200854,0.031656902,14.559706,2.562068,--,1.708634,8.841311185261944
54.991109086565196,0.095506534,25.924761014624796,0.07496486,7.670244565641674,0.11019721,21.07126951839483,0.117035866,-47.354060674171215,0.09552685,17.592936,3.3874664,0.9053,0.9982637,12.016981620350215
57.051972156311926,0.017633716,26.58360374254647,0.011475177,7.582671190496229,0.01881058,20.9839848688399,0.028171523,-46.5651161931697,0.015705133,13.178868,1.6358709,0.2525,1.029075,7.5779794135676415
57.526829832795514,0.06789363,26.97174736066095,0.043078706,7.469647336402018,0.075587675,19.551514295073243,0.082304396,-45.636413127877326,0.05677974,16.917927,3.0636816,0.6956,1.0062532,11.284427278350798
56.221816244942886,0.08643523,24.018344601810703,0.070114836,7.574034930346783,0.10042205,20.616762386374205,0.110973984,-44.13114421068058,0.09759641,17.134035,2.97758,0.7135,0.9704903,11.530671628935483
56.27733777372245,0.16285446,24.263309219222556,0.12354532,6.834919644298814,0.19359963,19.017097366312612,0.21054849,-46.06544490408489,0.15422788,8.547794,0.4694643,0.1294,9.412993,2.721461407487247
56.387342327527634,0.016386975,24.303034287977688,0.012422266,7.522663209747789,0.017934922,20.256423623849187,0.022203077,-45.16538946574379,0.015791336,12.989489,1.5923738,0.8285,1.2143942,7.371346695957818
56.39881817324253,0.2640866,24.409364117895812,0.18534194,7.692705798464872,0.28706083,21.144104200744707,0.37521443,-43.748066659007065,0.23320091,18.835724,2.99794,0.1486,0.8939188,13.266119494460675
59.642486607819095,0.105141394,22.669617630478907,0.056705896,7.386335129308047,0.10598538,19.167195056497466,0.13885477,-45.36313189897573,0.07290653,17.253536,3.303854,0.9801,1.076588,11.595681266195493
59.043355967436035,0.03312137,23.039795774197692,0.01912426,7.401322942096517,0.034953292,19.15024658812861,0.045326807,-44.76231192792038,0.024261152,15.266522,2.4824324,0.616,1.043466,9.61306917855214
60.30838261207829,0.04033686,23.174856115645884,0.026168814,7.061650618302846,0.042845894,17.745995796170646,0.056079723,-43.55986282229652,0.03285405,15.875267,2.7876492,0.7864,0.99686575,10.11979816199532
59.82917533829612,0.06473712,23.523195667052423,0.040398292,7.485000062011078,0.06885667,19.106047377216203,0.09504073,-46.42107261717893,0.05292577,16.760855,3.0648909,0.7183,1.0372151,11.131813762454719
57.96320232011635,0.032813072,23.294606604742206,0.019415641,7.3552931632241805,0.034577947,18.71857105545529,0.042373694,-46.02887604433456,0.024966475,15.41097,2.6311836,0.5236,0.9858418,9.743969670585926
57.71444143460519,0.014915034,23.328868779468966,0.008545135,7.333804587650971,0.016009878,18.888363146076816,0.017318599,-46.332224202292636,0.01137872,12.194483,1.2622709,0.1261,1.130002,6.521129472430612
60.21057974933153,0.24687815,23.73126048947128,0.12950605,7.141996199690461,0.28229284,17.860222151029607,0.2696591,-43.49837494173152,0.16216369,18.583883,4.0513897,0.4316,1.0047371,12.852981359349892
57.76373831664205,0.11552368,23.583228242863537,0.0629303,7.255212370705698,0.12233252,17.978631826672903,0.15400997,-44.82521311083765,0.08692829,17.535738,3.2467766,0.6776,1.0513706,11.838988638313921
57.3008750959372,0.030011289,23.886587601561303,0.017554495,7.417763214315631,0.032488454,19.620728847184104,0.04096634,-45.17323902020466,0.024343917,8.101668,0.29633617,0.0314,1.0928063,2.453033187391876
57.7981264388074,0.074299365,24.386800486787003,0.045716256,7.696650265078455,0.07621456,18.590895680031007,0.097662784,-43.344201802963866,0.060616184,14.980229,2.5868444,0.5317,3.0138123,9.411738141323902
57.40227687241278,0.0501213,24.30373739744004,0.033499394,7.176475690564863,0.056926314,18.7101485350458,0.060767554,-45.75714788234882,0.043965187,16.240494,2.8010054,0.6181,1.0286475,10.520049864770098
58.60525412078834,0.017476512,24.35988384412902,0.010056338,7.343930547078326,0.01744692,18.209856952725627,0.022919107,-45.54060796174583,0.013031698,10.85027,0.965456,0.0262,1.1533413,5.1799130763445
57.76509213509881,0.05119347,24.542956563812567,0.033213254,7.468706765589364,0.055209234,19.24737560473578,0.06840699,-46.16751787518278,0.045110535,16.36067,2.9431114,0.5949,0.9989945,10.7268971328074
56.87290125295112,0.1365577,24.2053413548071,0.08853736,7.38930585590348,0.1452486,19.19732918641361,0.2011062,-44.76750253968112,0.118518285,17.665154,3.0472088,--,0.82112074,12.008171718998398
57.16636349176905,0.040439647,24.211712564846707,0.024604514,7.3876554613403265,0.039408434,18.46508333799995,0.057177395,-46.533021317926284,0.033825204,15.501962,2.6146746,0.5282,1.1296408,9.844494873144418
56.825618307373404,0.12270906,24.230780242547077,0.07731224,7.529039931598729,0.12805286,18.023220293900117,0.19778548,-46.54776548308693,0.11947671,17.030983,3.3391886,--,0.89206386,11.414680973714354
56.87755475112934,0.035447728,24.370334652904095,0.022650437,7.390213974601189,0.04050967,19.619007237982416,0.05616278,-46.59133783173657,0.030329663,14.798532,2.3478098,0.4491,1.0457706,9.141816597498021
56.91405558689937,0.06974027,24.45873245787969,0.045418255,7.179641625812423,0.07574236,19.09158069716053,0.086618975,-45.39827478952388,0.061184756,16.133425,2.9671144,0.8095,1.0969669,10.413938593063815
57.32010689706659,0.025272397,24.39593347467187,0.015217001,7.012849082916408,0.026206704,19.735690455662137,0.030568521,-44.081448971829964,0.019084377,7.525846,0.13290787,0.3274,0.880397,1.7553184692196488
56.531386444741095,0.02169522,24.3741778959859,0.013971638,7.432728772573676,0.021524457,18.93156538453851,0.031248005,-47.08706292205727,0.018392202,14.0124,1.9702711,0.3357,1.227079,8.368141099804289
56.596037054500854,0.06425654,24.6048505016741,0.044910327,7.307118521203142,0.06813792,18.97836540820686,0.09096464,-43.60990886676683,0.061052777,16.643583,2.911234,0.6353,0.95860523,10.962314055946658
56.908774047786046,0.06838776,24.89165534984492,0.05367749,7.395751435837692,0.07999321,21.06658388495469,0.083945476,-44.05532516247117,0.06523885,13.674303,1.8255548,0.6153,6.221586,8.019214587351982
57.16384864961428,0.1106028,24.838699631188536,0.090464965,7.101768935389729,0.14082067,18.346797724319053,0.15184578,-44.767943829631776,0.12487909,17.582697,3.2788582,0.5784,1.0412737,11.839529604178608
57.08465979450928,0.08834707,24.91505649267501,0.06110521,7.471713201960252,0.10020803,20.481299016482694,0.12169636,-44.44909651673037,0.07914632,16.177582,2.973876,--,0.96503633,10.544682753917805
57.16924995575434,0.14912361,25.022027265858245,0.09277395,7.127345638109044,0.14876708,19.989028341757596,0.21234728,-44.09367382580041,0.122675456,18.0745,3.6694412,0.8661,0.9548437,12.33913823157468
57.486764282604895,0.24546985,24.985148942111245,0.1483127,7.618373716073224,0.25559705,18.710229382715184,0.3467796,-45.81938533840347,0.1987113,18.844503,3.2848835,--,0.9633543,13.253814767600211
57.50781770847946,0.06826054,25.211222315495508,0.033314425,7.3111335986996,0.06535202,18.13843096158596,0.08797633,-46.09848832840133,0.04510397,16.304043,2.9474583,0.642,1.0151677,10.623966416061489
58.4483083989658,0.06260147,23.741741817375793,0.038772292,7.728498800241649,0.072154924,19.262269659732578,0.07027992,-47.78798858909191,0.0505492,16.219612,2.941144,0.651,1.1809828,10.660087840794294
60.300412133195096,0.042291068,23.903463478351625,0.025057284,7.213120892669938,0.045523535,17.8848163349788,0.05002318,-44.83071742871962,0.030725459,15.830249,3.0459242,0.7719,1.0432324,10.12086488806547
59.73477833001853,0.108026855,24.308819454549646,0.09159331,7.339135582366928,0.121642314,19.817645005241904,0.14135969,-44.9528881173033,0.11909484,17.601048,--,--,0.8733199,11.929272070275378
59.77636182130814,0.041982874,25.055401907175817,0.02264416,7.5705552996968395,0.04244798,18.173443623615704,0.056179762,-47.27269581697594,0.02956678,15.346905,2.7314844,0.9594,1.179775,9.74254343532877
57.431468357888065,0.045155115,23.711649593760512,0.02494492,7.46248486399861,0.047006264,17.868504681193286,0.06291408,-45.57243824211501,0.03209943,6.1591687,-0.049655914,0.0071,1.0356296,0.5235860365850549
57.27448410526351,0.08283092,23.739591972671953,0.061522547,7.631160667477669,0.09289343,21.17656556874292,0.121927604,-45.502282087202445,0.08558819,14.775974,2.4432507,--,1.507567,9.188927260405817
57.124052826324814,0.08514237,23.96812762181643,0.06164326,7.245161749059522,0.09243491,19.513016268459427,0.11273302,-44.30200784877972,0.077240005,17.046577,3.0933533,0.6377,1.0028831,11.34681788155875
57.6379095792957,0.057276014,24.339206308563956,0.033966195,7.624237364113361,0.06600861,19.409409813996277,0.064616024,-46.91155574344629,0.046411615,16.40082,2.8872976,0.5834,1.0213555,10.81180182173535
57.91303365598468,0.060007617,24.591264585269954,0.038450312,7.351766950892662,0.06404901,19.755724092916576,0.08618859,-44.265570209454935,0.052213956,16.571566,2.9861336,0.5453,1.0390334,10.90352428592033
57.1294732995043,0.028223729,24.281273105178414,0.01761619,7.341192082208167,0.029249312,20.55980824986601,0.037314743,-46.52895034490698,0.024031108,14.94409,2.4508772,0.4875,1.0710096,9.272922827178084
57.12549941431617,0.21668777,24.34532462480419,0.1323083,6.89946138162525,0.22321497,19.60906252887243,0.26896814,-45.355830700297275,0.1706939,6.939808,0.18186283,0.4599,7.919,1.1338838324026952
56.84287803292823,0.20592222,24.283136549118414,0.12423187,7.487082766346878,0.209557,20.717703183233446,0.285132,-47.496610620059016,0.1681572,18.383253,3.573637,1.1101,1.030738,12.754816267962045
57.365254679183145,0.027013274,24.53152918709479,0.014842051,6.868676362419624,0.029826267,21.119768743200037,0.033552792,-43.834701003186716,0.019311335,14.890118,2.5076437,0.5546,1.048202,9.074482914344452
57.57598217276832,0.07254333,24.58746632894919,0.043958973,7.546025078304683,0.08160137,19.59404308135298,0.091878645,-46.28803083358288,0.06172738,16.821295,3.003501,0.6051,0.9516909,11.209886005509558
57.48251419167079,0.028570643,24.741904532006497,0.017459266,7.531095617508779,0.029123874,20.01171871162373,0.036420576,-45.628015653581286,0.02294662,15.173774,2.5507517,0.5254,1.0768366,9.55806457354334
56.30003774761142,0.020572707,24.585988634934,0.012988208,7.5214363388011725,0.020496517,20.809393414603466,0.03309192,-44.70206664623241,0.017603824,13.399992,1.7045574,0.3406,1.0836426,7.781495909148454
56.585399836649145,0.014623404,24.785282982842787,0.010693379,7.454756179233914,0.016104769,18.583779121327936,0.019467436,-45.18087140683727,0.014230603,13.337562,1.6946535,--,1.0836929,7.699728825685568
56.8904124483072,0.012011658,24.683996791687626,0.008759946,7.422158629100373,0.013427517,19.582483258933237,0.015437465,-46.27140917710216,0.011355215,12.540388,1.4014874,0.4493,0.990435,6.893039267365491
56.84583318282619,0.035176776,24.848752048434626,0.024156153,7.761479927581554,0.040834583,20.80852597315821,0.045931738,-47.429280642913454,0.030363359,15.617148,2.7824202,0.6223,1.0696015,10.066871092694452
56.899529478888994,0.081931755,24.873965156738215,0.05500563,7.429236579015259,0.09306064,20.359214900915827,0.10082453,-44.68201751202432,0.06692294,16.87391,3.0793123,0.6666,1.0942961,11.228631845845715
56.857553040083815,0.048146915,25.14231117639311,0.037469078,7.43271679437676,0.05222286,20.019691948452678,0.05902314,-46.62908653221418,0.04730823,15.424488,2.9366293,0.8498,1.4722563,9.780225994535154
57.62492811642301,0.040740594,25.05172731020767,0.019614577,6.936834522963423,0.039600275,18.71670636605301,0.05510507,-44.11610857624101,0.025922276,15.398036,2.559164,0.6206,1.0809911,9.603842676114251
58.98515881188635,0.038003568,25.29982950141954,0.023910603,7.160615933777657,0.039763857,18.358723920733823,0.05792672,-45.053509089007406,0.032053873,15.520327,2.720457,0.7824,1.072395,9.795078517215188
59.21518684477463,0.062417213,26.807229843379318,0.040346023,7.296589514363688,0.07587438,18.485340686092243,0.07334911,-45.3869254834319,0.055725973,16.362728,2.8978395,0.6398,1.0075488,10.678327692655923
55.12811088560629,0.031457298,24.48711375760909,0.025190823,7.365111276172342,0.03460277,21.815461006644618,0.042333715,-44.1651530708225,0.033278868,11.509661,1.1079693,0.1658,1.7613467,5.845557284771765
54.392500153283585,0.11157763,24.704074258298697,0.08027846,7.192328275553237,0.11416299,20.078843408301385,0.15030865,-44.22225444994749,0.107650004,17.69337,3.2442513,0.5939,0.97433466,11.97771832632144
55.37655052879427,0.30208558,25.284880124204314,0.21758257,6.8702750804602815,0.32724592,20.309043624515738,0.43465146,-45.50594894833833,0.30904612,18.98263,3.8315334,0.0459,1.0692264,13.16750040710243
55.26734730073163,0.1295188,25.50698102635492,0.10154567,7.038790280080035,0.14266299,19.962279032630583,0.1709317,-45.81169533119183,0.13092552,17.910791,3.352625,0.9059,0.95036906,12.148281525312392
56.13788197135758,0.05868502,25.752519740211472,0.041112747,7.149068071202813,0.06229673,19.71595980126822,0.08496714,-44.83680822050025,0.055149734,16.459324,2.9976807,0.714,1.1406668,10.730571044570626
55.68259731255876,0.033318687,25.534924792183052,0.02480115,7.281823665960581,0.038002826,20.132943253920264,0.0423813,-45.387221011575406,0.03426891,15.527512,2.634223,0.5644,1.0474272,9.838712386706176
57.08124849197461,0.2532265,26.64967318022078,0.14185156,6.831768127963201,0.25682333,18.703766705401126,0.33372045,-43.84999550886402,0.1886659,18.726482,3.3448982,0.1206,1.1516677,12.8991479806587
57.891738387194295,0.062612295,24.568991301553485,0.039219245,7.421206266094838,0.06500095,20.34257441414748,0.09111916,-46.71852154545581,0.0529406,16.468485,2.9859047,0.6297,1.1151683,10.82085739154587
56.83070036887997,0.025298763,24.138920132623063,0.019494258,7.269312246192696,0.027773846,19.017069653993058,0.032082487,-43.927570681464154,0.02470716,8.243902,0.35392094,0.0763,0.874114,2.551368826182056
57.20406155769351,0.033856343,24.267173771028073,0.019603213,6.897881784660053,0.032174937,17.791532890139102,0.042647116,-47.53920278481299,0.025512844,10.7058525,1.0693512,0.0845,2.4192097,4.899431244502196
56.799503754015504,0.15516296,24.23144167346539,0.09998292,7.1911527684325165,0.16482066,19.07404745779211,0.2441829,-43.299155859962404,0.14097326,17.551449,3.3815842,0.6856,1.2849022,11.835441396912051
56.85469975761968,0.09770193,24.25462065234576,0.05837055,7.5495680701742245,0.100397095,21.087168165577484,0.13427204,-46.027592700818865,0.079594396,17.056747,3.0545607,0.585,0.9836351,11.446357962811168
57.177946533093994,0.09817304,24.4552402956949,0.066610746,7.938158096015889,0.10993434,19.43070052995618,0.12290145,-47.815166188835946,0.08356862,17.649462,3.2462635,0.7009,1.0535691,12.148060466453497
56.602739910078235,0.064162284,24.479398837694735,0.039498694,7.320709076268946,0.06251443,20.307721821964204,0.09284854,-45.75159001135238,0.05471866,16.471231,2.893527,0.5998,1.1160098,10.793997202609567
56.31946543928191,0.036064122,24.575481115491094,0.023314826,7.666701713472894,0.037823208,20.82255034321436,0.051307898,-47.73125292623668,0.030625746,15.082205,2.545967,0.5149,1.0978314,9.505247651693345
56.68666506758425,0.09059875,24.74939162434088,0.072086364,7.382649848312971,0.09851447,20.16782120245168,0.11341955,-44.18388468038046,0.09406659,17.464863,3.2632523,0.6851,1.030175,11.805924177279753
56.728918631435576,0.016384246,24.796134519995736,0.011419235,7.406586641921977,0.01864788,19.300650310901055,0.020284966,-46.34158408595681,0.014834507,10.408444,0.83399963,0.089,1.0771662,4.756534942399188
57.493140583588925,0.12310455,25.105670495329786,0.065998815,7.533728444357108,0.124690175,19.409193610428204,0.16725971,-47.91663424484297,0.088340044,17.568546,3.2861767,0.9347,0.9537864,11.953596104497802
57.07039222938601,0.03006022,25.21491968688357,0.019866316,7.358738230374514,0.030612484,18.11105149210825,0.048222587,-45.7244672361417,0.027914919,9.118056,0.6590395,0.0067,1.2645075,3.4520730683356042
57.828036864609324,0.070430115,26.054150719366156,0.041498773,7.274217633056106,0.07254123,18.95464920923878,0.102320105,-46.073171609353494,0.057421178,16.899532,3.0912428,0.7858,0.99135786,11.20846376969154
58.05557458367478,0.04532471,26.143438461375514,0.028049001,7.360596113610154,0.05323919,18.750344103076316,0.059870217,-46.15502930421356,0.040315267,15.564647,2.6743288,0.5916,1.041076,9.89921166103015
54.59755350922265,0.02482592,23.107846178922333,0.015906205,7.41348516289367,0.025197025,21.57072434828168,0.031425435,-45.486146541863064,0.019997183,14.31126,2.1313496,0.4561,1.1676027,8.661372336956255
53.789279180431066,0.02206229,24.238698906437666,0.020485438,7.539687879108131,0.02450523,21.915036001221143,0.03298733,-46.31853232725302,0.02755744,14.357129,2.1544647,0.4303,1.0059556,8.743895935626359
54.95000439198446,0.0451851,23.848945081679698,0.030734437,7.735459904904693,0.051293038,21.781214122121135,0.053276096,-47.44800048113087,0.037252747,15.734668,2.9731255,0.7279,1.0551088,10.177098474995354
54.865972772521204,0.021499248,23.89479513531878,0.014926305,7.3887946659635775,0.025709353,21.164750174314186,0.026237397,-45.34759525391402,0.017974311,11.304962,1.0654497,0.2156,1.0996524,5.647830146783907
55.02968901109932,0.113504454,24.21745010720196,0.08368793,7.3311977139771844,0.123022094,21.004541730395342,0.14672327,-46.72419357942475,0.106855236,17.691679,3.2340565,0.6836,0.79382396,12.017553661289998
54.77812109736227,0.030858317,24.702658564560203,0.022511277,7.702833922832106,0.033775095,21.68859240930002,0.038354125,-47.25978374602024,0.027645016,7.10341,0.038693905,0.0642,1.0057169,1.5366624388695094
54.96326524435254,0.018174058,25.194661602170083,0.012706296,6.995498709634505,0.020023247,19.752518722713635,0.021323627,-43.07260171331955,0.014912604,8.754338,0.48695087,0.0316,0.91633356,2.978431668555892
55.0460741774819,0.08206045,25.39058935918636,0.05123504,7.544997506047376,0.08250757,20.391724290968668,0.114009514,-45.91124823550244,0.066230565,16.925434,3.0741663,0.6626,1.0123941,11.31372961534011
55.0961363078789,0.09683963,25.496403168239663,0.063768126,7.622060732948219,0.09809559,21.03968683746736,0.13225524,-45.87470596943604,0.086805195,15.619633,2.967369,0.7865,2.497268,10.029994745594028
54.805550621894035,0.12443232,25.73029674907682,0.09089116,7.3112603328852295,0.1336563,21.68147661301884,0.16509211,-47.08774283910827,0.11497911,15.680477,2.9923859,--,3.3195555,10.00043838309966
52.79970469586578,0.05597383,25.164856393705218,0.042144254,7.642623427099762,0.06480642,21.45619620284237,0.072919026,-44.98673398949334,0.053039692,13.745739,1.9092398,0.1961,3.4786134,8.161951289347085
55.50015912504816,0.055026907,25.029602171661214,0.03852439,7.25899117883176,0.061878096,19.93211124667289,0.07609997,-45.037566573852786,0.04992074,15.981778,2.8222551,0.651,1.0519222,10.286159488068634
55.3905828925233,0.052561644,25.113310467653303,0.034665722,7.290173911930219,0.05448923,19.96269992321523,0.07665983,-44.170530044774594,0.048836544,15.965155,2.837679,0.6364,1.0892282,10.278844091948384
54.114113047525905,0.042231597,24.687959548352808,0.03215476,7.573477587320924,0.047345955,21.944407762523845,0.054336198,-46.72745760685539,0.041319627,15.9734125,2.8778658,0.6263,1.0167166,10.369889236320365
54.819826907433885,0.10915837,24.96055005254026,0.07754712,7.305524477865957,0.12150719,20.228106048472128,0.12965241,-42.694747553128735,0.0984525,17.438854,3.446476,0.8569,0.98320985,11.757111218721096
55.35292270473847,0.09564613,25.38482971529277,0.062243734,7.107390645724756,0.1028453,19.446567807724882,0.14174193,-43.1681210053775,0.09092039,17.099754,3.0725498,0.6347,1.0511023,11.358305265302398
52.44804976284317,0.12064138,24.20152964359804,0.08441171,6.946350085718155,0.15369047,20.457470731138315,0.15222234,-42.626634006578534,0.10765714,17.639044,3.3496304,0.7474,0.9675081,11.847827144596405
51.97616993558862,0.03647389,24.93627369748486,0.026816783,7.660715763550424,0.040612463,22.586067587067607,0.043680675,-45.39416484539979,0.035383016,15.786348,2.7832394,0.5883,1.0089101,10.207695087689025
52.28208012849836,0.11276495,25.361982007729676,0.081947446,7.163389351963591,0.13348249,21.32648301644556,0.15308006,-43.531332280570886,0.106620245,17.73708,3.1451588,0.6697,0.94995767,12.012672405481432
56.2865856843926,0.21549809,24.84194865005806,0.11084397,7.377864703423147,0.07577354,20.86138532272807,0.26306668,-45.364970916611675,0.12899776,15.99179,2.612996,--,1.1523504,10.331443251787222
56.29068291043696,0.05439387,24.839057004118633,0.03460724,7.222157170572348,0.055079572,20.218136384021552,0.06800887,-46.12398123648605,0.043639757,5.6404076,-0.08046627,0.0815,0.89882505,-0.06625776059558852
56.113347314337666,0.16440582,24.8449545392848,0.112671815,7.4997128273221305,0.17213874,20.833615795268948,0.2119738,-47.790813365486265,0.13709797,18.244398,3.1903744,1.158,1.0718635,12.619621287425858
56.614070394987166,0.016654506,25.13533113169354,0.013486428,7.435385667487052,0.020255685,20.86626267854035,0.020950142,-45.53996049628101,0.016101887,10.402031,0.8369837,0.0785,1.0625377,4.758548444566358
55.94994861466845,0.019961176,25.05300565392932,0.013606038,7.4822151427087125,0.019924905,20.977326174300586,0.02610037,-46.051783609112135,0.018499218,13.9155445,1.9273453,0.5052,1.1381932,8.285695468351186
55.654025634157705,0.10834278,25.23250873853018,0.07832782,7.335305240582374,0.12529974,19.838197493850103,0.13990936,-44.48416981759517,0.10035598,17.410069,3.217619,0.7765,1.056955,11.737159465192304
55.86311858120914,0.018713994,25.387387734138116,0.013946692,7.173660816351542,0.020604732,20.239121616848287,0.02452334,-44.00363001302027,0.01763025,11.151539,1.0633583,0.4012,1.0701579,5.4302430418638
56.021340450904624,0.012482857,25.483630341529256,0.008977772,7.428714539269931,0.014240386,20.772845832208723,0.015211567,-45.66424166197637,0.0111265695,12.185305,1.2658901,0.2181,0.98806936,6.539872992625954
56.56302634719172,0.41218033,26.780100111323527,0.2679254,7.600626869629589,0.43256143,20.310835234414483,0.5789558,-47.131810605893314,0.35417885,19.20191,3.533287,--,1.1572344,13.606157082162888
55.485423565219484,0.075643115,27.049300667730154,0.054993942,7.582136892000841,0.09021635,21.17369495320468,0.09011833,-47.08196462791402,0.069544226,16.844255,3.013709,0.6707,1.0609542,11.243213553131184
55.471078189588205,0.08267025,27.078469980586092,0.05453386,7.352313329316505,0.09685953,20.29106205358053,0.0958114,-45.68373385130346,0.074047424,16.893152,3.1388922,0.6617,1.0431647,11.225272271193804
55.912152687390275,0.13200636,27.01689344109369,0.08912362,7.469524192307425,0.13896443,20.951342267326574,0.18907116,-45.77451941328795,0.12771666,17.805464,3.4504242,0.7893,1.0361651,12.171928481873705
54.03534672859552,0.02035018,27.342763903700025,0.016759172,7.784236871856561,0.022130618,21.967444502982623,0.025908614,-47.896541330209445,0.021112831,9.215451,0.7591038,0.0196,1.2167645,3.6715314550623948
55.75532685027968,0.094444446,24.24773108224273,0.07150456,7.468803484431587,0.10686129,19.281719350539277,0.11238578,-45.75332459094989,0.08737816,17.534178,3.2893753,0.755,1.0231262,11.900432943358023
56.08555902364135,0.09476792,24.77265650135556,0.06316566,7.239818276902314,0.09719269,20.77951011355984,0.13246143,-46.36606728995916,0.08201734,10.84777,1.1080551,0.1788,5.585484,5.146408063858507
55.874637647335454,0.112293355,24.656396620900924,0.079952255,7.578873356565054,0.12604854,20.777348312640164,0.14881586,-48.2465613696604,0.101354726,17.55076,3.248804,0.547,1.0597987,11.948783519361363
55.96738194580432,0.02085705,24.841417159243488,0.01270566,7.374984049012138,0.020608423,21.07795817540528,0.030238,-44.25781713802527,0.017782511,13.734854,1.8592358,0.0921,1.1107836,8.073659171192752
55.16567231201829,0.087792985,24.735582879413812,0.06709559,7.6624858858062375,0.10175311,20.52210330743714,0.1179278,-46.58775662675574,0.0933223,17.243416,3.1730824,--,1.0419772,11.665264270333218
55.166905206554425,0.03902645,24.73568048752452,0.028485263,7.546891212349643,0.04470205,21.054175573782974,0.052771624,-47.18961144353148,0.038368635,15.603813,2.6466904,0.5453,1.0915166,9.992653620020821
55.58985581891144,0.016694127,24.664471459088475,0.011883045,7.367549758589729,0.01871885,20.382744156700035,0.022074126,-45.1690359507745,0.015126495,13.830462,1.9059258,0.2048,1.1203123,8.167077843990796
53.79354808310715,0.07345341,24.531663645306,0.048858277,7.172670900160543,0.08482127,20.70616102061893,0.08114088,-42.988025987035556,0.063519835,16.66706,3.001933,0.64,1.0128381,10.945465376001335
54.92365455303165,0.4254124,25.245524294065213,0.29284874,6.7667296514171085,0.46842638,20.83809508698929,0.5620355,-46.745927805775025,0.3630617,19.562662,3.2182465,--,1.0597116,13.714556252770695
52.14852759267881,0.34049982,24.012026305366348,0.2785602,6.961208631808529,0.37799,21.55456852769521,0.53610104,-44.52740013534425,0.38946438,19.43729,3.2596512,--,0.9042863,13.650713441825829
53.55617770252821,0.071260236,25.423579863502788,0.057631098,7.308317598967427,0.078896575,20.971734501976677,0.11523569,-45.55859534691584,0.08666835,16.92915,3.0932083,0.6933,1.0288146,11.248236689233854
56.769877107879125,0.12324386,25.380411951167037,0.09090394,7.182057919317966,0.13119489,20.58033921483641,0.16646978,-45.01120907151647,0.118535385,15.161356,2.8248568,0.7475,4.7154922,9.44260048803282
56.46653993674255,0.06508618,25.16698929532755,0.04560206,7.368127350969552,0.076481946,18.782484712686713,0.083846875,-45.49913875760345,0.05560042,16.831028,3.124382,0.6628,0.92855597,11.167813602692153
56.27224584037732,0.02925878,25.486232262260643,0.019879548,7.307102820399967,0.032731805,20.48440956570171,0.034423422,-46.506191978474355,0.02651374,15.064909,2.4520407,0.5389,0.9624008,9.38363507369334
57.34233213174778,0.06008069,25.793689824375647,0.038155116,6.94028215287807,0.069132656,19.41255011592517,0.072728164,-43.07535022079901,0.05133908,16.536205,2.9829655,0.729,1.1482606,10.743090925684514
56.87751552406311,0.04502423,26.278915634638096,0.03242754,7.392871542707543,0.05059735,20.972828410771882,0.054147717,-46.211325096638944,0.0400052,15.803625,2.7274551,0.5801,1.1019601,10.147690906987561
55.295733666287504,0.02216703,28.011213358376022,0.016708696,7.2422769241224,0.024898821,19.93982773250883,0.026147887,-44.7763179046601,0.022927774,13.804359,2.1478853,--,1.2982919,8.103735070971815
56.41992682270785,0.10425094,28.5348260802802,0.072977014,7.296692331701131,0.12591994,20.092324614604756,0.13042443,-44.75132515029033,0.09337024,17.320017,3.3200226,0.6424,0.9263265,11.635647033049246
55.23361984768233,0.023047581,28.727395631145097,0.015463167,6.949359923661927,0.024007034,19.555723117058392,0.031249298,-42.61715991408225,0.020765012,14.348489,2.0599356,0.4445,0.96126777,8.558212834640958
55.513837871122,0.030494768,24.536880391599198,0.021743998,7.219944321360041,0.034687944,19.159797994693193,0.035958074,-44.290963819389965,0.026707515,15.252396,2.5035162,0.579,1.0722638,9.545064871872745
54.12635880697465,0.0134938685,24.011984796048488,0.009834524,7.033976866053791,0.0136597175,19.756069206650054,0.018121524,-43.167536910950076,0.012663644,11.978131,1.1977539,0.2444,1.1092664,6.214135972442209
54.377946007264235,0.08060565,24.84832840205574,0.06188337,7.6497537347849605,0.08496897,22.351721495935905,0.11839295,-46.40825384572891,0.08502617,17.071465,3.1822329,0.652,1.0900918,11.489701810194934
54.34278163126909,0.06643728,24.90432863222203,0.053691044,7.1542297466143525,0.07112214,20.01189690313016,0.096447445,-43.75090282049841,0.07159735,16.784979,2.9699697,0.6582,1.0766789,11.057793280115437
56.306465913388266,0.014440858,25.08756084913728,0.010385199,7.505058121310262,0.01632549,20.585544507614465,0.017351627,-46.24529324895428,0.012668061,12.777334,1.4643488,0.6276,1.0887399,7.154104512719963
56.412758094613054,0.021137394,25.224208945373555,0.014943731,7.282245692610075,0.023906868,19.832396859021433,0.025905773,-45.07769249739836,0.018425398,14.256176,2.121193,0.5301,1.0119166,8.567502631488583
55.8662866290358,0.14457645,25.02789517561095,0.09779296,7.44637417462094,0.14614037,18.004377487928323,0.20306514,-45.17427793023197,0.13957778,18.05234,3.8537788,0.4541,0.97380877,12.412063830818251
56.09758094956015,0.09850379,25.358166340536687,0.07283031,7.657522583382873,0.11598177,22.410751101935375,0.122984946,-46.413603056585075,0.089429736,15.500117,2.8986225,--,3.276656,9.920558733398025
56.8579741062699,0.07764434,25.440566366115203,0.049842548,7.235428938011102,0.08104551,20.062196487855136,0.106665514,-45.204694104718186,0.065508984,16.65519,3.3346682,--,1.0557957,10.952510926673456
56.842929581108244,0.19892032,25.72068541952274,0.13379142,7.012934047920243,0.21206973,20.000409580126426,0.2520837,-44.77693333580872,0.1634073,18.576195,3.5313435,0.4166,0.98691094,12.805693536489006
55.40077339536187,0.01819119,25.619132539658523,0.013179402,7.260360591268323,0.02059642,17.45329149479062,0.0213053,-43.16377509224178,0.015652841,9.931939,0.78020096,0.1118,1.2195249,4.23673007904986
55.23049382970373,0.47845015,25.582471987043927,0.37687013,8.064563848237835,0.5259021,20.34857954475934,0.68777275,-46.40772582582498,0.51020586,19.898027,2.9352837,--,1.1031418,14.430931843191107
56.01878964027544,0.017384915,25.856103737794054,0.012373146,7.308381076735373,0.0190633,19.256685715816424,0.024754882,-43.26668931115148,0.016977781,12.512795,1.4363918,0.9262,1.1794591,6.83190137050191
55.94626178163878,0.052254733,26.07635238903365,0.032663874,7.123962622313409,0.053442292,20.134319603109525,0.08024901,-44.8751076038033,0.046707314,15.8355,2.7806025,0.5964,1.1097306,10.09910792429094
55.04463153936919,0.076654434,25.824830637268388,0.060981527,7.083079593121529,0.08727159,18.865772908616623,0.09735536,-43.41389944645241,0.07873516,17.180622,3.09622,0.6705,1.0204391,11.431732710965088
55.90868834592439,0.017439123,26.612313861082,0.011829934,7.034812837832362,0.020927692,18.96927253509914,0.018791556,-43.74373870479166,0.013638297,13.390502,1.6709251,0.3962,1.0334506,7.626764713311999
53.21412091084307,0.087255925,25.915627009848595,0.07127264,6.963288198620565,0.10076925,20.159340048802424,0.10460097,-42.56487596534092,0.08853601,17.18513,3.1691465,0.7828,1.0072017,11.399201016926156
56.25481939508828,0.061409242,24.777907828400753,0.041441593,7.4811645664167425,0.06247579,20.69991043384025,0.081224546,-46.87193783784339,0.05153441,16.527004,2.989872,0.5798,1.0551254,10.896850283004472
55.95194192919897,0.057673205,25.043404964099803,0.039471794,7.201589805683961,0.058217473,19.278146177105445,0.07573463,-46.133960498251554,0.05446726,15.993855,3.0450907,0.7738,1.3087212,10.28099738049398
56.89678892561737,0.02477573,25.543758791701833,0.015667396,6.764412874641352,0.026262946,18.625214309118213,0.035664406,-42.80981941168463,0.020300217,13.986233,1.9626875,0.6736,1.2456479,8.137383294853713
57.39710417795447,0.06880429,25.992811633357707,0.04771378,7.548105197674344,0.07340198,20.634656702016997,0.09392334,-46.82215032006613,0.062155847,16.722004,3.0908432,0.6133,1.0806928,11.111193658176873
56.42996532020241,0.051784024,26.040585885875117,0.035618395,7.286612572195774,0.056471862,20.260907066879618,0.065138854,-44.030689839099395,0.045519736,16.206894,2.9062061,0.6465,1.1960437,10.519522314816799
56.98594071421606,0.4601371,26.530520288717234,0.24286124,7.285608677826971,0.11357708,21.779069389037044,0.55775774,-44.786466547637836,0.3127975,16.010849,--,--,0.94839823,10.32317820328636
55.65988578713487,0.11256812,25.478848353058403,0.08958238,7.234602964116197,0.13170081,20.460033482893287,0.1428001,-44.29195405773243,0.12016019,17.84341,3.4304466,0.8044,1.0223122,12.140484001820667
55.49621763545559,0.014181039,25.920717603367972,0.010060375,7.291083068714323,0.016311152,20.577735288715886,0.016477574,-45.13735752166035,0.012680586,12.449474,1.3623419,0.2684,1.0878749,6.763434566038038
56.28429366184955,0.022477064,26.29231185969051,0.01539468,7.363967286383346,0.02564819,19.67389418735072,0.026386384,-45.70708260116016,0.018574245,11.22545,1.009407,0.2462,1.0814631,5.5610088147261525
58.17431918431463,0.08020135,26.769461759965537,0.06308138,7.385264532032264,0.08308385,18.964839610456647,0.119485654,-47.621059215479264,0.08675674,17.11057,3.1805716,0.6896,1.029859,11.452401186973
54.31511046382963,0.2285307,26.491495528151074,0.14673032,8.202813815046042,0.28924495,22.09380215237249,0.23485914,-47.471770427647435,0.2242245,18.19556,3.497633,0.4192,1.0859244,12.765374726221234
54.81489397592177,0.12802634,26.800907214746978,0.088990174,7.725854859056574,0.13777708,21.601946539976296,0.16312906,-48.27398700074737,0.117234804,17.517397,3.2931805,0.741,0.8190839,11.957129652173622
55.06948247876081,0.03766029,27.922631045395285,0.031224506,7.450867275462981,0.04135996,20.470849451341355,0.04839197,-45.462798240630434,0.0389905,15.456091,2.644207,0.5359,0.99745065,9.817125063366124
53.15127798157077,0.175981,26.969356674667306,0.15158263,7.814740624052498,0.20361699,22.373636889043716,0.22909659,-48.091578781306396,0.18473096,18.395054,3.6527958,--,1.05269,12.859626704020481
56.20917356922093,0.014637712,24.91091026357742,0.00913844,7.4733806175867645,0.015080329,20.085431297811194,0.017434824,-48.023407865786695,0.011237728,12.985639,1.562665,0.1785,0.82991743,7.353224125165731
56.13412411806881,0.087723516,25.13659429380858,0.067025535,7.662160127462412,0.10171975,21.463357658961304,0.10641124,-48.07332552456981,0.08463865,17.42494,3.1727524,0.6789,0.946606,11.846696228424438
56.811777082442,0.017717818,25.371626043110563,0.012215889,7.473088690859399,0.018639917,19.5615504543579,0.024828209,-45.937804813456154,0.016755968,11.425433,1.0868158,0.3126,0.96752083,5.792933841413394
56.25512663573019,0.07865825,25.351427914366585,0.057907626,7.338951516005683,0.0935944,19.72096734544033,0.09867371,-46.16514955455619,0.07821704,17.140594,3.1177254,0.8012,1.0328075,11.468764575368345
57.49428606850405,0.07852254,25.896034214215305,0.051839825,7.5491718165493475,0.08640914,21.59427404509217,0.10668991,-46.67945562362612,0.07022329,17.203047,3.17352,0.8942,1.01036,11.59254334808972
56.63472772160258,0.181095,25.85702419931459,0.13861552,7.376009369345683,0.1953426,21.483210131187974,0.2320355,-46.60544387627601,0.18605012,17.451334,3.3127155,--,1.2667929,11.790441298167337
55.85925726123208,0.039825764,26.04171814484886,0.025553202,7.531798746166224,0.041320127,21.04499085890347,0.055109035,-46.57714171018587,0.03303694,15.682308,2.7230577,0.6758,0.94088715,10.066801731574419
56.139657902588276,0.06943247,26.24796151677609,0.05174451,7.50696631904469,0.07610059,19.901138058326865,0.093992345,-46.30616846389316,0.07340323,15.680851,2.813116,0.6783,1.9050993,10.05817331943377
57.663934862297,0.21805835,26.267579819782032,0.12978964,8.046491857257392,0.23082528,18.758114280454436,0.29129982,-46.93982812127861,0.18123461,18.48569,3.4977875,--,1.0418731,13.013722043859703
54.29996930888751,0.07802629,26.77452362874685,0.07641218,7.088259937260913,0.08305905,20.566766857740184,0.103877686,-43.83094889305366,0.09450877,16.33459,3.1324673,0.8172,1.2821684,10.587289088912659
54.53880339484619,0.0739326,27.58579159818083,0.057021327,6.871714596684697,0.08208116,18.96723920566573,0.086118095,-43.568620731763,0.07122501,13.340695,1.7241201,0.4127,5.0140324,7.526020949265558
56.009471201216755,0.42958066,28.858894718862196,0.30163327,6.2489821117444055,0.4943236,17.80949563195095,0.49047214,-45.45068831132747,0.40472496,19.717342,2.789051,--,1.0907232,13.696388784026011
30.644689044911146,0.069583654,14.534196832802815,0.06695308,5.88658203639974,0.07903952,21.376708943873624,0.094004646,-47.72650852200503,0.07516782,16.997314,2.588418,0.5459,1.0198126,10.846630457114278
29.570933538563295,0.031048203,16.625699888084732,0.022571247,6.945831989718239,0.031252183,17.433715105242598,0.03338851,-42.77004655286289,0.028850775,14.462412,2.1549587,0.4274,1.2128881,8.671033251021402
39.41295284193791,0.04862218,23.06873713848127,0.048814874,5.887805347760472,0.05915288,19.090777692341575,0.06666915,-48.27665524796835,0.06455152,16.187773,2.4752417,0.4681,1.101655,10.03753996929612
32.156397739418786,0.08285193,26.727616981104276,0.067518696,5.179446298032655,0.09373527,21.968888851578512,0.10403439,-44.75377902889561,0.094449066,17.12375,2.9043903,0.5982,1.0438023,10.695167359346453
36.24673940001162,0.020917268,23.18310418086539,0.01677641,8.235926721122327,0.023115207,17.363158792481588,0.025435714,-47.77439959418831,0.020210452,10.587747,0.910408,--,1.1205595,5.16630898939229
36.44246672894384,0.034755744,25.655300586439996,0.03302112,5.525479303531972,0.04104776,21.035622981693987,0.045717057,-42.73594402187025,0.039762046,15.815668,2.617361,0.5294,1.0103056,9.527517888770307
49.45477887173658,0.04696731,24.347828881171093,0.042165898,7.173917494695718,0.054263644,21.14285608384159,0.060091667,-43.104723136131696,0.05056186,14.441338,2.5800562,--,2.5052652,8.720119473769795
42.58706880880191,0.026521685,24.18636643869147,0.023984624,5.075046394076519,0.030254744,19.4257476958642,0.035162732,-42.90912087001607,0.03107731,15.219213,2.0557566,0.4934,1.0300351,8.746412615806488
52.236369577803046,0.018193735,26.3084164476805,0.018108966,7.691363749038779,0.020366179,21.945139724400903,0.026757408,-48.269579564828305,0.02466798,8.330847,0.4247141,0.1085,0.8186767,2.7608635415346683
54.00790488393718,0.093196034,28.913325918638694,0.069962546,6.769003982293859,0.11504315,20.528482546794194,0.10547908,-43.214382796753064,0.0918695,17.142508,3.0459595,0.5935,0.9096985,11.295131401092965
28.977053019814363,0.017567549,20.608941192932267,0.019245403,5.511554265182595,0.02502622,19.703171725360363,0.02395405,-43.578532711010396,0.027352108,14.002932,1.7092276,0.4319,0.9447915,7.709302033396675
49.671081587535305,0.046827555,25.785217853014338,0.034192227,7.199572649126071,0.05432787,21.856939493577652,0.05914583,-42.81739000325249,0.041108172,15.716307,2.654151,0.5938,1.0060369,10.002840278533707
33.77158383603524,0.045307405,26.027637594223883,0.036836237,5.192452686467626,0.050460216,19.055683711934844,0.05753572,-46.22531877795028,0.045528684,15.94739,2.39439,0.4569,0.9743652,9.524252342370724
51.839377765751806,0.033256743,27.864242661131392,0.02914304,7.182693558081195,0.040291157,21.226976361776952,0.041987825,-43.200279425858376,0.036935717,15.232319,2.5670366,0.5393,1.1492255,9.513755568774608
53.693219395465775,0.03382192,27.925578583449024,0.028841909,7.254427847209305,0.03937223,20.792045427794903,0.04051339,-44.00750870442434,0.035483554,15.407915,2.6385202,0.7,1.0624498,9.710930943127082
52.29698668253658,0.09778456,27.16451963527306,0.07791597,7.140112943517618,0.1085742,20.160861914469375,0.117557414,-43.0666881920402,0.095760055,16.671446,3.219823,0.7869,1.6285983,10.93997125442905
52.0462760679983,0.01526677,27.307022530883003,0.012863361,7.55271094008853,0.017436646,22.224231493426494,0.01957076,-46.82211219947081,0.017161444,10.601268,0.89407635,0.204,1.0102866,4.991782132384772
52.04728336144166,0.24593942,26.926861777732977,0.14163102,7.200177317773035,0.2510499,20.710538747334112,0.27401316,-43.33832597133127,0.1826162,18.444439,3.509451,0.4617,0.96612036,12.731154893692326
53.082068308120775,0.10884229,28.06193552575411,0.094075754,7.690850677431029,0.12201529,21.112930434406877,0.1325056,-45.44244473302831,0.11686192,17.46759,3.2828064,0.6868,0.94954413,11.897462228750678
52.762513189869445,0.24996218,31.317543328475942,0.17678054,8.354913087249574,0.28220773,19.523000256148602,0.41260138,-46.52588454083977,0.25918466,18.505636,3.2140408,--,1.0062248,13.115345897533407
52.86140388881814,0.041483294,27.326560052838527,0.033148058,7.205455854683533,0.05196204,21.026228626793408,0.044862874,-43.59574602120835,0.036554288,15.543323,2.6128826,0.6027,1.0961264,9.831629871926983
50.447836489850324,0.07419635,25.296002278739042,0.052383944,7.262178930754814,0.08937366,21.95552756524972,0.10628122,-43.530824217949835,0.06779869,16.601688,3.2087069,0.8396,1.0628202,10.907023110842447
53.239942325577815,0.13997519,27.288651780186445,0.10482229,7.349596106404434,0.16094221,21.038915878842964,0.16954881,-44.945341343556144,0.12748262,17.807346,3.3538609,0.6638,1.0916979,12.138663710449473
54.18390037718592,0.01349779,28.55026280043369,0.010055273,7.235639729559156,0.014941996,19.719202814314578,0.016437244,-45.515390116502395,0.012419145,12.18186,1.295434,0.1332,1.0568128,6.479244643729533
51.491706804244544,0.23810987,27.609434208359467,0.2044919,7.955327840010395,0.25737998,22.532909662432324,0.2985683,-48.286358933209854,0.25270903,13.363942,1.8976898,--,15.333973,7.8672325546955335
52.56631393790063,0.031083459,28.581671635108577,0.022374045,7.39430068776948,0.03570105,20.277727288608663,0.036523625,-47.06841859984146,0.030529875,15.080872,2.4980392,0.5489,1.0938436,9.425357117506572
52.92104035595366,0.11179044,33.069236953617846,0.08450209,7.081796801963612,0.13303542,20.925191500642597,0.1318402,-43.105873934407406,0.10509183,17.569077,3.2655773,0.8226,0.949977,11.819793845019916
49.42627493278701,0.10485809,29.955576675375344,0.09422312,5.972033143671816,0.12233041,17.457539159782485,0.13763684,-46.60811985450969,0.12027749,17.744999,3.1551208,0.9408,0.9616073,11.62560997845064
53.14828101941139,0.36191228,27.060103194690488,0.2982432,7.631254694397935,0.42974913,21.66157351643573,0.42050347,-47.141562209721194,0.34436244,19.387897,3.1814308,--,1.1203161,13.800877233690525
38.987116060709255,0.12383495,25.488343887781603,0.112029016,6.2378540549876975,0.14314246,19.0047273893174,0.17126028,-45.87284138214383,0.150288,18.105635,3.1199455,0.629,0.99155205,12.08081073680781
52.24400231880925,0.038139563,26.303314281086163,0.03398833,7.746637116893237,0.042667348,22.918569681967917,0.048686195,-48.06806151326341,0.042447556,15.73018,2.8088741,0.624,1.0109403,10.175745848546184
46.10997757958155,0.07777365,33.2839410918052,0.054944776,6.93714811415745,0.08287739,22.02678111184292,0.09248479,-42.82134543269578,0.071203984,16.579136,2.9821396,0.6428,1.0691607,10.785040730596224
53.63006579484967,0.09185898,28.841984073286376,0.07373653,7.23203559801309,0.10136894,20.992626680270405,0.11439417,-44.52427051973394,0.09545591,17.38918,3.2502956,0.674,1.0149173,11.685482005667028
51.57181963931882,0.08560206,29.402624690968956,0.058281947,6.923646889870726,0.09537235,21.1078993043677,0.11234867,-43.942701673169665,0.07418286,16.90721,3.1138048,0.6623,1.0217454,11.108883948812398
54.19371883040317,0.14198716,28.251550133718617,0.09645798,7.6851884575909795,0.1461473,21.261633476811,0.2019015,-47.55248335199197,0.1258622,17.741257,3.3247833,0.72,0.967038,12.169529322940805
52.18411451894369,0.68747133,28.076930239577216,0.45187813,7.606185206332506,0.7189746,19.790173221042558,0.8819268,-44.50609574369634,0.57881033,19.903633,3.556404,--,1.1892186,14.309467597829402
44.746986058808595,0.08639449,37.43425396277949,0.073773146,7.743869759706128,0.1018553,17.74915811061897,0.10855703,-46.15063494079121,0.09917405,17.288403,2.759657,0.5738,1.0346955,11.733192758267426
46.41002029234807,0.33419266,33.780846720206455,0.30509672,6.813948740523303,0.3783941,18.175335038735476,0.43329707,-45.0810724447863,0.38425976,19.409164,2.841299,--,1.0592518,13.57615873953738
36.57954754920572,0.14298174,30.22964875192998,0.1115058,6.336478287561464,0.15290625,19.66583747855441,0.17938538,-44.35462699281905,0.14285305,18.093851,3.1351833,0.5053,0.97852135,12.103090844797192
35.626769501322144,0.26940632,28.345170062012027,0.2748578,6.535715141037304,0.3314324,19.72434530960485,0.35873115,-43.06166926091528,0.36382914,19.215115,0.31271553,--,0.94528514,13.291580169625522
36.57702362360744,0.025619362,30.424698037789028,0.021017771,5.319472917660201,0.027240323,22.687335326826602,0.033296183,-44.854806951674504,0.026703527,14.734784,2.0491495,1.9137,1.0423601,8.364127137106527
40.880197381873906,0.2766429,34.281906222548535,0.20928475,5.044703823528779,0.27859095,20.71888681908373,0.34167764,-45.31713053595449,0.29070148,18.992373,3.1976528,0.0453,0.97941595,12.506550881457114
64.08373648644971,0.014803776,24.61369081129801,0.008546682,7.059712103015385,0.01650115,17.38920144271069,0.020220961,-45.179155620410626,0.014073481,13.590588,1.9094162,0.9049,1.057206,7.834522569794398
45.58730836059269,0.3169759,38.248555028164816,0.300568,5.299054257410948,0.3747853,19.68969179521471,0.43630013,-44.11807982273578,0.41551313,19.274132,3.3167553,--,1.0817621,12.895123606455442
70.0169354431003,0.012679829,27.184613490704425,0.007701527,5.288338565043242,0.014240496,17.97310365517746,0.015301463,-42.908675297308484,0.012113619,10.591802,1.0727882,0.5817,0.9182748,4.2083979001763065
44.54758751725169,0.08638983,38.07859840859099,0.09314442,7.3933424612394845,0.10908008,21.181749522945545,0.107782446,-43.988670476783795,0.123589374,17.210236,2.961092,0.6269,1.0231478,11.554439712097137
67.48513006816393,0.080139905,26.324859377696974,0.050968748,5.665948105495487,0.084279574,20.742430277386596,0.10689318,-46.31942718331173,0.08137172,17.034515,3.1311235,1.3886,1.0343066,10.800878343323859
72.63061705601567,0.075739905,28.91259218105149,0.038498633,7.9573381878234315,0.08292078,22.356177929107687,0.095356956,-42.96437489500091,0.06509116,17.119694,3.0499449,0.7206,1.0257223,11.623532836206863
65.47946479218346,0.017876,22.76207003854681,0.009528652,7.918577410260749,0.020418424,22.12772462303328,0.025041405,-45.6146653896406,0.016101928,13.929434,1.8179636,0.0686,1.0365374,8.422669655852623
74.88736464730084,0.0489143,31.943699326727117,0.026087249,8.01716365375796,0.051705673,17.716976052796305,0.066369474,-44.052651156609016,0.042907957,16.298544,2.827098,0.5868,1.1043663,10.818647674595852
74.67304264508164,0.27635482,32.33681338645064,0.14944604,5.473581503359487,0.32982975,18.22789826287264,0.3685831,-45.48883099784756,0.2379545,11.499917,1.1923275,--,14.498589,5.191274976587712
72.09655589797373,0.1785031,28.93891831151493,0.08365108,5.937713376336163,0.18840107,18.48726532732882,0.24266289,-45.714565573005856,0.14988941,18.338326,3.127493,0.6767,1.0358229,12.20642164860051
76.4757073059147,0.1565537,28.8512614615014,0.10187957,5.977702300905974,0.17683627,20.33810604030745,0.18621609,-43.515931282286545,0.13376153,17.908674,2.631895,0.6378,1.2035655,11.79134565353732
68.57386918619477,0.015581268,26.68447651570806,0.010517618,7.654094555704831,0.017036838,19.85897004931268,0.020202015,-45.71813457050666,0.016337862,13.539281,1.8868732,0.5898,1.056728,7.9587500065514725
72.28338628076254,0.26404303,29.588834358988827,0.1324942,5.00598955736242,0.3152538,20.194261333601546,0.31489995,-46.81928140551857,0.23159817,14.999445,2.438655,1.1971,11.52152,8.496894658159965
73.33276832186972,0.26256996,25.733940999190946,0.13086858,5.06390579182734,0.29578894,21.06922548075604,0.34663585,-47.26971222399433,0.23901413,19.04138,3.1721764,--,1.0058872,12.563808016251757
74.09081598079872,0.118913375,26.69000826083079,0.0478449,5.985990263053278,0.13268329,20.61098738373182,0.14251561,-47.06544478735013,0.08849521,17.16364,--,--,0.8978309,11.049319098961272
75.71199824557723,0.103745356,32.83392335003717,0.057973225,5.8445468003093,0.115556516,20.98875491980521,0.15567075,-44.763636288651114,0.106336325,13.025957,1.6036434,0.5082,9.159838,6.859711310563011
71.02791809698049,0.13416879,27.37863985091721,0.062339604,5.593807742254962,0.14697781,21.27951732002881,0.16864163,-45.210818043522806,0.1149451,17.859505,3.4074554,--,1.0365678,11.59804237821436
71.02784442001266,0.2522333,27.37883832977562,0.104730465,5.417363045511117,0.27351055,20.7796724687052,0.3108256,-44.675660472401006,0.21462122,18.706318,--,--,0.9757594,12.375257606018582
72.02049130682873,0.20776433,32.65869227173,0.10902255,7.471770515952147,0.22869492,22.15145257414307,0.2975625,-46.481918750964965,0.19676153,18.62143,3.3121204,0.6247,0.9849452,12.988547067027
73.05425048816181,0.04489602,34.659771823623416,0.026399842,7.315403916791274,0.05452877,20.260853770552096,0.070178434,-46.84702873845387,0.04647954,16.244068,2.6568909,0.5759,0.9980557,10.565259698257282
72.27747905830682,0.016861789,33.00848116505709,0.009689577,6.279225418583574,0.018855982,20.30370186130282,0.02130175,-43.35227080838005,0.016000979,10.422653,1.1102047,0.7127,1.1037682,4.412183568853026
59.686365376575544,0.014964119,27.395276960716007,0.0091434205,7.040956929241796,0.017944574,19.195396338905553,0.019643454,-43.17545698299308,0.012849665,12.728684,1.4954205,0.4642,0.9848471,6.966842863711484
61.61437158416674,0.036250837,27.782465314829608,0.0201957,6.39103066215295,0.044791892,19.630371823657846,0.051109415,-44.559588696106175,0.02811577,11.581808,1.1515341,0.3615,2.3762338,5.60966259601868
59.64256444074718,0.12556231,32.292975282197865,0.08451653,5.275271860599467,0.15436436,19.7550595911692,0.1728953,-42.85052285647441,0.12254103,18.051584,3.3592453,1.2886,1.085257,11.662808473116757
66.47711810466231,0.14259574,32.29735573581487,0.0958771,6.77645630201472,0.1618312,20.84663368796713,0.2126839,-46.78780340449863,0.16582541,17.94181,3.2844276,--,1.0288118,12.096823818530876
76.47739982129319,0.014511549,28.85061072523449,0.008880211,5.659037055324847,0.016317254,21.517091042710504,0.018251657,-43.77108891026022,0.0126221,11.875732,0.99198055,0.1128,1.061941,5.639445110380425
58.19384512033194,0.4220903,30.000819210677133,0.23391828,7.393700506469139,0.24234183,21.363786754105078,0.59799767,-43.35302932261454,0.30697626,18.13013,--,--,1.0819509,12.474440041865362
72.2780531321267,0.026916243,33.00857061248429,0.016180243,6.285740598068478,0.03175267,21.73331802461501,0.034288995,-44.53083629310464,0.026409674,10.869639,1.1599627,--,1.683581,4.861421668913973
62.53671417100423,0.1237872,25.76440991705253,0.07180848,7.904249877338837,0.1465774,19.042975273110336,0.1718668,-45.83315089434439,0.12148121,18.03068,3.2325592,0.8165,1.0327024,12.519983008577992
70.44540503025708,0.033364084,29.348736710899963,0.021271491,6.396576102297629,0.037563097,21.908342667567126,0.041261937,-44.950891524022325,0.033855613,15.518401,2.4774218,0.5579,0.94989264,9.548139001967076
60.163539103446325,0.024851497,26.73850580231863,0.015529517,7.2464846919275585,0.027860321,18.146826051496276,0.030340465,-45.87143620894411,0.019756082,14.682872,2.333519,0.5421,1.0153785,8.983508714060765
67.73436232172115,0.27563614,36.02555649491569,0.17603262,5.38500970900749,0.30773035,18.054492077728554,0.41557214,-43.358142147175194,0.30402994,18.961384,3.0105267,0.3508,0.9944791,12.617316272851822
74.33882025167925,0.19733061,33.77469719574491,0.10712872,5.024316469819749,0.2035385,18.056753705475813,0.27857342,-48.00383878084058,0.17479189,18.520351,3.5095997,0.7656,0.9620917,12.02573634378051
71.75294699272658,0.1233511,33.16240324843415,0.059525054,5.468385250741919,0.13480078,19.20418741454567,0.17719603,-43.04394769900416,0.12504964,17.740595,2.8170338,0.976,0.99962705,11.429890380182526
66.40626117997815,0.08079008,32.73663765675609,0.05286088,5.437712235454356,0.09720187,19.612539610968287,0.1227127,-47.6460838389473,0.09013213,16.109896,1.7947989,--,1.0961322,9.78697681082968
57.30869166212821,0.016340207,29.31498524046743,0.008338867,6.64821607307754,0.016198989,19.14032283949624,0.020172892,-46.05501489993928,0.011135809,12.540821,1.3492765,0.5665,1.1982812,6.6543467052977014
58.19395106737632,0.032086175,30.00109445015491,0.020001007,6.974713954827554,0.034508683,17.846764243087367,0.040174015,-43.498683073416274,0.026200753,15.284433,2.4717293,0.7392,1.1438015,9.502065370555242
62.28169939380339,0.25585744,34.216703879514974,0.15852845,7.5972362726500515,0.30438584,21.281841719188918,0.34506178,-46.67924116213818,0.22981662,11.6431675,1.3839865,--,15.915161,6.046445661191454
71.522200889962,0.014970433,34.06004713783729,0.008520843,6.743920025677746,0.016532797,19.492669077983347,0.019247942,-45.40010520342768,0.015634611,13.641747,1.8154116,0.5292,1.0973403,7.786309532002958
66.4063317596971,0.012926067,32.73588926952053,0.008287774,5.5836436983694435,0.0147723425,20.350548649683592,0.019039286,-48.00750109494528,0.01441294,10.707626,0.9605799,0.3322,0.8659319,4.44221482998843
56.998661564036674,0.115892276,29.56054641154892,0.07891578,7.291933490214129,0.12758788,19.73215234388574,0.14714125,-45.02755958830549,0.10628925,17.471182,3.3246727,0.6719,1.0599512,11.78539536349399
69.43402007791353,0.51675165,38.61996809543438,0.29152417,6.458359519747318,0.5851045,18.21012646103497,0.7138548,-44.93028934834919,0.52577496,19.816935,0.5483074,--,1.01372,13.8675456724521
71.26400730077903,0.058003716,34.48784987998813,0.03468395,8.277106109941625,0.0752171,22.365636890953354,0.08073867,-47.03129736191706,0.062073924,16.715746,-0.1701374,--,1.0388407,11.30513853968102
64.08172608627275,0.03345383,35.526663581424685,0.021149632,5.262374065322871,0.038801543,19.49488354808519,0.045166392,-44.65746939837774,0.029983897,12.866324,1.3415194,0.196,2.1760957,6.472233003746332
60.57868159523185,0.019938556,33.69884300845898,0.013812483,6.779773673070359,0.023780856,18.45036067138775,0.03167072,-44.538400184779604,0.02061521,14.422025,2.3720846,0.6997,1.1465199,8.578100707871677
66.70928524158663,0.016273838,32.54398278925568,0.010495956,7.7742638242955415,0.018689478,18.34742452507241,0.023209086,-45.53683006583643,0.01673273,13.011276,1.6884661,--,0.9994916,7.464572618059593
66.73194216534608,0.045955654,36.61052343928449,0.03322258,5.593880891090723,0.05185676,18.34909872013588,0.062493335,-44.38411600488898,0.05081767,16.15148,2.4630623,0.9045,1.003962,9.890045795196862
67.88392720111666,0.023126693,36.072136649481244,0.014415482,5.957637766867544,0.026757412,18.95273404248406,0.03052272,-48.26365077527275,0.02305305,14.351587,1.8728218,--,1.0636528,8.226957765226942
65.2861233884771,0.07908679,36.70602216234991,0.05420483,7.933029313219565,0.08813235,21.75945609462572,0.11636888,-46.99050774953844,0.08320069,16.837492,2.9940825,0.5976,1.0842139,11.334687284357114
65.51902470112505,0.076806374,36.55994165041847,0.047876142,6.248480619926357,0.07421499,22.467275972226247,0.10890254,-45.78702502757486,0.07973045,16.628977,2.7793732,0.7694,1.0393343,10.60784895773903
71.45158590831608,0.022911875,35.234917062876804,0.012974244,6.6373374238428235,0.027624233,17.287624886996674,0.03245164,-47.5070962690554,0.02447176,14.761977,2.1503744,0.502,1.073944,8.871946678396291
65.80422016654072,0.01450933,37.5106509150101,0.009902908,7.034237304084583,0.016345164,22.77511355351087,0.019430127,-45.36594101491791,0.015120152,10.70117,0.89922714,0.2198,1.1982837,4.93725504467573
76.63275885720223,0.051621765,32.84122505969545,0.023788525,7.255313005428498,0.056386992,17.92850791270119,0.06314264,-48.305131022844904,0.045413256,16.253588,2.6620512,0.5611,1.0231717,10.556868489347371
74.1340321227477,0.039727334,36.51216953685142,0.025080377,6.041729051019812,0.04988409,18.77534864214836,0.058399588,-42.807884752321904,0.046779633,16.039328,2.5143785,0.5866,1.0130594,9.945133845903385
75.302956842511,0.05686156,37.55082064030319,0.03287073,8.23838786413815,0.063558124,19.88773917187798,0.0746701,-43.015113598069064,0.053353578,15.249117,2.5146914,0.4419,2.0865033,9.82832807123344
70.86790091324065,0.14003456,42.89474118253895,0.09569271,6.773705991048596,0.16683683,20.293337712773038,0.19212572,-42.59431143864613,0.15147829,18.240032,3.3753548,0.9651,1.0224274,12.394163908077893
73.07800936273524,0.0522203,41.58551562021765,0.03349501,6.724148545626568,0.058666427,20.19465182169384,0.06418229,-44.75764974354502,0.053225446,16.515057,2.6858816,0.6055,1.0524825,10.653243105266226
72.18624316824466,0.023817351,36.8500030334722,0.014691832,5.094248149390427,0.02609177,17.63897782296953,0.030599385,-44.84124250894028,0.024540545,14.336653,2.063633,0.796,1.2491323,7.872053237522794
72.18465261318384,0.02339952,36.85015995151688,0.014528302,5.023587406892364,0.025012279,17.31879436172504,0.03139287,-43.98773976260334,0.025422817,12.682075,1.4744911,0.2829,1.5683,6.187144362215106
74.05807811893318,0.01471931,40.753295783014345,0.008763489,7.0107719151675285,0.016031517,21.54951983643044,0.020279752,-44.01670983958931,0.016734155,13.071919,1.6389151,0.4343,1.1337852,7.300748632369919
70.42607336232652,0.02134823,41.570971898694395,0.013748113,8.196759093002026,0.025525767,20.19998727953785,0.02789285,-45.0396450392329,0.023319285,8.771386,0.57899666,0.0003,1.0345223,3.3395970022168022
52.135930166886986,0.022384401,35.98730644780503,0.017518567,6.069188029915104,0.024882158,19.437890990521502,0.026368417,-43.00724965103327,0.02397523,11.265342,0.99214363,0.2763,1.1078764,5.1809947217526044
52.04140241056316,0.029684935,36.44951347700646,0.021639656,7.143784551425694,0.03132437,19.388702932831684,0.037457906,-45.44683012241735,0.02884673,15.051531,2.4443903,0.5739,0.98413914,9.32117257921673
58.47366109673685,0.015305833,32.570350781651115,0.010811487,7.1046430877341855,0.018771784,17.24647136065445,0.021783583,-46.30307922193771,0.014829446,13.902108,1.904932,0.5292,0.99589944,8.159819519369345
56.42959017833022,0.19135812,30.399733972726075,0.13269882,5.914685997365546,0.20676206,17.030931777157175,0.24465589,-46.423707516817025,0.16761197,18.251394,3.0941296,--,1.0721532,12.111052739213678
56.79191420958827,0.05845603,30.533656605702898,0.031663187,6.505382156530032,0.07055049,20.774277550220564,0.070829324,-44.26922840566324,0.043879807,16.009077,2.710353,0.8405,1.0046996,10.07544114280932
60.663625103282385,0.17339113,35.20903087848879,0.12813002,8.109737016534886,0.19547838,17.385006117116227,0.22792369,-44.37947197580118,0.18336338,18.469849,3.3889828,0.6913,1.0643888,13.014882488258197
63.54949899879275,0.017302625,43.24458892044499,0.011717393,7.143367583169225,0.020186761,20.30843142928998,0.02454981,-47.306522557912245,0.015268164,14.0002365,2.0101652,--,1.1084247,8.269751504282556
56.74576126479878,0.13991952,31.89403118606283,0.08677947,7.5886674816319735,0.16382524,21.116661389301612,0.1993698,-45.00105576475522,0.117003985,17.893871,3.309044,0.6069,1.0624642,12.29469892454501
63.56042994619133,0.19454797,43.2454824278036,0.13880633,7.088082693104468,0.24887572,19.61381602254041,0.2830674,-47.75673948618764,0.17733975,18.76074,3.4115067,0.7184,1.0166413,13.013384158173222
60.74925180003199,0.012206737,37.37646805260447,0.007865581,7.674627355506823,0.015142848,22.66196426424907,0.017337052,-43.897927923984184,0.011309013,11.900299,1.206625,0.0464,1.0379488,6.325585558890525
63.17923639387914,0.05946795,40.69023764661731,0.04044746,7.029608308548439,0.073478416,17.74591788200783,0.07073506,-42.855876008981205,0.051332224,16.531895,-0.402359,--,1.003884,10.76655031734725
56.73721143332792,0.018048964,36.16259639147223,0.013116368,8.206917753762854,0.023789061,18.231420966767978,0.026174126,-48.38255060295344,0.018380603,14.311355,2.3345747,--,1.0990316,8.882255042798885
65.82438395878674,0.1224879,44.06630315389504,0.07204546,5.363278462469546,0.1545985,17.632490658009733,0.13516778,-47.25046594759158,0.091426894,17.948301,3.1529408,0.9022,1.0369468,11.595453046323227
51.50488560057933,0.07510891,35.797799995845565,0.0617454,5.972655978277948,0.08311404,21.810911147979755,0.11515103,-45.17105356814983,0.08818193,17.101524,2.6368256,0.6854,0.97138315,10.98236185473999
53.185199504292726,0.09287469,40.19715761514661,0.080689676,5.347623999463919,0.118153095,18.261713403236165,0.13443115,-43.87547254184692,0.118611835,17.738674,2.8182335,0.5489,0.9604442,11.379478482218119
57.674844796629664,0.03151564,36.762548488558174,0.023384752,5.593298705231599,0.039188504,18.991431687922205,0.04319262,-45.29677788664777,0.03325189,15.76332,2.357379,--,0.9785862,9.501660034502365
47.927440910565835,0.19910288,42.879775261159594,0.18878716,7.460157623879585,0.319355,18.512993173647097,0.3621579,-47.47424396472597,0.30954036,19.018215,0.5748482,--,1.0274931,13.381955197810676
52.876367146666226,0.026268613,40.759736958910906,0.022190573,7.7109776453442285,0.03835017,19.961797916077398,0.04746278,-47.63360713188142,0.033690184,6.459793,0.3247776,0.0041,1.2358156,0.8953403112056435
60.202442755900215,0.08194132,41.11391704734183,0.056923524,5.967264359483102,0.11348886,18.11015282396489,0.1337583,-47.347605002463375,0.08709019,17.266531,2.945177,0.7715,1.0137906,11.14540738169939
58.76344163687362,0.011032363,41.75521290647864,0.007469414,6.841358257092261,0.013444101,22.83181258654475,0.015374434,-47.77028819559443,0.011028181,12.122557,1.174407,0.1283,1.0060915,6.298268353627449
65.37500007121608,0.0494746,43.31391873688264,0.033472706,7.825700006314921,0.061642542,19.6589980345112,0.06483725,-43.067596323976474,0.043095563,16.547937,3.0539932,--,1.0137743,11.015553370467945
47.87336901009515,0.01734199,40.28210764206934,0.0177137,6.097806031666325,0.025307905,22.480645496945897,0.026669001,-43.71986778619468,0.027467076,14.426835,2.2986288,0.3894,1.1567688,8.3527030878519
53.51356273835071,0.2784203,39.67264068573728,0.22281636,8.164867459007535,0.34596986,20.75528958282183,0.40907297,-45.71885523409681,0.29279304,19.374315,3.7120914,--,1.0108093,13.93406095779283
66.51381604999683,0.061333563,43.771486842892905,0.043359023,6.880329590167252,0.06700153,21.324739139474445,0.0748578,-48.13457338579212,0.052970994,16.53453,2.763484,0.6276,1.0701435,10.722576853909175
50.63131059244888,0.034259558,42.53512861550353,0.032024335,5.173927674639879,0.04269627,18.236094120809238,0.047299158,-46.22759799655576,0.043798935,14.944438,2.0742798,0.5936,1.6428337,8.51353974816296
47.50353642351303,0.048133742,42.47997324713493,0.04866465,5.214769763165704,0.06317705,17.623054615941065,0.07047897,-47.85618784471271,0.06892198,16.835672,2.4936895,0.4249,1.0281216,10.421848071984648
68.901024664039,0.020908108,43.006103519531756,0.012364387,6.97197390319272,0.023520665,19.218531877897604,0.031077113,-46.72664244673713,0.022920785,14.810482,2.6141615,0.6751,1.0810258,9.027260789309434
68.34718318591653,0.10972387,43.90904086407207,0.058881223,6.084809989521024,0.11361588,18.591051872940795,0.13541442,-44.32384922315687,0.11726363,15.106219,2.2543287,0.6607,3.288172,9.027454396965298
26.86204133631709,0.061980505,28.333729088037884,0.069394596,6.589234429879296,0.07560351,17.330130617379872,0.083111085,-48.47328743175541,0.07970062,16.72721,2.7544966,0.5595,1.0286741,10.821383886316706
14.551245174433115,0.0559803,26.921413092017453,0.0419789,6.932197535479921,0.06858354,19.379941906964373,0.06595308,-46.78397740286312,0.05058283,16.691908,2.7824116,0.55,1.0235701,10.896262530674358
17.184433294974504,0.3597476,29.77604011230661,0.33385932,5.758264345700414,0.4467734,17.22008165358127,0.49200428,-45.7679996641179,0.4410365,19.80738,0.09575081,--,0.95871526,13.608838667451367
26.975576215151133,0.093341075,32.45770011183958,0.07577106,6.889341422971586,0.10288914,20.426449075805998,0.13254043,-43.04376913043992,0.10628569,17.393589,3.0268574,0.5534,1.0056876,11.584477560344302
14.554112996870138,0.01516308,26.920452456778126,0.011973308,6.902901700659565,0.018664608,19.477761114512234,0.018919291,-46.63988097589619,0.013842193,12.180288,1.237894,0.0573,1.3266943,6.375446759578416
24.127948604789612,0.044367667,22.607464374039584,0.043223612,7.510278267840655,0.052518617,22.93407099915955,0.056691524,-46.14330836425721,0.05673075,16.087442,2.448964,0.4839,1.0323123,10.465722541113976
21.95208485641757,0.033202484,22.102420246685977,0.01999357,5.810906349104127,0.03761064,17.524446659238436,0.036342707,-43.964609863495596,0.024394922,15.050178,2.3286448,0.4068,1.0028715,8.871396955313855
40.56452472962498,0.11892027,39.61480301821419,0.10832314,5.96939874540055,0.1374609,19.821351909181175,0.15645422,-46.38047047143459,0.14294752,17.933853,2.9339905,0.6407,0.9000614,11.81350609927802
27.7456964551626,0.12129182,32.54648093639395,0.12542218,8.358967916911556,0.14343598,22.634903042476967,0.16787823,-44.65991455808142,0.16536288,18.01049,3.377859,0.6639,0.87711835,12.621253709184863
20.11384356080373,0.078429654,26.39426380257585,0.06337258,7.428878443424125,0.09398753,17.77840127844625,0.09860295,-43.25409662613514,0.07480531,17.359037,3.1095333,0.8243,1.0413082,11.713653660155108
34.34850954077655,0.013481905,35.110895700513794,0.012753877,5.555961989439839,0.015164418,22.442942581215906,0.01799975,-46.64351815626142,0.016550586,13.55024,1.5747786,0.3608,1.053077,7.27403589245494
15.929618447459735,0.0107825,32.30091924684184,0.010932169,6.308521065194741,0.013584172,19.83450700799051,0.013639224,-46.475737453332364,0.013900669,13.2508,1.6467085,1.3837,1.0937201,7.250437920646485
32.917655949405585,0.036934502,36.434055564493995,0.03553268,5.160529868882091,0.044027936,19.38375896135765,0.044727877,-45.66433800373626,0.055577103,15.697854,2.3237162,0.4924,0.9773989,9.261325522395891
14.449120911985347,0.1215674,29.693594632597357,0.093387105,6.629412755360039,0.14504844,21.530388151944013,0.14206891,-47.13009314823139,0.09923101,12.321365,1.3091803,0.1681,8.65975,6.4287406542745025
24.64274936237436,0.06933655,29.81704349074957,0.052445084,6.292789885912474,0.08285134,22.64773976711714,0.08528676,-45.23071904263399,0.06441804,16.684975,2.8657217,0.6621,0.9857515,10.67919082564195
16.348466977491572,0.017299848,32.07408111576508,0.016303219,5.0009014034281,0.021855405,21.887307440574617,0.020554041,-44.32984270246442,0.020070536,11.423165,0.90793324,0.1314,1.0130303,4.918406782281576
17.27659565288904,0.038310107,26.858779562990687,0.028068935,7.027041367354274,0.049411215,19.01960768311,0.04195432,-44.212438550006084,0.035489425,15.214306,2.6230621,0.6052,1.3269398,9.448168428608307
30.544770334623067,0.06931741,43.388546418065395,0.07701386,6.477226483664721,0.07702563,17.56885914112599,0.09698395,-46.25287079095685,0.13763757,16.9399,2.8010378,0.5849,0.9547432,10.996844859204309
24.974204828211736,0.14574577,34.998960453557984,0.121189974,6.746892348940025,0.16349213,22.904233091804592,0.19923054,-46.71567280801126,0.15757832,18.053772,3.0755043,--,0.9715309,12.199290876453105
8.488256034653423,0.02565134,36.807078331783146,0.025645679,7.940365071559814,0.035337772,20.53478076473312,0.029880265,-43.4888928282279,0.030711593,15.634295,2.5512648,0.5381,1.0518067,10.133497815067205
32.202742929062424,0.11334671,36.28808964120672,0.12362048,5.07266634714567,0.12929142,21.007573568299755,0.16689888,-43.21364707569591,0.1812251,18.009602,3.1477814,0.517,0.99606836,11.535783081463565
11.48710247433276,0.070323974,34.67088438864751,0.050434295,6.276804641463516,0.08806439,18.80030575900787,0.07997933,-42.96396356328614,0.060943082,17.39488,3.162262,0.7541,0.968454,11.383573354450764
20.40182452204405,0.035781194,39.69181003321552,0.033589248,5.370064271383928,0.044449277,20.669182319776013,0.042313352,-46.09472453364876,0.040646493,15.853072,2.860363,--,1.0887971,9.50296958427058
19.423517327241402,0.026814952,42.9211874700117,0.024834841,5.216833737122016,0.031574346,22.312202292675668,0.030699955,-47.21431096395339,0.03138752,13.24212,1.5749521,0.1819,2.7969737,6.829154768019023
29.72851917370256,0.17318884,38.669581236885584,0.11786544,8.288321501791698,0.18604475,22.06104603829675,0.17316562,-47.86856216320518,0.17066412,17.834352,3.1967182,0.5756,0.8918923,12.42668543776416
32.82769946133309,0.013074688,40.58694256587745,0.013380733,6.312705536685575,0.015075431,20.527839040158725,0.015511906,-42.6873593934648,0.02037149,12.306797,1.2283211,0.0222,1.2297841,6.307874685791923
31.044207468544887,0.0772356,42.602240938335754,0.08663965,7.386150557048975,0.10605458,18.857623094782053,0.09218644,-44.49025649151403,0.108023115,16.660376,2.57975,--,1.2753327,11.00246637475258
13.034785480636554,0.22292118,38.23709561517549,0.16420598,5.8486161816870545,0.2875983,19.97362413164536,0.25810063,-44.38373085391531,0.20472172,19.108385,3.295742,--,1.050794,12.943650693607239
20.276676127576643,0.031704206,41.75712314594189,0.031257365,5.246536989387647,0.038939353,19.121817546091343,0.03729743,-47.05358931598313,0.038098242,15.777064,2.5201797,0.4632,0.99736387,9.376428018891351
33.46091436768546,0.5646984,41.506613744658736,0.4988081,8.038387769286613,0.71515864,17.452087880365347,0.8543947,-43.38874463937294,0.760107,19.69297,3.133154,--,1.1270361,14.218815038828701
10.343050725669972,0.022710983,32.978905018921004,0.015191996,6.681969140834053,0.026641997,18.882382982532263,0.025852127,-45.508512427603726,0.01796713,14.723826,2.3502016,--,1.1111143,8.84834873646486
33.450692630130405,0.14021072,41.49799234455413,0.1359991,8.300551809507917,0.15747502,21.28489125450929,0.17015141,-44.52616440543483,0.19014251,14.540307,2.293765,--,2.8840554,9.135841868223787
31.04383078015984,0.019049175,42.601497862120475,0.019023769,7.24418178587066,0.026328173,20.437838863589505,0.019684507,-45.68547654870541,0.022710048,13.765648,1.7710705,0.3765,1.0699952,8.06559458811784
13.04720816048125,0.022995524,38.246700816048026,0.016398683,5.154868406220335,0.03139408,19.77293210462939,0.025745021,-44.162710913389745,0.02022993,15.01978,2.0663452,0.4194,1.1369895,8.580868074328182
3.579956735934472,0.008517175,41.891925196400855,0.0068889074,5.973206889522133,0.011963825,21.021561699485307,0.009346101,-45.093461446653265,0.008642508,12.554895,1.2267523,0.0439,0.97881854,6.4359331877128625
2.310848461724454,0.23931828,40.89406974860655,0.16970246,5.026863830203286,0.29550204,19.89521145154891,0.28064942,-43.99979282670655,0.20060576,19.409426,2.702505,--,0.9825964,12.915911340654906
0.6008263120099097,0.13286091,43.82130198975131,0.10780132,5.21710635673491,0.18040636,17.35648549338241,0.1489773,-43.884474538735624,0.13932547,18.317535,3.2125072,--,1.0900049,11.904683852425215
2.689967235025362,0.057432298,39.11604777625005,0.044110045,5.053029506684729,0.09093881,18.443020909421648,0.0644265,-43.85232924859088,0.05176505,17.45625,2.7179203,0.5828,1.0456554,10.97400840839512
7.8728061214245155,0.12003664,-26.236232658037114,0.13195147,7.082225752770404,0.15971108,20.495546542409144,0.14832586,-45.544730012470936,0.16343062,18.276472,3.054264,0.0024,1.0004617,12.527320922663996
2.9552845874312914,0.07885622,-33.92348278205273,0.077100776,5.602134609513566,0.1106154,18.527105207934568,0.075071566,-43.144451168373415,0.08650674,17.541056,2.8722763,0.3855,1.0256585,11.2828233790766
9.355805436784857,0.15628612,-22.334860706542038,0.09158053,8.170631514114232,0.19024864,22.20581202821237,0.21940063,-43.56593677209223,0.17826666,18.255775,3.3791237,--,1.0522685,12.817053575506925
4.807441918792887,0.07988332,-9.266086944991173,0.054071613,5.298574637883592,0.08457434,21.686507248164432,0.116777234,-47.70832805395859,0.06739352,16.938576,2.4769936,0.4507,1.0258852,10.559371026447774
3.6610534811741555,0.17741953,-32.545669592883165,0.1801105,6.176084125958208,0.24421576,18.44002243883929,0.22546569,-43.505055459197905,0.23556039,18.466715,3.478201,0.0032,1.0234902,12.420280874007457
2.179776371360692,0.09704115,-12.323407975957029,0.066949755,6.212764215869416,0.11852283,18.22995657937573,0.1160913,-46.60848209084958,0.07818647,17.170225,2.9603157,0.4271,1.0364432,11.136649502283703
6.296664520053586,0.0405716,-29.144431200989043,0.038748797,6.944568632354886,0.052023184,19.95193828133072,0.044141915,-42.823171494446086,0.050113264,16.028782,2.4513912,0.2901,1.0452837,10.237008262615117
2.7665857959907494,0.15676335,-29.460386981395942,0.11692867,5.223107609176001,0.17824481,21.175158305737785,0.16392793,-47.787713118498004,0.12943418,18.135508,2.7736454,0.007,1.062104,11.725152451066503
1.544592485206219,0.41507766,-20.906114081438915,0.3000557,6.296526757927086,0.4470835,18.229015698813814,0.51003987,-43.28247886495349,0.33879066,19.661894,3.0958195,--,1.1254178,13.657399111063766
42.0040246719905,0.08194669,2.436809673351438,0.07284038,7.886637807208948,0.09611306,22.53764754496877,0.110319994,-47.61603350579789,0.104149275,17.16967,3.0517788,0.608,0.93632257,11.654129586819206
5.003664239694577,0.35078868,-32.91699962561228,0.3774981,7.4881532867265985,0.5044744,20.43833582336861,0.5118617,-47.92180249027187,0.47704586,19.734634,0.6575146,--,0.9628251,14.106508029785813
15.009866644685994,0.06808712,-15.347335295904523,0.05210004,5.369282325951956,0.08763463,18.77977290514621,0.110259175,-47.57016726387272,0.11021136,17.157434,2.5044327,0.4596,1.0793092,10.807015666013559
20.240019542417745,0.017293805,-20.011701459918267,0.0119386045,6.935223617922587,0.023644224,20.908471220755793,0.029227851,-45.98295310552929,0.014385442,14.322405,2.0509634,0.4128,1.0747751,8.527707206134869
30.284108218941213,0.020589873,-2.834110819642177,0.014083522,6.734583360620811,0.01930081,18.004471545757426,0.024408258,-46.80738130736644,0.016669454,12.5183325,1.3526525,0.1085,1.1991448,6.659886146281879
7.513034268415757,0.2989486,-5.5139667798031535,0.28004512,5.2748746685020445,0.35619116,20.243444247858402,0.44087744,-44.06290950642611,0.34901002,19.5262,3.2924728,--,0.9820439,13.137260066901565
30.15367964292698,0.28472427,2.8318842959915473,0.2640366,5.022141933194061,0.31543052,22.384115604020813,0.3701461,-44.90677900155703,0.31322092,19.132078,3.0670376,--,1.1378142,12.636523082565247
37.13151521441107,0.13752472,4.955775512112663,0.12660323,7.697713920996971,0.15333185,21.37889514209847,0.1750076,-47.78727088849047,0.15291634,14.349271,2.0313396,0.4158,7.2205977,8.781079654981426
0.7229286934091977,0.1386566,-23.040554533357188,0.09878802,6.574863077300017,0.1586212,17.092498847999504,0.16471979,-43.517308623723494,0.11814567,18.066002,3.266264,--,0.99941677,12.15543545706823
6.443557852669825,0.013039309,-17.18239518467132,0.011156329,5.0936655791199605,0.016030552,21.327157572236107,0.016182045,-47.453614191497124,0.013002789,12.264545,1.0482445,0.0099,1.0375999,5.799697582062253
5.046721311642932,0.025631359,1.5980474634279302,0.020725362,7.052519009576649,0.030933326,21.164233736862524,0.03308456,-45.844279805184456,0.029303266,14.972807,2.3387156,--,1.0484488,9.214528257740419
12.760138169585053,0.017927893,3.4698284340364514,0.008783229,6.624637764522886,0.020533215,17.00990454322662,0.02438175,-47.214186989151074,0.021073332,9.466766,0.5925579,0.0247,1.0391954,3.5725770375077417
39.17442298066882,0.060485944,3.6228759891798132,0.06285233,5.229687122462738,0.07376386,21.047102223201936,0.080310635,-46.77746558440679,0.07785671,16.84013,2.6017656,0.5036,1.052962,10.432508387403232
18.513453391825024,0.46838006,-20.747348382623187,0.36990207,7.720233490897684,0.58534056,17.771933331958113,0.74468344,-46.68362853221867,0.8852689,19.949146,3.0126362,--,1.1697266,14.387298447479205
15.40446090543173,0.22189054,-17.871448214121465,0.19160098,6.062531671600945,0.2969113,20.708841119783997,0.38284454,-43.849308088312924,0.41515246,19.221535,3.2988472,--,0.97848135,13.13480483119208
8.034627479570966,0.033471864,-21.93474168602259,0.034175508,5.546615845450408,0.042711157,20.698956134389768,0.04438561,-42.60646300089769,0.042485967,15.778394,2.3437843,--,0.99470687,9.49853418543631
8.43090163857286,0.016812403,-14.333692364226938,0.01516175,7.581609851725374,0.020695549,19.186816632436873,0.020357272,-43.6754645841744,0.020961463,9.35128,0.6619749,0.0015,1.0590198,3.750087372151194
9.172850339953559,0.02281926,-14.511797569466243,0.019690396,7.113598200206827,0.027513437,22.659804492102136,0.030382045,-44.04182892112775,0.027786342,14.761082,2.2247105,0.3822,1.0792654,9.021528351252547
27.900083342903788,0.011495245,-8.01826456145872,0.009157148,5.969126312214987,0.014598327,17.69106443211564,0.018032596,-46.63442006898193,0.011060329,12.511322,1.3140821,0.073,1.0326684,6.390875866786734
4.513182366605558,0.05117022,-4.4558992802561415,0.030715685,5.155908162912676,0.052663833,19.6734257622796,0.088501856,-48.286368256784385,0.040161435,16.018576,2.425706,0.4489,0.92750037,9.580101533798164
22.753546709352324,0.037679683,-16.5338493776864,0.02605908,7.08524491459649,0.050712615,19.85487526769042,0.049764518,-48.2966043497579,0.025400266,16.309605,2.3161936,0.2937,0.9563359,10.561378979950668
21.51532632421173,0.33577466,-8.610746188562684,0.19939385,5.128345330990939,0.38425276,21.03463141652776,0.504039,-44.42445517453538,0.19385631,19.46294,3.0729084,--,1.0537658,13.012826525504163
4.893859497863709,0.27973574,-13.542355030591951,0.2538577,5.280271750258523,0.34964705,18.744595518428657,0.38694412,-45.371453770916006,0.2660131,19.4627,3.1760826,--,1.0580355,13.075981260950408
25.853551197688486,0.12401602,-0.750787624115648,0.08211244,6.467141954126079,0.13268372,19.193249836959644,0.18407248,-44.744771910543264,0.102324404,17.41186,3.1630745,--,1.130865,11.465421481528136
34.44254678907214,0.07432706,1.0419374835015764,0.060910005,5.654284814632712,0.07549828,18.29502301659808,0.0902641,-46.1406217329835,0.0728683,16.867035,2.6083088,0.5848,1.013863,10.628923315887128
27.23753395127031,0.02117405,-13.8546170328304,0.016674682,5.030749660044811,0.026915109,20.199964027905402,0.02711489,-45.826748709658396,0.019966276,14.792371,1.9764576,0.308,0.9492095,8.300534328801161
0.40172615163530434,0.02588023,-1.153466662983655,0.020209363,5.365657228141345,0.032199264,20.35176829919119,0.03870741,-47.643771643550345,0.019962829,14.557033,2.033517,--,1.0423456,8.205147212062585
6.801274724201308,0.4593459,-5.702099368353926,0.36390918,6.721990787785576,0.556047,19.956012194858225,0.63349324,-45.95052578643398,0.4756935,11.904549,1.2545872,0.0519,29.268478,6.042038209774423
12.695168277002416,0.07821417,-4.6340590527841155,0.054318927,5.846481305884122,0.09825333,18.41550839003167,0.110384755,-47.65187618707349,0.10871119,17.406149,2.8363934,0.5027,0.97586715,11.240621737341243
38.21132114600349,0.37383184,-1.0017838440711737,0.33626196,5.354057884571936,0.42967415,21.08170213131469,0.54022753,-48.17056678166181,0.43039638,19.403807,2.9082394,--,1.0310161,13.047221997322247
33.145119355955515,0.034246918,-9.08993166350737,0.034865405,7.8838068629445,0.052030176,17.613020161635724,0.05166334,-45.630174734331945,0.038634002,14.365759,2.122529,--,1.7527462,8.849438777954132
25.55259383892141,0.03640113,-8.180681657869584,0.028237963,5.396250468384275,0.04684236,17.33998780819905,0.04902444,-42.74013107253071,0.033833887,15.600897,2.349307,0.3407,1.0845037,9.261357332128451
9.239749903336591,0.021751339,-19.507855425255112,0.020067682,6.207853095484348,0.02881047,20.67561163301035,0.033178624,-47.14621839509075,0.026890296,14.462558,1.8482103,0.3801,1.0915537,8.427264948141524
23.265305237830084,0.20625935,-13.473383140483222,0.14912151,5.9961766432986945,0.28298467,20.24589290122991,0.30283144,-44.69812494579073,0.15942527,18.91485,2.6717281,--,1.1461072,12.804222326913832
33.14426443405507,0.02123994,-9.089748714547238,0.021643419,7.687292327679528,0.031924438,19.310416098586657,0.0324255,-43.1424320158101,0.025561206,14.503426,2.4005928,0.4708,1.0616337,8.932292580493723
24.880748260501736,0.029855398,-5.4837413690848935,0.024191627,7.565352906180974,0.036508042,22.065056883956196,0.052016325,-44.80317843161154,0.029812705,15.342565,2.619339,--,1.0970366,9.736710541139066
28.437886842934137,0.013818154,-7.265384098339904,0.011215876,7.233645916332687,0.01772049,18.48096954042742,0.018641101,-44.30732403144205,0.012977241,13.525399,1.8700609,0.5631,1.009149,7.822185440214525
16.485723116064612,0.031350814,-11.289878538755037,0.020699823,5.334084173026323,0.036742568,19.17065496965342,0.048891727,-42.87276607780269,0.0428423,15.30079,2.1493168,--,1.1578668,8.93608915642271
20.671823148344462,0.5705951,-10.103477681886224,0.42016086,7.190470684407819,0.70209074,20.606019794911752,0.76229376,-44.727046470952686,0.49873665,20.234247,2.508871,--,1.1051099,14.518033807643928
39.33359585718745,0.057515606,-1.7999077704754063,0.055554617,5.579259941334725,0.07614068,21.120795853030085,0.0686512,-45.805419981327475,0.061721336,16.478165,2.3673916,0.3891,1.0578375,10.211047652566442
27.25146891956001,0.016163664,-7.270053240164583,0.013599438,5.298377510928208,0.021482712,19.245517615041486,0.022521133,-44.76108951403692,0.016340476,11.107107,0.900301,1e-04,0.91785026,4.727821655830217
27.267422420179106,0.01459478,-4.626952216677102,0.011419066,5.053807548664965,0.01816652,22.330196467120327,0.020410359,-47.82950105482226,0.013670661,12.065633,0.96691513,0.0858,1.1976794,5.583726318946962
12.801020608410667,0.041750055,-1.58977162659553,0.026253246,5.970821989369492,0.04771571,21.026722438752127,0.06128342,-44.5171134581229,0.055124596,15.990315,2.349083,--,0.9939182,9.870486055169387
32.92715281941079,0.016033215,-1.704704154530229,0.014984936,5.898961566490114,0.0184072,22.397643838422056,0.019744728,-44.788911162507006,0.017419748,9.896759,0.7100811,0.0031,1.1299316,3.750636866298702
31.473221788115975,0.08793506,-4.045151446237057,0.070369236,7.297028441308349,0.10351004,21.258224710524956,0.11087098,-46.42605448909128,0.08668484,17.156534,2.991539,0.5855,1.082031,11.472264389879081
14.488761258657176,0.015151245,-0.5664412312032115,0.009749766,5.433294294117038,0.016501414,22.988247295138017,0.018077899,-44.766709486208335,0.016975962,13.164886,1.3813658,0.0647,1.0236459,6.840202620659264
32.745792450056314,0.0357098,-2.285482782992195,0.026756803,6.551275507933694,0.041505177,22.477465229765173,0.04266225,-45.98141250893725,0.031853206,15.32694,2.4304657,0.4622,1.0157295,9.40856890120206
29.84814433633345,0.06850232,3.7159003022995627,0.051672388,5.620061301118645,0.07848187,17.448187640109847,0.084027,-47.74509276680683,0.06311404,16.929302,2.6270676,0.5316,0.9717791,10.678007479001874
21.27143035587207,0.033571713,-1.3224703745303195,0.026339522,6.564700998405811,0.039712604,17.16262583693689,0.047361083,-44.319266066701374,0.038324177,15.430884,2.3431778,0.4499,1.1087273,9.516959111871632
9.207316475789316,0.05548168,-3.2540300717258175,0.03476874,6.603015686670615,0.0637207,20.65577996192069,0.08248806,-44.68311047341913,0.055382382,16.35499,2.6888876,0.5267,1.0020915,10.453701650593938
32.77583423331876,0.015915237,-1.7447882936175116,0.01391827,7.333199795766009,0.017593525,22.449874413520078,0.021688048,-46.230353075542524,0.018145617,13.967721,1.7870998,0.0012,1.0655632,8.294188573773052
32.92928895404478,0.07017348,-1.7045235740402318,0.078701556,5.927364435388196,0.07152746,21.685406049201312,0.08747497,-43.61061706893942,0.10922163,16.576618,2.581149,0.4709,1.0335836,10.440926344705009
36.59888678558555,0.38399085,4.987536432032399,0.3899031,5.075130292557772,0.46533763,17.02330045764224,0.53119,-43.210543222496696,0.57647544,19.842281,2.6239395,--,0.921663,13.369517322865702
10.064605182698974,0.26992643,-5.818540799232457,0.19775558,7.370602341446652,0.31075907,21.862750804817903,0.3782974,-43.49771847771016,0.3614914,19.323334,3.1382065,--,1.0120876,13.660848644168178
7.045176601533966,0.21664588,-2.319664100239373,0.12611058,7.446843192948034,0.23139855,21.858528480931582,0.2967054,-46.84666495069044,0.20359585,14.750429,2.2174053,--,9.500928,9.11029019877419
16.893355453502732,0.06687582,-1.313820228178163,0.044205796,5.625477293684205,0.081074186,17.800512713394678,0.09628222,-47.27497225799638,0.05555653,15.040958,2.4390984,0.4753,2.4266143,8.791755284875311
6.696979239411685,0.309607,4.480593989713623,0.25585344,5.067940862586091,0.3626753,20.31518444260482,0.4370448,-48.483924489583146,0.34154052,19.390265,3.2301216,--,1.0010694,12.914422203567963
16.939823127703676,0.01796524,0.998880012360747,0.012497254,5.215827999023354,0.02053384,21.710014089547904,0.025635708,-42.91981303486683,0.01602155,12.718637,1.1906996,0.1058,1.0929024,6.305253773160899
11.26447439419374,0.02516871,-4.45600512898014,0.015169791,5.389672828998844,0.029669527,21.5622258653393,0.039956894,-46.248387231990705,0.03287895,15.085125,2.1730776,0.4167,1.0489323,8.742936983845635
10.52780376058282,0.07211594,5.787058854910428,0.041975345,5.228826923708938,0.08626591,22.003665091408404,0.09813297,-47.020988315162775,0.08270059,17.068064,2.667286,--,0.994468,10.66008506968262
11.79942190957303,0.047882304,4.162129389460856,0.029445307,5.695582708660801,0.05601889,17.701677622358392,0.07344208,-43.971426525674765,0.07373901,16.393269,2.537428,0.5059,1.0181742,10.170959399545813
10.836058686011006,0.09997366,5.663291824047411,0.05392254,5.189778921450109,0.11409652,21.88226656195831,0.14692321,-43.66107084815315,0.13278994,17.571722,2.8328457,0.5441,1.006822,11.147466319651418
16.271502981780728,0.05951122,12.92340035724014,0.046578996,5.0255061930535145,0.07178525,21.638687423609714,0.07592703,-46.30680900011381,0.06311388,16.734318,2.314601,0.4727,0.95963174,10.240216842121098
28.340998098396057,0.36842465,13.860627255275707,0.28602242,5.000544697294967,0.36973506,19.749168347583932,0.5217373,-43.44927551398216,0.36186686,19.493347,0.41306686,--,0.9957192,12.988433735793986
3.465643964001937,0.017478298,5.846190230541193,0.013724707,5.164479691244887,0.0192699,22.8480042829843,0.020087248,-46.57176825655192,0.017574716,13.0654545,1.3491669,0.0726,1.0697522,6.630587352771533
20.763345859345176,0.35609698,16.941956666064467,0.28371155,5.47405144842083,0.4067283,22.84598244271656,0.5692258,-47.288586143125556,0.30747086,19.662306,2.7554607,--,1.0610144,13.353850206176553
29.80177402209328,0.03917117,11.940135437301116,0.03528396,7.137322359189071,0.045654446,18.212375460781985,0.052140396,-44.0272374017416,0.03969461,15.881764,2.6404047,0.5225,0.9833741,10.149440973093157
26.58113725005093,0.035571776,15.78679944746965,0.040524255,7.786637380844261,0.046276208,17.64178113010888,0.052071467,-42.615649845792504,0.05453674,15.436731,2.581768,0.5295,1.082904,9.893481090134234
16.909106808488563,0.023261998,12.647829402221413,0.0197042,5.852615608248265,0.028135909,17.463000691651423,0.031360887,-44.09242548747473,0.02629238,14.714194,2.1398573,0.528,1.0662055,8.550944303720462
4.381655918159284,0.016565785,9.205898419758961,0.012635244,5.284117610184699,0.021045772,22.44828955914523,0.019947313,-47.26131206036977,0.016461719,9.313771,0.8273306,0.1581,1.0005176,2.9286336242244033
26.28415009988319,0.1491578,9.250761602986376,0.13116215,5.007546872080789,0.16467683,17.611471866735677,0.20543666,-42.915677251261855,0.1651817,18.110168,3.162691,0.4828,1.1528505,11.60829357256154
13.427284866939575,0.24171956,5.584488191015339,0.15378653,5.0063182117510365,0.27845764,19.64351839700833,0.32625338,-44.685598127805484,0.24589956,18.875692,3.131857,0.1264,0.9428109,12.373284621497033
8.271373679279062,0.022566928,2.882301995857594,0.014297033,5.661501306663093,0.025000505,20.008423821536564,0.03050849,-44.62933854505291,0.021708088,11.12415,0.8763647,0.1393,0.97006196,4.888808335608191
28.755099146378257,0.1705746,8.647593155182486,0.15554973,6.191381747424446,0.20933454,19.752421405907594,0.19941884,-44.659639551655125,0.2021794,18.16567,3.2299423,0.4581,1.0482843,12.124608307458075
13.36023812801384,0.07782722,8.913030705583974,0.054918643,5.329566649265725,0.094923355,17.02703658532103,0.10393933,-45.398169429695194,0.081227764,17.227625,-0.21655846,--,0.9727743,10.861084381582288
16.63258310021432,0.31259805,18.285325013998893,0.28358448,5.072372588942119,0.3869333,19.85230548298656,0.4343585,-43.66106184178045,0.4376565,19.44908,3.111086,--,0.9737405,12.97513524834649
3.2938500471191916,0.019571709,24.02437614614678,0.014775409,6.0714282234270645,0.022665305,17.35894289433631,0.027752822,-43.82527935506417,0.022349628,14.385689,1.9050703,--,1.0628968,8.302143107454322
0.7614656718342058,0.048395734,3.6935238515619253,0.03214999,6.808634907732047,0.058846544,20.17621084948699,0.06400272,-45.259143452360476,0.035265483,16.159132,2.764142,0.6085,1.0475003,10.324432239216677
8.730764855233815,0.05464769,29.13399070230295,0.039847065,6.174391476577579,0.064629175,22.64484387957331,0.07301232,-43.92319521423783,0.047953427,16.328968,2.653512,0.5505,1.0583603,10.281938856631022
10.446535654248063,0.16833134,12.666478173580249,0.09457311,5.021341469250359,0.20753421,18.01795687389742,0.23923238,-47.68542901578936,0.1597846,18.62063,2.959118,--,0.921046,12.124729044096256
10.531610507100346,0.084282234,9.904987349162079,0.04539153,6.566100425690691,0.097303905,17.31112530614633,0.13576362,-42.71710971209029,0.08414912,16.844887,--,--,0.97190535,10.931424383745195
13.148865330683389,0.37906656,14.105219862089655,0.27204868,5.3304796331285145,0.4480181,20.364692249577306,0.52810854,-48.2480562266786,0.40991616,16.367907,2.4268084,--,9.292313,10.00173801204898
4.097645188094279,0.31141698,30.87142843444025,0.23252784,5.256019255466847,0.36974967,19.971942883511176,0.44144097,-46.03581955579489,0.33014852,19.670256,0.42428017,--,1.0257214,13.27354039898976
10.312245275807449,0.035831388,12.727180649421063,0.022531927,6.153660094861789,0.046580426,20.452868129178892,0.051383812,-45.96893909216631,0.036962453,16.017761,2.7271824,0.5592,1.0204123,9.963428749334708
9.283552048294272,0.06011623,13.30973153322916,0.039222576,5.318843110512418,0.06944818,22.30276070725175,0.08733074,-43.641538907314306,0.064598754,16.831186,2.7118702,0.5691,1.0428313,10.46027219535614
22.128317172421685,0.16005689,19.416560581542978,0.13273323,7.642505840314054,0.18800361,21.80515721344751,0.20692407,-42.560998306579485,0.15247996,18.350729,3.3452072,0.4423,1.0447682,12.766907885052682
10.369843471260205,0.30785173,13.44199684763746,0.21106291,5.50204752806265,0.3959306,18.246633248493282,0.45404124,-47.47725343967925,0.37059283,19.664837,2.8677197,--,1.0365552,13.367458571616037
9.342752384948003,0.16583352,24.422678253485632,0.10494354,8.142035332398796,0.20799911,17.543976105428683,0.22281742,-45.796675009488666,0.1552609,18.673674,3.5839653,0.5388,0.97107476,13.22733854311234
0.7599027951499008,0.055547174,3.690190420058669,0.038169205,6.74675081359125,0.06772223,20.165399915397458,0.07206672,-45.084165481192684,0.042092476,16.588106,2.626215,0.5112,0.9720446,10.733579505874975
10.576310621423326,0.09282889,19.43474847964748,0.05364436,5.711291017706974,0.12038307,20.742535538237565,0.13740532,-43.189746765162035,0.08705567,17.676872,2.908657,--,1.0517317,11.460543704009117
10.527387761028269,0.03947294,21.196102750501638,0.023546882,5.087144405543704,0.04951975,21.132128892334173,0.059928447,-47.53207550259566,0.038473178,16.202078,2.556858,0.4843,1.0198587,9.734448194843125
1.6972252215429242,0.09138358,24.016964966603908,0.083600484,5.641205274104287,0.111964464,21.53174645150254,0.11533003,-46.69495237619398,0.13942869,17.804008,3.112362,0.7413,1.0037516,11.56086800023107
1.654949175538238,0.04917382,20.495770247679275,0.04907447,6.108368628896978,0.071306355,20.611852997889873,0.065745145,-44.99967856125168,0.068794936,16.639826,2.8895645,--,1.0087544,10.569452011195338
2.353648923016763,0.070723385,27.365981022999424,0.07223259,5.2714795555740075,0.09464639,21.387739418747934,0.10197111,-42.79937975731165,0.11349941,17.592115,2.7400646,0.5379,0.9764922,11.201778034867331
6.648991966517475,0.07837217,28.83827213237452,0.048944224,7.534043091642792,0.10300665,18.359746092180366,0.114057764,-47.804252983070626,0.07363004,17.237852,2.9300022,0.6052,0.99014115,11.622992595862776
0.7182026163891249,0.043700714,22.78447272172865,0.037802037,5.283733525652288,0.061509788,17.06868801260083,0.064198755,-44.663598346970645,0.048683148,16.331625,2.5137424,0.5233,0.95160216,9.946329518423196
3.166148171969216,0.14444216,34.29329521784963,0.121604994,5.524961221275875,0.17961401,21.258718664716337,0.18229462,-42.7935843170997,0.15882616,18.621695,3.0727673,0.5522,0.92882663,12.333340735478377
69.439556147706,0.02005084,-20.436992143391567,0.019747296,5.2807612691554535,0.027985761,21.62466565019271,0.025957042,-47.92121203959887,0.026702315,15.545021,2.3840322,0.4809,1.0061121,9.158503729610231
70.207112423378,0.035025574,-21.77922967702353,0.041032284,6.052041171989666,0.05795269,19.366511487441894,0.042813748,-43.17464398187889,0.05075965,16.961008,2.5420609,0.4688,0.9781784,10.87051744121555
72.0766867768002,0.009946324,-18.25687815611078,0.010693057,6.667195348406645,0.015082971,20.16855379955945,0.012506999,-42.948656117169016,0.0128526045,8.946662,0.62484646,0.0013,0.9697679,3.0663778497234055
74.82424221798237,0.011310975,-16.89622022514039,0.010560623,5.611214683678385,0.018560138,17.354847675315753,0.012595092,-48.378809482293235,0.012908694,14.340369,1.7550488,0.3246,1.1097081,8.085653649649355
59.03212356908264,0.21742703,2.887762595215144,0.17996003,6.102845470709274,0.27152464,22.801521933614662,0.30166563,-45.15597231850798,0.22804464,18.99004,0.44157028,--,1.0121214,12.91770169237144
65.0212063712685,0.04157566,-16.63064170630711,0.031112768,5.710418564865467,0.061065607,20.330592817405332,0.046432316,-44.02003800457904,0.04608765,16.86848,3.0557861,0.7117,0.9944304,10.65182039501132
54.25372205867699,0.0265989,-6.892785319452765,0.021895358,5.533016328238943,0.03168763,17.956058421368624,0.033465356,-46.77545849284817,0.027824266,15.302437,2.0601826,1.8508,1.0051785,9.017246587829362
59.74342270539911,0.049392648,-4.629439696549497,0.047046095,5.930445757547588,0.06229706,19.646147451295093,0.059371836,-43.96819459035437,0.054815028,14.090346,1.9583197,--,2.9222488,7.955783026430137
61.6502506410131,0.028784653,-1.3221533132135943,0.024990933,6.103889178078744,0.036337446,17.372465267759335,0.03623722,-45.43965588128928,0.02798648,15.4497385,2.2281866,0.4435,0.97471464,9.377771702444795
55.30438345454654,0.011624251,0.5394946498622724,0.009283025,6.357421718244334,0.014382997,22.88644732636441,0.014105685,-45.903917340212516,0.011982422,12.420809,1.1645603,0.0074,1.119923,6.437213898213919
69.76806496061272,0.008995034,-14.457966963768438,0.0079913335,5.03864342489447,0.012882748,20.94485810447588,0.010592095,-47.18669797290407,0.01007895,12.640259,1.351573,0.5238,1.0525115,6.15182691535205
53.67865424937211,0.013470168,6.843097005918915,0.011098635,7.7273394817762355,0.015265039,20.07287781325723,0.016529938,-46.039224668134715,0.014293447,9.434238,0.80709267,0.0015,0.93833697,3.8743883954923604
66.2385545421572,0.015661145,-18.32813980081135,0.014553361,5.304615828660164,0.022345629,19.189683775131805,0.018360974,-43.03890770602601,0.019663418,14.752502,1.9758139,1.6544,1.111379,8.375772125727423
75.7888233539188,0.010738931,-9.096732659615821,0.009251927,7.452627212240534,0.014287729,22.050687578948793,0.014895858,-44.901824956276165,0.012632774,9.988009,0.80655193,0.0009,1.0157111,4.349556442497187
59.86925303514981,0.029474355,-9.950801829312576,0.026373487,5.229578897069556,0.035951246,22.058935291854667,0.034674104,-44.2578297826856,0.028491154,15.825511,2.2659311,0.4674,1.0162424,9.417844575958654
72.67084054480536,0.009708803,-5.268371137661473,0.007146451,5.637289238677588,0.013227693,18.080659323007765,0.01328442,-44.43747558102852,0.010001518,13.194307,1.3824186,0.1344,1.0624359,6.949658918383198
65.86001811482359,0.019300409,-6.481816364279549,0.01482742,6.08455927593327,0.024458654,17.047154576376,0.023628702,-46.953061872858754,0.018857226,14.869556,2.1514626,0.4874,1.0484914,8.790702058844651
69.77543849415065,0.15383047,-3.226178586796366,0.087843865,6.126611914253533,0.18452364,18.911915698942025,0.254794,-45.86976162965967,0.18960305,18.511719,3.3229904,--,1.0723542,12.447820605686033
53.78917928694827,0.08506012,-5.003186628518177,0.07185699,5.170954746733458,0.10531949,21.866491551516198,0.10346246,-47.28150634040032,0.088336736,17.569384,2.8105965,0.4807,1.042876,11.137237306662957
75.57140691580219,0.0638282,9.50336363626936,0.042749528,5.041131682808817,0.07422688,22.559141081223213,0.074135624,-43.291003993040526,0.06055344,16.732185,2.558587,0.6547,0.95991737,10.244825574200004
75.59894231668702,0.04768898,9.538138669054538,0.03247342,5.138047995174138,0.05521985,22.504491451230667,0.062327366,-43.40477452150125,0.050755154,16.222672,2.4131298,0.6944,0.94456255,9.77666229254145
55.7472194066154,0.06467024,-2.3289080424454442,0.053345278,7.060136753003912,0.07495389,18.302636283832708,0.07925261,-45.9243822355552,0.06776285,17.015076,3.0909224,0.6698,1.0515331,11.259141250113238
72.84018419140338,0.13540064,11.50914327357379,0.07525197,5.145717130258038,0.17008208,20.630319529603106,0.18050143,-43.16046237606328,0.1334807,18.290398,3.3915176,1.038,1.11233,11.847627186775876
69.27428766472546,0.009036524,-13.139143574899252,0.0076701487,7.35376827337156,0.013688948,22.80917292931094,0.010075878,-46.223836121178294,0.009195395,10.415277,0.78711224,0.0021,1.0465553,4.747826230278662
65.72539601752214,0.009115844,-12.501303799825434,0.007912374,6.074975180953258,0.012057768,18.808692490341297,0.0113080535,-43.91265008290139,0.010293353,12.48333,1.186903,0.0373,1.0137646,6.401052312863056
71.46656419563246,0.033338107,-12.322773565811547,0.031143175,5.216921549208748,0.044943705,19.44945401732166,0.046386845,-45.71577379150487,0.04185466,16.242699,2.5304337,0.6247,1.0408405,9.829770199219597
72.73313137045706,0.09276055,14.764706288543866,0.040995296,6.148021350433488,0.08863588,18.688347745523764,0.13795568,-44.12173110066412,0.08545773,12.863561,1.4744835,--,3.761297,6.8072375116691255
65.57400395252984,0.28433576,-2.988074834392509,0.20503308,5.2975020825250825,0.38440797,18.04667669090134,0.37553725,-47.65204764229012,0.27467847,19.240204,3.1702824,--,1.0796764,12.860559537973575
63.15723836640392,0.010966209,-9.017734560054391,0.0085568065,5.423323034656158,0.01601799,19.414229722184004,0.0136101255,-47.337594895291794,0.010600393,11.923824,1.0730314,0.1879,1.0919595,5.595151677851916
73.86263320775183,0.023893882,8.922694562866695,0.01163721,5.409809248798948,0.029575372,18.675511421936807,0.035179183,-42.602333100361676,0.023468478,15.115889,2.0927773,--,1.0525085,8.781798355813963
75.12745491927572,0.10385501,9.735414059789214,0.07517509,5.094184253002753,0.1186092,21.161519718241387,0.1287118,-46.963650941492425,0.10116298,17.919506,2.8351364,0.6343,0.99316955,11.454879318161174
74.54892930178485,0.021037426,-10.009659318917437,0.016349131,5.290717126359576,0.027907534,21.396272166120653,0.02845941,-42.741596725447735,0.02212616,15.178255,2.1584444,0.4291,1.0501641,8.795827791931714
69.09063792645024,0.1372542,-0.8178070350835771,0.06703758,5.671855982322192,0.17097011,18.646201423467144,0.19233093,-43.75984916449728,0.15484264,16.599985,2.865841,--,2.9075727,10.36861109702818
68.1053772205213,0.012268026,-5.718006408813259,0.006921489,5.705351243376716,0.0147933755,18.45212605922821,0.018427996,-44.571585178903455,0.01469186,12.921191,1.3426619,--,0.86921746,6.702603147598879
63.17608918566158,0.3401416,-4.878876718281628,0.23995157,6.221089248701292,0.5338654,17.129864918079754,0.49666542,-44.27486144558437,0.33275265,19.820612,2.88871,--,1.039178,13.789944112948664
69.14595624057199,0.12138885,16.207375864194322,0.06554003,5.3596296192717725,0.14820403,17.738317609459045,0.16712746,-45.587523483801874,0.10599858,14.851198,2.0222979,0.4701,4.9752097,8.496872089031404
56.04539184237026,0.0464798,-9.038594294421772,0.055199347,7.52260182875591,0.05647333,18.198406927621708,0.063262604,-46.781867553618824,0.07141687,16.570398,2.5228672,0.4619,0.9918809,10.952238706811862
69.4994915059315,0.076669164,2.349641605169701,0.04337045,5.815240404523107,0.09329242,18.77371324949749,0.10301637,-47.299548677808495,0.082499124,17.586016,3.1154728,0.9307,1.019414,11.408854068069143
76.58703039400982,0.016650869,-5.6721178164737225,0.011587198,5.948666979504774,0.024192212,20.871930592182338,0.023552414,-47.01430292617826,0.016426124,13.072168,1.4653158,0.2068,1.604179,6.944266634068203
63.767729628560424,0.019731516,6.45364040445043,0.0152927805,5.925037256072316,0.023597607,18.503399023225306,0.02992266,-46.162882044228304,0.020985829,14.306458,2.0753517,--,1.076954,8.169913900671762
70.6066425302846,0.08271969,-8.140170634049383,0.064998604,5.002524625357092,0.108237736,22.949258649460464,0.123875655,-47.58088148308373,0.12865232,17.69803,2.6836262,0.5143,1.0695516,11.193976647628737
73.0397975381092,0.015188806,-7.678401065624471,0.01219177,5.9707342832974835,0.022928627,19.720702236134052,0.022758195,-43.315967825285014,0.016784526,14.348317,1.9615774,0.5311,1.0943326,8.228455866918397
60.50915663143435,0.023946505,7.064302773921485,0.01708349,7.2277062444143265,0.028215352,19.336653618722067,0.032647926,-44.536328020953206,0.022992164,14.7766285,2.3885317,0.5551,1.0956422,9.071630960371255
62.458149201612564,0.014059549,11.732444720454676,0.009506353,7.71742119911551,0.014769429,17.93783980516333,0.019740952,-44.58052096801312,0.013618199,12.41448,1.3870707,0.1718,1.0468019,6.851841227808958
56.38002720806319,0.042535108,-3.3882030860119148,0.03340324,5.248284607108244,0.05086915,20.58943140193101,0.052027963,-45.63476037212702,0.042240277,16.261095,2.5644608,0.4651,0.9958871,9.861181937929167
60.00347783230071,0.021282785,2.7177716528118934,0.016896108,8.09675818578121,0.025511084,19.220224312146826,0.026116155,-42.80310304153768,0.020079572,14.704623,2.2576656,0.4146,1.1821802,9.246179067460467
63.17975130982924,0.1712973,11.554871266445836,0.14229338,8.13241653634523,0.2001527,18.770309574019592,0.24094497,-47.63351723040834,0.21255659,18.55179,3.557022,--,0.88748586,13.102888311311975
64.39971688179475,0.10997639,14.476822416738393,0.06915052,6.314849203128639,0.1362792,17.64168798995818,0.15923563,-42.90098788213715,0.1035041,17.257555,2.7754383,0.6984,1.0998526,11.25936992884337
63.37346961133951,0.12734985,15.690690420403438,0.09985909,7.737218364251475,0.14070858,21.320921037468977,0.18624729,-43.6570449497506,0.16337332,18.050138,3.419714,0.7183,0.9711785,12.493062743213768
55.43954106507461,0.035133228,-3.6883442624893426,0.031070022,6.290349449311596,0.043005537,18.52427743719241,0.044631094,-44.67205912659743,0.03921637,15.763617,2.4979782,0.4939,1.096018,9.756990424801337
58.593979726918654,0.035316303,-2.0116224693319387,0.027558316,5.658111631850974,0.04260782,22.597526683454294,0.046967555,-43.59459599461032,0.03863264,15.831381,2.7094326,0.6982,1.0191249,9.59473840226139
57.122655762980585,0.03489323,-1.030455552061052,0.029720636,6.214907015579065,0.042130113,18.539471923400367,0.044295803,-47.966256781227436,0.037141368,15.860625,2.3997211,0.3616,1.015696,9.827798443644394
71.24478909128185,0.07542016,10.365683672603774,0.04399838,5.201028380751728,0.095116645,21.66938507504304,0.10698747,-43.98091545944982,0.07789954,17.33934,2.9190521,0.8942,1.0396857,10.919786328066245
69.53349594163257,0.056490067,2.1854289947634977,0.030432502,5.04021760723717,0.06729568,21.97479627305415,0.085677855,-42.74556830743164,0.06551866,16.830858,2.7993956,0.5848,1.0712266,10.34310466637221
76.5032970990894,0.01421037,11.881032664390746,0.009481668,5.299565282906548,0.017546127,17.03023634169029,0.019354107,-44.55702284764383,0.013666585,12.325424,1.1100321,0.2072,1.0840267,5.946625426322912
76.44441751214303,0.07890665,9.227943929530278,0.051654376,5.71531127072239,0.09793431,19.12467743634498,0.10370057,-43.10533845414176,0.07528708,16.83948,2.8815804,0.6626,0.91697043,10.624678887325581
71.71978791569236,0.06330804,12.066924468459648,0.034336776,6.192581775651712,0.0756398,17.732869782577286,0.08899919,-48.517198093480204,0.06314571,17.066235,2.7060614,--,0.98819596,11.025593340309914
61.852323161767444,0.26101974,4.687659421893002,0.172103,5.595613994723841,0.33667088,19.21363901598241,0.34645185,-44.99802473366196,0.21372321,19.05147,3.2148933,--,0.99903834,12.790708541262502
75.36141983523872,0.10361388,18.596188216016742,0.06324356,5.992157672331028,0.11586927,17.53470615757559,0.13845575,-46.25890486799173,0.0926524,14.878992,2.4262981,0.4742,2.6737356,8.766908243099461
58.42367701526676,0.025925605,9.670763206407718,0.019297611,5.6473360183312,0.029714046,18.414318014803666,0.03304836,-46.96534970998888,0.02444161,15.111197,2.2091198,--,1.018472,8.870415617462163
66.28920557934276,0.05026385,11.39878054510752,0.03475082,8.071641545185614,0.05609945,19.28938692750502,0.06472983,-45.7282990710713,0.04589665,16.39644,2.938017,0.6133,0.9762301,10.93124984100298
67.71001042138828,0.045811765,14.680911427526619,0.02333127,5.6345320567986095,0.054651175,22.97890076972083,0.06191722,-47.639610132277916,0.038537633,16.137949,2.585966,0.7782,0.9586418,9.89223826028916
67.0640767240471,0.020235986,13.517150944795082,0.010421092,7.316655108956643,0.023748605,20.66939755819959,0.027644781,-45.02470953721446,0.01868275,14.520266,2.2185287,0.5262,0.9898879,8.841828498365462
64.54382580880156,0.013055065,4.538950573761829,0.008885789,5.8057498584972755,0.014252406,17.562386270173498,0.018440962,-45.81226489558061,0.012123053,12.147885,1.1422338,0.2398,1.0594391,5.967176923887715
64.24043696177321,0.056922965,5.2818523840068945,0.032348637,5.329793617971309,0.06826245,21.052806279805022,0.060760308,-42.83472580249467,0.04646717,10.739467,1.0205402,0.1803,2.757838,4.373018629464294
66.27626366067594,0.090007626,7.576090115594894,0.067159496,5.053218626744865,0.10921421,20.21727610570297,0.11034254,-44.78935313527233,0.085248336,17.449175,2.956627,0.6907,1.0093349,10.96701532263262
66.60966669820566,0.047942515,15.572226354499007,0.02281141,6.76015483812207,0.056049157,22.958576517130567,0.06311944,-47.63721721193136,0.04052586,16.174288,2.6043901,0.6302,1.0360076,10.32407101283807
72.01190149522574,0.188036,10.29463713544167,0.099127054,5.479868622098313,0.24451736,19.747425401437066,0.27936763,-47.07628975272595,0.18208621,18.788315,3.3453407,1.1037,0.9842529,12.48216555210295
68.14205832283207,0.020098219,9.401386714860521,0.008267218,5.358624677839723,0.023499643,22.729885405807593,0.031060463,-47.6263540869958,0.019017123,14.193403,1.8399696,0.6615,1.0654448,7.838669942978594
52.062540939943965,0.014824,-2.08981749769014,0.013662695,8.015549890532583,0.017552461,21.602745711600505,0.017860351,-46.698076168076746,0.01596145,14.023843,2.0967855,0.4577,1.0147079,8.543509419603023
66.12949759584585,0.07130272,9.345298038104819,0.04565956,6.324471267796431,0.08141629,17.772659583962824,0.09688112,-48.042469218390146,0.06569472,16.81551,2.8898926,0.6511,0.91249573,10.820630915677027
76.31623822843538,0.061340727,21.43224001067637,0.03564023,7.184709638290484,0.0638014,17.36282559712505,0.07970016,-47.478203671549,0.051114738,16.002756,2.62646,0.5105,1.3492072,10.284802225359243
64.23120965223234,0.014164617,5.300034413919438,0.010000764,5.4070321015606355,0.018063072,21.037532379831642,0.019808784,-45.06200869079031,0.012841076,12.790037,1.3424644,0.2351,1.040311,6.454831895103894
74.68525946072229,0.08234657,25.20430405901827,0.03441236,6.7346306517808365,0.08312656,18.850460919008114,0.1054801,-45.57027101234909,0.07171042,17.057674,2.7018652,0.6849,1.0461099,11.199243321177551
61.871311304187756,0.14479983,10.749959043349124,0.09842955,5.719508752416389,0.16224417,18.3321471302375,0.21012242,-46.88356809076009,0.1159857,18.061596,3.0649357,0.9591,1.0340647,11.848389561345442
63.3656100653132,0.09983496,11.705049094386126,0.0810473,6.190686920209829,0.11554058,17.373913068123088,0.13862817,-45.9123051892573,0.11741674,17.746672,3.041769,0.944,0.99437815,11.705365882241079
67.70905477326504,0.16164654,14.672724718268128,0.08622393,5.5833434331225815,0.19818096,22.654558637620685,0.21982746,-47.9356994283179,0.13794854,15.652685,2.628502,--,5.1668324,9.387156876682122
75.36200706992686,0.06442681,18.594727220479253,0.037791345,6.73559186792877,0.07211109,18.492126280431393,0.08304197,-46.23873836101092,0.05683242,15.463227,2.6108093,0.6079,2.161761,9.60510609169149
74.09732684139354,0.3443442,15.41163029226763,0.16379096,5.434258722838609,0.39774212,19.442626383959556,0.48103595,-48.2368790296155,0.35208127,19.310585,3.0213013,--,1.0516969,12.986286577757756
72.59995950746998,0.048265968,23.181800806631966,0.021532182,6.213948091916628,0.05353302,22.382025475331673,0.06718936,-47.71458752699555,0.04367585,15.919437,2.7045288,0.683,1.0351948,9.886275513769167
73.79112320708836,0.05677817,22.41032876250798,0.023169653,7.291559880938997,0.061974306,22.729049425901152,0.07636769,-48.21411496413498,0.048555627,16.173136,2.6016665,0.5226,1.1169913,10.487237991091023
69.51084466722129,0.15640128,21.088836150213872,0.08755742,7.576144704603555,0.16832921,17.511626723138924,0.19299294,-43.835236650187426,0.13472746,17.87738,3.2081528,0.6383,0.9715968,12.274621676657652
74.28674422498393,0.06680907,19.616230949498966,0.031308923,5.217173980323029,0.07256343,20.76480770810072,0.08660977,-43.371922771621435,0.06214073,16.807533,2.694974,0.75,1.0460554,10.394709862411082
27.805384483767728,0.025313087,-31.98854257558463,0.023647692,6.624927670505211,0.038171876,19.362936092889605,0.028287146,-43.44220199730335,0.028192833,15.985197,2.6095514,0.5258,1.0243585,10.091102772778976
73.01272507988561,0.0081239715,-42.00815259138742,0.009151084,5.534995596146785,0.009662918,22.82550195719459,0.010650844,-44.3317037695527,0.011908553,12.445151,1.2039528,0.0095,1.0530438,6.160737727408804
39.992296827250186,0.061502695,-29.64459673394128,0.08842073,6.399253495920151,0.12005301,19.87635421290358,0.11399474,-44.57960417174805,0.11559406,17.962076,3.2440357,--,1.037207,11.992722758997157
64.27453560317723,0.026126537,-43.966966464631746,0.02558467,5.28975188035383,0.027982788,19.171325299595303,0.038704153,-46.79889037433442,0.035218094,10.797651,0.78044415,0.0125,2.0991073,4.414827798970851
60.56747028365774,0.28680757,-42.51468863772994,0.3460024,5.84500259030711,0.35690635,18.94425722320411,0.36140123,-45.85312192132538,0.48364222,14.915773,2.4205809,--,16.99274,8.749696931536139
49.88256475643428,0.0067601814,-37.49739578652913,0.008595317,5.172050821625355,0.010260745,19.361020499107106,0.00911136,-43.497202378391066,0.011922491,12.088208,0.994751,0.0704,0.95957625,5.656522117024386
59.477115122966055,0.10925446,-20.45704310888953,0.15139303,5.4572246573637875,0.17968775,18.671273175443968,0.15355779,-48.09850149370486,0.19670801,18.586191,3.314396,0.5163,1.0811206,12.271050341047598
52.16489233944792,0.030817328,-17.589805733785028,0.02939203,5.810997060636873,0.036534972,19.639507907178135,0.040504053,-48.364166039906486,0.041078374,15.768164,2.7773256,0.6271,1.0157167,9.589416959833578
71.97412898332392,0.060819957,-27.93255677041909,0.076853186,7.306621092523836,0.09350797,21.677966461605518,0.082475886,-46.58228165773312,0.108012974,17.702677,3.1168118,0.5732,0.9760503,12.021259704287047
62.1561901780145,0.045258652,-31.181927985566517,0.057125032,5.107054669141336,0.06667918,20.266051289569656,0.057803977,-46.68490379103359,0.07568989,17.401615,2.765829,0.4484,1.0010594,10.942467677037634
66.35643342132303,0.006206993,-24.023717080647707,0.010127963,7.681865888249507,0.014414236,22.314141982851183,0.008644702,-44.10521721713906,0.01319797,10.697913,0.87562466,0.0706,1.1347685,5.125246774281546
33.47954829533275,0.047611468,-43.01758495214783,0.051373746,5.613053396794855,0.067650355,20.37546654535117,0.05871814,-48.00259294516799,0.06335526,17.430313,2.7288628,0.5083,1.0135845,11.176308978694761
68.68904962335667,0.046954993,-39.530915769884096,0.065379865,5.621857097359069,0.06107218,22.405954498927827,0.054167245,-47.94712968976833,0.080109395,17.111702,2.7483282,0.5352,0.95982224,10.861100975480337
68.68502332778571,0.2511516,-39.53028948035484,0.2906136,5.632665150989058,0.28623953,21.861684931755697,0.2996343,-47.35377546909522,0.36528444,19.500895,2.6741447,--,1.076318,13.254464217473247
35.12436624191685,0.116442636,-43.66337531414207,0.12666446,7.467963115659253,0.16807754,21.891176758808022,0.13192855,-48.27490768968106,0.15617478,18.42315,2.5994358,--,1.1113431,12.789159930375556
36.75261922436098,0.021543987,-33.870602948531605,0.032547753,5.852150115811728,0.047703095,20.57798826553534,0.023913966,-43.44612207376576,0.042403124,16.240845,2.333044,0.4703,1.07361,10.07742201583887
10.403174840736053,0.0069856774,-40.556111306160915,0.008897239,6.20611155652041,0.013099398,22.323874404770518,0.010032663,-43.51098797488636,0.0094604725,13.352351,1.6470337,0.3814,1.0114027,7.316449078050415
22.515226673264415,0.013384291,-38.97901677544761,0.017161721,6.912068645493769,0.025319293,22.367237498350917,0.01731563,-44.33463009886983,0.020111566,15.49172,2.3052797,0.4322,1.0150578,9.689760412485379
24.558885814971713,0.033109196,-32.150567190991254,0.027387338,5.1297731354503515,0.046465203,22.135929831621795,0.032543425,-44.8318963461696,0.029052384,15.772399,2.2979622,0.4223,1.2488788,9.322889742843838
49.38243615839608,0.037817687,-34.45605867470646,0.047555454,5.824685388089498,0.058144752,17.147208182204086,0.051061872,-47.88841747069847,0.07588294,17.095198,2.4459534,0.4828,1.022669,10.921560040345803
49.25274421273316,0.0061469586,-33.78853195130469,0.0073821773,6.049300785900771,0.009625834,17.811214053050815,0.00800994,-46.800240906018914,0.009984342,12.04314,1.045332,0.0741,0.918111,5.95166630747072
47.070372405482125,0.013624094,-29.267872987738677,0.022870872,6.218313563078135,0.036941286,19.398249446066657,0.024026167,-46.27652256071103,0.033963233,14.9820795,2.28259,--,1.5194347,8.950442595325566
63.19556561546923,0.058500677,-20.33662568761939,0.049089763,5.022319414073943,0.08949814,22.24772566568818,0.07158153,-43.54839629476443,0.07666114,17.446165,2.9156113,0.5942,1.0547814,10.950686734408022
56.33626406832976,0.111155234,-23.75023218516228,0.13207619,6.271758856757432,0.1945996,22.656628584555634,0.15040098,-42.81844768508792,0.18094172,18.612257,3.151062,0.6187,0.9855118,12.599203762694707
15.84038864623185,0.091849536,-32.60991163412761,0.041033395,7.173830503322521,0.12101447,22.12528239715357,0.0970055,-44.68320623557153,0.06545103,16.833645,0.034116745,--,1.5024472,11.112400423693744
62.72687067181529,0.008062876,-21.697931244044245,0.0089577995,5.807777417859795,0.015494949,19.175559033736032,0.012470393,-44.36227097666911,0.013809061,13.8904085,1.8082752,--,1.0868744,7.710458334652419
60.03036943069358,0.11602146,-12.96561553186521,0.10161861,6.887700520688418,0.15726848,17.61042047508381,0.14923215,-44.75720790733097,0.13007,18.389475,3.3663044,0.7922,0.99641955,12.579846146774766
59.404085703810765,0.03083986,-12.788661017415027,0.021767678,5.712436158008659,0.04299227,19.90075229909995,0.03789562,-45.34925368582997,0.029124364,15.869701,2.4433298,--,1.0073866,9.653808182721727
35.00783783501486,0.018780963,-27.688843504172876,0.026594944,5.36365227936763,0.040831417,19.99110358600381,0.04223594,-46.405178212187636,0.038628846,15.827315,2.2906437,--,1.097726,9.474618406411754
11.184901497676725,0.16892229,-40.66943874974801,0.2076791,5.301716852456589,0.29998714,17.376070654488057,0.22915146,-45.89513689923402,0.2467118,19.424692,3.2171898,--,1.0657172,13.046774802697149
64.33387047590418,0.08801525,-27.24552409735932,0.11426639,5.765600544533971,0.14824437,19.16550701563328,0.12021893,-43.286276780782046,0.16685525,18.629559,3.125414,0.7443,0.9708112,12.43378131357476
63.192242067434286,0.027124487,-31.10860857753765,0.034772232,6.0967737290731066,0.0409838,21.32395048976993,0.03434698,-43.75240765101597,0.04560862,16.548336,2.4258757,0.4821,0.9861628,10.473836415316617
47.202045248354636,0.018699352,-19.253604498651384,0.019035509,5.330267756538639,0.026084881,22.687087838985057,0.031187452,-43.503100773023625,0.028502477,12.062563,1.0869551,0.1701,2.118308,5.696308070439326
64.66736429044647,0.01995587,-35.60037828247785,0.025614234,6.435705708650028,0.027430333,18.87222266059795,0.024996992,-43.85288987344392,0.03144893,15.677064,2.4380798,0.4167,1.0994486,9.720044824473108
67.31131912455263,0.008671737,-27.496685516868517,0.011395015,8.173646791675818,0.012870701,22.32623293758258,0.010778525,-45.465296627716505,0.015182203,13.785892,1.9868689,--,1.1445273,8.347970865826426
49.638393204134175,0.03623402,-12.774061335987145,0.032011744,6.231023740030443,0.045848988,17.850429621269097,0.038648892,-46.38858947048967,0.037517592,15.645913,2.1279144,0.4116,0.9897174,9.618710153624676
54.436500513457965,0.23677947,-34.78815860999009,0.3023796,7.531372834140887,0.34843424,17.83439895854367,0.29717642,-46.184556039917496,0.4073867,19.887222,2.8639908,--,1.0579532,14.271593027582453
62.15951372063626,0.0068759066,-31.180581543036805,0.00850367,5.235390677155124,0.010150017,20.951494497340537,0.008894854,-46.65750502027208,0.011569291,12.3536625,1.1108646,0.0897,1.0198479,5.948407967339254
58.38910140339994,0.04924618,-17.22934641290505,0.043336365,5.163036751864771,0.06586789,20.32588579367803,0.053284153,-43.104919321213316,0.050023235,16.617846,2.5835857,0.5009,1.0687308,10.182371617685906
63.0220876808105,0.021088539,-16.061817629966512,0.020884072,5.759871665626725,0.03033256,19.850318987001433,0.02524629,-48.3607441170285,0.02595093,15.014844,2.2412262,0.4528,0.9601929,8.816907976313548
30.050350448304073,0.062390577,-18.617105280670575,0.058748163,5.235649052132882,0.09261456,17.77143948340534,0.07658966,-45.26397718516028,0.07394976,17.469263,2.6215935,0.476,0.98731977,11.064115716299746
24.544760545680273,0.032069363,-31.160231551706904,0.026395382,6.161759636724364,0.044522718,20.105343840478962,0.0341619,-48.168324339519515,0.029751435,16.144432,2.5755167,0.5125,1.0012987,10.092955832744648
35.124493942348,0.008325367,-43.664410893064264,0.008830571,7.654300276472068,0.011339861,22.552290500413655,0.010053935,-46.95391663867214,0.010823006,13.280482,1.8595409,0.4703,1.1454477,7.700009769661127
21.479661455029376,0.22028129,-20.523303403110848,0.17458194,5.074247201399677,0.31656924,22.601807614652976,0.3152063,-48.36943809677813,0.23557842,19.401056,3.0914707,--,1.0099634,12.927914393999597
42.18309922164064,0.0071650324,-23.278836870406117,0.0105224885,5.314548007299554,0.012248297,18.128327645852192,0.00942322,-46.051095073666396,0.013606192,12.396563,1.1021376,0.0266,0.9600226,6.02389424864055
46.293029351501694,0.08057112,-8.219782604005639,0.07046706,5.546987318300322,0.09207023,22.413883052630393,0.09037451,-43.395537515334546,0.08528209,16.264301,2.6181307,0.47,1.5717214,9.984587164959061
51.913739604965066,0.009559779,-41.057395933147575,0.009909232,5.24675353923546,0.011592027,20.222448535202265,0.013096157,-46.12660317412689,0.014810415,13.320573,1.4534922,0.1139,1.0943023,6.9200261738285285
38.92543649962108,0.052333783,-14.91212682151982,0.052223206,5.986431000336445,0.0674559,18.71975036160068,0.074048966,-46.14580922493435,0.07487266,16.55692,2.6650314,--,0.9259687,10.44275900383045
50.42666752414376,0.01595553,-30.8506888708405,0.019908747,5.002164990669975,0.028051684,22.4279389987415,0.02140976,-45.3071734389429,0.024723062,15.617592,2.6684322,--,1.0111068,9.113381919588493
34.67992730808431,0.039527647,-29.976961644213397,0.044903822,6.2996897888582435,0.06994947,22.82768970625182,0.07141193,-44.07602701171666,0.0703874,16.892046,2.576109,0.4784,1.0720055,10.888641796361203
49.49937352332705,0.057319254,-43.38666949827569,0.067327544,6.189797470130532,0.079230726,20.978897829679724,0.06992978,-43.681566703125114,0.096666746,17.481087,2.8341007,0.6375,1.0848721,11.439468926749303
50.09393076948587,0.07264363,-41.988236870480605,0.085874766,5.198921154239836,0.09582255,22.486042401034567,0.08893272,-46.28525841838875,0.1078085,17.883457,2.97159,0.6622,1.0143567,11.463023339155226
64.66791840999483,0.057517186,-35.6000388067414,0.07279774,6.543524680513914,0.07818648,18.15336279336185,0.071443796,-44.778484956271285,0.08940109,17.390392,--,--,1.0486947,11.469451027468322
38.41136798968558,0.08242572,-43.62046266422306,0.09088935,5.540637509202032,0.107386194,22.845310703177343,0.09387298,-43.16984947147262,0.11644649,18.177761,2.8833618,0.5027,1.0156256,11.895559766865755
63.00256551815471,0.019998435,-26.186972476454628,0.028175987,7.998251727171244,0.036775462,22.980155347256915,0.026858613,-44.37882813684983,0.036478646,16.242704,2.811718,0.5591,1.0111982,10.757679733803489
40.33318318777731,0.0864463,-42.70041161967982,0.09770987,6.887585428814961,0.12445221,20.526022799854186,0.10442847,-45.25944665841874,0.12450334,18.160738,3.2734737,0.694,1.0528057,12.351072984231376
43.30412215889338,0.008177471,-34.3027394057164,0.010178741,5.706692291706835,0.0139249,21.325427535602675,0.009143436,-46.643241502540924,0.012578295,12.142222,1.0345287,--,1.2054354,5.92414468327825
62.96274393352307,0.06349507,-16.806194954598993,0.06527319,5.923635062242145,0.08172105,17.73348188222068,0.07696833,-47.70863030853927,0.08482594,15.951691,2.4314594,0.5075,2.198059,9.814632149157333
18.83700390137011,0.06621983,-34.454591789276904,0.061687578,7.141213564170377,0.09393073,21.665127946744892,0.08108477,-48.391323577128794,0.08365737,16.377144,--,--,1.6150122,10.646003965969397
24.129283984682434,0.0130472975,-19.47901497597195,0.009999578,5.502933959935898,0.018092632,21.124943696234673,0.02151534,-42.69502035356365,0.0120006185,11.907471,1.0012236,0.0084,1.0365621,5.610442207751815
32.83097288533122,0.2552655,-17.714397444608522,0.24767539,5.734452562545582,0.325742,20.668707139652522,0.3526405,-44.49774913119212,0.29353005,19.129728,3.1120644,--,1.1422923,12.922188139507686
47.465761643230984,0.09501337,-16.33691029959844,0.11555569,7.377707920394345,0.13207367,22.73836067785102,0.13611217,-47.42945305174309,0.15804619,17.888,3.115446,0.4199,1.0555415,12.227607776977573
52.58546093981359,0.039673325,-15.824393621740471,0.0354977,6.559474325390807,0.04762601,22.545284931745776,0.04742148,-44.37425271333574,0.04394296,14.790888,2.3106441,--,2.216953,8.875233015244248
33.849703572710105,0.042015217,-19.81810933883479,0.04546587,6.052689970731839,0.07412109,22.967747763230623,0.060554326,-44.44729733807067,0.056569535,16.855759,2.755394,0.5372,1.0102865,10.765500812824003
33.656156547054614,0.1350578,-24.66720458078943,0.1418644,5.3462851930678665,0.20577836,18.637186825001077,0.16617924,-46.955231897000964,0.16827199,18.635191,2.937355,0.015,1.0845187,12.275451574298934
53.645040825789096,0.04716926,-37.90096475299535,0.056364343,6.111331814906736,0.06722171,20.193980648751367,0.059125625,-42.754013246902225,0.08338582,17.433636,2.8418045,0.5629,0.99845237,11.364315033616162
58.59742080516246,0.10850179,-32.0520825414771,0.13890757,5.658122177931112,0.17553157,17.999938722513075,0.13528453,-45.3969104293694,0.17638096,18.724161,3.130064,0.5705,1.032141,12.48752275359167
13.748984222216789,0.025292635,-35.56749616378499,0.027032811,6.921262877368865,0.043556347,22.811184607120087,0.022498868,-44.50645014387665,0.029234193,16.01916,2.89003,--,1.1136669,10.220086039757447
58.313952675074226,0.25202242,-32.13683671476893,0.27484152,5.427257807448706,0.3648179,20.21527342472747,0.3442683,-44.75415567248868,0.38397503,16.979567,2.8078356,--,6.260472,10.652468834465997
61.521107734307655,0.007557047,-27.92720491723503,0.009499971,5.935283896065354,0.012409128,17.113589383924754,0.009952653,-45.44664416643016,0.013574142,10.912402,0.7752361,0.0385,0.9565899,4.779609637661837
25.683137925122306,0.026976729,-41.80125625494338,0.032592982,6.1887501488931855,0.043730106,20.119106602325623,0.03423895,-43.904085858472875,0.041436426,16.447643,2.6333323,0.5094,1.0597178,10.40565802896977
43.656128671521095,0.22824314,-12.64837294880162,0.36862925,5.457869739873408,0.45510045,19.593973323546244,0.21759188,-47.935937701818986,0.27794343,18.70249,2.9724236,--,0.9894144,12.387605684795197
38.92582379096103,0.059539095,-14.911978240638437,0.05849532,6.033077061007334,0.07554256,17.569113029699142,0.08391987,-45.49580770907257,0.08046997,16.638147,2.6817522,--,1.0310273,10.540841717287242
9.478858328346362,0.13214597,-33.05325534740524,0.14150237,7.252129061379664,0.18551502,17.181936421541735,0.16741002,-42.79862435452846,0.2068263,18.409412,3.3925667,0.0027,0.9568078,12.71174000576326
18.83755446914135,0.009419243,-34.45453069699118,0.007902378,7.046049219300033,0.012618705,20.640366795162187,0.011032206,-47.75719964097419,0.011437779,13.138049,1.5918589,0.3425,1.1549016,7.37777748850079
24.446776338056157,0.02330519,-31.372054072724787,0.022044355,7.5581135217360575,0.036140006,21.98155678831943,0.023259485,-43.26050915375636,0.023077076,15.60807,2.4994602,0.5001,1.0904311,10.00013742687629
56.05961893236216,0.028736603,-26.080073740067146,0.047064465,5.717390830398479,0.06936932,21.77156329556735,0.035248686,-46.49966438452951,0.06258479,17.05848,2.9660273,0.7873,1.0636759,10.844468713116385
50.9752416584135,0.10297148,-42.96124655585762,0.10857715,5.067640063659226,0.1292931,19.327405791270436,0.11017676,-44.63196929351247,0.1307056,18.261347,3.1769772,0.5057,1.0203793,11.78537562163531
50.78274455883484,0.1807092,-12.437906839864683,0.13853422,5.644858904209828,0.19606045,18.22354930339569,0.22599298,-45.2650303240346,0.17061415,18.496078,3.1285057,0.1817,1.1070194,12.254343946263514
59.48577580924952,0.10760574,-20.45785483938507,0.14890558,5.598211702664361,0.18284488,18.601843186848317,0.14615297,-48.15167114740397,0.17967957,18.848776,0.20486832,--,0.9874567,12.589022452519403
31.000166011914622,0.026687585,-22.79863020248882,0.025443258,7.075208256600636,0.037293166,18.574018026464614,0.03771549,-46.15486659280769,0.029595187,12.473391,1.3540974,0.086,2.9069598,6.7220867177751344
44.617767250316966,0.010970222,-12.916266539735187,0.013120333,6.204973695127982,0.015281353,21.63470943393388,0.013872663,-43.718143073049966,0.015855366,12.1653595,1.1644077,0.0091,1.0143733,6.129059220696128
55.40413226840632,0.07410088,-22.268773014147886,0.08334611,5.276941748817918,0.11546836,20.822544751212778,0.09495702,-44.46377803793765,0.102120064,17.630184,3.0405083,0.6481,1.1835545,11.242095674120378
37.77600498176527,0.049311128,-7.251364390807168,0.037135955,7.099777345502042,0.051521085,20.431813302419762,0.053019226,-43.70303913698843,0.044556882,14.9782295,2.4739866,0.5805,1.7484899,9.234453168317303
